date,franchise_level,benchmark_spy_level,interval_snapshot,interval_rebalance_date,interval_end_date,approved_weight_pct,priced_approved_weight_pct,unresolved_weight_pct,approved_holdings_count,priced_approved_holdings_count,unresolved_holdings_count
2007-12-31,99.9999999999998,100,2007-12-31,2007-12-31,2008-06-30,86.84000000000006,86.84000000000006,13.36,52,52,8
2008-01-02,98.0702708161021,99.12456467685519,2007-12-31,2007-12-31,2008-06-30,86.84000000000006,86.84000000000006,13.36,52,52,8
2008-01-03,95.67320453216963,99.076674341891,2007-12-31,2007-12-31,2008-06-30,86.84000000000006,86.84000000000006,13.36,52,52,8
2008-01-04,92.76227350777609,96.64863435920816,2007-12-31,2007-12-31,2008-06-30,86.84000000000006,86.84000000000006,13.36,52,52,8
2008-01-07,94.3059576017951,96.56664610574953,2007-12-31,2007-12-31,2008-06-30,86.84000000000006,86.84000000000006,13.36,52,52,8
2008-01-08,91.16247303111737,95.00724101864658,2007-12-31,2007-12-31,2008-06-30,86.84000000000006,86.84000000000006,13.36,52,52,8
2008-01-09,91.83451373947854,96.0057545026493,2007-12-31,2007-12-31,2008-06-30,86.84000000000006,86.84000000000006,13.36,52,52,8
2008-01-10,92.30480285028074,96.63503350407834,2007-12-31,2007-12-31,2008-06-30,86.84000000000006,86.84000000000006,13.36,52,52,8
2008-01-11,89.44696529568769,95.85528307019192,2007-12-31,2007-12-31,2008-06-30,86.84000000000006,86.84000000000006,13.36,52,52,8
2008-01-14,89.13823544997875,96.6281372958435,2007-12-31,2007-12-31,2008-06-30,86.84000000000006,86.84000000000006,13.36,52,52,8
2008-01-15,86.4120923472933,94.50104017807543,2007-12-31,2007-12-31,2008-06-30,86.84000000000006,86.84000000000006,13.36,52,52,8
2008-01-16,87.57004053315431,93.68719182569451,2007-12-31,2007-12-31,2008-06-30,86.84000000000006,86.84000000000006,13.36,52,52,8
2008-01-17,86.36184712187325,91.25915184301167,2007-12-31,2007-12-31,2008-06-30,86.84000000000006,86.84000000000006,13.36,52,52,8
2008-01-18,86.04766580673233,90.32212954910293,2007-12-31,2007-12-31,2008-06-30,86.84000000000006,86.84000000000006,13.36,52,52,8
2008-01-22,86.20203837362584,89.40570009922878,2007-12-31,2007-12-31,2008-06-30,86.84000000000006,86.84000000000006,13.36,52,52,8
2008-01-23,91.2571256889695,91.55329428036151,2007-12-31,2007-12-31,2008-06-30,86.84000000000006,86.84000000000006,13.36,52,52,8
2008-01-24,92.00562411488632,92.32614850601311,2007-12-31,2007-12-31,2008-06-30,86.84000000000006,86.84000000000006,13.36,52,52,8
2008-01-25,90.93018723177208,90.99240267726128,2007-12-31,2007-12-31,2008-06-30,86.84000000000006,86.84000000000006,13.36,52,52,8
2008-01-28,92.30485021438558,92.49711700183516,2007-12-31,2007-12-31,2008-06-30,86.84000000000006,86.84000000000006,13.36,52,52,8
2008-01-29,93.28756130961435,92.95533172677224,2007-12-31,2007-12-31,2008-06-30,86.84000000000006,86.84000000000006,13.36,52,52,8
2008-01-30,92.65106004366268,92.27136196281413,2007-12-31,2007-12-31,2008-06-30,86.84000000000006,86.84000000000006,13.36,52,52,8
2008-01-31,96.21007208694456,93.95394099144487,2007-12-31,2007-12-31,2008-06-30,86.84000000000006,86.84000000000006,13.36,52,52,8
2008-02-01,98.80299265905879,95.46545574358366,2007-12-31,2007-12-31,2008-06-30,86.84000000000006,86.84000000000006,13.36,52,52,8
2008-02-04,96.40562001263253,94.26168428392457,2007-12-31,2007-12-31,2008-06-30,86.84000000000006,86.84000000000006,13.36,52,52,8
2008-02-05,94.38074914839618,91.73795941198331,2007-12-31,2007-12-31,2008-06-30,86.84000000000006,86.84000000000006,13.36,52,52,8
2008-02-06,92.87219791928905,90.99929888549613,2007-12-31,2007-12-31,2008-06-30,86.84000000000006,86.84000000000006,13.36,52,52,8
2008-02-07,93.89505915374313,91.60118461532566,2007-12-31,2007-12-31,2008-06-30,86.84000000000006,86.84000000000006,13.36,52,52,8
2008-02-08,92.74304783554005,91.01289974062595,2007-12-31,2007-12-31,2008-06-30,86.84000000000006,86.84000000000006,13.36,52,52,8
2008-02-11,93.1545912112722,91.47801067379785,2007-12-31,2007-12-31,2008-06-30,86.84000000000006,86.84000000000006,13.36,52,52,8
2008-02-12,94.48821557285844,92.32614850601311,2007-12-31,2007-12-31,2008-06-30,86.84000000000006,86.84000000000006,13.36,52,52,8
2008-02-13,96.63311233273217,93.26997122748676,2007-12-31,2007-12-31,2008-06-30,86.84000000000006,86.84000000000006,13.36,52,52,8
2008-02-14,94.56133643621244,92.449226666871,2007-12-31,2007-12-31,2008-06-30,86.84000000000006,86.84000000000006,13.36,52,52,8
2008-02-15,93.48666026914643,92.42872960350634,2007-12-31,2007-12-31,2008-06-30,86.84000000000006,86.84000000000006,13.36,52,52,8
2008-02-19,93.40803003440999,92.68858256102187,2007-12-31,2007-12-31,2008-06-30,86.84000000000006,86.84000000000006,13.36,52,52,8
2008-02-20,94.86204745074551,92.96222793500708,2007-12-31,2007-12-31,2008-06-30,86.84000000000006,86.84000000000006,13.36,52,52,8
2008-02-21,93.04683441437722,92.18937370935548,2007-12-31,2007-12-31,2008-06-30,86.84000000000006,86.84000000000006,13.36,52,52,8
2008-02-22,93.12180456383359,92.7569699593507,2007-12-31,2007-12-31,2008-06-30,86.84000000000006,86.84000000000006,13.36,52,52,8
2008-02-25,94.2869130225019,93.92654771984537,2007-12-31,2007-12-31,2008-06-30,86.84000000000006,86.84000000000006,13.36,52,52,8
2008-02-26,96.61374366930208,94.63101454716816,2007-12-31,2007-12-31,2008-06-30,86.84000000000006,86.84000000000006,13.36,52,52,8
2008-02-27,96.68784168811615,94.53523387723985,2007-12-31,2007-12-31,2008-06-30,86.84000000000006,86.84000000000006,13.36,52,52,8
2008-02-28,94.51630570729876,93.61190821913084,2007-12-31,2007-12-31,2008-06-30,86.84000000000006,86.84000000000006,13.36,52,52,8
2008-02-29,92.25152335705533,91.52590100876202,2007-12-31,2007-12-31,2008-06-30,86.84000000000006,86.84000000000006,13.36,52,52,8
2008-03-03,91.61308165584106,91.30704217797582,2007-12-31,2007-12-31,2008-06-30,86.84000000000006,86.84000000000006,13.36,52,52,8
2008-03-04,91.37271763319333,90.95820897809689,2007-12-31,2007-12-31,2008-06-30,86.84000000000006,86.84000000000006,13.36,52,52,8
2008-03-05,91.97720526362119,91.53270143632693,2007-12-31,2007-12-31,2008-06-30,86.84000000000006,86.84000000000006,13.36,52,52,8
2008-03-06,88.87204420262759,89.63815978514481,2007-12-31,2007-12-31,2008-06-30,86.84000000000006,86.84000000000006,13.36,52,52,8
2008-03-07,88.41353244366617,88.71483412703583,2007-12-31,2007-12-31,2008-06-30,86.84000000000006,86.84000000000006,13.36,52,52,8
2008-03-10,86.84185456377917,87.54535214721106,2007-12-31,2007-12-31,2008-06-30,86.84000000000006,86.84000000000006,13.36,52,52,8
2008-03-11,89.50164909252861,90.69145981234652,2007-12-31,2007-12-31,2008-06-30,86.84000000000006,86.84000000000006,13.36,52,52,8
2008-03-12,89.27079184731514,89.84341776080117,2007-12-31,2007-12-31,2008-06-30,86.84000000000006,86.84000000000006,13.36,52,52,8
2008-03-13,90.5995606900156,90.04177952822275,2007-12-31,2007-12-31,2008-06-30,86.84000000000006,86.84000000000006,13.36,52,52,8
2008-03-14,88.89778637220658,88.646446728707,2007-12-31,2007-12-31,2008-06-30,86.84000000000006,86.84000000000006,13.36,52,52,8
2008-03-17,87.69538152220801,87.75051434219753,2007-12-31,2007-12-31,2008-06-30,86.84000000000006,86.84000000000006,13.36,52,52,8
2008-03-18,91.04768775523353,91.39592663966928,2007-12-31,2007-12-31,2008-06-30,86.84000000000006,86.84000000000006,13.36,52,52,8
2008-03-19,89.98586014893856,89.13205472524356,2007-12-31,2007-12-31,2008-06-30,86.84000000000006,86.84000000000006,13.36,52,52,8
2008-03-20,94.08849998802806,90.783026132798,2007-12-31,2007-12-31,2008-06-30,86.84000000000006,86.84000000000006,13.36,52,52,8
2008-03-24,96.66727150425854,92.59759092458997,2007-12-31,2007-12-31,2008-06-30,86.84000000000006,86.84000000000006,13.36,52,52,8
2008-03-25,97.12880330791369,92.68695428963308,2007-12-31,2007-12-31,2008-06-30,86.84000000000006,86.84000000000006,13.36,52,52,8
2008-03-26,95.54989448943309,91.55281537701188,2007-12-31,2007-12-31,2008-06-30,86.84000000000006,86.84000000000006,13.36,52,52,8
2008-03-27,93.90370853930959,91.26413243784792,2007-12-31,2007-12-31,2008-06-30,86.84000000000006,86.84000000000006,13.36,52,52,8
2008-03-28,92.27211810772397,90.39128319279118,2007-12-31,2007-12-31,2008-06-30,86.84000000000006,86.84000000000006,13.36,52,52,8
2008-03-31,92.99426905719278,90.70745518422456,2007-12-31,2007-12-31,2008-06-30,86.84000000000006,86.84000000000006,13.36,52,52,8
2008-04-01,97.00973446822806,93.89666415082775,2007-12-31,2007-12-31,2008-06-30,86.84000000000006,86.84000000000006,13.36,52,52,8
2008-04-02,96.89926353565347,93.95853846360144,2007-12-31,2007-12-31,2008-06-30,86.84000000000006,86.84000000000006,13.36,52,52,8
2008-04-03,96.32494988668874,94.19224329822653,2007-12-31,2007-12-31,2008-06-30,86.84000000000006,86.84000000000006,13.36,52,52,8
2008-04-04,96.07229971955105,94.08908751671375,2007-12-31,2007-12-31,2008-06-30,86.84000000000006,86.84000000000006,13.36,52,52,8
2008-04-07,95.85776660729198,94.13716941301774,2007-12-31,2007-12-31,2008-06-30,86.84000000000006,86.84000000000006,13.36,52,52,8
2008-04-08,95.00787230548895,94.04100562040972,2007-12-31,2007-12-31,2008-06-30,86.84000000000006,86.84000000000006,13.36,52,52,8
2008-04-09,93.17391431644974,93.36048396056903,2007-12-31,2007-12-31,2008-06-30,86.84000000000006,86.84000000000006,13.36,52,52,8
2008-04-10,94.09015832618141,93.49112879435124,2007-12-31,2007-12-31,2008-06-30,86.84000000000006,86.84000000000006,13.36,52,52,8
2008-04-11,91.88811383408432,91.67656400255927,2007-12-31,2007-12-31,2008-06-30,86.84000000000006,86.84000000000006,13.36,52,52,8
2008-04-14,90.96351881799643,91.36728821936073,2007-12-31,2007-12-31,2008-06-30,86.84000000000006,86.84000000000006,13.36,52,52,8
2008-04-15,91.24710784675159,91.5803044292813,2007-12-31,2007-12-31,2008-06-30,86.84000000000006,86.84000000000006,13.36,52,52,8
2008-04-16,93.30481919908,94.0615984644443,2007-12-31,2007-12-31,2008-06-30,86.84000000000006,86.84000000000006,13.36,52,52,8
2008-04-17,93.16869474080382,94.19904372579143,2007-12-31,2007-12-31,2008-06-30,86.84000000000006,86.84000000000006,13.36,52,52,8
2008-04-18,95.24915540492982,95.18194496059583,2007-12-31,2007-12-31,2008-06-30,86.84000000000006,86.84000000000006,13.36,52,52,8
2008-04-21,94.58105889726369,95.23012263756978,2007-12-31,2007-12-31,2008-06-30,86.84000000000006,86.84000000000006,13.36,52,52,8
2008-04-22,92.59237129928117,94.8107948646236,2007-12-31,2007-12-31,2008-06-30,86.84000000000006,86.84000000000006,13.36,52,52,8
2008-04-23,93.6604001374639,94.65955718680678,2007-12-31,2007-12-31,2008-06-30,86.84000000000006,86.84000000000006,13.36,52,52,8
2008-04-24,95.66286401390717,95.07198875151812,2007-12-31,2007-12-31,2008-06-30,86.84000000000006,86.84000000000006,13.36,52,52,8
2008-04-25,96.52492781757574,95.95173420480974,2007-12-31,2007-12-31,2008-06-30,86.84000000000006,86.84000000000006,13.36,52,52,8
2008-04-28,96.15089671317385,95.97242282951424,2007-12-31,2007-12-31,2008-06-30,86.84000000000006,86.84000000000006,13.36,52,52,8
2008-04-29,96.74315999628203,95.59437652530717,2007-12-31,2007-12-31,2008-06-30,86.84000000000006,86.84000000000006,13.36,52,52,8
2008-04-30,97.17315434668204,95.03070728277902,2007-12-31,2007-12-31,2008-06-30,86.84000000000006,86.84000000000006,13.36,52,52,8
2008-05-01,99.26618975603886,96.99650975238782,2007-12-31,2007-12-31,2008-06-30,86.84000000000006,86.84000000000006,13.36,52,52,8
2008-05-02,98.79071695852794,97.26459984751719,2007-12-31,2007-12-31,2008-06-30,86.84000000000006,86.84000000000006,13.36,52,52,8
2008-05-05,98.30923775110809,96.79719017826699,2007-12-31,2007-12-31,2008-06-30,86.84000000000006,86.84000000000006,13.36,52,52,8
2008-05-06,98.34165691652676,97.63574994348942,2007-12-31,2007-12-31,2008-06-30,86.84000000000006,86.84000000000006,13.36,52,52,8
2008-05-07,96.7643714788752,95.89675610027088,2007-12-31,2007-12-31,2008-06-30,86.84000000000006,86.84000000000006,13.36,52,52,8
2008-05-08,96.74701076342788,95.64935462984603,2007-12-31,2007-12-31,2008-06-30,86.84000000000006,86.84000000000006,13.36,52,52,8
2008-05-09,96.50557933649935,95.47062789975979,2007-12-31,2007-12-31,2008-06-30,86.84000000000006,86.84000000000006,13.36,52,52,8
2008-05-12,98.65200549622097,96.5428924996073,2007-12-31,2007-12-31,2008-06-30,86.84000000000006,86.84000000000006,13.36,52,52,8
2008-05-13,99.41098538454601,96.55658913540705,2007-12-31,2007-12-31,2008-06-30,86.84000000000006,86.84000000000006,13.36,52,52,8
2008-05-14,99.17006790069864,96.75590870952789,2007-12-31,2007-12-31,2008-06-30,86.84000000000006,86.84000000000006,13.36,52,52,8
2008-05-15,99.90509357096077,97.96561857072254,2007-12-31,2007-12-31,2008-06-30,86.84000000000006,86.84000000000006,13.36,52,52,8
2008-05-16,99.07792919374074,98.05498193576565,2007-12-31,2007-12-31,2008-06-30,86.84000000000006,86.84000000000006,13.36,52,52,8
2008-05-19,98.40808616213305,98.32307203089502,2007-12-31,2007-12-31,2008-06-30,86.84000000000006,86.84000000000006,13.36,52,52,8
2008-05-20,96.85419733641312,97.5257937344117,2007-12-31,2007-12-31,2008-06-30,86.84000000000006,86.84000000000006,13.36,52,52,8
2008-05-21,94.03750686869745,95.87616325623628,2007-12-31,2007-12-31,2008-06-30,86.84000000000006,86.84000000000006,13.36,52,52,8
2008-05-22,94.6213568730377,95.88995567270597,2007-12-31,2007-12-31,2008-06-30,86.84000000000006,86.84000000000006,13.36,52,52,8
2008-05-23,93.08164658109497,94.60457908226793,2007-12-31,2007-12-31,2008-06-30,86.84000000000006,86.84000000000006,13.36,52,52,8
2008-05-27,94.42947307793624,95.30569358614322,2007-12-31,2007-12-31,2008-06-30,86.84000000000006,86.84000000000006,13.36,52,52,8
2008-05-28,95.42386819753057,95.74561420312399,2007-12-31,2007-12-31,2008-06-30,86.84000000000006,86.84000000000006,13.36,52,52,8
2008-05-29,96.40487324503488,96.22672050817393,2007-12-31,2007-12-31,2008-06-30,86.84000000000006,86.84000000000006,13.36,52,52,8
2008-05-30,96.31307328868421,96.46732155103386,2007-12-31,2007-12-31,2008-06-30,86.84000000000006,86.84000000000006,13.36,52,52,8
2008-06-02,93.83910190773716,95.47062789975979,2007-12-31,2007-12-31,2008-06-30,86.84000000000006,86.84000000000006,13.36,52,52,8
2008-06-03,93.71814088100015,94.91385486546648,2007-12-31,2007-12-31,2008-06-30,86.84000000000006,86.84000000000006,13.36,52,52,8
2008-06-04,94.64971917656001,94.86577296916245,2007-12-31,2007-12-31,2008-06-30,86.84000000000006,86.84000000000006,13.36,52,52,8
2008-06-05,96.15062269547677,96.76280491776272,2007-12-31,2007-12-31,2008-06-30,86.84000000000006,86.84000000000006,13.36,52,52,8
2008-06-06,92.16657742796932,93.67665595200239,2007-12-31,2007-12-31,2008-06-30,86.84000000000006,86.84000000000006,13.36,52,52,8
2008-06-09,91.1139011442856,93.90356035906258,2007-12-31,2007-12-31,2008-06-30,86.84000000000006,86.84000000000006,13.36,52,52,8
2008-06-10,91.6843874983769,93.4361506898124,2007-12-31,2007-12-31,2008-06-30,86.84000000000006,86.84000000000006,13.36,52,52,8
2008-06-11,89.28842499081786,92.06150651500118,2007-12-31,2007-12-31,2008-06-30,86.84000000000006,86.84000000000006,13.36,52,52,8
2008-06-12,90.14816460905692,92.41196798626889,2007-12-31,2007-12-31,2008-06-30,86.84000000000006,86.84000000000006,13.36,52,52,8
2008-06-13,91.58087162029472,93.58049215939437,2007-12-31,2007-12-31,2008-06-30,86.84000000000006,86.84000000000006,13.36,52,52,8
2008-06-16,92.58956843146976,93.63547026393321,2007-12-31,2007-12-31,2008-06-30,86.84000000000006,86.84000000000006,13.36,52,52,8
2008-06-17,91.3611419742234,93.18185301115271,2007-12-31,2007-12-31,2008-06-30,86.84000000000006,86.84000000000006,13.36,52,52,8
2008-06-18,90.59461958608101,92.27452272492175,2007-12-31,2007-12-31,2008-06-30,86.84000000000006,86.84000000000006,13.36,52,52,8
2008-06-19,91.70856601950614,92.3913751422343,2007-12-31,2007-12-31,2008-06-30,86.84000000000006,86.84000000000006,13.36,52,52,8
2008-06-20,89.03983283480429,90.89183297383656,2007-12-31,2007-12-31,2008-06-30,86.84000000000006,86.84000000000006,13.36,52,52,8
2008-06-23,87.10464913836945,90.80208648611372,2007-12-31,2007-12-31,2008-06-30,86.84000000000006,86.84000000000006,13.36,52,52,8
2008-06-24,86.33821394047008,90.62249772999812,2007-12-31,2007-12-31,2008-06-30,86.84000000000006,86.84000000000006,13.36,52,52,8
2008-06-25,88.28376420453125,91.05073310524764,2007-12-31,2007-12-31,2008-06-30,86.84000000000006,86.84000000000006,13.36,52,52,8
2008-06-26,85.35753268646093,88.5777719883684,2007-12-31,2007-12-31,2008-06-30,86.84000000000006,86.84000000000006,13.36,52,52,8
2008-06-27,84.54579805857854,88.09427116657025,2007-12-31,2007-12-31,2008-06-30,86.84000000000006,86.84000000000006,13.36,52,52,8
2008-06-30,83.75690508103557,88.40507944048764,2007-12-31,2007-12-31,2008-06-30,86.84000000000006,86.84000000000006,13.36,52,52,8
2008-07-01,81.33165695818909,88.68140667323084,2008-06-30,2008-06-30,2008-12-31,86.84000000000006,85.17000000000006,13.36,52,51,8
2008-07-02,78.85679723075097,87.16165478347823,2008-06-30,2008-06-30,2008-12-31,86.84000000000006,85.17000000000006,13.36,52,51,8
2008-07-03,79.03709380065376,87.25149705187098,2008-06-30,2008-06-30,2008-12-31,86.84000000000006,85.17000000000006,13.36,52,51,8
2008-07-07,79.03983183716888,86.36044947952784,2008-06-30,2008-06-30,2008-12-31,86.84000000000006,85.17000000000006,13.36,52,51,8
2008-07-08,82.23826365287057,87.8938980050802,2008-06-30,2008-06-30,2008-12-31,86.84000000000006,85.17000000000006,13.36,52,51,8
2008-07-09,79.32189956097905,86.20154934811677,2008-06-30,2008-06-30,2008-12-31,86.84000000000006,85.17000000000006,13.36,52,51,8
2008-07-10,78.22074860484052,86.55383065211312,2008-06-30,2008-06-30,2008-12-31,86.84000000000006,85.17000000000006,13.36,52,51,8
2008-07-11,76.92886445935333,85.54526019776793,2008-06-30,2008-06-30,2008-12-31,86.84000000000006,85.17000000000006,13.36,52,51,8
2008-07-14,75.11972652065607,84.7716397267569,2008-06-30,2008-06-30,2008-12-31,86.84000000000006,85.17000000000006,13.36,52,51,8
2008-07-15,74.6699248944106,83.5765843080613,2008-06-30,2008-06-30,2008-12-31,86.84000000000006,85.17000000000006,13.36,52,51,8
2008-07-16,77.82246075709517,85.62820625792585,2008-06-30,2008-06-30,2008-12-31,86.84000000000006,85.17000000000006,13.36,52,51,8
2008-07-17,80.31983113098711,86.4847727890948,2008-06-30,2008-06-30,2008-12-31,86.84000000000006,85.17000000000006,13.36,52,51,8
2008-07-18,80.07998960547205,87.0235390574416,2008-06-30,2008-06-30,2008-12-31,86.84000000000006,85.17000000000006,13.36,52,51,8
2008-07-21,79.73261222945676,87.07190829575539,2008-06-30,2008-06-30,2008-12-31,86.84000000000006,85.17000000000006,13.36,52,51,8
2008-07-22,83.38705308069781,88.05969434472614,2008-06-30,2008-06-30,2008-12-31,86.84000000000006,85.17000000000006,13.36,52,51,8
2008-07-23,85.56730622168017,88.53629895828944,2008-06-30,2008-06-30,2008-12-31,86.84000000000006,85.17000000000006,13.36,52,51,8
2008-07-24,82.7548174935294,86.6988425863846,2008-06-30,2008-06-30,2008-12-31,86.84000000000006,85.17000000000006,13.36,52,51,8
2008-07-25,82.99836450406882,86.67815396168007,2008-06-30,2008-06-30,2008-12-31,86.84000000000006,85.17000000000006,13.36,52,51,8
2008-07-28,81.23479959653723,85.4071444717313,2008-06-30,2008-06-30,2008-12-31,86.84000000000006,85.17000000000006,13.36,52,51,8
2008-07-29,83.84754691494885,87.23080842716647,2008-06-30,2008-06-30,2008-12-31,86.84000000000006,85.17000000000006,13.36,52,51,8
2008-07-30,83.74098332505925,88.78504135809328,2008-06-30,2008-06-30,2008-12-31,86.84000000000006,85.17000000000006,13.36,52,51,8
2008-07-31,83.59633557343604,87.61067456410217,2008-06-30,2008-06-30,2008-12-31,86.84000000000006,85.17000000000006,13.36,52,51,8
2008-08-01,83.49093982752477,87.14786236700856,2008-06-30,2008-06-30,2008-12-31,86.84000000000006,85.17000000000006,13.36,52,51,8
2008-08-04,82.64849958493134,86.3396650741534,2008-06-30,2008-06-30,2008-12-31,86.84000000000006,85.17000000000006,13.36,52,51,8
2008-08-05,87.14980899190134,88.66761425676117,2008-06-30,2008-06-30,2008-12-31,86.84000000000006,85.17000000000006,13.36,52,51,8
2008-08-06,87.00269666926175,89.06136859083648,2008-06-30,2008-06-30,2008-12-31,86.84000000000006,85.17000000000006,13.36,52,51,8
2008-08-07,85.83421983048797,87.73499787366914,2008-06-30,2008-06-30,2008-12-31,86.84000000000006,85.17000000000006,13.36,52,51,8
2008-08-08,89.68496213442026,89.36528065651903,2008-06-30,2008-06-30,2008-12-31,86.84000000000006,85.17000000000006,13.36,52,51,8
2008-08-11,91.52304304585542,90.2909050507063,2008-06-30,2008-06-30,2008-12-31,86.84000000000006,85.17000000000006,13.36,52,51,8
2008-08-12,90.905678569663,89.35148824004935,2008-06-30,2008-06-30,2008-12-31,86.84000000000006,85.17000000000006,13.36,52,51,8
2008-08-13,90.09703549644584,88.81262619103263,2008-06-30,2008-06-30,2008-12-31,86.84000000000006,85.17000000000006,13.36,52,51,8
2008-08-14,91.52310008390091,89.48270775785114,2008-06-30,2008-06-30,2008-12-31,86.84000000000006,85.17000000000006,13.36,52,51,8
2008-08-15,91.86920148630102,89.9178393413355,2008-06-30,2008-06-30,2008-12-31,86.84000000000006,85.17000000000006,13.36,52,51,8
2008-08-18,89.83203863953067,88.68830288146569,2008-06-30,2008-06-30,2008-12-31,86.84000000000006,85.17000000000006,13.36,52,51,8
2008-08-19,87.59531062136337,87.72120545719945,2008-06-30,2008-06-30,2008-12-31,86.84000000000006,85.17000000000006,13.36,52,51,8
2008-08-20,87.64588095914296,88.12875220774444,2008-06-30,2008-06-30,2008-12-31,86.84000000000006,85.17000000000006,13.36,52,51,8
2008-08-21,86.54812802155757,88.2807561309207,2008-06-30,2008-06-30,2008-12-31,86.84000000000006,85.17000000000006,13.36,52,51,8
2008-08-22,88.923408418541,89.5586618291043,2008-06-30,2008-06-30,2008-12-31,86.84000000000006,85.17000000000006,13.36,52,51,8
2008-08-25,86.50341433264312,87.74198986257392,2008-06-30,2008-06-30,2008-12-31,86.84000000000006,85.17000000000006,13.36,52,51,8
2008-08-26,85.59732154352429,87.99753268994264,2008-06-30,2008-06-30,2008-12-31,86.84000000000006,85.17000000000006,13.36,52,51,8
2008-08-27,86.36409538134473,88.8540992211116,2008-06-30,2008-06-30,2008-12-31,86.84000000000006,85.17000000000006,13.36,52,51,8
2008-08-28,88.49516503949553,89.9317275384751,2008-06-30,2008-06-30,2008-12-31,86.84000000000006,85.17000000000006,13.36,52,51,8
2008-08-29,88.12723273409145,88.96463011420887,2008-06-30,2008-06-30,2008-12-31,86.84000000000006,85.17000000000006,13.36,52,51,8
2008-09-02,89.75753630944925,88.41197564872249,2008-06-30,2008-06-30,2008-12-31,86.84000000000006,85.17000000000006,13.36,52,51,8
2008-09-03,90.89863958412114,88.33602157746932,2008-06-30,2008-06-30,2008-12-31,86.84000000000006,85.17000000000006,13.36,52,51,8
2008-09-04,88.21502314525553,85.67657549623966,2008-06-30,2008-06-30,2008-12-31,86.84000000000006,85.17000000000006,13.36,52,51,8
2008-09-05,88.56445997804053,85.94591074007808,2008-06-30,2008-06-30,2008-12-31,86.84000000000006,85.17000000000006,13.36,52,51,8
2008-09-08,91.5819678589925,87.72120545719945,2008-06-30,2008-06-30,2008-12-31,86.84000000000006,85.17000000000006,13.36,52,51,8
2008-09-09,89.54613458126701,85.11702482251843,2008-06-30,2008-06-30,2008-12-31,86.84000000000006,85.17000000000006,13.36,52,51,8
2008-09-10,90.13022555419352,85.46240991827993,2008-06-30,2008-06-30,2008-12-31,86.84000000000006,85.17000000000006,13.36,52,51,8
2008-09-11,90.81348035988333,86.6988425863846,2008-06-30,2008-06-30,2008-12-31,86.84000000000006,85.17000000000006,13.36,52,51,8
2008-09-12,88.77401036609291,87.09949312869475,2008-06-30,2008-06-30,2008-12-31,86.84000000000006,85.17000000000006,13.36,52,51,8
2008-09-15,86.26016618017357,82.95487197955657,2008-06-30,2008-06-30,2008-12-31,86.84000000000006,85.17000000000006,13.36,52,51,8
2008-09-16,87.64837912496664,84.34330857083748,2008-06-30,2008-06-30,2008-12-31,86.84000000000006,85.17000000000006,13.36,52,51,8
2008-09-17,84.39889188784063,80.55096872569565,2008-06-30,2008-06-30,2008-12-31,86.84000000000006,85.17000000000006,13.36,52,51,8
2008-09-18,88.65917810162152,82.9410795630869,2008-06-30,2008-06-30,2008-12-31,86.84000000000006,85.17000000000006,13.36,52,51,8
2008-09-19,91.80778731568536,86.23497680192175,2008-06-30,2008-06-30,2008-12-31,86.84000000000006,85.17000000000006,13.36,52,51,8
2008-09-22,87.86212484849915,84.28258362610292,2008-06-30,2008-06-30,2008-12-31,86.84000000000006,85.17000000000006,13.36,52,51,8
2008-09-23,86.4190657801212,82.36505461413799,2008-06-30,2008-06-30,2008-12-31,86.84000000000006,85.17000000000006,13.36,52,51,8
2008-09-24,84.42021803630544,82.62902614046045,2008-06-30,2008-06-30,2008-12-31,86.84000000000006,85.17000000000006,13.36,52,51,8
2008-09-25,84.73316217640915,83.92129893913331,2008-06-30,2008-06-30,2008-12-31,86.84000000000006,85.17000000000006,13.36,52,51,8
2008-09-26,84.68498582977979,83.96305931122205,2008-06-30,2008-06-30,2008-12-31,86.84000000000006,85.17000000000006,13.36,52,51,8
2008-09-29,80.62165530718512,77.38359775183612,2008-06-30,2008-06-30,2008-12-31,86.84000000000006,85.17000000000006,13.36,52,51,8
2008-09-30,81.85637824154841,80.58640757356913,2008-06-30,2008-06-30,2008-12-31,86.84000000000006,85.17000000000006,13.36,52,51,8
2008-10-01,80.85226730808596,80.63506415389273,2008-06-30,2008-06-30,2008-12-31,86.84000000000006,85.17000000000006,13.36,52,51,8
2008-10-02,77.47937355739566,77.71011405562174,2008-06-30,2008-06-30,2008-12-31,86.84000000000006,85.17000000000006,13.36,52,51,8
2008-10-03,75.30789836102201,76.66102837789688,2008-06-30,2008-06-30,2008-12-31,86.84000000000006,85.17000000000006,13.36,52,51,8
2008-10-06,72.67700543418329,72.75633780692917,2008-06-30,2008-06-30,2008-12-31,86.84000000000006,85.17000000000006,13.36,52,51,8
2008-10-07,68.97655445423044,69.49787941596779,2008-06-30,2008-06-30,2008-12-31,86.84000000000006,85.17000000000006,13.36,52,51,8
2008-10-08,67.17023033176824,67.74710455034807,2008-06-30,2008-06-30,2008-12-31,86.84000000000006,85.17000000000006,13.36,52,51,8
2008-10-09,61.5844300935876,63.01573101722904,2008-06-30,2008-06-30,2008-12-31,86.84000000000006,85.17000000000006,13.36,52,51,8
2008-10-10,62.23979574416829,61.487167305843016,2008-06-30,2008-06-30,2008-12-31,86.84000000000006,85.17000000000006,13.36,52,51,8
2008-10-13,66.82295815017815,70.41497933053144,2008-06-30,2008-06-30,2008-12-31,86.84000000000006,85.17000000000006,13.36,52,51,8
2008-10-14,63.65280629191066,69.37288564171133,2008-06-30,2008-06-30,2008-12-31,86.84000000000006,85.17000000000006,13.36,52,51,8
2008-10-15,58.237049881223896,62.54324497247264,2008-06-30,2008-06-30,2008-12-31,86.84000000000006,85.17000000000006,13.36,52,51,8
2008-10-16,60.39547456523071,65.14867075586275,2008-06-30,2008-06-30,2008-12-31,86.84000000000006,85.17000000000006,13.36,52,51,8
2008-10-17,60.614757796486295,64.7596096746139,2008-06-30,2008-06-30,2008-12-31,86.84000000000006,85.17000000000006,13.36,52,51,8
2008-10-20,61.763055345643835,68.6503162677721,2008-06-30,2008-06-30,2008-12-31,86.84000000000006,85.17000000000006,13.36,52,51,8
2008-10-21,59.681656582391795,66.60070571197603,2008-06-30,2008-06-30,2008-12-31,86.84000000000006,85.17000000000006,13.36,52,51,8
2008-10-22,56.50424799405536,62.97397064514028,2008-06-30,2008-06-30,2008-12-31,86.84000000000006,85.17000000000006,13.36,52,51,8
2008-10-23,54.75203322312318,63.70353200798428,2008-06-30,2008-06-30,2008-12-31,86.84000000000006,85.17000000000006,13.36,52,51,8
2008-10-24,53.04599519322418,60.47285001130213,2008-06-30,2008-06-30,2008-12-31,86.84000000000006,85.17000000000006,13.36,52,51,8
2008-10-27,51.8998751282739,58.32602207552882,2008-06-30,2008-06-30,2008-12-31,86.84000000000006,85.17000000000006,13.36,52,51,8
2008-10-28,55.12108355842446,65.14167876695798,2008-06-30,2008-06-30,2008-12-31,86.84000000000006,85.17000000000006,13.36,52,51,8
2008-10-29,56.29520098381648,64.66928850287151,2008-06-30,2008-06-30,2008-12-31,86.84000000000006,85.17000000000006,13.36,52,51,8
2008-10-30,58.39365444775176,66.90643761038724,2008-06-30,2008-06-30,2008-12-31,86.84000000000006,85.17000000000006,13.36,52,51,8
2008-10-31,60.79504301059242,67.27461850559169,2008-06-30,2008-06-30,2008-12-31,86.84000000000006,85.17000000000006,13.36,52,51,8
2008-11-03,60.432138460785,67.46914904621609,2008-06-30,2008-06-30,2008-12-31,86.84000000000006,85.17000000000006,13.36,52,51,8
2008-11-04,61.00507930537551,69.76194672296016,2008-06-30,2008-06-30,2008-12-31,86.84000000000006,85.17000000000006,13.36,52,51,8
2008-11-05,57.67036590769082,66.83000463578443,2008-06-30,2008-06-30,2008-12-31,86.84000000000006,85.17000000000006,13.36,52,51,8
2008-11-06,55.97921997640004,63.12683659434588,2008-06-30,2008-06-30,2008-12-31,86.84000000000006,85.17000000000006,13.36,52,51,8
2008-11-07,56.5901856360053,65.21121553332593,2008-06-30,2008-06-30,2008-12-31,86.84000000000006,85.17000000000006,13.36,52,51,8
2008-11-10,54.34603548313478,64.35656461555554,2008-06-30,2008-06-30,2008-12-31,86.84000000000006,85.17000000000006,13.36,52,51,8
2008-11-11,52.89462555131893,62.36959461789259,2008-06-30,2008-06-30,2008-12-31,86.84000000000006,85.17000000000006,13.36,52,51,8
2008-11-12,49.82711274108441,59.625191082436515,2008-06-30,2008-06-30,2008-12-31,86.84000000000006,85.17000000000006,13.36,52,51,8
2008-11-13,52.918321924491316,63.34224732101467,2008-06-30,2008-06-30,2008-12-31,86.84000000000006,85.17000000000006,13.36,52,51,8
2008-11-14,49.721940324856334,60.18100631003054,2008-06-30,2008-06-30,2008-12-31,86.84000000000006,85.17000000000006,13.36,52,51,8
2008-11-17,48.37833144786501,59.382003961488515,2008-06-30,2008-06-30,2008-12-31,86.84000000000006,85.17000000000006,13.36,52,51,8
2008-11-18,48.263543837425814,60.500626405581336,2008-06-30,2008-06-30,2008-12-31,86.84000000000006,85.17000000000006,13.36,52,51,8
2008-11-19,44.13467474022819,56.62380800956275,2008-06-30,2008-06-30,2008-12-31,86.84000000000006,85.17000000000006,13.36,52,51,8
2008-11-20,41.52165787410975,52.42047330975852,2008-06-30,2008-06-30,2008-12-31,86.84000000000006,85.17000000000006,13.36,52,51,8
2008-11-21,43.12686459760661,55.24820602805225,2008-06-30,2008-06-30,2008-12-31,86.84000000000006,85.17000000000006,13.36,52,51,8
2008-11-24,46.15640873929832,59.076367843747256,2008-06-30,2008-06-30,2008-12-31,86.84000000000006,85.17000000000006,13.36,52,51,8
2008-11-25,47.42106330959849,59.51408550531967,2008-06-30,2008-06-30,2008-12-31,86.84000000000006,85.17000000000006,13.36,52,51,8
2008-11-26,50.80826155698538,61.81377939029857,2008-06-30,2008-06-30,2008-12-31,86.84000000000006,85.17000000000006,13.36,52,51,8
2008-11-28,51.19070415451165,62.59190155279622,2008-06-30,2008-06-30,2008-12-31,86.84000000000006,85.17000000000006,13.36,52,51,8
2008-12-01,46.12311320924047,57.04763747399555,2008-06-30,2008-06-30,2008-12-31,86.84000000000006,85.17000000000006,13.36,52,51,8
2008-12-02,48.53851379684634,59.24312199009245,2008-06-30,2008-06-30,2008-12-31,86.84000000000006,85.17000000000006,13.36,52,51,8
2008-12-03,49.88915819781209,60.66738055192653,2008-06-30,2008-06-30,2008-12-31,86.84000000000006,85.17000000000006,13.36,52,51,8
2008-12-04,49.49119499276692,59.26390639546689,2008-06-30,2008-06-30,2008-12-31,86.84000000000006,85.17000000000006,13.36,52,51,8
2008-12-05,51.87277237402862,61.09121001635934,2008-06-30,2008-06-30,2008-12-31,86.84000000000006,85.17000000000006,13.36,52,51,8
2008-12-08,54.23926827691476,63.22414975499304,2008-06-30,2008-06-30,2008-12-31,86.84000000000006,85.17000000000006,13.36,52,51,8
2008-12-09,52.57542856135812,62.181960285503024,2008-06-30,2008-06-30,2008-12-31,86.84000000000006,85.17000000000006,13.36,52,51,8
2008-12-10,54.556967312515376,62.60578974993582,2008-06-30,2008-06-30,2008-12-31,86.84000000000006,85.17000000000006,13.36,52,51,8
2008-12-11,52.08945048680322,61.09810622459418,2008-06-30,2008-06-30,2008-12-31,86.84000000000006,85.17000000000006,13.36,52,51,8
2008-12-12,53.28780185552759,61.82766758743817,2008-06-30,2008-06-30,2008-12-31,86.84000000000006,85.17000000000006,13.36,52,51,8
2008-12-15,51.49718216333719,60.96612046143296,2008-06-30,2008-06-30,2008-12-31,86.84000000000006,85.17000000000006,13.36,52,51,8
2008-12-16,55.16178930639662,63.8355177711455,2008-06-30,2008-06-30,2008-12-31,86.84000000000006,85.17000000000006,13.36,52,51,8
2008-12-17,55.912868127504,63.217157766088285,2008-06-30,2008-06-30,2008-12-31,86.84000000000006,85.17000000000006,13.36,52,51,8
2008-12-18,55.06435511380641,62.0360863252022,2008-06-30,2008-06-30,2008-12-31,86.84000000000006,85.17000000000006,13.36,52,51,8
2008-12-19,56.431972532229835,61.76943294012176,2008-06-30,2008-06-30,2008-12-31,86.84000000000006,85.17000000000006,13.36,52,51,8
2008-12-22,54.770376469487694,60.97799726450407,2008-06-30,2008-06-30,2008-12-31,86.84000000000006,85.17000000000006,13.36,52,51,8
2008-12-23,53.95783784896571,60.347568895035884,2008-06-30,2008-06-30,2008-12-31,86.84000000000006,85.17000000000006,13.36,52,51,8
2008-12-24,54.04419253387169,60.69783880496373,2008-06-30,2008-06-30,2008-12-31,86.84000000000006,85.17000000000006,13.36,52,51,8
2008-12-26,54.48962237111242,61.048012934221674,2008-06-30,2008-06-30,2008-12-31,86.84000000000006,85.17000000000006,13.36,52,51,8
2008-12-29,52.88145568268932,60.872925869592706,2008-06-30,2008-06-30,2008-12-31,86.84000000000006,85.17000000000006,13.36,52,51,8
2008-12-30,54.37584364513356,62.31576588139289,2008-06-30,2008-06-30,2008-12-31,86.84000000000006,85.17000000000006,13.36,52,51,8
2008-12-31,56.45624422044095,63.20528096301716,2008-06-30,2008-06-30,2008-12-31,86.84000000000006,85.17000000000006,13.36,52,51,8
2009-01-02,58.840642825610416,65.11045426856134,2008-12-31,2008-12-31,2009-06-30,86.84000000000006,86.84000000000006,13.36,52,52,8
2009-01-05,60.402825715021976,65.03335082926904,2008-12-31,2008-12-31,2009-06-30,86.84000000000006,86.84000000000006,13.36,52,52,8
2009-01-06,63.13731270976197,65.46762038672405,2008-12-31,2008-12-31,2009-06-30,86.84000000000006,86.84000000000006,13.36,52,52,8
2009-01-07,60.85006353150513,63.50651116994174,2008-12-31,2008-12-31,2009-06-30,86.84000000000006,86.84000000000006,13.36,52,52,8
2009-01-08,61.1046204896379,63.765597882097836,2008-12-31,2008-12-31,2009-06-30,86.84000000000006,86.84000000000006,13.36,52,52,8
2009-01-09,59.16879369591601,62.39986130958995,2008-12-31,2008-12-31,2009-06-30,86.84000000000006,86.84000000000006,13.36,52,52,8
2009-01-12,56.52056483494391,60.900893825211774,2008-12-31,2008-12-31,2009-06-30,86.84000000000006,86.84000000000006,13.36,52,52,8
2009-01-13,55.87853915729402,61.01295720902791,2008-12-31,2008-12-31,2009-06-30,86.84000000000006,86.84000000000006,13.36,52,52,8
2009-01-14,52.91291606481676,59.093895706344135,2008-12-31,2008-12-31,2009-06-30,86.84000000000006,86.84000000000006,13.36,52,52,8
2009-01-15,54.20725853751553,59.11487167305843,2008-12-31,2008-12-31,2009-06-30,86.84000000000006,86.84000000000006,13.36,52,52,8
2009-01-16,54.92248164901373,59.577109186132496,2008-12-31,2008-12-31,2009-06-30,86.84000000000006,86.84000000000006,13.36,52,52,8
2009-01-20,51.32504038600379,56.43234245037604,2008-12-31,2008-12-31,2009-06-30,86.84000000000006,86.84000000000006,13.36,52,52,8
2009-01-21,54.101805727661514,58.869768938711864,2008-12-31,2008-12-31,2009-06-30,86.84000000000006,86.84000000000006,13.36,52,52,8
2009-01-22,53.636603106267366,57.959182109703356,2008-12-31,2008-12-31,2009-06-30,86.84000000000006,86.84000000000006,13.36,52,52,8
2009-01-23,53.410316177519874,58.21137261362461,2008-12-31,2008-12-31,2009-06-30,86.84000000000006,86.84000000000006,13.36,52,52,8
2009-01-26,54.28130304228586,58.61058644588585,2008-12-31,2008-12-31,2009-06-30,86.84000000000006,86.84000000000006,13.36,52,52,8
2009-01-27,54.977348304265284,59.20595909016026,2008-12-31,2008-12-31,2009-06-30,86.84000000000006,86.84000000000006,13.36,52,52,8
2009-01-28,56.99055783769969,61.20911602104111,2008-12-31,2008-12-31,2009-06-30,86.84000000000006,86.84000000000006,13.36,52,52,8
2009-01-29,53.985049368322414,59.219943067969794,2008-12-31,2008-12-31,2009-06-30,86.84000000000006,86.84000000000006,13.36,52,52,8
2009-01-30,52.504009905435915,58.015213801611424,2008-12-31,2008-12-31,2009-06-30,86.84000000000006,86.84000000000006,13.36,52,52,8
2009-02-02,53.13600499697022,57.840126736982455,2008-12-31,2008-12-31,2009-06-30,86.84000000000006,86.84000000000006,13.36,52,52,8
2009-02-03,54.277305778438766,58.65263415998437,2008-12-31,2008-12-31,2009-06-30,86.84000000000006,86.84000000000006,13.36,52,52,8
2009-02-04,53.347470453028315,58.36548371153928,2008-12-31,2008-12-31,2009-06-30,86.84000000000006,86.84000000000006,13.36,52,52,8
2009-02-05,54.44261368227362,59.23392704577933,2008-12-31,2008-12-31,2009-06-30,86.84000000000006,86.84000000000006,13.36,52,52,8
2009-02-06,55.87650513234132,60.921965572596,2008-12-31,2008-12-31,2009-06-30,86.84000000000006,86.84000000000006,13.36,52,52,8
2009-02-09,55.58471779130888,61.00596522012314,2008-12-31,2008-12-31,2009-06-30,86.84000000000006,86.84000000000006,13.36,52,52,8
2009-02-10,53.23122334930512,58.21137261362461,2008-12-31,2008-12-31,2009-06-30,86.84000000000006,86.84000000000006,13.36,52,52,8
2009-02-11,53.235184679729215,58.55455475397777,2008-12-31,2008-12-31,2009-06-30,86.84000000000006,86.84000000000006,13.36,52,52,8
2009-02-12,54.39808054634852,58.596602468076306,2008-12-31,2008-12-31,2009-06-30,86.84000000000006,86.84000000000006,13.36,52,52,8
2009-02-13,53.82126133811913,57.966174098608114,2008-12-31,2008-12-31,2009-06-30,86.84000000000006,86.84000000000006,13.36,52,52,8
2009-02-17,51.59868675100599,55.486699896173754,2008-12-31,2008-12-31,2009-06-30,86.84000000000006,86.84000000000006,13.36,52,52,8
2009-02-18,50.996102353819616,55.35366054564332,2008-12-31,2008-12-31,2009-06-30,86.84000000000006,86.84000000000006,13.36,52,52,8
2009-02-19,50.81379892156365,54.758287901368895,2008-12-31,2008-12-31,2009-06-30,86.84000000000006,86.84000000000006,13.36,52,52,8
2009-02-20,50.73889513312151,54.226034718577246,2008-12-31,2008-12-31,2009-06-30,86.84000000000006,86.84000000000006,13.36,52,52,8
2009-02-23,48.956194269608936,52.28580568783931,2008-12-31,2008-12-31,2009-06-30,86.84000000000006,86.84000000000006,13.36,52,52,8
2009-02-24,50.3924036913544,54.26798665200584,2008-12-31,2008-12-31,2009-06-30,86.84000000000006,86.84000000000006,13.36,52,52,8
2009-02-25,49.31987053000025,53.840804864125545,2008-12-31,2008-12-31,2009-06-30,86.84000000000006,86.84000000000006,13.36,52,52,8
2009-02-26,48.580254728326636,52.965273760310794,2008-12-31,2008-12-31,2009-06-30,86.84000000000006,86.84000000000006,13.36,52,52,8
2009-02-27,48.34870868799001,51.78152046066672,2008-12-31,2008-12-31,2009-06-30,86.84000000000006,86.84000000000006,13.36,52,52,8
2009-03-02,46.59233218269911,49.44916536724225,2008-12-31,2008-12-31,2009-06-30,86.84000000000006,86.84000000000006,13.36,52,52,8
2009-03-03,45.41718343706664,49.07791949060009,2008-12-31,2008-12-31,2009-06-30,86.84000000000006,86.84000000000006,13.36,52,52,8
2009-03-04,46.45776284875936,50.240601042859936,2008-12-31,2008-12-31,2009-06-30,86.84000000000006,86.84000000000006,13.36,52,52,8
2009-03-05,43.831662288733874,48.1884044089758,2008-12-31,2008-12-31,2009-06-30,86.84000000000006,86.84000000000006,13.36,52,52,8
2009-03-06,43.414713926485156,48.272499837172866,2008-12-31,2008-12-31,2009-06-30,86.84000000000006,86.84000000000006,13.36,52,52,8
2009-03-09,43.01950866815498,47.70519092918744,2008-12-31,2008-12-31,2009-06-30,86.84000000000006,86.84000000000006,13.36,52,52,8
2009-03-10,46.43594399110674,50.548823238689266,2008-12-31,2008-12-31,2009-06-30,86.84000000000006,86.84000000000006,13.36,52,52,8
2009-03-11,46.8971183838281,50.8780214012329,2008-12-31,2008-12-31,2009-06-30,86.84000000000006,86.84000000000006,13.36,52,52,8
2009-03-12,50.410039156598806,52.881178332113734,2008-12-31,2008-12-31,2009-06-30,86.84000000000006,86.84000000000006,13.36,52,52,8
2009-03-13,50.61113963956555,53.29447192285443,2008-12-31,2008-12-31,2009-06-30,86.84000000000006,86.84000000000006,13.36,52,52,8
2009-03-16,50.39709569577272,53.13336883603499,2008-12-31,2008-12-31,2009-06-30,86.84000000000006,86.84000000000006,13.36,52,52,8
2009-03-17,52.165306053774685,54.758287901368895,2008-12-31,2008-12-31,2009-06-30,86.84000000000006,86.84000000000006,13.36,52,52,8
2009-03-18,55.07969304747418,55.98399313444159,2008-12-31,2008-12-31,2009-06-30,86.84000000000006,86.84000000000006,13.36,52,52,8
2009-03-19,54.87133392650108,55.29063686483049,2008-12-31,2008-12-31,2009-06-30,86.84000000000006,86.84000000000006,13.36,52,52,8
2009-03-20,55.44597892443663,54.113588212081396,2008-12-31,2008-12-31,2009-06-30,86.84000000000006,86.84000000000006,13.36,52,52,8
2009-03-23,59.05559859159979,58.000463578442464,2008-12-31,2008-12-31,2009-06-30,86.84000000000006,86.84000000000006,13.36,52,52,8
2009-03-24,57.475644698562654,56.8577044055277,2008-12-31,2008-12-31,2009-06-30,86.84000000000006,86.84000000000006,13.36,52,52,8
2009-03-25,58.512479038941954,57.457291399278965,2008-12-31,2008-12-31,2009-06-30,86.84000000000006,86.84000000000006,13.36,52,52,8
2009-03-26,61.869601669244794,58.62830586982258,2008-12-31,2008-12-31,2009-06-30,86.84000000000006,86.84000000000006,13.36,52,52,8
2009-03-27,59.26168478761435,57.57021680912445,2008-12-31,2008-12-31,2009-06-30,86.84000000000006,86.84000000000006,13.36,52,52,8
2009-03-30,56.443966901539355,55.58085229471329,2008-12-31,2008-12-31,2009-06-30,86.84000000000006,86.84000000000006,13.36,52,52,8
2009-03-31,57.4030634986143,56.095864956917865,2008-12-31,2008-12-31,2009-06-30,86.84000000000006,86.84000000000006,13.36,52,52,8
2009-04-01,58.64725155764604,57.18220931524483,2008-12-31,2008-12-31,2009-06-30,86.84000000000006,86.84000000000006,13.36,52,52,8
2009-04-02,61.97826710376158,58.85406090884362,2008-12-31,2008-12-31,2009-06-30,86.84000000000006,86.84000000000006,13.36,52,52,8
2009-04-03,63.416316101280664,59.43956814411543,2008-12-31,2008-12-31,2009-06-30,86.84000000000006,86.84000000000006,13.36,52,52,8
2009-04-06,62.33974550906546,58.973978307593875,2008-12-31,2008-12-31,2009-06-30,86.84000000000006,86.84000000000006,13.36,52,52,8
2009-04-07,60.77076217645407,57.598376326083375,2008-12-31,2008-12-31,2009-06-30,86.84000000000006,86.84000000000006,13.36,52,52,8
2009-04-08,64.61213683268096,58.2191308478888,2008-12-31,2008-12-31,2009-06-30,86.84000000000006,86.84000000000006,13.36,52,52,8
2009-04-09,69.5481204241612,60.5330002720171,2008-12-31,2008-12-31,2009-06-30,86.84000000000006,86.84000000000006,13.36,52,52,8
2009-04-13,70.0474857877562,60.547080030496566,2008-12-31,2008-12-31,2009-06-30,86.84000000000006,86.84000000000006,13.36,52,52,8
2009-04-14,68.97170341335256,59.503070728277905,2008-12-31,2008-12-31,2009-06-30,86.84000000000006,86.84000000000006,13.36,52,52,8
2009-04-15,68.8646597473079,60.1379050085628,2008-12-31,2008-12-31,2009-06-30,86.84000000000006,86.84000000000006,13.36,52,52,8
2009-04-16,72.9472649810705,61.01975763659282,2008-12-31,2008-12-31,2009-06-30,86.84000000000006,86.84000000000006,13.36,52,52,8
2009-04-17,75.16254833561916,61.42883687785666,2008-12-31,2008-12-31,2009-06-30,86.84000000000006,86.84000000000006,13.36,52,52,8
2009-04-20,71.027502803673,58.85406090884362,2008-12-31,2008-12-31,2009-06-30,86.84000000000006,86.84000000000006,13.36,52,52,8
2009-04-21,73.53403751534242,60.00390785133308,2008-12-31,2008-12-31,2009-06-30,86.84000000000006,86.84000000000006,13.36,52,52,8
2009-04-22,77.15074858648977,59.63706788550762,2008-12-31,2008-12-31,2009-06-30,86.84000000000006,86.84000000000006,13.36,52,52,8
2009-04-23,78.9838780566811,60.22257512077943,2008-12-31,2008-12-31,2009-06-30,86.84000000000006,86.84000000000006,13.36,52,52,8
2009-04-24,82.63740601157531,61.13258726576838,2008-12-31,2008-12-31,2009-06-30,86.84000000000006,86.84000000000006,13.36,52,52,8
2009-04-27,80.66970304431214,60.55416780007127,2008-12-31,2008-12-31,2009-06-30,86.84000000000006,86.84000000000006,13.36,52,52,8
2009-04-28,80.79022164362631,60.363660047583835,2008-12-31,2008-12-31,2009-06-30,86.84000000000006,86.84000000000006,13.36,52,52,8
2009-04-29,84.43732552591416,61.64759992797294,2008-12-31,2008-12-31,2009-06-30,86.84000000000006,86.84000000000006,13.36,52,52,8
2009-04-30,84.62207632590233,61.668767456027105,2008-12-31,2008-12-31,2009-06-30,86.84000000000006,86.84000000000006,13.36,52,52,8
2009-05-01,84.72627193198974,62.000264354649005,2008-12-31,2008-12-31,2009-06-30,86.84000000000006,86.84000000000006,13.36,52,52,8
2009-05-04,86.83070163249697,64.10954626781043,2008-12-31,2008-12-31,2009-06-30,86.84000000000006,86.84000000000006,13.36,52,52,8
2009-05-05,89.4153510682177,63.890878998364066,2008-12-31,2008-12-31,2009-06-30,86.84000000000006,86.84000000000006,13.36,52,52,8
2009-05-06,90.15568603653328,64.9983908847452,2008-12-31,2008-12-31,2009-06-30,86.84000000000006,86.84000000000006,13.36,52,52,8
2009-05-07,86.38104709856113,64.09537072866102,2008-12-31,2008-12-31,2009-06-30,86.84000000000006,86.84000000000006,13.36,52,52,8
2009-05-08,88.71706442450045,65.59089010892178,2008-12-31,2008-12-31,2009-06-30,86.84000000000006,86.84000000000006,13.36,52,52,8
2009-05-11,85.68297825051393,64.36346082379039,2008-12-31,2008-12-31,2009-06-30,86.84000000000006,86.84000000000006,13.36,52,52,8
2009-05-12,85.18002206700199,64.1730488519729,2008-12-31,2008-12-31,2009-06-30,86.84000000000006,86.84000000000006,13.36,52,52,8
2009-05-13,79.42638090500006,62.55761207296189,2008-12-31,2008-12-31,2009-06-30,86.84000000000006,86.84000000000006,13.36,52,52,8
2009-05-14,80.61312292957088,63.093696482550676,2008-12-31,2008-12-31,2009-06-30,86.84000000000006,86.84000000000006,13.36,52,52,8
2009-05-15,79.7747267993091,62.57868382034613,2008-12-31,2008-12-31,2009-06-30,86.84000000000006,86.84000000000006,13.36,52,52,8
2009-05-18,84.7401296261689,64.3563730542157,2008-12-31,2008-12-31,2009-06-30,86.84000000000006,86.84000000000006,13.36,52,52,8
2009-05-19,85.86188326726977,64.27879071157375,2008-12-31,2008-12-31,2009-06-30,86.84000000000006,86.84000000000006,13.36,52,52,8
2009-05-20,85.74282945718839,63.84854394225575,2008-12-31,2008-12-31,2009-06-30,86.84000000000006,86.84000000000006,13.36,52,52,8
2009-05-21,83.92467728873132,62.93144402769211,2008-12-31,2008-12-31,2009-06-30,86.84000000000006,86.84000000000006,13.36,52,52,8
2009-05-22,83.0103666505829,62.797446870462394,2008-12-31,2008-12-31,2009-06-30,86.84000000000006,86.84000000000006,13.36,52,52,8
2009-05-26,88.00157946212107,64.4057958798987,2008-12-31,2008-12-31,2009-06-30,86.84000000000006,86.84000000000006,13.36,52,52,8
2009-05-27,87.59265097338002,63.25594893740926,2008-12-31,2008-12-31,2009-06-30,86.84000000000006,86.84000000000006,13.36,52,52,8
2009-05-28,86.76958739481532,64.13770578476934,2008-12-31,2008-12-31,2009-06-30,86.84000000000006,86.84000000000006,13.36,52,52,8
2009-05-29,87.60394129885118,65.27347296877933,2008-12-31,2008-12-31,2009-06-30,86.84000000000006,86.84000000000006,13.36,52,52,8
2009-06-01,92.07199925594695,66.85366246125672,2008-12-31,2008-12-31,2009-06-30,86.84000000000006,86.84000000000006,13.36,52,52,8
2009-06-02,92.26100378858014,66.9100772758445,2008-12-31,2008-12-31,2009-06-30,86.84000000000006,86.84000000000006,13.36,52,52,8
2009-06-03,91.9662086067414,66.06356771501802,2008-12-31,2008-12-31,2009-06-30,86.84000000000006,86.84000000000006,13.36,52,52,8
2009-06-04,91.87498101540992,66.68432223682346,2008-12-31,2008-12-31,2009-06-30,86.84000000000006,86.84000000000006,13.36,52,52,8
2009-06-05,91.26506167982555,66.69840199530293,2008-12-31,2008-12-31,2009-06-30,86.84000000000006,86.84000000000006,13.36,52,52,8
2009-06-08,89.76336018268667,66.42331991126879,2008-12-31,2008-12-31,2009-06-30,86.84000000000006,86.84000000000006,13.36,52,52,8
2009-06-09,91.67942756505977,66.7619045794654,2008-12-31,2008-12-31,2009-06-30,86.84000000000006,86.84000000000006,13.36,52,52,8
2009-06-10,90.32157575997635,66.59266013570206,2008-12-31,2008-12-31,2009-06-30,86.84000000000006,86.84000000000006,13.36,52,52,8
2009-06-11,88.93482758598736,66.88890974779034,2008-12-31,2008-12-31,2009-06-30,86.84000000000006,86.84000000000006,13.36,52,52,8
2009-06-12,89.00728149395543,67.07232973070307,2008-12-31,2008-12-31,2009-06-30,86.84000000000006,86.84000000000006,13.36,52,52,8
2009-06-15,85.96236866509486,65.534475294334,2008-12-31,2008-12-31,2009-06-30,86.84000000000006,86.84000000000006,13.36,52,52,8
2009-06-16,84.57119568584203,64.64563067739921,2008-12-31,2008-12-31,2009-06-30,86.84000000000006,86.84000000000006,13.36,52,52,8
2009-06-17,85.36339286312166,64.58212809323673,2008-12-31,2008-12-31,2009-06-30,86.84000000000006,86.84000000000006,13.36,52,52,8
2009-06-18,85.07630581518059,65.05480569933299,2008-12-31,2008-12-31,2009-06-30,86.84000000000006,86.84000000000006,13.36,52,52,8
2009-06-19,85.96773812503768,65.29473627750342,2008-12-31,2008-12-31,2009-06-30,86.84000000000006,86.84000000000006,13.36,52,52,8
2009-06-22,82.84589526351812,63.33669204215882,2008-12-31,2008-12-31,2009-06-30,86.84000000000006,86.84000000000006,13.36,52,52,8
2009-06-23,82.6443017404345,63.386402209851624,2008-12-31,2008-12-31,2009-06-30,86.84000000000006,86.84000000000006,13.36,52,52,8
2009-06-24,83.4678836614499,63.93263937045282,2008-12-31,2008-12-31,2009-06-30,86.84000000000006,86.84000000000006,13.36,52,52,8
2009-06-25,87.42726999967716,65.3230873558022,2008-12-31,2008-12-31,2009-06-30,86.84000000000006,86.84000000000006,13.36,52,52,8
2009-06-26,89.54949257674343,65.15278932466966,2008-12-31,2008-12-31,2009-06-30,86.84000000000006,86.84000000000006,13.36,52,52,8
2009-06-29,90.19994873186582,65.76291219211303,2008-12-31,2008-12-31,2009-06-30,86.84000000000006,86.84000000000006,13.36,52,52,8
2009-06-30,90.34294365097213,65.23085057066123,2008-12-31,2008-12-31,2009-06-30,86.84000000000006,86.84000000000006,13.36,52,52,8
2009-07-01,90.43479632552867,65.50047315650946,2009-06-30,2009-06-30,2009-12-31,86.84000000000006,85.17000000000006,13.36,52,51,8
2009-07-02,87.00386221404491,63.7127269522974,2009-06-30,2009-06-30,2009-12-31,86.84000000000006,85.17000000000006,13.36,52,51,8
2009-07-06,85.64654762223202,63.705639182722706,2009-06-30,2009-06-30,2009-12-31,86.84000000000006,85.17000000000006,13.36,52,51,8
2009-07-07,84.29973665702096,62.47121790868655,2009-06-30,2009-06-30,2009-12-31,86.84000000000006,85.17000000000006,13.36,52,51,8
2009-07-08,84.4121626920404,62.42869129123837,2009-06-30,2009-06-30,2009-12-31,86.84000000000006,85.17000000000006,13.36,52,51,8
2009-07-09,85.25590332921936,62.54927915467812,2009-06-30,2009-06-30,2009-12-31,86.84000000000006,85.17000000000006,13.36,52,51,8
2009-07-10,85.93125903601936,62.400244432269666,2009-06-30,2009-06-30,2009-12-31,86.84000000000006,85.17000000000006,13.36,52,51,8
2009-07-13,87.87811196704072,63.91846383130343,2009-06-30,2009-06-30,2009-12-31,86.84000000000006,85.17000000000006,13.36,52,51,8
2009-07-14,89.08735613822748,64.28022742162268,2009-06-30,2009-06-30,2009-12-31,86.84000000000006,85.17000000000006,13.36,52,51,8
2009-07-15,91.03295479957903,66.16021041097571,2009-06-30,2009-06-30,2009-12-31,86.84000000000006,85.17000000000006,13.36,52,51,8
2009-07-16,90.98466157847469,66.05379808668535,2009-06-30,2009-06-30,2009-12-31,86.84000000000006,85.17000000000006,13.36,52,51,8
2009-07-17,90.66955289336013,66.77742104799378,2009-06-30,2009-06-30,2009-12-31,86.84000000000006,85.17000000000006,13.36,52,51,8
2009-07-20,92.39846152669458,67.4867726894829,2009-06-30,2009-06-30,2009-12-31,86.84000000000006,85.17000000000006,13.36,52,51,8
2009-07-21,91.9695921302448,67.79892189277929,2009-06-30,2009-06-30,2009-12-31,86.84000000000006,85.17000000000006,13.36,52,51,8
2009-07-22,92.48441023252266,67.7847463536299,2009-06-30,2009-06-30,2009-12-31,86.84000000000006,85.17000000000006,13.36,52,51,8
2009-07-23,94.12721066595182,69.28160666326966,2009-06-30,2009-06-30,2009-12-31,86.84000000000006,85.17000000000006,13.36,52,51,8
2009-07-24,94.72235176739476,69.56540478826726,2009-06-30,2009-06-30,2009-12-31,86.84000000000006,85.17000000000006,13.36,52,51,8
2009-07-27,94.69918455709387,69.77114166727328,2009-06-30,2009-06-30,2009-12-31,86.84000000000006,85.17000000000006,13.36,52,51,8
2009-07-28,95.07217799632325,69.4448169248275,2009-06-30,2009-06-30,2009-12-31,86.84000000000006,85.17000000000006,13.36,52,51,8
2009-07-29,94.06794734022671,69.27451889369496,2009-06-30,2009-06-30,2009-12-31,86.84000000000006,85.17000000000006,13.36,52,51,8
2009-07-30,95.59086651792364,69.9981418550034,2009-06-30,2009-06-30,2009-12-31,86.84000000000006,85.17000000000006,13.36,52,51,8
2009-07-31,96.04234234215953,70.09746640971906,2009-06-30,2009-06-30,2009-12-31,86.84000000000006,85.17000000000006,13.36,52,51,8
2009-08-03,98.18638703142605,71.25382643776365,2009-06-30,2009-06-30,2009-12-31,86.84000000000006,85.17000000000006,13.36,52,51,8
2009-08-04,99.01661965643143,71.43830000804559,2009-06-30,2009-06-30,2009-12-31,86.84000000000006,85.17000000000006,13.36,52,51,8
2009-08-05,98.74204617859233,71.23256312903956,2009-06-30,2009-06-30,2009-12-31,86.84000000000006,85.17000000000006,13.36,52,51,8
2009-08-06,96.59582644968134,70.86361598847567,2009-06-30,2009-06-30,2009-12-31,86.84000000000006,85.17000000000006,13.36,52,51,8
2009-08-07,99.08241502478582,71.79297582879013,2009-06-30,2009-06-30,2009-12-31,86.84000000000006,85.17000000000006,13.36,52,51,8
2009-08-10,99.12833854113175,71.64394110638167,2009-06-30,2009-06-30,2009-12-31,86.84000000000006,85.17000000000006,13.36,52,51,8
2009-08-11,97.89180767102172,70.75011589461062,2009-06-30,2009-06-30,2009-12-31,86.84000000000006,85.17000000000006,13.36,52,51,8
2009-08-12,99.04585493631441,71.50917770379253,2009-06-30,2009-06-30,2009-12-31,86.84000000000006,85.17000000000006,13.36,52,51,8
2009-08-13,99.62208030244817,72.05541486439374,2009-06-30,2009-06-30,2009-12-31,86.84000000000006,85.17000000000006,13.36,52,51,8
2009-08-14,97.72761655041396,71.50208993421784,2009-06-30,2009-06-30,2009-12-31,86.84000000000006,85.17000000000006,13.36,52,51,8
2009-08-17,94.88157852275886,69.7427905889745,2009-06-30,2009-06-30,2009-12-31,86.84000000000006,85.17000000000006,13.36,52,51,8
2009-08-18,96.78734249857445,70.29611551915038,2009-06-30,2009-06-30,2009-12-31,86.84000000000006,85.17000000000006,13.36,52,51,8
2009-08-19,97.2945810009406,70.91332615616847,2009-06-30,2009-06-30,2009-12-31,86.84000000000006,85.17000000000006,13.36,52,51,8
2009-08-20,99.67250330154874,71.64394110638167,2009-06-30,2009-06-30,2009-12-31,86.84000000000006,85.17000000000006,13.36,52,51,8
2009-08-21,101.30199844069047,73.04866041155039,2009-06-30,2009-06-30,2009-12-31,86.84000000000006,85.17000000000006,13.36,52,51,8
2009-08-24,100.866148712983,73.04157264197569,2009-06-30,2009-06-30,2009-12-31,86.84000000000006,85.17000000000006,13.36,52,51,8
2009-08-25,101.94485553110893,73.18342381413953,2009-06-30,2009-06-30,2009-12-31,86.84000000000006,85.17000000000006,13.36,52,51,8
2009-08-26,102.18430287200863,73.19051158371423,2009-06-30,2009-06-30,2009-12-31,86.84000000000006,85.17000000000006,13.36,52,51,8
2009-08-27,102.07366530601752,73.35372184527208,2009-06-30,2009-06-30,2009-12-31,86.84000000000006,85.17000000000006,13.36,52,51,8
2009-08-28,100.93082174787885,73.33945052545276,2009-06-30,2009-06-30,2009-12-31,86.84000000000006,85.17000000000006,13.36,52,51,8
2009-08-31,98.88514380152537,72.6868010405612,2009-06-30,2009-06-30,2009-12-31,86.84000000000006,85.17000000000006,13.36,52,51,8
2009-09-01,96.07159313933109,71.08352840663109,2009-06-30,2009-06-30,2009-12-31,86.84000000000006,85.17000000000006,13.36,52,51,8
2009-09-02,96.13933589630193,70.8140016014528,2009-06-30,2009-06-30,2009-12-31,86.84000000000006,85.17000000000006,13.36,52,51,8
2009-09-03,97.43265180893451,71.40276537950217,2009-06-30,2009-06-30,2009-12-31,86.84000000000006,85.17000000000006,13.36,52,51,8
2009-09-04,98.54442046145859,72.40309869623353,2009-06-30,2009-06-30,2009-12-31,86.84000000000006,85.17000000000006,13.36,52,51,8
2009-09-08,99.89544519105912,73.0273971028263,2009-06-30,2009-06-30,2009-12-31,86.84000000000006,85.17000000000006,13.36,52,51,8
2009-09-09,101.79344228212993,73.58780980257688,2009-06-30,2009-06-30,2009-12-31,86.84000000000006,85.17000000000006,13.36,52,51,8
2009-09-10,102.81498098525972,74.3397838421841,2009-06-30,2009-06-30,2009-12-31,86.84000000000006,85.17000000000006,13.36,52,51,8
2009-09-11,102.35024644226267,74.32560830303471,2009-06-30,2009-06-30,2009-12-31,86.84000000000006,85.17000000000006,13.36,52,51,8
2009-09-14,103.52930719399541,74.68737189335398,2009-06-30,2009-06-30,2009-12-31,86.84000000000006,85.17000000000006,13.36,52,51,8
2009-09-15,105.2469995680089,74.99952109665035,2009-06-30,2009-06-30,2009-12-31,86.84000000000006,85.17000000000006,13.36,52,51,8
2009-09-16,107.05523115257654,76.13461781597086,2009-06-30,2009-06-30,2009-12-31,86.84000000000006,85.17000000000006,13.36,52,51,8
2009-09-17,107.12474175164847,76.0211177221058,2009-06-30,2009-06-30,2009-12-31,86.84000000000006,85.17000000000006,13.36,52,51,8
2009-09-18,107.6559885343974,76.06977430242938,2009-06-30,2009-06-30,2009-12-31,86.84000000000006,85.17000000000006,13.36,52,51,8
2009-09-21,107.39497153055521,75.87735093654338,2009-06-30,2009-06-30,2009-12-31,86.84000000000006,85.17000000000006,13.36,52,51,8
2009-09-22,107.8038383587775,76.31928294759265,2009-06-30,2009-06-30,2009-12-31,86.84000000000006,85.17000000000006,13.36,52,51,8
2009-09-23,105.9931773942479,75.68492757065741,2009-06-30,2009-06-30,2009-12-31,86.84000000000006,85.17000000000006,13.36,52,51,8
2009-09-24,104.28154004544014,74.85086949692162,2009-06-30,2009-06-30,2009-12-31,86.84000000000006,85.17000000000006,13.36,52,51,8
2009-09-25,103.92086340001237,74.45175144533032,2009-06-30,2009-06-30,2009-12-31,86.84000000000006,85.17000000000006,13.36,52,51,8
2009-09-28,105.37142601608008,75.78463524805278,2009-06-30,2009-06-30,2009-12-31,86.84000000000006,85.17000000000006,13.36,52,51,8
2009-09-29,106.05943776644239,75.55658147295347,2009-06-30,2009-06-30,2009-12-31,86.84000000000006,85.17000000000006,13.36,52,51,8
2009-09-30,105.60205483924368,75.26435464900216,2009-06-30,2009-06-30,2009-12-31,86.84000000000006,85.17000000000006,13.36,52,51,8
2009-10-01,102.01123946265498,73.39682314673982,2009-06-30,2009-06-30,2009-12-31,86.84000000000006,85.17000000000006,13.36,52,51,8
2009-10-02,101.35381076282465,73.05469459375587,2009-06-30,2009-06-30,2009-12-31,86.84000000000006,85.17000000000006,13.36,52,51,8
2009-10-05,103.34381612373325,74.1452533015597,2009-06-30,2009-06-30,2009-12-31,86.84000000000006,85.17000000000006,13.36,52,51,8
2009-10-06,105.38556440359179,75.2072693697249,2009-06-30,2009-06-30,2009-12-31,86.84000000000006,85.17000000000006,13.36,52,51,8
2009-10-07,105.0020725343939,75.41405983610012,2009-06-30,2009-06-30,2009-12-31,86.84000000000006,85.17000000000006,13.36,52,51,8
2009-10-08,106.57482029295467,75.99142571442802,2009-06-30,2009-06-30,2009-12-31,86.84000000000006,85.17000000000006,13.36,52,51,8
2009-10-09,107.68337640538049,76.45471681487129,2009-06-30,2009-06-30,2009-12-31,86.84000000000006,85.17000000000006,13.36,52,51,8
2009-10-12,108.20600207561901,76.7541271890672,2009-06-30,2009-06-30,2009-12-31,86.84000000000006,85.17000000000006,13.36,52,51,8
2009-10-13,107.3323423825256,76.59723845172464,2009-06-30,2009-06-30,2009-12-31,86.84000000000006,85.17000000000006,13.36,52,51,8
2009-10-14,108.77052448551483,77.91594671529771,2009-06-30,2009-06-30,2009-12-31,86.84000000000006,85.17000000000006,13.36,52,51,8
2009-10-15,109.07958231297586,78.20108576967432,2009-06-30,2009-06-30,2009-12-31,86.84000000000006,85.17000000000006,13.36,52,51,8
2009-10-16,108.23996186505566,77.61653634110179,2009-06-30,2009-06-30,2009-12-31,86.84000000000006,85.17000000000006,13.36,52,51,8
2009-10-19,109.14918348298619,78.25807526828166,2009-06-30,2009-06-30,2009-12-31,86.84000000000006,85.17000000000006,13.36,52,51,8
2009-10-20,106.93185855683538,77.84468589687104,2009-06-30,2009-06-30,2009-12-31,86.84000000000006,85.17000000000006,13.36,52,51,8
2009-10-21,104.78607563045777,77.14615747108382,2009-06-30,2009-06-30,2009-12-31,86.84000000000006,85.17000000000006,13.36,52,51,8
2009-10-22,106.83420682436319,77.93021803511704,2009-06-30,2009-06-30,2009-12-31,86.84000000000006,85.17000000000006,13.36,52,51,8
2009-10-23,104.78615379170826,77.0391704627739,2009-06-30,2009-06-30,2009-12-31,86.84000000000006,85.17000000000006,13.36,52,51,8
2009-10-26,104.15378518242225,76.20520816970803,2009-06-30,2009-06-30,2009-12-31,86.84000000000006,85.17000000000006,13.36,52,51,8
2009-10-27,102.46788779045437,75.85599184714937,2009-06-30,2009-06-30,2009-12-31,86.84000000000006,85.17000000000006,13.36,52,51,8
2009-10-28,99.27183427724754,74.42320880569167,2009-06-30,2009-06-30,2009-12-31,86.84000000000006,85.17000000000006,13.36,52,51,8
2009-10-29,101.82838832109191,76.01987257339674,2009-06-30,2009-06-30,2009-12-31,86.84000000000006,85.17000000000006,13.36,52,51,8
2009-10-30,97.74074060161865,73.81739606839506,2009-06-30,2009-06-30,2009-12-31,86.84000000000006,85.17000000000006,13.36,52,51,8
2009-11-02,96.83267830048248,74.3590357568397,2009-06-30,2009-06-30,2009-12-31,86.84000000000006,85.17000000000006,13.36,52,51,8
2009-11-03,98.85526873611717,74.59427308218366,2009-06-30,2009-06-30,2009-12-31,86.84000000000006,85.17000000000006,13.36,52,51,8
2009-11-04,98.39364074667428,74.78679222873957,2009-06-30,2009-06-30,2009-12-31,86.84000000000006,85.17000000000006,13.36,52,51,8
2009-11-05,100.93504435085518,76.16248999092001,2009-06-30,2009-06-30,2009-12-31,86.84000000000006,85.17000000000006,13.36,52,51,8
2009-11-06,100.74369224838729,76.36200112638068,2009-06-30,2009-06-30,2009-12-31,86.84000000000006,85.17000000000006,13.36,52,51,8
2009-11-09,102.91376344942755,78.101282311609,2009-06-30,2009-06-30,2009-12-31,86.84000000000006,85.17000000000006,13.36,52,51,8
2009-11-10,101.86531288404642,78.11555363142834,2009-06-30,2009-06-30,2009-12-31,86.84000000000006,85.17000000000006,13.36,52,51,8
2009-11-11,102.73994384558002,78.51467168301963,2009-06-30,2009-06-30,2009-12-31,86.84000000000006,85.17000000000006,13.36,52,51,8
2009-11-12,100.64848751693683,77.71633979916709,2009-06-30,2009-06-30,2009-12-31,86.84000000000006,85.17000000000006,13.36,52,51,8
2009-11-13,101.677594525116,78.13691272082234,2009-06-30,2009-06-30,2009-12-31,86.84000000000006,85.17000000000006,13.36,52,51,8
2009-11-16,103.59311267418137,79.27028538808412,2009-06-30,2009-06-30,2009-12-31,86.84000000000006,85.17000000000006,13.36,52,51,8
2009-11-17,103.05515445458938,79.36290529590481,2009-06-30,2009-06-30,2009-12-31,86.84000000000006,85.17000000000006,13.36,52,51,8
2009-11-18,103.41819108324198,79.31300356687215,2009-06-30,2009-06-30,2009-12-31,86.84000000000006,85.17000000000006,13.36,52,51,8
2009-11-19,101.06205394028107,78.27943435767568,2009-06-30,2009-06-30,2009-12-31,86.84000000000006,85.17000000000006,13.36,52,51,8
2009-11-20,100.54367176503466,78.0014788535437,2009-06-30,2009-06-30,2009-12-31,86.84000000000006,85.17000000000006,13.36,52,51,8
2009-11-23,101.74147373612116,78.99223410328221,2009-06-30,2009-06-30,2009-12-31,86.84000000000006,85.17000000000006,13.36,52,51,8
2009-11-24,101.0704296571449,79.11339665074154,2009-06-30,2009-06-30,2009-12-31,86.84000000000006,85.17000000000006,13.36,52,51,8
2009-11-25,101.06776538512368,79.39144793554345,2009-06-30,2009-06-30,2009-12-31,86.84000000000006,85.17000000000006,13.36,52,51,8
2009-11-27,98.90425107907852,78.101282311609,2009-06-30,2009-06-30,2009-12-31,86.84000000000006,85.17000000000006,13.36,52,51,8
2009-11-30,99.0794086264983,78.36496649592166,2009-06-30,2009-06-30,2009-12-31,86.84000000000006,85.17000000000006,13.36,52,51,8
2009-12-01,100.11646520683412,79.33436265626617,2009-06-30,2009-06-30,2009-12-31,86.84000000000006,85.17000000000006,13.36,52,51,8
2009-12-02,101.35137862655006,79.29873224705284,2009-06-30,2009-06-30,2009-12-31,86.84000000000006,85.17000000000006,13.36,52,51,8
2009-12-03,100.38156997900818,78.67864818993691,2009-06-30,2009-06-30,2009-12-31,86.84000000000006,85.17000000000006,13.36,52,51,8
2009-12-04,103.0042137586658,79.12766797056085,2009-06-30,2009-06-30,2009-12-31,86.84000000000006,85.17000000000006,13.36,52,51,8
2009-12-07,102.96026434311707,79.00650542310153,2009-06-30,2009-06-30,2009-12-31,86.84000000000006,85.17000000000006,13.36,52,51,8
2009-12-08,101.872613196937,78.12982495124766,2009-06-30,2009-06-30,2009-12-31,86.84000000000006,85.17000000000006,13.36,52,51,8
2009-12-09,101.4754079496283,78.42205177519894,2009-06-30,2009-06-30,2009-12-31,86.84000000000006,85.17000000000006,13.36,52,51,8
2009-12-10,101.40073902890862,78.8639837862482,2009-06-30,2009-06-30,2009-12-31,86.84000000000006,85.17000000000006,13.36,52,51,8
2009-12-11,102.21740531815858,79.19902456965745,2009-06-30,2009-06-30,2009-12-31,86.84000000000006,85.17000000000006,13.36,52,51,8
2009-12-14,103.52052335361445,79.74066425810209,2009-06-30,2009-06-30,2009-12-31,86.84000000000006,85.17000000000006,13.36,52,51,8
2009-12-15,103.47581911809286,79.37008884614943,2009-06-30,2009-06-30,2009-12-31,86.84000000000006,85.17000000000006,13.36,52,51,8
2009-12-16,104.40125625064448,79.49125139360875,2009-06-30,2009-06-30,2009-12-31,86.84000000000006,85.17000000000006,13.36,52,51,8
2009-12-17,103.24413717573474,78.53603077241364,2009-06-30,2009-06-30,2009-12-31,86.84000000000006,85.17000000000006,13.36,52,51,8
2009-12-18,104.08107636400045,78.98054886155096,2009-06-30,2009-06-30,2009-12-31,86.84000000000006,85.17000000000006,13.36,52,51,8
2009-12-21,105.57332190857426,79.78319087555026,2009-06-30,2009-06-30,2009-12-31,86.84000000000006,85.17000000000006,13.36,52,51,8
2009-12-22,106.48182323031965,80.06986242064572,2009-06-30,2009-06-30,2009-12-31,86.84000000000006,85.17000000000006,13.36,52,51,8
2009-12-23,107.63203039762092,80.22751740334773,2009-06-30,2009-06-30,2009-12-31,86.84000000000006,85.17000000000006,13.36,52,51,8
2009-12-24,107.7560006999316,80.6072877596135,2009-06-30,2009-06-30,2009-12-31,86.84000000000006,85.17000000000006,13.36,52,51,8
2009-12-28,107.35301337439313,80.77930984280476,2009-06-30,2009-06-30,2009-12-31,86.84000000000006,85.17000000000006,13.36,52,51,8
2009-12-29,107.89611413781225,80.66466038090057,2009-06-30,2009-06-30,2009-12-31,86.84000000000006,85.17000000000006,13.36,52,51,8
2009-12-30,107.34231198918583,80.63592617992208,2009-06-30,2009-06-30,2009-12-31,86.84000000000006,85.17000000000006,13.36,52,51,8
2009-12-31,106.25179150926957,79.86201836690127,2009-06-30,2009-06-30,2009-12-31,86.84000000000006,85.17000000000006,13.36,52,51,8
2010-01-04,105.53354129138208,81.2164528203576,2009-12-31,2009-12-31,2010-06-30,86.92000000000002,85.28000000000002,13.120000000000001,53,52,8
2010-01-05,105.27830688913998,81.43138464367676,2009-12-31,2009-12-31,2010-06-30,86.92000000000002,85.28000000000002,13.120000000000001,53,52,8
2010-01-06,104.860637800656,81.48875726496382,2009-12-31,2009-12-31,2010-06-30,86.92000000000002,85.28000000000002,13.120000000000001,53,52,8
2010-01-07,105.65952990094681,81.8327056506764,2009-12-31,2009-12-31,2010-06-30,86.92000000000002,85.28000000000002,13.120000000000001,53,52,8
2010-01-08,106.2804173984011,82.10510587595253,2009-12-31,2009-12-31,2010-06-30,86.92000000000002,85.28000000000002,13.120000000000001,53,52,8
2010-01-11,106.29859783923301,82.21975533785675,2009-12-31,2009-12-31,2010-06-30,86.92000000000002,85.28000000000002,13.120000000000001,53,52,8
2010-01-12,105.76235981019992,81.45293529441064,2009-12-31,2009-12-31,2010-06-30,86.92000000000002,85.28000000000002,13.120000000000001,53,52,8
2010-01-13,107.4855363868158,82.14092784650573,2009-12-31,2009-12-31,2010-06-30,86.92000000000002,85.28000000000002,13.120000000000001,53,52,8
2010-01-14,109.80997618467634,82.3630432200695,2009-12-31,2009-12-31,2010-06-30,86.92000000000002,85.28000000000002,13.120000000000001,53,52,8
2010-01-15,109.19965341724178,81.43856819392138,2009-12-31,2009-12-31,2010-06-30,86.92000000000002,85.28000000000002,13.120000000000001,53,52,8
2010-01-19,110.60819883902585,82.45623781190976,2009-12-31,2009-12-31,2010-06-30,86.92000000000002,85.28000000000002,13.120000000000001,53,52,8
2010-01-20,110.37606155061239,81.61777382735727,2009-12-31,2009-12-31,2010-06-30,86.92000000000002,85.28000000000002,13.120000000000001,53,52,8
2010-01-21,109.3321499983468,80.04831176991185,2009-12-31,2009-12-31,2010-06-30,86.92000000000002,85.28000000000002,13.120000000000001,53,52,8
2010-01-22,108.50539370628556,78.2639178891473,2009-12-31,2009-12-31,2010-06-30,86.92000000000002,85.28000000000002,13.120000000000001,53,52,8
2010-01-25,107.49590229596431,78.66523889614695,2009-12-31,2009-12-31,2010-06-30,86.92000000000002,85.28000000000002,13.120000000000001,53,52,8
2010-01-26,106.84511931850041,78.33556183025368,2009-12-31,2009-12-31,2010-06-30,86.92000000000002,85.28000000000002,13.120000000000001,53,52,8
2010-01-27,107.86981661487822,78.70824441694475,2009-12-31,2009-12-31,2010-06-30,86.92000000000002,85.28000000000002,13.120000000000001,53,52,8
2010-01-28,106.51140680552112,77.80522426086057,2009-12-31,2009-12-31,2010-06-30,86.92000000000002,85.28000000000002,13.120000000000001,53,52,8
2010-01-29,106.05066799194284,76.95957672606346,2009-12-31,2009-12-31,2010-06-30,86.92000000000002,85.28000000000002,13.120000000000001,53,52,8
2010-02-01,107.60655910839913,78.15635619681778,2009-12-31,2009-12-31,2010-06-30,86.92000000000002,85.28000000000002,13.120000000000001,53,52,8
2010-02-02,108.39961112660238,79.10238187369978,2009-12-31,2009-12-31,2010-06-30,86.92000000000002,85.28000000000002,13.120000000000001,53,52,8
2010-02-03,108.00104473049859,78.70824441694475,2009-12-31,2009-12-31,2010-06-30,86.92000000000002,85.28000000000002,13.120000000000001,53,52,8
2010-02-04,105.32813717207739,76.27876772421297,2009-12-31,2009-12-31,2010-06-30,86.92000000000002,85.28000000000002,13.120000000000001,53,52,8
2010-02-05,105.87242224549561,76.43642270691498,2009-12-31,2009-12-31,2010-06-30,86.92000000000002,85.28000000000002,13.120000000000001,53,52,8
2010-02-08,105.28530728742277,75.88463026745795,2009-12-31,2009-12-31,2010-06-30,86.92000000000002,85.28000000000002,13.120000000000001,53,52,8
2010-02-09,107.26445407182601,76.83774371391465,2009-12-31,2009-12-31,2010-06-30,86.92000000000002,85.28000000000002,13.120000000000001,53,52,8
2010-02-10,107.69477868759746,76.68727228145725,2009-12-31,2009-12-31,2010-06-30,86.92000000000002,85.28000000000002,13.120000000000001,53,52,8
2010-02-11,108.84393924002877,77.48991429545656,2009-12-31,2009-12-31,2010-06-30,86.92000000000002,85.28000000000002,13.120000000000001,53,52,8
2010-02-12,109.35299857483491,77.4254539045948,2009-12-31,2009-12-31,2010-06-30,86.92000000000002,85.28000000000002,13.120000000000001,53,52,8
2010-02-16,110.99553613634825,78.64368824541306,2009-12-31,2009-12-31,2010-06-30,86.92000000000002,85.28000000000002,13.120000000000001,53,52,8
2010-02-17,112.29418393192587,79.01637083210416,2009-12-31,2009-12-31,2010-06-30,86.92000000000002,85.28000000000002,13.120000000000001,53,52,8
2010-02-18,112.80395412231883,79.48215222996556,2009-12-31,2009-12-31,2010-06-30,86.92000000000002,85.28000000000002,13.120000000000001,53,52,8
2010-02-19,113.14729081387628,79.64699076291221,2009-12-31,2009-12-31,2010-06-30,86.92000000000002,85.28000000000002,13.120000000000001,53,52,8
2010-02-22,113.31583096703258,79.66135786340143,2009-12-31,2009-12-31,2010-06-30,86.92000000000002,85.28000000000002,13.120000000000001,53,52,8
2010-02-23,112.47371441948427,78.69387731645551,2009-12-31,2009-12-31,2010-06-30,86.92000000000002,85.28000000000002,13.120000000000001,53,52,8
2010-02-24,112.5959281072933,79.41769183910381,2009-12-31,2009-12-31,2010-06-30,86.92000000000002,85.28000000000002,13.120000000000001,53,52,8
2010-02-25,112.03156263680913,79.31022592744424,2009-12-31,2009-12-31,2010-06-30,86.92000000000002,85.28000000000002,13.120000000000001,53,52,8
2010-02-26,112.53010336519826,79.36031921781674,2009-12-31,2009-12-31,2010-06-30,86.92000000000002,85.28000000000002,13.120000000000001,53,52,8
2010-03-01,114.28308587251587,80.18451188254993,2009-12-31,2009-12-31,2010-06-30,86.92000000000002,85.28000000000002,13.120000000000001,53,52,8
2010-03-02,115.21480531220743,80.40662725611368,2009-12-31,2009-12-31,2010-06-30,86.92000000000002,85.28000000000002,13.120000000000001,53,52,8
2010-03-03,116.25670589393368,80.47827119722007,2009-12-31,2009-12-31,2010-06-30,86.92000000000002,85.28000000000002,13.120000000000001,53,52,8
2010-03-04,116.93243861963391,80.72193722151772,2009-12-31,2009-12-31,2010-06-30,86.92000000000002,85.28000000000002,13.120000000000001,53,52,8
2010-03-05,119.32991416304648,81.87571117147422,2009-12-31,2009-12-31,2010-06-30,86.92000000000002,85.28000000000002,13.120000000000001,53,52,8
2010-03-08,120.13674767650858,81.89007827196347,2009-12-31,2009-12-31,2010-06-30,86.92000000000002,85.28000000000002,13.120000000000001,53,52,8
2010-03-09,120.60256823926981,82.02627838460155,2009-12-31,2009-12-31,2010-06-30,86.92000000000002,85.28000000000002,13.120000000000001,53,52,8
2010-03-10,121.57212758104174,82.39168164037807,2009-12-31,2009-12-31,2010-06-30,86.92000000000002,85.28000000000002,13.120000000000001,53,52,8
2010-03-11,122.97945283783707,82.73572580676058,2009-12-31,2009-12-31,2010-06-30,86.92000000000002,85.28000000000002,13.120000000000001,53,52,8
2010-03-12,123.41174685945417,82.74290935700522,2009-12-31,2009-12-31,2010-06-30,86.92000000000002,85.28000000000002,13.120000000000001,53,52,8
2010-03-15,123.22721401927659,82.76436422706917,2009-12-31,2009-12-31,2010-06-30,86.92000000000002,85.28000000000002,13.120000000000001,53,52,8
2010-03-16,124.62936969282221,83.4237183588557,2009-12-31,2009-12-31,2010-06-30,86.92000000000002,85.28000000000002,13.120000000000001,53,52,8
2010-03-17,125.50525964138517,83.91813817702568,2009-12-31,2009-12-31,2010-06-30,86.92000000000002,85.28000000000002,13.120000000000001,53,52,8
2010-03-18,125.92218591310214,83.87513265622785,2009-12-31,2009-12-31,2010-06-30,86.92000000000002,85.28000000000002,13.120000000000001,53,52,8
2010-03-19,125.27231228537904,83.4508242884454,2009-12-31,2009-12-31,2010-06-30,86.92000000000002,85.28000000000002,13.120000000000001,53,52,8
2010-03-22,127.05880674473164,83.89697064897152,2009-12-31,2009-12-31,2010-06-30,86.92000000000002,85.28000000000002,13.120000000000001,53,52,8
2010-03-23,127.94794156117425,84.48707535639987,2009-12-31,2009-12-31,2010-06-30,86.92000000000002,85.28000000000002,13.120000000000001,53,52,8
2010-03-24,127.39636991712415,84.07694252776682,2009-12-31,2009-12-31,2010-06-30,86.92000000000002,85.28000000000002,13.120000000000001,53,52,8
2010-03-25,127.99834798934941,83.94016773110918,2009-12-31,2009-12-31,2010-06-30,86.92000000000002,85.28000000000002,13.120000000000001,53,52,8
2010-03-26,128.83037535796288,83.88978709872688,2009-12-31,2009-12-31,2010-06-30,86.92000000000002,85.28000000000002,13.120000000000001,53,52,8
2010-03-29,129.34405990734408,84.42232762352833,2009-12-31,2009-12-31,2010-06-30,86.92000000000002,85.28000000000002,13.120000000000001,53,52,8
2010-03-30,129.72321194044545,84.47989180615527,2009-12-31,2009-12-31,2010-06-30,86.92000000000002,85.28000000000002,13.120000000000001,53,52,8
2010-03-31,129.26674065792278,84.19207089302066,2009-12-31,2009-12-31,2010-06-30,86.92000000000002,85.28000000000002,13.120000000000001,53,52,8
2010-04-01,129.6209671351037,84.76771271928986,2009-12-31,2009-12-31,2010-06-30,86.92000000000002,85.28000000000002,13.120000000000001,53,52,8
2010-04-05,132.31277904567943,85.45848291081288,2009-12-31,2009-12-31,2010-06-30,86.92000000000002,85.28000000000002,13.120000000000001,53,52,8
2010-04-06,133.50148122406353,85.66000544034206,2009-12-31,2009-12-31,2010-06-30,86.92000000000002,85.28000000000002,13.120000000000001,53,52,8
2010-04-07,134.1685160359667,85.17066199767828,2009-12-31,2009-12-31,2010-06-30,86.92000000000002,85.28000000000002,13.120000000000001,53,52,8
2010-04-08,135.9511679989932,85.46576224172743,2009-12-31,2009-12-31,2010-06-30,86.92000000000002,85.28000000000002,13.120000000000001,53,52,8
2010-04-09,137.24744844337204,86.02703696750737,2009-12-31,2009-12-31,2010-06-30,86.92000000000002,85.28000000000002,13.120000000000001,53,52,8
2010-04-12,137.9909934024631,86.16371598349508,2009-12-31,2009-12-31,2010-06-30,86.92000000000002,85.28000000000002,13.120000000000001,53,52,8
2010-04-13,138.26133219756684,86.22846371636662,2009-12-31,2009-12-31,2010-06-30,86.92000000000002,85.28000000000002,13.120000000000001,53,52,8
2010-04-14,140.19707631003388,87.20715060169417,2009-12-31,2009-12-31,2010-06-30,86.92000000000002,85.28000000000002,13.120000000000001,53,52,8
2010-04-15,140.36012559521143,87.27908188481035,2009-12-31,2009-12-31,2010-06-30,86.92000000000002,85.28000000000002,13.120000000000001,53,52,8
2010-04-16,137.408961348045,85.89026217084974,2009-12-31,2009-12-31,2010-06-30,86.92000000000002,85.28000000000002,13.120000000000001,53,52,8
2010-04-19,136.72381035401366,86.21409661587738,2009-12-31,2009-12-31,2010-06-30,86.92000000000002,85.28000000000002,13.120000000000001,53,52,8
2010-04-20,138.70642754905626,86.98407742143111,2009-12-31,2009-12-31,2010-06-30,86.92000000000002,85.28000000000002,13.120000000000001,53,52,8
2010-04-21,138.87774423920064,86.8257519740396,2009-12-31,2009-12-31,2010-06-30,86.92000000000002,85.28000000000002,13.120000000000001,53,52,8
2010-04-22,142.03398398128738,87.08483868619571,2009-12-31,2009-12-31,2010-06-30,86.92000000000002,85.28000000000002,13.120000000000001,53,52,8
2010-04-23,142.88830196548847,87.65329696222028,2009-12-31,2009-12-31,2010-06-30,86.92000000000002,85.28000000000002,13.120000000000001,53,52,8
2010-04-26,143.62740367595956,87.322278966948,2009-12-31,2009-12-31,2010-06-30,86.92000000000002,85.28000000000002,13.120000000000001,53,52,8
2010-04-27,140.44219671097005,85.25705616195363,2009-12-31,2009-12-31,2010-06-30,86.92000000000002,85.28000000000002,13.120000000000001,53,52,8
2010-04-28,137.8719402324451,85.90462927133899,2009-12-31,2009-12-31,2010-06-30,86.92000000000002,85.28000000000002,13.120000000000001,53,52,8
2010-04-29,140.54967411782368,86.96971032094187,2009-12-31,2009-12-31,2010-06-30,86.92000000000002,85.28000000000002,13.120000000000001,53,52,8
2010-04-30,136.782379365696,85.49449644270592,2009-12-31,2009-12-31,2010-06-30,86.92000000000002,85.28000000000002,13.120000000000001,53,52,8
2010-05-03,138.95970362132087,86.60267879377656,2009-12-31,2009-12-31,2010-06-30,86.92000000000002,85.28000000000002,13.120000000000001,53,52,8
2010-05-04,133.66126592538146,84.56619018976068,2009-12-31,2009-12-31,2010-06-30,86.92000000000002,85.28000000000002,13.120000000000001,53,52,8
2010-05-05,131.12047918125722,84.06247964660764,2009-12-31,2009-12-31,2010-06-30,86.92000000000002,85.28000000000002,13.120000000000001,53,52,8
2010-05-06,126.94161428521038,81.27047311819719,2009-12-31,2009-12-31,2010-06-30,86.92000000000002,85.28000000000002,13.120000000000001,53,52,8
2010-05-07,123.4543439475393,80.06162528303187,2009-12-31,2009-12-31,2010-06-30,86.92000000000002,85.28000000000002,13.120000000000001,53,52,8
2010-05-10,130.33123686633294,83.58759908510305,2009-12-31,2009-12-31,2010-06-30,86.92000000000002,85.28000000000002,13.120000000000001,53,52,8
2010-05-11,132.3832528957736,83.35015880435076,2009-12-31,2009-12-31,2010-06-30,86.92000000000002,85.28000000000002,13.120000000000001,53,52,8
2010-05-12,135.49410530131786,84.5159053380483,2009-12-31,2009-12-31,2010-06-30,86.92000000000002,85.28000000000002,13.120000000000001,53,52,8
2010-05-13,133.4024153798987,83.46528716960458,2009-12-31,2009-12-31,2010-06-30,86.92000000000002,85.28000000000002,13.120000000000001,53,52,8
2010-05-14,130.21163174217523,81.95415554014552,2009-12-31,2009-12-31,2010-06-30,86.92000000000002,85.28000000000002,13.120000000000001,53,52,8
2010-05-17,130.566184753864,81.99725684161325,2009-12-31,2009-12-31,2010-06-30,86.92000000000002,85.28000000000002,13.120000000000001,53,52,8
2010-05-18,128.40213912606114,80.881890940298,2009-12-31,2009-12-31,2010-06-30,86.92000000000002,85.28000000000002,13.120000000000001,53,52,8
2010-05-19,127.32952232081864,80.42137747928265,2009-12-31,2009-12-31,2010-06-30,86.92000000000002,85.28000000000002,13.120000000000001,53,52,8
2010-05-20,121.75359307162415,77.38474711987526,2009-12-31,2009-12-31,2010-06-30,86.92000000000002,85.28000000000002,13.120000000000001,53,52,8
2010-05-21,122.7671726330616,78.51448012167978,2009-12-31,2009-12-31,2010-06-30,86.92000000000002,85.28000000000002,13.120000000000001,53,52,8
2010-05-24,122.0812377891738,77.50705903537373,2009-12-31,2009-12-31,2010-06-30,86.92000000000002,85.28000000000002,13.120000000000001,53,52,8
2010-05-25,121.33960610522223,77.58617386873452,2009-12-31,2009-12-31,2010-06-30,86.92000000000002,85.28000000000002,13.120000000000001,53,52,8
2010-05-26,121.62179056738255,77.11847685747453,2009-12-31,2009-12-31,2010-06-30,86.92000000000002,85.28000000000002,13.120000000000001,53,52,8
2010-05-27,125.91637277344776,79.7017773061112,2009-12-31,2009-12-31,2010-06-30,86.92000000000002,85.28000000000002,13.120000000000001,53,52,8
2010-05-28,124.83737397003888,78.70153977004976,2009-12-31,2009-12-31,2010-06-30,86.92000000000002,85.28000000000002,13.120000000000001,53,52,8
2010-06-01,121.80322307964302,77.37756356963062,2009-12-31,2009-12-31,2010-06-30,86.92000000000002,85.28000000000002,13.120000000000001,53,52,8
2010-06-02,123.9789403009654,79.39240574224272,2009-12-31,2009-12-31,2010-06-30,86.92000000000002,85.28000000000002,13.120000000000001,53,52,8
2010-06-03,125.22170338946,79.66585955488807,2009-12-31,2009-12-31,2010-06-30,86.92000000000002,85.28000000000002,13.120000000000001,53,52,8
2010-06-04,120.11824512285393,76.86657369556306,2009-12-31,2009-12-31,2010-06-30,86.92000000000002,85.28000000000002,13.120000000000001,53,52,8
2010-06-07,116.39321628941443,75.90953324163931,2009-12-31,2009-12-31,2010-06-30,86.92000000000002,85.28000000000002,13.120000000000001,53,52,8
2010-06-08,116.40798444573745,76.72271112933073,2009-12-31,2009-12-31,2010-06-30,86.92000000000002,85.28000000000002,13.120000000000001,53,52,8
2010-06-09,117.5659540726521,76.31257830069768,2009-12-31,2009-12-31,2010-06-30,86.92000000000002,85.28000000000002,13.120000000000001,53,52,8
2010-06-10,121.19036753042067,78.5433101033282,2009-12-31,2009-12-31,2010-06-30,86.92000000000002,85.28000000000002,13.120000000000001,53,52,8
2010-06-11,122.86753233655483,78.92461295031282,2009-12-31,2009-12-31,2010-06-30,86.92000000000002,85.28000000000002,13.120000000000001,53,52,8
2010-06-14,124.10134059554991,78.80230103481438,2009-12-31,2009-12-31,2010-06-30,86.92000000000002,85.28000000000002,13.120000000000001,53,52,8
2010-06-15,125.80513372814096,80.59407002716341,2009-12-31,2009-12-31,2010-06-30,86.92000000000002,85.28000000000002,13.120000000000001,53,52,8
2010-06-16,124.33861525861495,80.56533582618492,2009-12-31,2009-12-31,2010-06-30,86.92000000000002,85.28000000000002,13.120000000000001,53,52,8
2010-06-17,124.05645517913807,80.694831291928,2009-12-31,2009-12-31,2010-06-30,86.92000000000002,85.28000000000002,13.120000000000001,53,52,8
2010-06-18,124.07843085219942,80.78256638558233,2009-12-31,2009-12-31,2010-06-30,86.92000000000002,85.28000000000002,13.120000000000001,53,52,8
2010-06-21,122.21106173357195,80.55116028703551,2009-12-31,2009-12-31,2010-06-30,86.92000000000002,85.28000000000002,13.120000000000001,53,52,8
2010-06-22,119.41320069040178,79.22076678173117,2009-12-31,2009-12-31,2010-06-30,86.92000000000002,85.28000000000002,13.120000000000001,53,52,8
2010-06-23,119.27803195845969,78.97499358269512,2009-12-31,2009-12-31,2010-06-30,86.92000000000002,85.28000000000002,13.120000000000001,53,52,8
2010-06-24,116.9343931203939,77.66634228946451,2009-12-31,2009-12-31,2010-06-30,86.92000000000002,85.28000000000002,13.120000000000001,53,52,8
2010-06-25,118.17921137413632,77.99170922521101,2009-12-31,2009-12-31,2010-06-30,86.92000000000002,85.28000000000002,13.120000000000001,53,52,8
2010-06-28,117.43177835966765,77.74584024550502,2009-12-31,2009-12-31,2010-06-30,86.92000000000002,85.28000000000002,13.120000000000001,53,52,8
2010-06-29,112.75924784676201,75.34548087643144,2009-12-31,2009-12-31,2010-06-30,86.92000000000002,85.28000000000002,13.120000000000001,53,52,8
2010-06-30,112.03069160195554,74.62971193005713,2009-12-31,2009-12-31,2010-06-30,86.92000000000002,85.28000000000002,13.120000000000001,53,52,8
2010-07-01,109.5315601979006,74.29706566339608,2010-06-30,2010-06-30,2010-12-31,86.92000000000002,85.28000000000002,13.120000000000001,53,52,8
2010-07-02,108.80368566914863,73.89220077160908,2010-06-30,2010-06-30,2010-12-31,86.92000000000002,85.28000000000002,13.120000000000001,53,52,8
2010-07-06,106.3244246597097,74.37656361943658,2010-06-30,2010-06-30,2010-12-31,86.92000000000002,85.28000000000002,13.120000000000001,53,52,8
2010-07-07,109.76716490919543,76.71916724454337,2010-06-30,2010-06-30,2010-12-31,86.92000000000002,85.28000000000002,13.120000000000001,53,52,8
2010-07-08,111.40275221742442,77.47832483439522,2010-06-30,2010-06-30,2010-12-31,86.92000000000002,85.28000000000002,13.120000000000001,53,52,8
2010-07-09,114.25627385744765,78.05674430009233,2010-06-30,2010-06-30,2010-12-31,86.92000000000002,85.28000000000002,13.120000000000001,53,52,8
2010-07-12,113.77515288835372,78.10741227448442,2010-06-30,2010-06-30,2010-12-31,86.92000000000002,85.28000000000002,13.120000000000001,53,52,8
2010-07-13,117.87131017808223,79.28589763728243,2010-06-30,2010-06-30,2010-12-31,86.92000000000002,85.28000000000002,13.120000000000001,53,52,8
2010-07-14,117.4429083489744,79.27861830636789,2010-06-30,2010-06-30,2010-12-31,86.92000000000002,85.28000000000002,13.120000000000001,53,52,8
2010-07-15,117.27554469771877,79.30036051844162,2010-06-30,2010-06-30,2010-12-31,86.92000000000002,85.28000000000002,13.120000000000001,53,52,8
2010-07-16,112.99741313187926,77.11684858608575,2010-06-30,2010-06-30,2010-12-31,86.92000000000002,85.28000000000002,13.120000000000001,53,52,8
2010-07-19,113.48255724506983,77.57238145226482,2010-06-30,2010-06-30,2010-12-31,86.92000000000002,85.28000000000002,13.120000000000001,53,52,8
2010-07-20,115.19152188622223,78.43268342956098,2010-06-30,2010-06-30,2010-12-31,86.92000000000002,85.28000000000002,13.120000000000001,53,52,8
2010-07-21,113.89202265533565,77.41328975951389,2010-06-30,2010-06-30,2010-12-31,86.92000000000002,85.28000000000002,13.120000000000001,53,52,8
2010-07-22,118.03530746587546,79.14126882569067,2010-06-30,2010-06-30,2010-12-31,86.92000000000002,85.28000000000002,13.120000000000001,53,52,8
2010-07-23,119.89797574330261,79.82811200974665,2010-06-30,2010-06-30,2010-12-31,86.92000000000002,85.28000000000002,13.120000000000001,53,52,8
2010-07-26,122.15855502074582,80.65958400539436,2010-06-30,2010-06-30,2010-12-31,86.92000000000002,85.28000000000002,13.120000000000001,53,52,8
2010-07-27,121.36132916101434,80.65240045514975,2010-06-30,2010-06-30,2010-12-31,86.92000000000002,85.28000000000002,13.120000000000001,53,52,8
2010-07-28,119.96463387435658,80.13183251408934,2010-06-30,2010-06-30,2010-12-31,86.92000000000002,85.28000000000002,13.120000000000001,53,52,8
2010-07-29,120.39093450772774,79.74143050346152,2010-06-30,2010-06-30,2010-12-31,86.92000000000002,85.28000000000002,13.120000000000001,53,52,8
2010-07-30,120.86715392264162,79.72696762230234,2010-06-30,2010-06-30,2010-12-31,86.92000000000002,85.28000000000002,13.120000000000001,53,52,8
2010-08-02,122.32035723193538,81.527261094275,2010-06-30,2010-06-30,2010-12-31,86.92000000000002,85.28000000000002,13.120000000000001,53,52,8
2010-08-03,121.11707405969415,81.13676330297726,2010-06-30,2010-06-30,2010-12-31,86.92000000000002,85.28000000000002,13.120000000000001,53,52,8
2010-08-04,121.69298873527146,81.67907345611138,2010-06-30,2010-06-30,2010-12-31,86.92000000000002,85.28000000000002,13.120000000000001,53,52,8
2010-08-05,120.55485428103098,81.59229616915633,2010-06-30,2010-06-30,2010-12-31,86.92000000000002,85.28000000000002,13.120000000000001,53,52,8
2010-08-06,120.02488127885594,81.2597456831652,2010-06-30,2010-06-30,2010-12-31,86.92000000000002,85.28000000000002,13.120000000000001,53,52,8
2010-08-09,121.10920778123213,81.69353633727056,2010-06-30,2010-06-30,2010-12-31,86.92000000000002,85.28000000000002,13.120000000000001,53,52,8
2010-08-10,118.85315578536178,81.25246635225066,2010-06-30,2010-06-30,2010-12-31,86.92000000000002,85.28000000000002,13.120000000000001,53,52,8
2010-08-11,115.36637722964997,79.02556577641727,2010-06-30,2010-06-30,2010-12-31,86.92000000000002,85.28000000000002,13.120000000000001,53,52,8
2010-08-12,115.52395233599579,78.54120292858975,2010-06-30,2010-06-30,2010-12-31,86.92000000000002,85.28000000000002,13.120000000000001,53,52,8
2010-08-13,113.74709211939872,78.30979683004296,2010-06-30,2010-06-30,2010-12-31,86.92000000000002,85.28000000000002,13.120000000000001,53,52,8
2010-08-16,114.28943223763672,78.27368751747998,2010-06-30,2010-06-30,2010-12-31,86.92000000000002,85.28000000000002,13.120000000000001,53,52,8
2010-08-17,116.54657822276297,79.23522966289036,2010-06-30,2010-06-30,2010-12-31,86.92000000000002,85.28000000000002,13.120000000000001,53,52,8
2010-08-18,117.38522841150781,79.37985847448212,2010-06-30,2010-06-30,2010-12-31,86.92000000000002,85.28000000000002,13.120000000000001,53,52,8
2010-08-19,114.9352996548792,77.99889277545563,2010-06-30,2010-06-30,2010-12-31,86.92000000000002,85.28000000000002,13.120000000000001,53,52,8
2010-08-20,114.44195229138691,77.74584024550502,2010-06-30,2010-06-30,2010-12-31,86.92000000000002,85.28000000000002,13.120000000000001,53,52,8
2010-08-23,113.0427247779565,77.44939907207687,2010-06-30,2010-06-30,2010-12-31,86.92000000000002,85.28000000000002,13.120000000000001,53,52,8
2010-08-24,111.50115393997889,76.29983947159721,2010-06-30,2010-06-30,2010-12-31,86.92000000000002,85.28000000000002,13.120000000000001,53,52,8
2010-08-25,113.1682392378593,76.59628064502535,2010-06-30,2010-06-30,2010-12-31,86.92000000000002,85.28000000000002,13.120000000000001,53,52,8
2010-08-26,112.4811351635553,76.08289625420956,2010-06-30,2010-06-30,2010-12-31,86.92000000000002,85.28000000000002,13.120000000000001,53,52,8
2010-08-27,115.01588499549608,77.26147739767752,2010-06-30,2010-06-30,2010-12-31,86.92000000000002,85.28000000000002,13.120000000000001,53,52,8
2010-08-30,112.76502273735768,76.14074777884628,2010-06-30,2010-06-30,2010-12-31,86.92000000000002,85.28000000000002,13.120000000000001,53,52,8
2010-08-31,112.37462925545374,76.14074777884628,2010-06-30,2010-06-30,2010-12-31,86.92000000000002,85.28000000000002,13.120000000000001,53,52,8
2010-09-01,117.10197301657267,78.4182205484018,2010-06-30,2010-06-30,2010-12-31,86.92000000000002,85.28000000000002,13.120000000000001,53,52,8
2010-09-02,121.32259369755981,79.14854815660523,2010-06-30,2010-06-30,2010-12-31,86.92000000000002,85.28000000000002,13.120000000000001,53,52,8
2010-09-03,123.18461899530375,80.17522115756687,2010-06-30,2010-06-30,2010-12-31,86.92000000000002,85.28000000000002,13.120000000000001,53,52,8
2010-09-07,120.96731434819638,79.27143475612326,2010-06-30,2010-06-30,2010-12-31,86.92000000000002,85.28000000000002,13.120000000000001,53,52,8
2010-09-08,121.87427636458769,79.82811200974665,2010-06-30,2010-06-30,2010-12-31,86.92000000000002,85.28000000000002,13.120000000000001,53,52,8
2010-09-09,122.22251292147769,80.19686758897066,2010-06-30,2010-06-30,2010-12-31,86.92000000000002,85.28000000000002,13.120000000000001,53,52,8
2010-09-10,123.08228687700544,80.60173248075768,2010-06-30,2010-06-30,2010-12-31,86.92000000000002,85.28000000000002,13.120000000000001,53,52,8
2010-09-13,125.64587925330007,81.49833533195665,2010-06-30,2010-06-30,2010-12-31,86.92000000000002,85.28000000000002,13.120000000000001,53,52,8
2010-09-14,125.36214813259164,81.44766735756457,2010-06-30,2010-06-30,2010-12-31,86.92000000000002,85.28000000000002,13.120000000000001,53,52,8
2010-09-15,125.73731489477694,81.7585714121519,2010-06-30,2010-06-30,2010-12-31,86.92000000000002,85.28000000000002,13.120000000000001,53,52,8
2010-09-16,124.84806555257272,81.73692498074809,2010-06-30,2010-06-30,2010-12-31,86.92000000000002,85.28000000000002,13.120000000000001,53,52,8
2010-09-17,125.06147854876244,81.76757479512516,2010-06-30,2010-06-30,2010-12-31,86.92000000000002,85.28000000000002,13.120000000000001,53,52,8
2010-09-20,127.64438816120571,83.01779987969948,2010-06-30,2010-06-30,2010-12-31,86.92000000000002,85.28000000000002,13.120000000000001,53,52,8
2010-09-21,127.04351340067642,82.85056683000464,2010-06-30,2010-06-30,2010-12-31,86.92000000000002,85.28000000000002,13.120000000000001,53,52,8
2010-09-22,125.8024883434952,82.44349898280929,2010-06-30,2010-06-30,2010-12-31,86.92000000000002,85.28000000000002,13.120000000000001,53,52,8
2010-09-23,124.74521327150973,81.77475834536978,2010-06-30,2010-06-30,2010-12-31,86.92000000000002,85.28000000000002,13.120000000000001,53,52,8
2010-09-24,128.2288836355649,83.46116860079766,2010-06-30,2010-06-30,2010-12-31,86.92000000000002,85.28000000000002,13.120000000000001,53,52,8
2010-09-27,127.94870723785125,83.06138008451687,2010-06-30,2010-06-30,2010-12-31,86.92000000000002,85.28000000000002,13.120000000000001,53,52,8
2010-09-28,129.19744289209697,83.35217019841924,2010-06-30,2010-06-30,2010-12-31,86.92000000000002,85.28000000000002,13.120000000000001,53,52,8
2010-09-29,129.0796330135593,83.20677514146806,2010-06-30,2010-06-30,2010-12-31,86.92000000000002,85.28000000000002,13.120000000000001,53,52,8
2010-09-30,128.66651188532398,82.959661013053,2010-06-30,2010-06-30,2010-12-31,86.92000000000002,85.28000000000002,13.120000000000001,53,52,8
2010-10-01,129.15714365349635,83.30849421293193,2010-06-30,2010-06-30,2010-12-31,86.92000000000002,85.28000000000002,13.120000000000001,53,52,8
2010-10-04,128.4499805962889,82.68342956097973,2010-06-30,2010-06-30,2010-12-31,86.92000000000002,85.28000000000002,13.120000000000001,53,52,8
2010-10-05,131.42315894900054,84.34800182366395,2010-06-30,2010-06-30,2010-12-31,86.92000000000002,85.28000000000002,13.120000000000001,53,52,8
2010-10-06,131.24028832916116,84.3407224927494,2010-06-30,2010-06-30,2010-12-31,86.92000000000002,85.28000000000002,13.120000000000001,53,52,8
2010-10-07,131.020179201797,84.23890764061561,2010-06-30,2010-06-30,2010-12-31,86.92000000000002,85.28000000000002,13.120000000000001,53,52,8
2010-10-08,132.70305818660623,84.71139368537199,2010-06-30,2010-06-30,2010-12-31,86.92000000000002,85.28000000000002,13.120000000000001,53,52,8
2010-10-11,132.98833916706928,84.79137054476215,2010-06-30,2010-06-30,2010-12-31,86.92000000000002,85.28000000000002,13.120000000000001,53,52,8
2010-10-12,133.5042820139641,85.05304333500632,2010-06-30,2010-06-30,2010-12-31,86.92000000000002,85.28000000000002,13.120000000000001,53,52,8
2010-10-13,134.4867082426142,85.71450464153126,2010-06-30,2010-06-30,2010-12-31,86.92000000000002,85.28000000000002,13.120000000000001,53,52,8
2010-10-14,134.5657307661994,85.38013432281151,2010-06-30,2010-06-30,2010-12-31,86.92000000000002,85.28000000000002,13.120000000000001,53,52,8
2010-10-15,134.8098346882424,85.5546467034209,2010-06-30,2010-06-30,2010-12-31,86.92000000000002,85.28000000000002,13.120000000000001,53,52,8
2010-10-18,135.17178842126793,85.97617743177544,2010-06-30,2010-06-30,2010-12-31,86.92000000000002,85.28000000000002,13.120000000000001,53,52,8
2010-10-19,132.7274010365779,84.84950941140863,2010-06-30,2010-06-30,2010-12-31,86.92000000000002,85.28000000000002,13.120000000000001,53,52,8
2010-10-20,133.90137999058737,85.67820376762843,2010-06-30,2010-06-30,2010-12-31,86.92000000000002,85.28000000000002,13.120000000000001,53,52,8
2010-10-21,133.9154236969158,85.86717902939701,2010-06-30,2010-06-30,2010-12-31,86.92000000000002,85.28000000000002,13.120000000000001,53,52,8
2010-10-22,135.70775336835956,86.02713274817731,2010-06-30,2010-06-30,2010-12-31,86.92000000000002,85.28000000000002,13.120000000000001,53,52,8
2010-10-25,136.0397048787236,86.28152620750691,2010-06-30,2010-06-30,2010-12-31,86.92000000000002,85.28000000000002,13.120000000000001,53,52,8
2010-10-26,136.14662995423654,86.29608486933603,2010-06-30,2010-06-30,2010-12-31,86.92000000000002,85.28000000000002,13.120000000000001,53,52,8
2010-10-27,134.1727839891636,86.04887496025103,2010-06-30,2010-06-30,2010-12-31,86.92000000000002,85.28000000000002,13.120000000000001,53,52,8
2010-10-28,133.7624024110053,86.06343362208013,2010-06-30,2010-06-30,2010-12-31,86.92000000000002,85.28000000000002,13.120000000000001,53,52,8
2010-10-29,133.7793929101769,86.12885181964117,2010-06-30,2010-06-30,2010-12-31,86.92000000000002,85.28000000000002,13.120000000000001,53,52,8
2010-11-01,133.33961875197178,86.15796914329938,2010-06-30,2010-06-30,2010-12-31,86.92000000000002,85.28000000000002,13.120000000000001,53,52,8
2010-11-02,135.97066842333973,86.84117266189809,2010-06-30,2010-06-30,2010-12-31,86.92000000000002,85.28000000000002,13.120000000000001,53,52,8
2010-11-03,136.19577172658634,87.19010164244693,2010-06-30,2010-06-30,2010-12-31,86.92000000000002,85.28000000000002,13.120000000000001,53,52,8
2010-11-04,138.72231712016162,88.86923256696026,2010-06-30,2010-06-30,2010-12-31,86.92000000000002,85.28000000000002,13.120000000000001,53,52,8
2010-11-05,139.36621468464045,89.20360288568003,2010-06-30,2010-06-30,2010-12-31,86.92000000000002,85.28000000000002,13.120000000000001,53,52,8
2010-11-08,139.35242777844596,89.03636983598518,2010-06-30,2010-06-30,2010-12-31,86.92000000000002,85.28000000000002,13.120000000000001,53,52,8
2010-11-09,137.3088551540438,88.39674652220388,2010-06-30,2010-06-30,2010-12-31,86.92000000000002,85.28000000000002,13.120000000000001,53,52,8
2010-11-10,138.3685829783966,88.7529548336673,2010-06-30,2010-06-30,2010-12-31,86.92000000000002,85.28000000000002,13.120000000000001,53,52,8
2010-11-11,138.63565780853378,88.41858451494753,2010-06-30,2010-06-30,2010-12-31,86.92000000000002,85.28000000000002,13.120000000000001,53,52,8
2010-11-12,136.60426687443945,87.37179757330095,2010-06-30,2010-06-30,2010-12-31,86.92000000000002,85.28000000000002,13.120000000000001,53,52,8
2010-11-15,136.75306133532973,87.24824050909342,2010-06-30,2010-06-30,2010-12-31,86.92000000000002,85.28000000000002,13.120000000000001,53,52,8
2010-11-16,134.06154858350254,85.88901702214066,2010-06-30,2010-06-30,2010-12-31,86.92000000000002,85.28000000000002,13.120000000000001,53,52,8
2010-11-17,134.98924868899906,85.93259722695805,2010-06-30,2010-06-30,2010-12-31,86.92000000000002,85.28000000000002,13.120000000000001,53,52,8
2010-11-18,136.61549857957547,87.19738097336148,2010-06-30,2010-06-30,2010-12-31,86.92000000000002,85.28000000000002,13.120000000000001,53,52,8
2010-11-19,137.40903480976147,87.437215770862,2010-06-30,2010-06-30,2010-12-31,86.92000000000002,85.28000000000002,13.120000000000001,53,52,8
2010-11-22,137.78491242270906,87.3645182423864,2010-06-30,2010-06-30,2010-12-31,86.92000000000002,85.28000000000002,13.120000000000001,53,52,8
2010-11-23,136.15197007983093,86.09973449598296,2010-06-30,2010-06-30,2010-12-31,86.92000000000002,85.28000000000002,13.120000000000001,53,52,8
2010-11-24,139.12877197337528,87.37179757330095,2010-06-30,2010-06-30,2010-12-31,86.92000000000002,85.28000000000002,13.120000000000001,53,52,8
2010-11-26,138.72978025989497,86.3542237359825,2010-06-30,2010-06-30,2010-12-31,86.92000000000002,85.28000000000002,13.120000000000001,53,52,8
2010-11-29,139.05876181236928,86.61589652622666,2010-06-30,2010-06-30,2010-12-31,86.92000000000002,85.28000000000002,13.120000000000001,53,52,8
2010-11-30,138.14621212217017,86.12885181964117,2010-06-30,2010-06-30,2010-12-31,86.92000000000002,85.28000000000002,13.120000000000001,53,52,8
2010-12-01,140.8333154714168,87.96065713202024,2010-06-30,2010-06-30,2010-12-31,86.92000000000002,85.28000000000002,13.120000000000001,53,52,8
2010-12-02,143.11058668195935,89.08732515238704,2010-06-30,2010-06-30,2010-12-31,86.92000000000002,85.28000000000002,13.120000000000001,53,52,8
2010-12-03,143.9118735691663,89.32715994988757,2010-06-30,2010-06-30,2010-12-31,86.92000000000002,85.28000000000002,13.120000000000001,53,52,8
2010-12-06,144.43637695004247,89.2326244286683,2010-06-30,2010-06-30,2010-12-31,86.92000000000002,85.28000000000002,13.120000000000001,53,52,8
2010-12-07,145.43443380557537,89.28357974507017,2010-06-30,2010-06-30,2010-12-31,86.92000000000002,85.28000000000002,13.120000000000001,53,52,8
2010-12-08,144.7913462781431,89.61067073287538,2010-06-30,2010-06-30,2010-12-31,86.92000000000002,85.28000000000002,13.120000000000001,53,52,8
2010-12-09,145.14897655979516,89.95950393275432,2010-06-30,2010-06-30,2010-12-31,86.92000000000002,85.28000000000002,13.120000000000001,53,52,8
2010-12-10,146.37202912780575,90.48294529391258,2010-06-30,2010-06-30,2010-12-31,86.92000000000002,85.28000000000002,13.120000000000001,53,52,8
2010-12-13,144.84549957724707,90.54108416055907,2010-06-30,2010-06-30,2010-12-31,86.92000000000002,85.28000000000002,13.120000000000001,53,52,8
2010-12-14,144.62582164747187,90.62106101994921,2010-06-30,2010-06-30,2010-12-31,86.92000000000002,85.28000000000002,13.120000000000001,53,52,8
2010-12-15,144.0405651632417,90.20671384183929,2010-06-30,2010-06-30,2010-12-31,86.92000000000002,85.28000000000002,13.120000000000001,53,52,8
2010-12-16,146.03670580150452,90.73005942232763,2010-06-30,2010-06-30,2010-12-31,86.92000000000002,85.28000000000002,13.120000000000001,53,52,8
2010-12-17,146.83295321049798,90.827085240965,2010-06-30,2010-06-30,2010-12-31,86.92000000000002,85.28000000000002,13.120000000000001,53,52,8
2010-12-20,146.96821333085103,91.046231413761,2010-06-30,2010-06-30,2010-12-31,86.92000000000002,85.28000000000002,13.120000000000001,53,52,8
2010-12-21,148.272195529064,91.62350151141898,2010-06-30,2010-06-30,2010-12-31,86.92000000000002,85.28000000000002,13.120000000000001,53,52,8
2010-12-22,147.892074937954,91.90854478512566,2010-06-30,2010-06-30,2010-12-31,86.92000000000002,85.28000000000002,13.120000000000001,53,52,8
2010-12-23,147.7325576947601,91.77694214464415,2010-06-30,2010-06-30,2010-12-31,86.92000000000002,85.28000000000002,13.120000000000001,53,52,8
2010-12-27,147.49312676489404,91.81353036055675,2010-06-30,2010-06-30,2010-12-31,86.92000000000002,85.28000000000002,13.120000000000001,53,52,8
2010-12-28,146.32719639426602,91.94503722036835,2010-06-30,2010-06-30,2010-12-31,86.92000000000002,85.28000000000002,13.120000000000001,53,52,8
2010-12-29,146.63922963497765,92.01083854060909,2010-06-30,2010-06-30,2010-12-31,86.92000000000002,85.28000000000002,13.120000000000001,53,52,8
2010-12-30,146.46840894513525,91.86467723829848,2010-06-30,2010-06-30,2010-12-31,86.92000000000002,85.28000000000002,13.120000000000001,53,52,8
2010-12-31,145.56738332242193,91.88661101171206,2010-06-30,2010-06-30,2010-12-31,86.92000000000002,85.28000000000002,13.120000000000001,53,52,8
2011-01-03,147.61160607475585,92.8364679153912,2010-12-31,2010-12-31,2011-06-30,87.87999999999994,87.87999999999994,11.829999999999998,52,52,7
2011-01-04,145.6992661591494,92.78532103764947,2010-12-31,2010-12-31,2011-06-30,87.87999999999994,87.87999999999994,11.829999999999998,52,52,7
2011-01-05,147.41877551106782,93.26767249140848,2010-12-31,2010-12-31,2011-06-30,87.87999999999994,87.87999999999994,11.829999999999998,52,52,7
2011-01-06,147.2640169925159,93.08492297318526,2010-12-31,2010-12-31,2011-06-30,87.87999999999994,87.87999999999994,11.829999999999998,52,52,7
2011-01-07,147.3873063841213,92.90226923563193,2010-12-31,2010-12-31,2011-06-30,87.87999999999994,87.87999999999994,11.829999999999998,52,52,7
2011-01-10,147.32302420426032,92.78532103764947,2010-12-31,2010-12-31,2011-06-30,87.87999999999994,87.87999999999994,11.829999999999998,52,52,7
2011-01-11,147.7454408704374,93.11413607751338,2010-12-31,2010-12-31,2011-06-30,87.87999999999994,87.87999999999994,11.829999999999998,52,52,7
2011-01-12,148.4284899758865,93.95451567546445,2010-12-31,2010-12-31,2011-06-30,87.87999999999994,87.87999999999994,11.829999999999998,52,52,7
2011-01-13,148.44253620498006,93.80107504223928,2010-12-31,2010-12-31,2011-06-30,87.87999999999994,87.87999999999994,11.829999999999998,52,52,7
2011-01-14,149.25401129321526,94.4806388953807,2010-12-31,2010-12-31,2011-06-30,87.87999999999994,87.87999999999994,11.829999999999998,52,52,7
2011-01-18,148.5321266863734,94.64135885952042,2010-12-31,2010-12-31,2011-06-30,87.87999999999994,87.87999999999994,11.829999999999998,52,52,7
2011-01-19,145.96691495543413,93.71333994858495,2010-12-31,2010-12-31,2011-06-30,87.87999999999994,87.87999999999994,11.829999999999998,52,52,7
2011-01-20,145.85230355509285,93.58911241968791,2010-12-31,2010-12-31,2011-06-30,87.87999999999994,87.87999999999994,11.829999999999998,52,52,7
2011-01-21,145.51717976384163,93.80107504223928,2010-12-31,2010-12-31,2011-06-30,87.87999999999994,87.87999999999994,11.829999999999998,52,52,7
2011-01-24,145.58482617716075,94.33447759307008,2010-12-31,2010-12-31,2011-06-30,87.87999999999994,87.87999999999994,11.829999999999998,52,52,7
2011-01-25,146.25568963783604,94.3856244708118,2010-12-31,2010-12-31,2011-06-30,87.87999999999994,87.87999999999994,11.829999999999998,52,52,7
2011-01-26,147.04483590311193,94.75093194591841,2010-12-31,2010-12-31,2011-06-30,87.87999999999994,87.87999999999994,11.829999999999998,52,52,7
2011-01-27,147.68617377874654,94.98482834188337,2010-12-31,2010-12-31,2011-06-30,87.87999999999994,87.87999999999994,11.829999999999998,52,52,7
2011-01-28,143.7553591657046,93.32609870006475,2010-12-31,2010-12-31,2011-06-30,87.87999999999994,87.87999999999994,11.829999999999998,52,52,7
2011-01-31,144.34848898508147,94.02759632661976,2010-12-31,2010-12-31,2011-06-30,87.87999999999994,87.87999999999994,11.829999999999998,52,52,7
2011-02-01,147.24352335423768,95.53278955454327,2010-12-31,2010-12-31,2011-06-30,87.87999999999994,87.87999999999994,11.829999999999998,52,52,7
2011-02-02,146.99865317286796,95.35013581698996,2010-12-31,2010-12-31,2011-06-30,87.87999999999994,87.87999999999994,11.829999999999998,52,52,7
2011-02-03,148.05556607191485,95.5620026588714,2010-12-31,2010-12-31,2011-06-30,87.87999999999994,87.87999999999994,11.829999999999998,52,52,7
2011-02-04,148.3305939050686,95.83239149007905,2010-12-31,2010-12-31,2011-06-30,87.87999999999994,87.87999999999994,11.829999999999998,52,52,7
2011-02-07,149.03414157829351,96.43159536115058,2010-12-31,2010-12-31,2011-06-30,87.87999999999994,87.87999999999994,11.829999999999998,52,52,7
2011-02-08,150.0178920980668,96.8699834874125,2010-12-31,2010-12-31,2011-06-30,87.87999999999994,87.87999999999994,11.829999999999998,52,52,7
2011-02-09,150.1519388769477,96.65083731461652,2010-12-31,2010-12-31,2011-06-30,87.87999999999994,87.87999999999994,11.829999999999998,52,52,7
2011-02-10,150.20276187648997,96.6873297498592,2010-12-31,2010-12-31,2011-06-30,87.87999999999994,87.87999999999994,11.829999999999998,52,52,7
2011-02-11,151.5283733944634,97.26459984751719,2010-12-31,2010-12-31,2011-06-30,87.87999999999994,87.87999999999994,11.829999999999998,52,52,7
2011-02-14,151.9286619879637,97.49840046281221,2010-12-31,2010-12-31,2011-06-30,87.87999999999994,87.87999999999994,11.829999999999998,52,52,7
2011-02-15,151.60876449859643,97.19151919636188,2010-12-31,2010-12-31,2011-06-30,87.87999999999994,87.87999999999994,11.829999999999998,52,52,7
2011-02-16,153.55006499866818,97.80528172926253,2010-12-31,2010-12-31,2011-06-30,87.87999999999994,87.87999999999994,11.829999999999998,52,52,7
2011-02-17,154.4289856679139,98.09760433388377,2010-12-31,2010-12-31,2011-06-30,87.87999999999994,87.87999999999994,11.829999999999998,52,52,7
2011-02-18,154.6707530622682,98.30219184485064,2010-12-31,2010-12-31,2011-06-30,87.87999999999994,87.87999999999994,11.829999999999998,52,52,7
2011-02-22,150.82165057039703,96.32930160566715,2010-12-31,2010-12-31,2011-06-30,87.87999999999994,87.87999999999994,11.829999999999998,52,52,7
2011-02-23,148.32805783905977,95.73737706551016,2010-12-31,2010-12-31,2011-06-30,87.87999999999994,87.87999999999994,11.829999999999998,52,52,7
2011-02-24,148.55536149129202,95.67167152593933,2010-12-31,2010-12-31,2011-06-30,87.87999999999994,87.87999999999994,11.829999999999998,52,52,7
2011-02-25,151.00444830355758,96.69460908077376,2010-12-31,2010-12-31,2011-06-30,87.87999999999994,87.87999999999994,11.829999999999998,52,52,7
2011-02-28,150.79055083899624,97.29381295184533,2010-12-31,2010-12-31,2011-06-30,87.87999999999994,87.87999999999994,11.829999999999998,52,52,7
2011-03-01,148.02680550127175,95.67167152593933,2010-12-31,2010-12-31,2011-06-30,87.87999999999994,87.87999999999994,11.829999999999998,52,52,7
2011-03-02,148.35065603009187,95.87625903690622,2010-12-31,2010-12-31,2011-06-30,87.87999999999994,87.87999999999994,11.829999999999998,52,52,7
2011-03-03,150.76916444427079,97.52761356714034,2010-12-31,2010-12-31,2011-06-30,87.87999999999994,87.87999999999994,11.829999999999998,52,52,7
2011-03-04,150.31137609694403,96.79690283625722,2010-12-31,2010-12-31,2011-06-30,87.87999999999994,87.87999999999994,11.829999999999998,52,52,7
2011-03-07,148.54439130755424,96.03697900104594,2010-12-31,2010-12-31,2011-06-30,87.87999999999994,87.87999999999994,11.829999999999998,52,52,7
2011-03-08,151.1092713938899,96.87735859899699,2010-12-31,2010-12-31,2011-06-30,87.87999999999994,87.87999999999994,11.829999999999998,52,52,7
2011-03-09,151.6136372075748,96.73847662760093,2010-12-31,2010-12-31,2011-06-30,87.87999999999994,87.87999999999994,11.829999999999998,52,52,7
2011-03-10,149.8026441479525,94.94824012597074,2010-12-31,2010-12-31,2011-06-30,87.87999999999994,87.87999999999994,11.829999999999998,52,52,7
2011-03-11,149.91959585931886,95.60587020569858,2010-12-31,2010-12-31,2011-06-30,87.87999999999994,87.87999999999994,11.829999999999998,52,52,7
2011-03-14,148.43901440816884,95.02860010804059,2010-12-31,2010-12-31,2011-06-30,87.87999999999994,87.87999999999994,11.829999999999998,52,52,7
2011-03-15,147.24037665107858,93.93986123296541,2010-12-31,2010-12-31,2011-06-30,87.87999999999994,87.87999999999994,11.829999999999998,52,52,7
2011-03-16,145.27406050724323,92.20077160907695,2010-12-31,2010-12-31,2011-06-30,87.87999999999994,87.87999999999994,11.829999999999998,52,52,7
2011-03-17,146.06677569087884,93.42111312463365,2010-12-31,2010-12-31,2011-06-30,87.87999999999994,87.87999999999994,11.829999999999998,52,52,7
2011-03-18,147.50981134140594,93.76113450287916,2010-12-31,2010-12-31,2011-06-30,87.87999999999994,87.87999999999994,11.829999999999998,52,52,7
2011-03-21,149.7850096444615,95.2142230463617,2010-12-31,2010-12-31,2011-06-30,87.87999999999994,87.87999999999994,11.829999999999998,52,52,7
2011-03-22,148.6360684953416,94.88397129644885,2010-12-31,2010-12-31,2011-06-30,87.87999999999994,87.87999999999994,11.829999999999998,52,52,7
2011-03-23,149.38542778668418,95.15550949569563,2010-12-31,2010-12-31,2011-06-30,87.87999999999994,87.87999999999994,11.829999999999998,52,52,7
2011-03-24,150.98555727117764,96.06552164068457,2010-12-31,2010-12-31,2011-06-30,87.87999999999994,87.87999999999994,11.829999999999998,52,52,7
2011-03-25,152.14427587959221,96.35908939401486,2010-12-31,2010-12-31,2011-06-30,87.87999999999994,87.87999999999994,11.829999999999998,52,52,7
2011-03-28,151.10376753330576,96.12423519135062,2010-12-31,2010-12-31,2011-06-30,87.87999999999994,87.87999999999994,11.829999999999998,52,52,7
2011-03-29,152.33983764642352,96.76998846800734,2010-12-31,2010-12-31,2011-06-30,87.87999999999994,87.87999999999994,11.829999999999998,52,52,7
2011-03-30,154.00157253631687,97.4378670794175,2010-12-31,2010-12-31,2011-06-30,87.87999999999994,87.87999999999994,11.829999999999998,52,52,7
2011-03-31,154.46759601029368,97.30578553558635,2010-12-31,2010-12-31,2011-06-30,87.87999999999994,87.87999999999994,11.829999999999998,52,52,7
2011-04-01,154.15552187785184,97.71678039024877,2010-12-31,2010-12-31,2011-06-30,87.87999999999994,87.87999999999994,11.829999999999998,52,52,7
2011-04-04,154.3640912769786,97.7974277143284,2010-12-31,2010-12-31,2011-06-30,87.87999999999994,87.87999999999994,11.829999999999998,52,52,7
2011-04-05,155.3000187962536,97.78277327182938,2010-12-31,2010-12-31,2011-06-30,87.87999999999994,87.87999999999994,11.829999999999998,52,52,7
2011-04-06,155.79360524969195,98.0909954676587,2010-12-31,2010-12-31,2011-06-30,87.87999999999994,87.87999999999994,11.829999999999998,52,52,7
2011-04-07,154.42828214946573,97.84148682249544,2010-12-31,2010-12-31,2011-06-30,87.87999999999994,87.87999999999994,11.829999999999998,52,52,7
2011-04-08,152.23180625819208,97.50395574166805,2010-12-31,2010-12-31,2011-06-30,87.87999999999994,87.87999999999994,11.829999999999998,52,52,7
2011-04-11,151.20462741607665,97.21038798833776,2010-12-31,2010-12-31,2011-06-30,87.87999999999994,87.87999999999994,11.829999999999998,52,52,7
2011-04-12,150.83614895839358,96.48379582626153,2010-12-31,2010-12-31,2011-06-30,87.87999999999994,87.87999999999994,11.829999999999998,52,52,7
2011-04-13,151.4098686180572,96.47651649534698,2010-12-31,2010-12-31,2011-06-30,87.87999999999994,87.87999999999994,11.829999999999998,52,52,7
2011-04-14,152.03986161153372,96.54988448851208,2010-12-31,2010-12-31,2011-06-30,87.87999999999994,87.87999999999994,11.829999999999998,52,52,7
2011-04-15,153.35020847304642,96.90216579250843,2010-12-31,2010-12-31,2011-06-30,87.87999999999994,87.87999999999994,11.829999999999998,52,52,7
2011-04-18,152.16523409767967,95.8160129955213,2010-12-31,2010-12-31,2011-06-30,87.87999999999994,87.87999999999994,11.829999999999998,52,52,7
2011-04-19,152.20740889099983,96.36636872492942,2010-12-31,2010-12-31,2011-06-30,87.87999999999994,87.87999999999994,11.829999999999998,52,52,7
2011-04-20,155.1455997579575,97.6800006129963,2010-12-31,2010-12-31,2011-06-30,87.87999999999994,87.87999999999994,11.829999999999998,52,52,7
2011-04-21,155.39413188871643,98.17911368399275,2010-12-31,2010-12-31,2011-06-30,87.87999999999994,87.87999999999994,11.829999999999998,52,52,7
2011-04-25,155.2291148404952,98.07634102515968,2010-12-31,2010-12-31,2011-06-30,87.87999999999994,87.87999999999994,11.829999999999998,52,52,7
2011-04-26,155.2590398812351,98.92026450789808,2010-12-31,2010-12-31,2011-06-30,87.87999999999994,87.87999999999994,11.829999999999998,52,52,7
2011-04-27,155.27083187302748,99.56611356522474,2010-12-31,2010-12-31,2011-06-30,87.87999999999994,87.87999999999994,11.829999999999998,52,52,7
2011-04-28,155.81649741490227,99.88899020355308,2010-12-31,2010-12-31,2011-06-30,87.87999999999994,87.87999999999994,11.829999999999998,52,52,7
2011-04-29,156.1555254511356,100.12384440621732,2010-12-31,2010-12-31,2011-06-30,87.87999999999994,87.87999999999994,11.829999999999998,52,52,7
2011-05-02,155.18970625427283,99.96973330830265,2010-12-31,2010-12-31,2011-06-30,87.87999999999994,87.87999999999994,11.829999999999998,52,52,7
2011-05-03,154.5326220439164,99.61017267339174,2010-12-31,2010-12-31,2011-06-30,87.87999999999994,87.87999999999994,11.829999999999998,52,52,7
2011-05-04,154.40512619501425,98.94966917356606,2010-12-31,2010-12-31,2011-06-30,87.87999999999994,87.87999999999994,11.829999999999998,52,52,7
2011-05-05,155.3956574439635,98.05431147107616,2010-12-31,2010-12-31,2011-06-30,87.87999999999994,87.87999999999994,11.829999999999998,52,52,7
2011-05-06,156.2843161939665,98.4873358798221,2010-12-31,2010-12-31,2011-06-30,87.87999999999994,87.87999999999994,11.829999999999998,52,52,7
2011-05-09,156.25569887532623,98.86892606881649,2010-12-31,2010-12-31,2011-06-30,87.87999999999994,87.87999999999994,11.829999999999998,52,52,7
2011-05-10,159.39900243729844,99.71294533222485,2010-12-31,2010-12-31,2011-06-30,87.87999999999994,87.87999999999994,11.829999999999998,52,52,7
2011-05-11,158.25476644940656,98.66347653182027,2010-12-31,2010-12-31,2011-06-30,87.87999999999994,87.87999999999994,11.829999999999998,52,52,7
2011-05-12,159.63853060133195,99.1330891564788,2010-12-31,2010-12-31,2011-06-30,87.87999999999994,87.87999999999994,11.829999999999998,52,52,7
2011-05-13,158.19748284624345,98.36990877848997,2010-12-31,2010-12-31,2011-06-30,87.87999999999994,87.87999999999994,11.829999999999998,52,52,7
2011-05-16,155.65934472141095,97.74608927524685,2010-12-31,2010-12-31,2011-06-30,87.87999999999994,87.87999999999994,11.829999999999998,52,52,7
2011-05-17,155.7104922953419,97.7314348327478,2010-12-31,2010-12-31,2011-06-30,87.87999999999994,87.87999999999994,11.829999999999998,52,52,7
2011-05-18,157.6606467310885,98.6047629811542,2010-12-31,2010-12-31,2011-06-30,87.87999999999994,87.87999999999994,11.829999999999998,52,52,7
2011-05-19,158.73854505463572,98.83961718381843,2010-12-31,2010-12-31,2011-06-30,87.87999999999994,87.87999999999994,11.829999999999998,52,52,7
2011-05-20,158.62095280396792,98.05431147107616,2010-12-31,2010-12-31,2011-06-30,87.87999999999994,87.87999999999994,11.829999999999998,52,52,7
2011-05-23,157.7490695447767,96.91682023500746,2010-12-31,2010-12-31,2011-06-30,87.87999999999994,87.87999999999994,11.829999999999998,52,52,7
2011-05-24,157.38370411443333,96.83607713025789,2010-12-31,2010-12-31,2011-06-30,87.87999999999994,87.87999999999994,11.829999999999998,52,52,7
2011-05-25,157.48796594226965,97.15895376858624,2010-12-31,2010-12-31,2011-06-30,87.87999999999994,87.87999999999994,11.829999999999998,52,52,7
2011-05-26,160.05036096996187,97.6066326198312,2010-12-31,2010-12-31,2011-06-30,87.87999999999994,87.87999999999994,11.829999999999998,52,52,7
2011-05-27,160.75625965085698,97.98094347791107,2010-12-31,2010-12-31,2011-06-30,87.87999999999994,87.87999999999994,11.829999999999998,52,52,7
2011-05-31,161.4477568403346,99.00100761264765,2010-12-31,2010-12-31,2011-06-30,87.87999999999994,87.87999999999994,11.829999999999998,52,52,7
2011-06-01,157.76458891832604,96.77736357959182,2010-12-31,2010-12-31,2011-06-30,87.87999999999994,87.87999999999994,11.829999999999998,52,52,7
2011-06-02,156.4916572611191,96.67459092075875,2010-12-31,2010-12-31,2011-06-30,87.87999999999994,87.87999999999994,11.829999999999998,52,52,7
2011-06-03,154.54793772617705,95.71324033668822,2010-12-31,2010-12-31,2011-06-30,87.87999999999994,87.87999999999994,11.829999999999998,52,52,7
2011-06-06,152.5161560636708,94.70045553286619,2010-12-31,2010-12-31,2011-06-30,87.87999999999994,87.87999999999994,11.829999999999998,52,52,7
2011-06-07,152.50666697403292,94.64174198220013,2010-12-31,2010-12-31,2011-06-30,87.87999999999994,87.87999999999994,11.829999999999998,52,52,7
2011-06-08,150.67479244853055,94.24549735070667,2010-12-31,2010-12-31,2011-06-30,87.87999999999994,87.87999999999994,11.829999999999998,52,52,7
2011-06-09,151.75038195315705,94.9647144011984,2010-12-31,2010-12-31,2011-06-30,87.87999999999994,87.87999999999994,11.829999999999998,52,52,7
2011-06-10,149.72991839353347,93.64370740154706,2010-12-31,2010-12-31,2011-06-30,87.87999999999994,87.87999999999994,11.829999999999998,52,52,7
2011-06-13,149.81624215369746,93.71707539471214,2010-12-31,2010-12-31,2011-06-30,87.87999999999994,87.87999999999994,11.829999999999998,52,52,7
2011-06-14,153.68126753137932,94.90600085053235,2010-12-31,2010-12-31,2011-06-30,87.87999999999994,87.87999999999994,11.829999999999998,52,52,7
2011-06-15,151.6703070735275,93.21805810438562,2010-12-31,2010-12-31,2011-06-30,87.87999999999994,87.87999999999994,11.829999999999998,52,52,7
2011-06-16,152.279163460767,93.42350764138186,2010-12-31,2010-12-31,2011-06-30,87.87999999999994,87.87999999999994,11.829999999999998,52,52,7
2011-06-17,152.8223404352248,93.7020378295334,2010-12-31,2010-12-31,2011-06-30,87.87999999999994,87.87999999999994,11.829999999999998,52,52,7
2011-06-20,154.02344569831067,94.18142008252462,2010-12-31,2010-12-31,2011-06-30,87.87999999999994,87.87999999999994,11.829999999999998,52,52,7
2011-06-21,156.8607272416441,95.47206460980871,2010-12-31,2010-12-31,2011-06-30,87.87999999999994,87.87999999999994,11.829999999999998,52,52,7
2011-06-22,155.26810115816917,94.89680590621924,2010-12-31,2010-12-31,2011-06-30,87.87999999999994,87.87999999999994,11.829999999999998,52,52,7
2011-06-23,156.315815318226,94.62392677759345,2010-12-31,2010-12-31,2011-06-30,87.87999999999994,87.87999999999994,11.829999999999998,52,52,7
2011-06-24,156.1189357860986,93.52503515150586,2010-12-31,2010-12-31,2011-06-30,87.87999999999994,87.87999999999994,11.829999999999998,52,52,7
2011-06-27,157.8064084291509,94.35842276055216,2010-12-31,2010-12-31,2011-06-30,87.87999999999994,87.87999999999994,11.829999999999998,52,52,7
2011-06-28,160.60459660992498,95.5900663951604,2010-12-31,2010-12-31,2011-06-30,87.87999999999994,87.87999999999994,11.829999999999998,52,52,7
2011-06-29,160.32761025785538,96.40870378103773,2010-12-31,2010-12-31,2011-06-30,87.87999999999994,87.87999999999994,11.829999999999998,52,52,7
2011-06-30,160.97767381887962,97.33059272909779,2010-12-31,2010-12-31,2011-06-30,87.87999999999994,87.87999999999994,11.829999999999998,52,52,7
2011-07-01,161.33440356298297,98.76873948807147,2011-06-30,2011-06-30,2011-12-30,88.51000000000006,86.84000000000006,11.69,53,52,7
2011-07-05,161.899527364531,98.6876132606422,2011-06-30,2011-06-30,2011-12-30,88.51000000000006,86.84000000000006,11.69,53,52,7
2011-07-06,161.95417507270338,98.80561504599387,2011-06-30,2011-06-30,2011-12-30,88.51000000000006,86.84000000000006,11.69,53,52,7
2011-07-07,163.71389662273452,99.8308513369066,2011-06-30,2011-06-30,2011-12-30,88.51000000000006,86.84000000000006,11.69,53,52,7
2011-07-08,162.56654187435143,99.12274484412654,2011-06-30,2011-06-30,2011-12-30,88.51000000000006,86.84000000000006,11.69,53,52,7
2011-07-11,159.57572721562042,97.33059272909779,2011-06-30,2011-06-30,2011-12-30,88.51000000000006,86.84000000000006,11.69,53,52,7
2011-07-12,159.11122949249327,96.91021136878241,2011-06-30,2011-06-30,2011-12-30,88.51000000000006,86.84000000000006,11.69,53,52,7
2011-07-13,160.9501098136867,97.23471627849955,2011-06-30,2011-06-30,2011-12-30,88.51000000000006,86.84000000000006,11.69,53,52,7
2011-07-14,158.71354861205347,96.56358112431182,2011-06-30,2011-06-30,2011-12-30,88.51000000000006,86.84000000000006,11.69,53,52,7
2011-07-15,159.06715980216,97.12408960473235,2011-06-30,2011-06-30,2011-12-30,88.51000000000006,86.84000000000006,11.69,53,52,7
2011-07-18,156.92952247029933,96.32757755360845,2011-06-30,2011-06-30,2011-12-30,88.51000000000006,86.84000000000006,11.69,53,52,7
2011-07-19,159.84558143764426,97.89110120951831,2011-06-30,2011-06-30,2011-12-30,88.51000000000006,86.84000000000006,11.69,53,52,7
2011-07-20,159.41429124424297,97.83210031684246,2011-06-30,2011-06-30,2011-12-30,88.51000000000006,86.84000000000006,11.69,53,52,7
2011-07-21,161.46809206063327,99.18912084838686,2011-06-30,2011-06-30,2011-12-30,88.51000000000006,86.84000000000006,11.69,53,52,7
2011-07-22,160.27645935091002,99.25549685264718,2011-06-30,2011-06-30,2011-12-30,88.51000000000006,86.84000000000006,11.69,53,52,7
2011-07-25,158.1501562785233,98.70236348381115,2011-06-30,2011-06-30,2011-12-30,88.51000000000006,86.84000000000006,11.69,53,52,7
2011-07-26,157.4366885162604,98.33360790458714,2011-06-30,2011-06-30,2011-12-30,88.51000000000006,86.84000000000006,11.69,53,52,7
2011-07-27,152.52074790004713,96.32020244202396,2011-06-30,2011-06-30,2011-12-30,88.51000000000006,86.84000000000006,11.69,53,52,7
2011-07-28,151.8737457823149,96.03994820181371,2011-06-30,2011-06-30,2011-12-30,88.51000000000006,86.84000000000006,11.69,53,52,7
2011-07-29,151.7974417729434,95.38356327079495,2011-06-30,2011-06-30,2011-12-30,88.51000000000006,86.84000000000006,11.69,53,52,7
2011-08-01,152.23759521431248,94.97793213364852,2011-06-30,2011-06-30,2011-12-30,88.51000000000006,86.84000000000006,11.69,53,52,7
2011-08-02,146.29601079853384,92.55152042235444,2011-06-30,2011-06-30,2011-12-30,88.51000000000006,86.84000000000006,11.69,53,52,7
2011-08-03,149.0945111992098,93.05302801009911,2011-06-30,2011-06-30,2011-12-30,88.51000000000006,86.84000000000006,11.69,53,52,7
2011-08-04,142.42769692620865,88.69424128300123,2011-06-30,2011-06-30,2011-12-30,88.51000000000006,86.84000000000006,11.69,53,52,7
2011-08-05,140.8113976482245,88.56148927448059,2011-06-30,2011-06-30,2011-12-30,88.51000000000006,86.84000000000006,11.69,53,52,7
2011-08-08,128.72089482983515,82.79405623474693,2011-06-30,2011-06-30,2011-12-30,88.51000000000006,86.84000000000006,11.69,53,52,7
2011-08-09,136.4465561113144,86.64396026251568,2011-06-30,2011-06-30,2011-12-30,88.51000000000006,86.84000000000006,11.69,53,52,7
2011-08-10,130.47772585001366,82.81618156950037,2011-06-30,2011-06-30,2011-12-30,88.51000000000006,86.84000000000006,11.69,53,52,7
2011-08-11,137.3641560421734,86.53333358874845,2011-06-30,2011-06-30,2011-12-30,88.51000000000006,86.84000000000006,11.69,53,52,7
2011-08-12,137.44801159141426,87.11596740392241,2011-06-30,2011-06-30,2011-12-30,88.51000000000006,86.84000000000006,11.69,53,52,7
2011-08-15,140.4294647459395,88.95974530004254,2011-06-30,2011-06-30,2011-12-30,88.51000000000006,86.84000000000006,11.69,53,52,7
2011-08-16,138.28846706315335,88.20010880684104,2011-06-30,2011-06-30,2011-12-30,88.51000000000006,86.84000000000006,11.69,53,52,7
2011-08-17,138.22498142055613,88.25910969951688,2011-06-30,2011-06-30,2011-12-30,88.51000000000006,86.84000000000006,11.69,53,52,7
2011-08-18,130.65794778226655,84.45345634125503,2011-06-30,2011-06-30,2011-12-30,88.51000000000006,86.84000000000006,11.69,53,52,7
2011-08-19,129.13446592472857,83.07431047495719,2011-06-30,2011-06-30,2011-12-30,88.51000000000006,86.84000000000006,11.69,53,52,7
2011-08-22,130.08329785154623,83.14068647921752,2011-06-30,2011-06-30,2011-12-30,88.51000000000006,86.84000000000006,11.69,53,52,7
2011-08-23,135.62045143218384,85.87694865772968,2011-06-30,2011-06-30,2011-12-30,88.51000000000006,86.84000000000006,11.69,53,52,7
2011-08-24,137.50249412377377,87.08646695758449,2011-06-30,2011-06-30,2011-12-30,88.51000000000006,86.84000000000006,11.69,53,52,7
2011-08-25,133.69350611451117,85.758946872378,2011-06-30,2011-06-30,2011-12-30,88.51000000000006,86.84000000000006,11.69,53,52,7
2011-08-26,136.69643568293333,87.0053407301552,2011-06-30,2011-06-30,2011-12-30,88.51000000000006,86.84000000000006,11.69,53,52,7
2011-08-29,142.3471607719138,89.50550355729409,2011-06-30,2011-06-30,2011-12-30,88.51000000000006,86.84000000000006,11.69,53,52,7
2011-08-30,142.7109903026256,89.74150712799747,2011-06-30,2011-06-30,2011-12-30,88.51000000000006,86.84000000000006,11.69,53,52,7
2011-08-31,142.66849045751576,90.13976315355941,2011-06-30,2011-06-30,2011-12-30,88.51000000000006,86.84000000000006,11.69,53,52,7
2011-09-01,140.29499991750635,89.1957488707459,2011-06-30,2011-06-30,2011-12-30,88.51000000000006,86.84000000000006,11.69,53,52,7
2011-09-02,135.9828587775975,86.91683939114144,2011-06-30,2011-06-30,2011-12-30,88.51000000000006,86.84000000000006,11.69,53,52,7
2011-09-06,135.74034508121895,86.28257979487613,2011-06-30,2011-06-30,2011-12-30,88.51000000000006,86.84000000000006,11.69,53,52,7
2011-09-07,139.70142820719678,88.71636661775467,2011-06-30,2011-06-30,2011-12-30,88.51000000000006,86.84000000000006,11.69,53,52,7
2011-09-08,137.04196917600007,87.79447766969463,2011-06-30,2011-06-30,2011-12-30,88.51000000000006,86.84000000000006,11.69,53,52,7
2011-09-09,133.3677613416092,85.49344285533672,2011-06-30,2011-06-30,2011-12-30,88.51000000000006,86.84000000000006,11.69,53,52,7
2011-09-12,134.28454112436043,86.04657622417275,2011-06-30,2011-06-30,2011-12-30,88.51000000000006,86.84000000000006,11.69,53,52,7
2011-09-13,136.17453673715522,86.83571316371216,2011-06-30,2011-06-30,2011-12-30,88.51000000000006,86.84000000000006,11.69,53,52,7
2011-09-14,138.83134175935592,88.03785635198247,2011-06-30,2011-06-30,2011-12-30,88.51000000000006,86.84000000000006,11.69,53,52,7
2011-09-15,140.60418850429627,89.55712933838545,2011-06-30,2011-06-30,2011-12-30,88.51000000000006,86.84000000000006,11.69,53,52,7
2011-09-16,140.469517635438,90.08717956576876,2011-06-30,2011-06-30,2011-12-30,88.51000000000006,86.84000000000006,11.69,53,52,7
2011-09-19,139.76163304742482,89.19019359189006,2011-06-30,2011-06-30,2011-12-30,88.51000000000006,86.84000000000006,11.69,53,52,7
2011-09-20,137.75981896297552,89.08636734568776,2011-06-30,2011-06-30,2011-12-30,88.51000000000006,86.84000000000006,11.69,53,52,7
2011-09-21,133.0690990224659,86.46207277032178,2011-06-30,2011-06-30,2011-12-30,88.51000000000006,86.84000000000006,11.69,53,52,7
2011-09-22,129.91905340926732,83.66719282181349,2011-06-30,2011-06-30,2011-12-30,88.51000000000006,86.84000000000006,11.69,53,52,7
2011-09-23,132.2116436199698,84.17128648764621,2011-06-30,2011-06-30,2011-12-30,88.51000000000006,86.84000000000006,11.69,53,52,7
2011-09-26,135.59655266720546,86.17291092780819,2011-06-30,2011-06-30,2011-12-30,88.51000000000006,86.84000000000006,11.69,53,52,7
2011-09-27,137.4058143172027,87.13665602862693,2011-06-30,2011-06-30,2011-12-30,88.51000000000006,86.84000000000006,11.69,53,52,7
2011-09-28,133.09386291248987,85.35743430403849,2011-06-30,2011-06-30,2011-12-30,88.51000000000006,86.84000000000006,11.69,53,52,7
2011-09-29,133.81041088680144,86.03201756234364,2011-06-30,2011-06-30,2011-12-30,88.51000000000006,86.84000000000006,11.69,53,52,7
2011-09-30,129.90493780033827,83.88222042580254,2011-06-30,2011-06-30,2011-12-30,88.51000000000006,86.84000000000006,11.69,53,52,7
2011-10-03,124.44061280347262,81.49507878917909,2011-06-30,2011-06-30,2011-12-30,88.51000000000006,86.84000000000006,11.69,53,52,7
2011-10-04,129.91503337822482,83.28167562535201,2011-06-30,2011-06-30,2011-12-30,88.51000000000006,86.84000000000006,11.69,53,52,7
2011-10-05,130.7470239756026,84.82364863052798,2011-06-30,2011-06-30,2011-12-30,88.51000000000006,86.84000000000006,11.69,53,52,7
2011-10-06,133.44854656214017,86.35824652411948,2011-06-30,2011-06-30,2011-12-30,88.51000000000006,86.84000000000006,11.69,53,52,7
2011-10-07,130.96649700136575,85.78001861976225,2011-06-30,2011-06-30,2011-12-30,88.51000000000006,86.84000000000006,11.69,53,52,7
2011-10-10,136.22427420507987,88.64893702612514,2011-06-30,2011-06-30,2011-12-30,88.51000000000006,86.84000000000006,11.69,53,52,7
2011-10-11,136.80186637051787,88.73791726848856,2011-06-30,2011-06-30,2011-12-30,88.51000000000006,86.84000000000006,11.69,53,52,7
2011-10-12,138.99122288682733,89.51632677299598,2011-06-30,2011-06-30,2011-12-30,88.51000000000006,86.84000000000006,11.69,53,52,7
2011-10-13,138.8839365493552,89.33846206893911,2011-06-30,2011-06-30,2011-12-30,88.51000000000006,86.84000000000006,11.69,53,52,7
2011-10-14,140.43596191604365,90.8655890702762,2011-06-30,2011-06-30,2011-12-30,88.51000000000006,86.84000000000006,11.69,53,52,7
2011-10-17,136.64488306376424,89.1308095765345,2011-06-30,2011-06-30,2011-12-30,88.51000000000006,86.84000000000006,11.69,53,52,7
2011-10-18,140.3918855254419,90.87296418186067,2011-06-30,2011-06-30,2011-12-30,88.51000000000006,86.84000000000006,11.69,53,52,7
2011-10-19,138.17377613422704,89.79801772325516,2011-06-30,2011-06-30,2011-12-30,88.51000000000006,86.84000000000006,11.69,53,52,7
2011-10-20,138.6397796504243,90.19091003130113,2011-06-30,2011-06-30,2011-12-30,88.51000000000006,86.84000000000006,11.69,53,52,7
2011-10-21,141.7020317881964,91.90346840961945,2011-06-30,2011-06-30,2011-12-30,88.51000000000006,86.84000000000006,11.69,53,52,7
2011-10-24,145.59336388701632,93.03023221065618,2011-06-30,2011-06-30,2011-12-30,88.51000000000006,86.84000000000006,11.69,53,52,7
2011-10-25,142.3650485611083,91.22141425905991,2011-06-30,2011-06-30,2011-12-30,88.51000000000006,86.84000000000006,11.69,53,52,7
2011-10-26,144.73370261542763,92.14809224061638,2011-06-30,2011-06-30,2011-12-30,88.51000000000006,86.84000000000006,11.69,53,52,7
2011-10-27,150.78662509700837,95.35808561259402,2011-06-30,2011-06-30,2011-12-30,88.51000000000006,86.84000000000006,11.69,53,52,7
2011-10-28,150.46959871519132,95.33586449717065,2011-06-30,2011-06-30,2011-12-30,88.51000000000006,86.84000000000006,11.69,53,52,7
2011-10-31,147.804521528448,93.0377031029106,2011-06-30,2011-06-30,2011-12-30,88.51000000000006,86.84000000000006,11.69,53,52,7
2011-11-01,143.5831976723161,90.44300475455246,2011-06-30,2011-06-30,2011-12-30,88.51000000000006,86.84000000000006,11.69,53,52,7
2011-11-02,147.158214030526,91.91821863278841,2011-06-30,2011-06-30,2011-12-30,88.51000000000006,86.84000000000006,11.69,53,52,7
2011-11-03,149.86520263957226,93.59370989184448,2011-06-30,2011-06-30,2011-12-30,88.51000000000006,86.84000000000006,11.69,53,52,7
2011-11-04,149.5979586674241,93.0228570990717,2011-06-30,2011-06-30,2011-12-30,88.51000000000006,86.84000000000006,11.69,53,52,7
2011-11-07,149.97225709370662,93.60108500342895,2011-06-30,2011-06-30,2011-12-30,88.51000000000006,86.84000000000006,11.69,53,52,7
2011-11-08,151.33541841627405,94.80207882366012,2011-06-30,2011-06-30,2011-12-30,88.51000000000006,86.84000000000006,11.69,53,52,7
2011-11-09,145.77084613704116,91.3029236091689,2011-06-30,2011-06-30,2011-12-30,88.51000000000006,86.84000000000006,11.69,53,52,7
2011-11-10,146.97397938935833,92.16293824445526,2011-06-30,2011-06-30,2011-12-30,88.51000000000006,86.84000000000006,11.69,53,52,7
2011-11-11,150.28024653385737,93.89762195752704,2011-06-30,2011-06-30,2011-12-30,88.51000000000006,86.84000000000006,11.69,53,52,7
2011-11-14,148.93616028833375,93.00801109523282,2011-06-30,2011-06-30,2011-12-30,88.51000000000006,86.84000000000006,11.69,53,52,7
2011-11-15,150.7810870156603,93.4676625302188,2011-06-30,2011-06-30,2011-12-30,88.51000000000006,86.84000000000006,11.69,53,52,7
2011-11-16,147.59343598142343,91.98497775972845,2011-06-30,2011-06-30,2011-12-30,88.51000000000006,86.84000000000006,11.69,53,52,7
2011-11-17,145.90288721612708,90.52451410466146,2011-06-30,2011-06-30,2011-12-30,88.51000000000006,86.84000000000006,11.69,53,52,7
2011-11-18,147.0546995012558,90.42815875071358,2011-06-30,2011-06-30,2011-12-30,88.51000000000006,86.84000000000006,11.69,53,52,7
2011-11-21,143.9150850697194,88.7083210414807,2011-06-30,2011-06-30,2011-12-30,88.51000000000006,86.84000000000006,11.69,53,52,7
2011-11-22,143.21064691461987,88.35987096428148,2011-06-30,2011-06-30,2011-12-30,88.51000000000006,86.84000000000006,11.69,53,52,7
2011-11-23,139.06300105897517,86.41015964722064,2011-06-30,2011-06-30,2011-12-30,88.51000000000006,86.84000000000006,11.69,53,52,7
2011-11-25,138.1531345378645,86.24704516633273,2011-06-30,2011-06-30,2011-12-30,88.51000000000006,86.84000000000006,11.69,53,52,7
2011-11-28,143.35168111568206,88.74538816074295,2011-06-30,2011-06-30,2011-12-30,88.51000000000006,86.84000000000006,11.69,53,52,7
2011-11-29,143.09668367954836,88.99738710332437,2011-06-30,2011-06-30,2011-12-30,88.51000000000006,86.84000000000006,11.69,53,52,7
2011-11-30,148.93557523448786,92.65956101803359,2011-06-30,2011-06-30,2011-12-30,88.51000000000006,86.84000000000006,11.69,53,52,7
2011-12-01,148.64159355326348,92.64481079486463,2011-06-30,2011-06-30,2011-12-30,88.51000000000006,86.84000000000006,11.69,53,52,7
2011-12-02,149.213395869153,92.5632056640857,2011-06-30,2011-06-30,2011-12-30,88.51000000000006,86.84000000000006,11.69,53,52,7
2011-12-05,174.19261382539094,93.5714887764211,2011-06-30,2011-06-30,2011-12-30,88.51000000000006,86.84000000000006,11.69,53,52,7
2011-12-06,173.34046334317947,93.60108500342895,2011-06-30,2011-06-30,2011-12-30,88.51000000000006,86.84000000000006,11.69,53,52,7
2011-12-07,173.89125564805997,93.94953508062818,2011-06-30,2011-06-30,2011-12-30,88.51000000000006,86.84000000000006,11.69,53,52,7
2011-12-08,169.42264719663567,91.88862240578055,2011-06-30,2011-06-30,2011-12-30,88.51000000000006,86.84000000000006,11.69,53,52,7
2011-12-09,173.90070166915982,93.44544141479543,2011-06-30,2011-06-30,2011-12-30,88.51000000000006,86.84000000000006,11.69,53,52,7
2011-12-12,171.97867693798068,92.08133311367634,2011-06-30,2011-06-30,2011-12-30,88.51000000000006,86.84000000000006,11.69,53,52,7
2011-12-13,169.61818762365368,91.22141425905991,2011-06-30,2011-06-30,2011-12-30,88.51000000000006,86.84000000000006,11.69,53,52,7
2011-12-14,168.41160828305323,90.25029404665669,2011-06-30,2011-06-30,2011-12-30,88.51000000000006,86.84000000000006,11.69,53,52,7
2011-12-15,169.85824359225555,90.57642722776261,2011-06-30,2011-06-30,2011-12-30,88.51000000000006,86.84000000000006,11.69,53,52,7
2011-12-16,170.72531094361347,90.71080750767204,2011-06-30,2011-06-30,2011-12-30,88.51000000000006,86.84000000000006,11.69,53,52,7
2011-12-19,168.9288863981555,89.74093244397788,2011-06-30,2011-06-30,2011-12-30,88.51000000000006,86.84000000000006,11.69,53,52,7
2011-12-20,173.54298557265025,92.45660177845548,2011-06-30,2011-06-30,2011-12-30,88.51000000000006,86.84000000000006,11.69,53,52,7
2011-12-21,175.22968148332083,92.6356158505515,2011-06-30,2011-06-30,2011-12-30,88.51000000000006,86.84000000000006,11.69,53,52,7
2011-12-22,175.81187888700026,93.45626463049733,2011-06-30,2011-06-30,2011-12-30,88.51000000000006,86.84000000000006,11.69,53,52,7
2011-12-23,176.8517130415472,94.29185519495198,2011-06-30,2011-06-30,2011-12-30,88.51000000000006,86.84000000000006,11.69,53,52,7
2011-12-27,177.56377885934572,94.36637255615621,2011-06-30,2011-06-30,2011-12-30,88.51000000000006,86.84000000000006,11.69,53,52,7
2011-12-28,174.43010388066776,93.128024274653,2011-06-30,2011-06-30,2011-12-30,88.51000000000006,86.84000000000006,11.69,53,52,7
2011-12-29,176.14110792055016,94.09042844609272,2011-06-30,2011-06-30,2011-12-30,88.51000000000006,86.84000000000006,11.69,53,52,7
2011-12-30,174.84611303198648,93.62780781033896,2011-06-30,2011-06-30,2011-12-30,88.51000000000006,86.84000000000006,11.69,53,52,7
2012-01-03,172.75748494383734,95.1198790864823,2011-12-31,2011-12-30,2012-06-29,89.21000000000001,87.48,10.77,53,52,7
2012-01-04,172.47039723265112,95.2691053702306,2011-12-31,2011-12-30,2012-06-29,89.21000000000001,87.48,10.77,53,52,7
2012-01-05,173.29138118748122,95.52273258420078,2011-12-31,2011-12-30,2012-06-29,89.21000000000001,87.48,10.77,53,52,7
2012-01-06,173.134551436945,95.27657626248501,2011-12-31,2011-12-30,2012-06-29,89.21000000000001,87.48,10.77,53,52,7
2012-01-09,174.0711023592388,95.5078865803619,2011-12-31,2011-12-30,2012-06-29,89.21000000000001,87.48,10.77,53,52,7
2012-01-10,175.30331427706074,96.33600625256214,2011-12-31,2011-12-30,2012-06-29,89.21000000000001,87.48,10.77,53,52,7
2012-01-11,176.32658073277148,96.38820671767306,2011-12-31,2011-12-30,2012-06-29,89.21000000000001,87.48,10.77,53,52,7
2012-01-12,177.3290315055584,96.61942125488002,2011-12-31,2011-12-30,2012-06-29,89.21000000000001,87.48,10.77,53,52,7
2012-01-13,176.6087030556482,96.11963771919406,2011-12-31,2011-12-30,2012-06-29,89.21000000000001,87.48,10.77,53,52,7
2012-01-17,176.62128443436123,96.49260764789494,2011-12-31,2011-12-30,2012-06-29,89.21000000000001,87.48,10.77,53,52,7
2012-01-18,179.46148487256238,97.55950853022648,2011-12-31,2011-12-30,2012-06-29,89.21000000000001,87.48,10.77,53,52,7
2012-01-19,180.34791171081815,98.07423385042125,2011-12-31,2011-12-30,2012-06-29,89.21000000000001,87.48,10.77,53,52,7
2012-01-20,180.78168537602167,98.43982866753764,2011-12-31,2011-12-30,2012-06-29,89.21000000000001,87.48,10.77,53,52,7
2012-01-23,180.29921107167817,98.18610567289751,2011-12-31,2011-12-30,2012-06-29,89.21000000000001,87.48,10.77,53,52,7
2012-01-24,180.63955319180965,98.07423385042125,2011-12-31,2011-12-30,2012-06-29,89.21000000000001,87.48,10.77,53,52,7
2012-01-25,182.11881071081805,98.89488263036708,2011-12-31,2011-12-30,2012-06-29,89.21000000000001,87.48,10.77,53,52,7
2012-01-26,182.17022823705977,98.38753242175677,2011-12-31,2011-12-30,2012-06-29,89.21000000000001,87.48,10.77,53,52,7
2012-01-27,183.22205543652512,98.34280284890025,2011-12-31,2011-12-30,2012-06-29,89.21000000000001,87.48,10.77,53,52,7
2012-01-30,182.23031613155698,98.0070916008015,2011-12-31,2011-12-30,2012-06-29,89.21000000000001,87.48,10.77,53,52,7
2012-01-31,180.449363691218,97.96983292019938,2011-12-31,2011-12-30,2012-06-29,89.21000000000001,87.48,10.77,53,52,7
2012-02-01,184.0652139452197,98.82774038074731,2011-12-31,2011-12-30,2012-06-29,89.21000000000001,87.48,10.77,53,52,7
2012-02-02,184.24978478772132,98.98443755675005,2011-12-31,2011-12-30,2012-06-29,89.21000000000001,87.48,10.77,53,52,7
2012-02-03,188.49472521430573,100.37201212200159,2011-12-31,2011-12-30,2012-06-29,89.21000000000001,87.48,10.77,53,52,7
2012-02-06,189.22846857623514,100.30486987238186,2011-12-31,2011-12-30,2012-06-29,89.21000000000001,87.48,10.77,53,52,7
2012-02-07,189.85437783670096,100.55849708635203,2011-12-31,2011-12-30,2012-06-29,89.21000000000001,87.48,10.77,53,52,7
2012-02-08,190.16497756344447,100.85694965384866,2011-12-31,2011-12-30,2012-06-29,89.21000000000001,87.48,10.77,53,52,7
2012-02-09,190.66229755183048,100.98376326083375,2011-12-31,2011-12-30,2012-06-29,89.21000000000001,87.48,10.77,53,52,7
2012-02-10,189.67811512508794,100.23772762276208,2011-12-31,2011-12-30,2012-06-29,89.21000000000001,87.48,10.77,53,52,7
2012-02-13,191.34891626206223,100.98376326083375,2011-12-31,2011-12-30,2012-06-29,89.21000000000001,87.48,10.77,53,52,7
2012-02-14,190.30742611833642,100.85694965384866,2011-12-31,2011-12-30,2012-06-29,89.21000000000001,87.48,10.77,53,52,7
2012-02-15,189.31651069314893,100.38695390651043,2011-12-31,2011-12-30,2012-06-29,89.21000000000001,87.48,10.77,53,52,7
2012-02-16,191.22780202643563,101.49858436169848,2011-12-31,2011-12-30,2012-06-29,89.21000000000001,87.48,10.77,53,52,7
2012-02-17,192.36808754459386,101.76715336017747,2011-12-31,2011-12-30,2012-06-29,89.21000000000001,87.48,10.77,53,52,7
2012-02-21,191.74154319659672,101.81188293303398,2011-12-31,2011-12-30,2012-06-29,89.21000000000001,87.48,10.77,53,52,7
2012-02-22,190.54746495698646,101.48364257718964,2011-12-31,2011-12-30,2012-06-29,89.21000000000001,87.48,10.77,53,52,7
2012-02-23,192.4616836932864,101.93122564776466,2011-12-31,2011-12-30,2012-06-29,89.21000000000001,87.48,10.77,53,52,7
2012-02-24,191.51740508068207,102.15506507338714,2011-12-31,2011-12-30,2012-06-29,89.21000000000001,87.48,10.77,53,52,7
2012-02-27,191.49952662553557,102.32660825322877,2011-12-31,2011-12-30,2012-06-29,89.21000000000001,87.48,10.77,53,52,7
2012-02-28,193.40650560562986,102.6250608207254,2011-12-31,2011-12-30,2012-06-29,89.21000000000001,87.48,10.77,53,52,7
2012-02-29,191.5365591515769,102.22220732300691,2011-12-31,2011-12-30,2012-06-29,89.21000000000001,87.48,10.77,53,52,7
2012-03-01,191.88788098562938,102.7518744277105,2011-12-31,2011-12-30,2012-06-29,89.21000000000001,87.48,10.77,53,52,7
2012-03-02,189.3628943285822,102.43857585637497,2011-12-31,2011-12-30,2012-06-29,89.21000000000001,87.48,10.77,53,52,7
2012-03-05,190.45821097613324,102.02078057414765,2011-12-31,2011-12-30,2012-06-29,89.21000000000001,87.48,10.77,53,52,7
2012-03-06,187.54081042593668,100.52870929800433,2011-12-31,2011-12-30,2012-06-29,89.21000000000001,87.48,10.77,53,52,7
2012-03-07,190.38143874565068,101.23001536321948,2011-12-31,2011-12-30,2012-06-29,89.21000000000001,87.48,10.77,53,52,7
2012-03-08,191.69998581671084,102.2371491075157,2011-12-31,2011-12-30,2012-06-29,89.21000000000001,87.48,10.77,53,52,7
2012-03-09,193.42750947556166,102.63253171297981,2011-12-31,2011-12-30,2012-06-29,89.21000000000001,87.48,10.77,53,52,7
2012-03-12,193.27328140464218,102.64000260523423,2011-12-31,2011-12-30,2012-06-29,89.21000000000001,87.48,10.77,53,52,7
2012-03-13,196.81577977760918,104.49019780623954,2011-12-31,2011-12-30,2012-06-29,89.21000000000001,87.48,10.77,53,52,7
2012-03-14,195.86389679418815,104.37823020309334,2011-12-31,2011-12-30,2012-06-29,89.21000000000001,87.48,10.77,53,52,7
2012-03-15,197.52179716765363,104.98251044967111,2011-12-31,2011-12-30,2012-06-29,89.21000000000001,87.48,10.77,53,52,7
2012-03-16,196.9182695560691,105.12780972595235,2011-12-31,2011-12-30,2012-06-29,89.21000000000001,87.48,10.77,53,52,7
2012-03-19,198.20604145904318,105.5399539486539,2011-12-31,2011-12-30,2012-06-29,89.21000000000001,87.48,10.77,53,52,7
2012-03-20,197.04599877373144,105.23268955952385,2011-12-31,2011-12-30,2012-06-29,89.21000000000001,87.48,10.77,53,52,7
2012-03-21,197.10782161473136,105.06038013432281,2011-12-31,2011-12-30,2012-06-29,89.21000000000001,87.48,10.77,53,52,7
2012-03-22,196.42340427641093,104.30361706121917,2011-12-31,2011-12-30,2012-06-29,89.21000000000001,87.48,10.77,53,52,7
2012-03-23,196.8372242813867,104.64076501936685,2011-12-31,2011-12-30,2012-06-29,89.21000000000001,87.48,10.77,53,52,7
2012-03-26,200.64886082525464,106.10946581204767,2011-12-31,2011-12-30,2012-06-29,89.21000000000001,87.48,10.77,53,52,7
2012-03-27,199.21342427238633,105.77969296548449,2011-12-31,2011-12-30,2012-06-29,89.21000000000001,87.48,10.77,53,52,7
2012-03-28,198.76995008348453,105.25519801695702,2011-12-31,2011-12-30,2012-06-29,89.21000000000001,87.48,10.77,53,52,7
2012-03-29,198.5645346576587,105.07541769950157,2011-12-31,2011-12-30,2012-06-29,89.21000000000001,87.48,10.77,53,52,7
2012-03-30,198.71032566718458,105.50997459896634,2011-12-31,2011-12-30,2012-06-29,89.21000000000001,87.48,10.77,53,52,7
2012-04-02,199.70837169295072,106.28177523724874,2011-12-31,2011-12-30,2012-06-29,89.21000000000001,87.48,10.77,53,52,7
2012-04-03,199.71658805744173,105.84712255711402,2011-12-31,2011-12-30,2012-06-29,89.21000000000001,87.48,10.77,53,52,7
2012-04-04,197.16546047689573,104.79813266005908,2011-12-31,2011-12-30,2012-06-29,89.21000000000001,87.48,10.77,53,52,7
2012-04-05,196.8017043066936,104.74564485293836,2011-12-31,2011-12-30,2012-06-29,89.21000000000001,87.48,10.77,53,52,7
2012-04-09,194.12564114031665,103.56926666487875,2011-12-31,2011-12-30,2012-06-29,89.21000000000001,87.48,10.77,53,52,7
2012-04-10,189.6155936545388,101.83084750567978,2011-12-31,2011-12-30,2012-06-29,89.21000000000001,87.48,10.77,53,52,7
2012-04-11,193.14837024701575,102.65513595108291,2011-12-31,2011-12-30,2012-06-29,89.21000000000001,87.48,10.77,53,52,7
2012-04-12,195.12682024144436,103.99635267208913,2011-12-31,2011-12-30,2012-06-29,89.21000000000001,87.48,10.77,53,52,7
2012-04-13,193.9611535085982,102.76001578465441,2011-12-31,2011-12-30,2012-06-29,89.21000000000001,87.48,10.77,53,52,7
2012-04-16,193.9404178815623,102.69258619302487,2011-12-31,2011-12-30,2012-06-29,89.21000000000001,87.48,10.77,53,52,7
2012-04-17,195.92695497792448,104.2136790121565,2011-12-31,2011-12-30,2012-06-29,89.21000000000001,87.48,10.77,53,52,7
2012-04-18,194.84158301264338,103.86149348883006,2011-12-31,2011-12-30,2012-06-29,89.21000000000001,87.48,10.77,53,52,7
2012-04-19,193.80603002707906,103.19457268411918,2011-12-31,2011-12-30,2012-06-29,89.21000000000001,87.48,10.77,53,52,7
2012-04-20,194.8972673958562,103.36697788999017,2011-12-31,2011-12-30,2012-06-29,89.21000000000001,87.48,10.77,53,52,7
2012-04-23,193.36380126267144,102.49776831039068,2011-12-31,2011-12-30,2012-06-29,89.21000000000001,87.48,10.77,53,52,7
2012-04-24,193.59545858592477,102.88740407565906,2011-12-31,2011-12-30,2012-06-29,89.21000000000001,87.48,10.77,53,52,7
2012-04-25,197.6126798391409,104.29614616896478,2011-12-31,2011-12-30,2012-06-29,89.21000000000001,87.48,10.77,53,52,7
2012-04-26,199.05781124320066,105.02292989238084,2011-12-31,2011-12-30,2012-06-29,89.21000000000001,87.48,10.77,53,52,7
2012-04-27,200.22105945297577,105.1952393175819,2011-12-31,2011-12-30,2012-06-29,89.21000000000001,87.48,10.77,53,52,7
2012-04-30,198.66061860807352,104.8056035523135,2011-12-31,2011-12-30,2012-06-29,89.21000000000001,87.48,10.77,53,52,7
2012-05-01,200.13140259104213,105.45748679184561,2011-12-31,2011-12-30,2012-06-29,89.21000000000001,87.48,10.77,53,52,7
2012-05-02,202.6635206690787,105.1428472911311,2011-12-31,2011-12-30,2012-06-29,89.21000000000001,87.48,10.77,53,52,7
2012-05-03,201.19243537938658,104.34106730316115,2011-12-31,2011-12-30,2012-06-29,89.21000000000001,87.48,10.77,53,52,7
2012-05-04,198.8139011432643,102.65513595108291,2011-12-31,2011-12-30,2012-06-29,89.21000000000001,87.48,10.77,53,52,7
2012-05-07,199.19819673741702,102.73003643496685,2011-12-31,2011-12-30,2012-06-29,89.21000000000001,87.48,10.77,53,52,7
2012-05-08,198.33968662439807,102.31789221226528,2011-12-31,2011-12-30,2012-06-29,89.21000000000001,87.48,10.77,53,52,7
2012-05-09,197.2522610829022,101.71102588759946,2011-12-31,2011-12-30,2012-06-29,89.21000000000001,87.48,10.77,53,52,7
2012-05-10,198.62713138436072,101.9207855547425,2011-12-31,2011-12-30,2012-06-29,89.21000000000001,87.48,10.77,53,52,7
2012-05-11,198.52542339185462,101.61361694628238,2011-12-31,2011-12-30,2012-06-29,89.21000000000001,87.48,10.77,53,52,7
2012-05-14,195.43208655814115,100.48963078467357,2011-12-31,2011-12-30,2012-06-29,89.21000000000001,87.48,10.77,53,52,7
2012-05-15,196.08100235951883,99.91264802902538,2011-12-31,2011-12-30,2012-06-29,89.21000000000001,87.48,10.77,53,52,7
2012-05-16,195.1289018574817,99.5304831560114,2011-12-31,2011-12-30,2012-06-29,89.21000000000001,87.48,10.77,53,52,7
2012-05-17,189.60936783035626,98.05440725174608,2011-12-31,2011-12-30,2012-06-29,89.21000000000001,87.48,10.77,53,52,7
2012-05-18,187.82398694262642,97.21517702183417,2011-12-31,2011-12-30,2012-06-29,89.21000000000001,87.48,10.77,53,52,7
2012-05-21,191.7401154728735,98.88607080873368,2011-12-31,2011-12-30,2012-06-29,89.21000000000001,87.48,10.77,53,52,7
2012-05-22,192.7267398913073,99.05847601460465,2011-12-31,2011-12-30,2012-06-29,89.21000000000001,87.48,10.77,53,52,7
2012-05-23,194.16240272356129,99.11086804105544,2011-12-31,2011-12-30,2012-06-29,89.21000000000001,87.48,10.77,53,52,7
2012-05-24,195.08298586424542,99.30568592368964,2011-12-31,2011-12-30,2012-06-29,89.21000000000001,87.48,10.77,53,52,7
2012-05-25,196.22575286183448,98.98347975005078,2011-12-31,2011-12-30,2012-06-29,89.21000000000001,87.48,10.77,53,52,7
2012-05-29,198.24092444874702,100.18236639554353,2011-12-31,2011-12-30,2012-06-29,89.21000000000001,87.48,10.77,53,52,7
2012-05-30,195.30207429145284,98.72870316804145,2011-12-31,2011-12-30,2012-06-29,89.21000000000001,87.48,10.77,53,52,7
2012-05-31,195.819373006393,98.51147260864403,2011-12-31,2011-12-30,2012-06-29,89.21000000000001,87.48,10.77,53,52,7
2012-06-01,189.1590976610428,96.03123216085024,2011-12-31,2011-12-30,2012-06-29,89.21000000000001,87.48,10.77,53,52,7
2012-06-04,189.51581781185834,95.98631102665385,2011-12-31,2011-12-30,2012-06-29,89.21000000000001,87.48,10.77,53,52,7
2012-06-05,191.17551246315642,96.71309475006993,2011-12-31,2011-12-30,2012-06-29,89.21000000000001,87.48,10.77,53,52,7
2012-06-06,195.43766418987846,98.88607080873368,2011-12-31,2011-12-30,2012-06-29,89.21000000000001,87.48,10.77,53,52,7
2012-06-07,194.79372689973562,98.94602950810881,2011-12-31,2011-12-30,2012-06-29,89.21000000000001,87.48,10.77,53,52,7
2012-06-08,196.27064012804234,99.7327719309,2011-12-31,2011-12-30,2012-06-29,89.21000000000001,87.48,10.77,53,52,7
2012-06-11,193.31853015299902,98.4664556937777,2011-12-31,2011-12-30,2012-06-29,89.21000000000001,87.48,10.77,53,52,7
2012-06-12,194.65504126926245,99.59791274764093,2011-12-31,2011-12-30,2012-06-29,89.21000000000001,87.48,10.77,53,52,7
2012-06-13,191.2901184414786,98.96106707328754,2011-12-31,2011-12-30,2012-06-29,89.21000000000001,87.48,10.77,53,52,7
2012-06-14,194.145191847423,100.01005697034249,2011-12-31,2011-12-30,2012-06-29,89.21000000000001,87.48,10.77,53,52,7
2012-06-15,195.9497540619064,101.03309030584684,2011-12-31,2011-12-30,2012-06-29,89.21000000000001,87.48,10.77,53,52,7
2012-06-18,195.8237952948256,101.22896177585025,2011-12-31,2011-12-30,2012-06-29,89.21000000000001,87.48,10.77,53,52,7
2012-06-19,199.13100823813411,102.2080317838575,2011-12-31,2011-12-30,2012-06-29,89.21000000000001,87.48,10.77,53,52,7
2012-06-20,198.75078471199737,102.04233122488151,2011-12-31,2011-12-30,2012-06-29,89.21000000000001,87.48,10.77,53,52,7
2012-06-21,195.1815952377711,99.75269431024509,2011-12-31,2011-12-30,2012-06-29,89.21000000000001,87.48,10.77,53,52,7
2012-06-22,197.02892309018003,100.52095106374013,2011-12-31,2011-12-30,2012-06-29,89.21000000000001,87.48,10.77,53,52,7
2012-06-25,194.8109863107257,98.90905816951646,2011-12-31,2011-12-30,2012-06-29,89.21000000000001,87.48,10.77,53,52,7
2012-06-26,196.1013164263228,99.40615984644444,2011-12-31,2011-12-30,2012-06-29,89.21000000000001,87.48,10.77,53,52,7
2012-06-27,196.88726205581622,100.30247535563363,2011-12-31,2011-12-30,2012-06-29,89.21000000000001,87.48,10.77,53,52,7
2012-06-28,196.60188105151073,100.01628271388783,2011-12-31,2011-12-30,2012-06-29,89.21000000000001,87.48,10.77,53,52,7
2012-06-29,201.3754626584037,102.509357771452,2011-12-31,2011-12-30,2012-06-29,89.21000000000001,87.48,10.77,53,52,7
2012-07-02,199.65837701205285,102.81815465130089,2012-06-30,2012-06-29,2012-12-28,89.34999999999998,87.69999999999999,10.65,53,52,6
2012-07-03,201.3091467517228,103.4959944523836,2012-06-30,2012-06-29,2012-12-28,89.34999999999998,87.69999999999999,10.65,53,52,6
2012-07-05,202.14991124176225,103.02906368648306,2012-06-30,2012-06-29,2012-12-28,89.34999999999998,87.69999999999999,10.65,53,52,6
2012-07-06,201.69414756638315,102.04989789780585,2012-06-30,2012-06-29,2012-12-28,89.34999999999998,87.69999999999999,10.65,53,52,6
2012-07-09,201.30922954453558,101.92183914211171,2012-06-30,2012-06-29,2012-12-28,89.34999999999998,87.69999999999999,10.65,53,52,6
2012-07-10,199.7613188462282,101.03309030584684,2012-06-30,2012-06-29,2012-12-28,89.34999999999998,87.69999999999999,10.65,53,52,6
2012-07-11,198.51732877444695,101.0481278710256,2012-06-30,2012-06-29,2012-12-28,89.34999999999998,87.69999999999999,10.65,53,52,6
2012-07-12,197.57506754070914,100.55859286702196,2012-06-30,2012-06-29,2012-12-28,89.34999999999998,87.69999999999999,10.65,53,52,6
2012-07-13,201.03770190054578,102.24576936780927,2012-06-30,2012-06-29,2012-12-28,89.34999999999998,87.69999999999999,10.65,53,52,6
2012-07-16,200.3314681738934,102.0046894215997,2012-06-30,2012-06-29,2012-12-28,89.34999999999998,87.69999999999999,10.65,53,52,6
2012-07-17,201.36845410352112,102.70513346078549,2012-06-30,2012-06-29,2012-12-28,89.34999999999998,87.69999999999999,10.65,53,52,6
2012-07-18,201.83511829466673,103.46591932202611,2012-06-30,2012-06-29,2012-12-28,89.34999999999998,87.69999999999999,10.65,53,52,6
2012-07-19,201.9728333296187,103.7370743985932,2012-06-30,2012-06-29,2012-12-28,89.34999999999998,87.69999999999999,10.65,53,52,6
2012-07-20,198.2216669018083,102.78798374027349,2012-06-30,2012-06-29,2012-12-28,89.34999999999998,87.69999999999999,10.65,53,52,6
2012-07-23,194.18043227370688,101.7486676908813,2012-06-30,2012-06-29,2012-12-28,89.34999999999998,87.69999999999999,10.65,53,52,6
2012-07-24,192.00072830005197,100.8749564197952,2012-06-30,2012-06-29,2012-12-28,89.34999999999998,87.69999999999999,10.65,53,52,6
2012-07-25,191.64782624278754,100.89756065789828,2012-06-30,2012-06-29,2012-12-28,89.34999999999998,87.69999999999999,10.65,53,52,6
2012-07-26,193.11194381160917,102.56203713991259,2012-06-30,2012-06-29,2012-12-28,89.34999999999998,87.69999999999999,10.65,53,52,6
2012-07-27,197.93721948646498,104.4525560029577,2012-06-30,2012-06-29,2012-12-28,89.34999999999998,87.69999999999999,10.65,53,52,6
2012-07-30,197.1371809846551,104.4525560029577,2012-06-30,2012-06-29,2012-12-28,89.34999999999998,87.69999999999999,10.65,53,52,6
2012-07-31,197.24443791876308,103.7219410527445,2012-06-30,2012-06-29,2012-12-28,89.34999999999998,87.69999999999999,10.65,53,52,6
2012-08-01,193.87480911674973,103.6316198810021,2012-06-30,2012-06-29,2012-12-28,89.34999999999998,87.69999999999999,10.65,53,52,6
2012-08-02,194.09402645015908,102.91604249596764,2012-06-30,2012-06-29,2012-12-28,89.34999999999998,87.69999999999999,10.65,53,52,6
2012-08-03,198.25886872664833,104.95722435281,2012-06-30,2012-06-29,2012-12-28,89.34999999999998,87.69999999999999,10.65,53,52,6
2012-08-06,198.48784097932491,105.16056671506784,2012-06-30,2012-06-29,2012-12-28,89.34999999999998,87.69999999999999,10.65,53,52,6
2012-08-07,199.71777487826466,105.68783930302321,2012-06-30,2012-06-29,2012-12-28,89.34999999999998,87.69999999999999,10.65,53,52,6
2012-08-08,198.92465111249234,105.81589805871738,2012-06-30,2012-06-29,2012-12-28,89.34999999999998,87.69999999999999,10.65,53,52,6
2012-08-09,199.1641828082546,105.9062192304598,2012-06-30,2012-06-29,2012-12-28,89.34999999999998,87.69999999999999,10.65,53,52,6
2012-08-10,198.01978823533756,106.07948646236012,2012-06-30,2012-06-29,2012-12-28,89.34999999999998,87.69999999999999,10.65,53,52,6
2012-08-13,198.72464715506976,106.02671131322963,2012-06-30,2012-06-29,2012-12-28,89.34999999999998,87.69999999999999,10.65,53,52,6
2012-08-14,197.61756131374327,106.0418446590783,2012-06-30,2012-06-29,2012-12-28,89.34999999999998,87.69999999999999,10.65,53,52,6
2012-08-15,198.83896889226907,106.16233674184812,2012-06-30,2012-06-29,2012-12-28,89.34999999999998,87.69999999999999,10.65,53,52,6
2012-08-16,200.15311254993688,106.9456310605219,2012-06-30,2012-06-29,2012-12-28,89.34999999999998,87.69999999999999,10.65,53,52,6
2012-08-17,201.68188739337515,107.0887273813948,2012-06-30,2012-06-29,2012-12-28,89.34999999999998,87.69999999999999,10.65,53,52,6
2012-08-20,200.9578885286526,107.09629405431913,2012-06-30,2012-06-29,2012-12-28,89.34999999999998,87.69999999999999,10.65,53,52,6
2012-08-21,200.3411073939716,106.77236382862156,2012-06-30,2012-06-29,2012-12-28,89.34999999999998,87.69999999999999,10.65,53,52,6
2012-08-22,199.5756061103416,106.81757230482773,2012-06-30,2012-06-29,2012-12-28,89.34999999999998,87.69999999999999,10.65,53,52,6
2012-08-23,197.99940236019813,105.94386103374163,2012-06-30,2012-06-29,2012-12-28,89.34999999999998,87.69999999999999,10.65,53,52,6
2012-08-24,199.1945103223253,106.58415481221242,2012-06-30,2012-06-29,2012-12-28,89.34999999999998,87.69999999999999,10.65,53,52,6
2012-08-27,199.9296974095534,106.60666326964557,2012-06-30,2012-06-29,2012-12-28,89.34999999999998,87.69999999999999,10.65,53,52,6
2012-08-28,200.62534602520796,106.50130453272442,2012-06-30,2012-06-29,2012-12-28,89.34999999999998,87.69999999999999,10.65,53,52,6
2012-08-29,201.6913873633225,106.58415481221242,2012-06-30,2012-06-29,2012-12-28,89.34999999999998,87.69999999999999,10.65,53,52,6
2012-08-30,200.3274053914049,105.81589805871738,2012-06-30,2012-06-29,2012-12-28,89.34999999999998,87.69999999999999,10.65,53,52,6
2012-08-31,199.76216572656307,106.32047062789975,2012-06-30,2012-06-29,2012-12-28,89.34999999999998,87.69999999999999,10.65,53,52,6
2012-09-04,201.469777125582,106.22258278323302,2012-06-30,2012-06-29,2012-12-28,89.34999999999998,87.69999999999999,10.65,53,52,6
2012-09-05,201.3125501824213,106.1321658308207,2012-06-30,2012-06-29,2012-12-28,89.34999999999998,87.69999999999999,10.65,53,52,6
2012-09-06,205.49492946985043,108.28636887817848,2012-06-30,2012-06-29,2012-12-28,89.34999999999998,87.69999999999999,10.65,53,52,6
2012-09-07,206.51859273048774,108.70809116787288,2012-06-30,2012-06-29,2012-12-28,89.34999999999998,87.69999999999999,10.65,53,52,6
2012-09-10,205.9432897527179,108.09049740817507,2012-06-30,2012-06-29,2012-12-28,89.34999999999998,87.69999999999999,10.65,53,52,6
2012-09-11,206.49460423324132,108.39172761509963,2012-06-30,2012-06-29,2012-12-28,89.34999999999998,87.69999999999999,10.65,53,52,6
2012-09-12,206.62310155976667,108.75329964407902,2012-06-30,2012-06-29,2012-12-28,89.34999999999998,87.69999999999999,10.65,53,52,6
2012-09-13,208.55727016978867,110.41030523383894,2012-06-30,2012-06-29,2012-12-28,89.34999999999998,87.69999999999999,10.65,53,52,6
2012-09-14,209.69090068995794,110.89993601851249,2012-06-30,2012-06-29,2012-12-28,89.34999999999998,87.69999999999999,10.65,53,52,6
2012-09-17,208.50936708521527,110.52332642435434,2012-06-30,2012-06-29,2012-12-28,89.34999999999998,87.69999999999999,10.65,53,52,6
2012-09-18,208.60092114710807,110.43290947194203,2012-06-30,2012-06-29,2012-12-28,89.34999999999998,87.69999999999999,10.65,53,52,6
2012-09-19,208.4040574028034,110.49315551332693,2012-06-30,2012-06-29,2012-12-28,89.34999999999998,87.69999999999999,10.65,53,52,6
2012-09-20,207.5613405302801,110.50072218625127,2012-06-30,2012-06-29,2012-12-28,89.34999999999998,87.69999999999999,10.65,53,52,6
2012-09-21,208.22525222936162,110.45484324535559,2012-06-30,2012-06-29,2012-12-28,89.34999999999998,87.69999999999999,10.65,53,52,6
2012-09-24,207.4416043180477,110.28828066035025,2012-06-30,2012-06-29,2012-12-28,89.34999999999998,87.69999999999999,10.65,53,52,6
2012-09-25,204.62506642453127,109.11458433104866,2012-06-30,2012-06-29,2012-12-28,89.34999999999998,87.69999999999999,10.65,53,52,6
2012-09-26,204.02386211116635,108.5012049208277,2012-06-30,2012-06-29,2012-12-28,89.34999999999998,87.69999999999999,10.65,53,52,6
2012-09-27,205.75251156229,109.52347201097265,2012-06-30,2012-06-29,2012-12-28,89.34999999999998,87.69999999999999,10.65,53,52,6
2012-09-28,204.5244595808724,109.01612180236233,2012-06-30,2012-06-29,2012-12-28,89.34999999999998,87.69999999999999,10.65,53,52,6
2012-10-01,205.12185913300678,109.30384693482699,2012-06-30,2012-06-29,2012-12-28,89.34999999999998,87.69999999999999,10.65,53,52,6
2012-10-02,204.6954070219449,109.41744280936199,2012-06-30,2012-06-29,2012-12-28,89.34999999999998,87.69999999999999,10.65,53,52,6
2012-10-03,204.75451035835692,109.86425963457759,2012-06-30,2012-06-29,2012-12-28,89.34999999999998,87.69999999999999,10.65,53,52,6
2012-10-04,206.3967067497184,110.65176830272823,2012-06-30,2012-06-29,2012-12-28,89.34999999999998,87.69999999999999,10.65,53,52,6
2012-10-05,205.27626617871675,110.65933497565254,2012-06-30,2012-06-29,2012-12-28,89.34999999999998,87.69999999999999,10.65,53,52,6
2012-10-08,205.64561312181146,110.28071398742591,2012-06-30,2012-06-29,2012-12-28,89.34999999999998,87.69999999999999,10.65,53,52,6
2012-10-09,203.26563043859323,109.19034684096196,2012-06-30,2012-06-29,2012-12-28,89.34999999999998,87.69999999999999,10.65,53,52,6
2012-10-10,203.2899929878412,108.49363824790336,2012-06-30,2012-06-29,2012-12-28,89.34999999999998,87.69999999999999,10.65,53,52,6
2012-10-11,203.89824908049206,108.55426741196798,2012-06-30,2012-06-29,2012-12-28,89.34999999999998,87.69999999999999,10.65,53,52,6
2012-10-12,202.98253908053917,108.19834644251436,2012-06-30,2012-06-29,2012-12-28,89.34999999999998,87.69999999999999,10.65,53,52,6
2012-10-15,204.2712366274547,109.09945098519998,2012-06-30,2012-06-29,2012-12-28,89.34999999999998,87.69999999999999,10.65,53,52,6
2012-10-16,205.61096657893137,110.20495147751264,2012-06-30,2012-06-29,2012-12-28,89.34999999999998,87.69999999999999,10.65,53,52,6
2012-10-17,207.24510659739747,110.7047350131986,2012-06-30,2012-06-29,2012-12-28,89.34999999999998,87.69999999999999,10.65,53,52,6
2012-10-18,206.84585035937855,110.4170098807339,2012-06-30,2012-06-29,2012-12-28,89.34999999999998,87.69999999999999,10.65,53,52,6
2012-10-19,202.55664098640878,108.576967430741,2012-06-30,2012-06-29,2012-12-28,89.34999999999998,87.69999999999999,10.65,53,52,6
2012-10-22,201.64262244114826,108.59210077658967,2012-06-30,2012-06-29,2012-12-28,89.34999999999998,87.69999999999999,10.65,53,52,6
2012-10-23,200.3240642532381,107.08527927727738,2012-06-30,2012-06-29,2012-12-28,89.34999999999998,87.69999999999999,10.65,53,52,6
2012-10-24,198.3616856446705,106.78232501829412,2012-06-30,2012-06-29,2012-12-28,89.34999999999998,87.69999999999999,10.65,53,52,6
2012-10-25,199.21889739882675,107.09284595020172,2012-06-30,2012-06-29,2012-12-28,89.34999999999998,87.69999999999999,10.65,53,52,6
2012-10-26,198.14974273662503,107.0322167861371,2012-06-30,2012-06-29,2012-12-28,89.34999999999998,87.69999999999999,10.65,53,52,6
2012-10-31,199.56468483195303,107.0322167861371,2012-06-30,2012-06-29,2012-12-28,89.34999999999998,87.69999999999999,10.65,53,52,6
2012-11-01,202.17412034024235,108.15294640496833,2012-06-30,2012-06-29,2012-12-28,89.34999999999998,87.69999999999999,10.65,53,52,6
2012-11-02,200.07760724626,107.19130847888805,2012-06-30,2012-06-29,2012-12-28,89.34999999999998,87.69999999999999,10.65,53,52,6
2012-11-05,200.77230767107713,107.41083777436373,2012-06-30,2012-06-29,2012-12-28,89.34999999999998,87.69999999999999,10.65,53,52,6
2012-11-06,202.78857098543872,108.25140893365466,2012-06-30,2012-06-29,2012-12-28,89.34999999999998,87.69999999999999,10.65,53,52,6
2012-11-07,199.1256774284307,105.7979870734408,2012-06-30,2012-06-29,2012-12-28,89.34999999999998,87.69999999999999,10.65,53,52,6
2012-11-08,195.8191173654872,104.52582821545286,2012-06-30,2012-06-29,2012-12-28,89.34999999999998,87.69999999999999,10.65,53,52,6
2012-11-09,196.44027791159172,104.61672407121485,2012-06-30,2012-06-29,2012-12-28,89.34999999999998,87.69999999999999,10.65,53,52,6
2012-11-12,196.80737847646242,104.70005325405248,2012-06-30,2012-06-29,2012-12-28,89.34999999999998,87.69999999999999,10.65,53,52,6
2012-11-13,196.10335095798493,104.33656561167453,2012-06-30,2012-06-29,2012-12-28,89.34999999999998,87.69999999999999,10.65,53,52,6
2012-11-14,192.38968002961585,102.92811086037861,2012-06-30,2012-06-29,2012-12-28,89.34999999999998,87.69999999999999,10.65,53,52,6
2012-11-15,191.83470411055316,102.75398160244893,2012-06-30,2012-06-29,2012-12-28,89.34999999999998,87.69999999999999,10.65,53,52,6
2012-11-16,192.54060796867944,103.26133181105924,2012-06-30,2012-06-29,2012-12-28,89.34999999999998,87.69999999999999,10.65,53,52,6
2012-11-19,197.11915750744916,105.35126602889511,2012-06-30,2012-06-29,2012-12-28,89.34999999999998,87.69999999999999,10.65,53,52,6
2012-11-20,198.47478259644234,105.39666606644114,2012-06-30,2012-06-29,2012-12-28,89.34999999999998,87.69999999999999,10.65,53,52,6
2012-11-21,199.29933486489514,105.59349534314384,2012-06-30,2012-06-29,2012-12-28,89.34999999999998,87.69999999999999,10.65,53,52,6
2012-11-23,201.3047657449566,107.0322167861371,2012-06-30,2012-06-29,2012-12-28,89.34999999999998,87.69999999999999,10.65,53,52,6
2012-11-26,200.8299046930167,106.80512081773705,2012-06-30,2012-06-29,2012-12-28,89.34999999999998,87.69999999999999,10.65,53,52,6
2012-11-27,201.00286013733438,106.25993724450507,2012-06-30,2012-06-29,2012-12-28,89.34999999999998,87.69999999999999,10.65,53,52,6
2012-11-28,203.1642941831255,107.11554596897473,2012-06-30,2012-06-29,2012-12-28,89.34999999999998,87.69999999999999,10.65,53,52,6
2012-11-29,204.60520372588945,107.61532950466068,2012-06-30,2012-06-29,2012-12-28,89.34999999999998,87.69999999999999,10.65,53,52,6
2012-11-30,203.68556461993717,107.63802952343372,2012-06-30,2012-06-29,2012-12-28,89.34999999999998,87.69999999999999,10.65,53,52,6
2012-12-03,203.4708199326988,107.1079792960504,2012-06-30,2012-06-29,2012-12-28,89.34999999999998,87.69999999999999,10.65,53,52,6
2012-12-04,202.62245866083535,106.95655005689373,2012-06-30,2012-06-29,2012-12-28,89.34999999999998,87.69999999999999,10.65,53,52,6
2012-12-05,202.27847202645702,107.14581266067206,2012-06-30,2012-06-29,2012-12-28,89.34999999999998,87.69999999999999,10.65,53,52,6
2012-12-06,203.22746554254914,107.50930030305004,2012-06-30,2012-06-29,2012-12-28,89.34999999999998,87.69999999999999,10.65,53,52,6
2012-12-07,202.99919416018614,107.83485880013639,2012-06-30,2012-06-29,2012-12-28,89.34999999999998,87.69999999999999,10.65,53,52,6
2012-12-10,203.79151629386394,107.88035461835234,2012-06-30,2012-06-29,2012-12-28,89.34999999999998,87.69999999999999,10.65,53,52,6
2012-12-11,205.05351918518414,108.6148007953627,2012-06-30,2012-06-29,2012-12-28,89.34999999999998,87.69999999999999,10.65,53,52,6
2012-12-12,205.1969945886802,108.66786328650298,2012-06-30,2012-06-29,2012-12-28,89.34999999999998,87.69999999999999,10.65,53,52,6
2012-12-13,204.60763812436053,108.00151716581168,2012-06-30,2012-06-29,2012-12-28,89.34999999999998,87.69999999999999,10.65,53,52,6
2012-12-14,204.96025188753927,107.60019615881203,2012-06-30,2012-06-29,2012-12-28,89.34999999999998,87.69999999999999,10.65,53,52,6
2012-12-17,208.1128276382579,108.86469256320565,2012-06-30,2012-06-29,2012-12-28,89.34999999999998,87.69999999999999,10.65,53,52,6
2012-12-18,210.26323055216062,110.07622225712896,2012-06-30,2012-06-29,2012-12-28,89.34999999999998,87.69999999999999,10.65,53,52,6
2012-12-19,210.6425601910436,109.25844689728099,2012-06-30,2012-06-29,2012-12-28,89.34999999999998,87.69999999999999,10.65,53,52,6
2012-12-20,211.83137882159116,109.8869596533506,2012-06-30,2012-06-29,2012-12-28,89.34999999999998,87.69999999999999,10.65,53,52,6
2012-12-21,210.17108980988175,108.88940397604718,2012-06-30,2012-06-29,2012-12-28,89.34999999999998,87.69999999999999,10.65,53,52,6
2012-12-24,209.7334212306726,108.55378850861837,2012-06-30,2012-06-29,2012-12-28,89.34999999999998,87.69999999999999,10.65,53,52,6
2012-12-26,207.76941687560094,108.09624424837077,2012-06-30,2012-06-29,2012-12-28,89.34999999999998,87.69999999999999,10.65,53,52,6
2012-12-27,207.66962209883405,107.95142387543916,2012-06-30,2012-06-29,2012-12-28,89.34999999999998,87.69999999999999,10.65,53,52,6
2012-12-28,206.20315591611936,106.78462375437239,2012-06-30,2012-06-29,2012-12-28,89.34999999999998,87.69999999999999,10.65,53,52,6
2012-12-31,204.97631498101674,108.59957166884409,2012-12-31,2012-12-28,2013-06-28,92.04999999999998,89.83999999999997,7.950000000000001,54,53,5
2013-01-02,210.74724153174373,111.38305371763093,2012-12-31,2012-12-28,2013-06-28,92.04999999999998,89.83999999999997,7.950000000000001,54,53,5
2013-01-03,211.15540115097843,111.1313421170593,2012-12-31,2012-12-28,2013-06-28,92.04999999999998,89.83999999999997,7.950000000000001,54,53,5
2013-01-04,213.7209480585053,111.61944041101401,2012-12-31,2012-12-28,2013-06-28,92.04999999999998,89.83999999999997,7.950000000000001,54,53,5
2013-01-07,213.14807796469074,111.31437897729232,2012-12-31,2012-12-28,2013-06-28,92.04999999999998,89.83999999999997,7.950000000000001,54,53,5
2013-01-08,212.7887988317518,110.99408841705203,2012-12-31,2012-12-28,2013-06-28,92.04999999999998,89.83999999999997,7.950000000000001,54,53,5
2013-01-09,213.68549518857463,111.27625827066086,2012-12-31,2012-12-28,2013-06-28,92.04999999999998,89.83999999999997,7.950000000000001,54,53,5
2013-01-10,213.73545202967182,112.16088853811878,2012-12-31,2012-12-28,2013-06-28,92.04999999999998,89.83999999999997,7.950000000000001,54,53,5
2013-01-11,214.28268116650207,112.15322608452453,2012-12-31,2012-12-28,2013-06-28,92.04999999999998,89.83999999999997,7.950000000000001,54,53,5
2013-01-14,213.79861088614783,112.0769846712616,2012-12-31,2012-12-28,2013-06-28,92.04999999999998,89.83999999999997,7.950000000000001,54,53,5
2013-01-15,214.22581513956158,112.15322608452453,2012-12-31,2012-12-28,2013-06-28,92.04999999999998,89.83999999999997,7.950000000000001,54,53,5
2013-01-16,213.78563594623668,112.13799695800593,2012-12-31,2012-12-28,2013-06-28,92.04999999999998,89.83999999999997,7.950000000000001,54,53,5
2013-01-17,216.34867221983947,112.8623861646738,2012-12-31,2012-12-28,2013-06-28,92.04999999999998,89.83999999999997,7.950000000000001,54,53,5
2013-01-18,217.45549196147152,113.11409776524542,2012-12-31,2012-12-28,2013-06-28,92.04999999999998,89.83999999999997,7.950000000000001,54,53,5
2013-01-22,219.56759172275926,113.72412485201889,2012-12-31,2012-12-28,2013-06-28,92.04999999999998,89.83999999999997,7.950000000000001,54,53,5
2013-01-23,219.14349190722706,113.90716171225188,2012-12-31,2012-12-28,2013-06-28,92.04999999999998,89.83999999999997,7.950000000000001,54,53,5
2013-01-24,220.13130145365287,113.93761996528909,2012-12-31,2012-12-28,2013-06-28,92.04999999999998,89.83999999999997,7.950000000000001,54,53,5
2013-01-25,221.70027000859355,114.57820108576968,2012-12-31,2012-12-28,2013-06-28,92.04999999999998,89.83999999999997,7.950000000000001,54,53,5
2013-01-28,222.73169616656276,114.4409473857624,2012-12-31,2012-12-28,2013-06-28,92.04999999999998,89.83999999999997,7.950000000000001,54,53,5
2013-01-29,222.5267931834711,114.89092497308565,2012-12-31,2012-12-28,2013-06-28,92.04999999999998,89.83999999999997,7.950000000000001,54,53,5
2013-01-30,221.02605065780065,114.4409473857624,2012-12-31,2012-12-28,2013-06-28,92.04999999999998,89.83999999999997,7.950000000000001,54,53,5
2013-01-31,222.56319724930606,114.15877753215358,2012-12-31,2012-12-28,2013-06-28,92.04999999999998,89.83999999999997,7.950000000000001,54,53,5
2013-02-01,224.98869639208456,115.33314432614468,2012-12-31,2012-12-28,2013-06-28,92.04999999999998,89.83999999999997,7.950000000000001,54,53,5
2013-02-04,222.78502761114837,114.03675295866489,2012-12-31,2012-12-28,2013-06-28,92.04999999999998,89.83999999999997,7.950000000000001,54,53,5
2013-02-05,224.24595004115147,115.18832395321309,2012-12-31,2012-12-28,2013-06-28,92.04999999999998,89.83999999999997,7.950000000000001,54,53,5
2013-02-06,225.3468973668401,115.27222782007027,2012-12-31,2012-12-28,2013-06-28,92.04999999999998,89.83999999999997,7.950000000000001,54,53,5
2013-02-07,224.64775272246558,115.11964921287445,2012-12-31,2012-12-28,2013-06-28,92.04999999999998,89.83999999999997,7.950000000000001,54,53,5
2013-02-08,226.19286941557326,115.76023033335505,2012-12-31,2012-12-28,2013-06-28,92.04999999999998,89.83999999999997,7.950000000000001,54,53,5
2013-02-11,225.8665021601455,115.7373387532422,2012-12-31,2012-12-28,2013-06-28,92.04999999999998,89.83999999999997,7.950000000000001,54,53,5
2013-02-12,226.8682426989495,115.92803806706947,2012-12-31,2012-12-28,2013-06-28,92.04999999999998,89.83999999999997,7.950000000000001,54,53,5
2013-02-13,226.7037049688705,116.02717106044527,2012-12-31,2012-12-28,2013-06-28,92.04999999999998,89.83999999999997,7.950000000000001,54,53,5
2013-02-14,228.099983429629,116.13387072674541,2012-12-31,2012-12-28,2013-06-28,92.04999999999998,89.83999999999997,7.950000000000001,54,53,5
2013-02-15,228.4319427486617,115.99661702673814,2012-12-31,2012-12-28,2013-06-28,92.04999999999998,89.83999999999997,7.950000000000001,54,53,5
2013-02-19,232.1563729109338,116.86601816767748,2012-12-31,2012-12-28,2013-06-28,92.04999999999998,89.83999999999997,7.950000000000001,54,53,5
2013-02-20,228.8376896132279,115.40948152007755,2012-12-31,2012-12-28,2013-06-28,92.04999999999998,89.83999999999997,7.950000000000001,54,53,5
2013-02-21,228.28489497836034,114.70788811285261,2012-12-31,2012-12-28,2013-06-28,92.04999999999998,89.83999999999997,7.950000000000001,54,53,5
2013-02-22,229.79477598551006,115.82890507369366,2012-12-31,2012-12-28,2013-06-28,92.04999999999998,89.83999999999997,7.950000000000001,54,53,5
2013-02-25,226.6433259565773,113.62499185864306,2012-12-31,2012-12-28,2013-06-28,92.04999999999998,89.83999999999997,7.950000000000001,54,53,5
2013-02-26,228.83277434631643,114.40282667913092,2012-12-31,2012-12-28,2013-06-28,92.04999999999998,89.83999999999997,7.950000000000001,54,53,5
2013-02-27,231.2914255927168,115.84413420021224,2012-12-31,2012-12-28,2013-06-28,92.04999999999998,89.83999999999997,7.950000000000001,54,53,5
2013-02-28,231.26352678603524,115.6153141797535,2012-12-31,2012-12-28,2013-06-28,92.04999999999998,89.83999999999997,7.950000000000001,54,53,5
2013-03-01,232.3939102600554,115.99661702673814,2012-12-31,2012-12-28,2013-06-28,92.04999999999998,89.83999999999997,7.950000000000001,54,53,5
2013-03-04,233.73656550480075,116.61430656710587,2012-12-31,2012-12-28,2013-06-28,92.04999999999998,89.83999999999997,7.950000000000001,54,53,5
2013-03-05,237.47715315529587,117.65908211468397,2012-12-31,2012-12-28,2013-06-28,92.04999999999998,89.83999999999997,7.950000000000001,54,53,5
2013-03-06,238.0538586313622,117.8192273948041,2012-12-31,2012-12-28,2013-06-28,92.04999999999998,89.83999999999997,7.950000000000001,54,53,5
2013-03-07,239.5467650915687,118.0327225080743,2012-12-31,2012-12-28,2013-06-28,92.04999999999998,89.83999999999997,7.950000000000001,54,53,5
2013-03-08,241.64935258185986,118.53604992854763,2012-12-31,2012-12-28,2013-06-28,92.04999999999998,89.83999999999997,7.950000000000001,54,53,5
2013-03-11,241.92891991322543,118.98593173520094,2012-12-31,2012-12-28,2013-06-28,92.04999999999998,89.83999999999997,7.950000000000001,54,53,5
2013-03-12,240.96385811114777,118.71908678878064,2012-12-31,2012-12-28,2013-06-28,92.04999999999998,89.83999999999997,7.950000000000001,54,53,5
2013-03-13,243.40090711232696,118.88679874182513,2012-12-31,2012-12-28,2013-06-28,92.04999999999998,89.83999999999997,7.950000000000001,54,53,5
2013-03-14,244.873840950052,119.51981318938137,2012-12-31,2012-12-28,2013-06-28,92.04999999999998,89.83999999999997,7.950000000000001,54,53,5
2013-03-15,244.134887691084,119.36177508399966,2012-12-31,2012-12-28,2013-06-28,92.04999999999998,89.83999999999997,7.950000000000001,54,53,5
2013-03-18,243.10759490150696,118.7029956362327,2012-12-31,2012-12-28,2013-06-28,92.04999999999998,89.83999999999997,7.950000000000001,54,53,5
2013-03-19,242.8682316851562,118.42724308750905,2012-12-31,2012-12-28,2013-06-28,92.04999999999998,89.83999999999997,7.950000000000001,54,53,5
2013-03-20,245.2574695185962,119.25450073367993,2012-12-31,2012-12-28,2013-06-28,92.04999999999998,89.83999999999997,7.950000000000001,54,53,5
2013-03-21,242.95232712546397,118.23577752832234,2012-12-31,2012-12-28,2013-06-28,92.04999999999998,89.83999999999997,7.950000000000001,54,53,5
2013-03-22,244.66607450604135,119.18563443200148,2012-12-31,2012-12-28,2013-06-28,92.04999999999998,89.83999999999997,7.950000000000001,54,53,5
2013-03-25,244.34544878082986,118.68767072904416,2012-12-31,2012-12-28,2013-06-28,92.04999999999998,89.83999999999997,7.950000000000001,54,53,5
2013-03-26,246.0287996332107,119.63752763272328,2012-12-31,2012-12-28,2013-06-28,92.04999999999998,89.83999999999997,7.950000000000001,54,53,5
2013-03-27,246.37063591226686,119.63752763272328,2012-12-31,2012-12-28,2013-06-28,92.04999999999998,89.83999999999997,7.950000000000001,54,53,5
2013-03-28,247.15095414905352,120.00522962457809,2012-12-31,2012-12-28,2013-06-28,92.04999999999998,89.83999999999997,7.950000000000001,54,53,5
2013-04-01,245.58808339173248,119.53025328240356,2012-12-31,2012-12-28,2013-06-28,92.04999999999998,89.83999999999997,7.950000000000001,54,53,5
2013-04-02,246.3467702440576,120.12007064782215,2012-12-31,2012-12-28,2013-06-28,92.04999999999998,89.83999999999997,7.950000000000001,54,53,5
2013-04-03,242.85042686422415,118.9022194296836,2012-12-31,2012-12-28,2013-06-28,92.04999999999998,89.83999999999997,7.950000000000001,54,53,5
2013-04-04,244.66392312098114,119.38476244478244,2012-12-31,2012-12-28,2013-06-28,92.04999999999998,89.83999999999997,7.950000000000001,54,53,5
2013-04-05,243.67288538409792,118.84858225452373,2012-12-31,2012-12-28,2013-06-28,92.04999999999998,89.83999999999997,7.950000000000001,54,53,5
2013-04-08,245.54690416130737,119.6528525399118,2012-12-31,2012-12-28,2013-06-28,92.04999999999998,89.83999999999997,7.950000000000001,54,53,5
2013-04-09,244.82398909787892,120.06643347266228,2012-12-31,2012-12-28,2013-06-28,92.04999999999998,89.83999999999997,7.950000000000001,54,53,5
2013-04-10,249.0463777586094,121.5371456594116,2012-12-31,2012-12-28,2013-06-28,92.04999999999998,89.83999999999997,7.950000000000001,54,53,5
2013-04-11,249.965582833217,121.93540168497354,2012-12-31,2012-12-28,2013-06-28,92.04999999999998,89.83999999999997,7.950000000000001,54,53,5
2013-04-12,250.06599331166998,121.63675755613706,2012-12-31,2012-12-28,2013-06-28,92.04999999999998,89.83999999999997,7.950000000000001,54,53,5
2013-04-15,241.82448333920323,118.81793244014666,2012-12-31,2012-12-28,2013-06-28,92.04999999999998,89.83999999999997,7.950000000000001,54,53,5
2013-04-16,244.8123771314152,120.57196384854394,2012-12-31,2012-12-28,2013-06-28,92.04999999999998,89.83999999999997,7.950000000000001,54,53,5
2013-04-17,241.28459809800094,118.8102699865524,2012-12-31,2012-12-28,2013-06-28,92.04999999999998,89.83999999999997,7.950000000000001,54,53,5
2013-04-18,240.0142861797867,118.06729932991844,2012-12-31,2012-12-28,2013-06-28,92.04999999999998,89.83999999999997,7.950000000000001,54,53,5
2013-04-19,243.13441033433665,119.0936849888703,2012-12-31,2012-12-28,2013-06-28,92.04999999999998,89.83999999999997,7.950000000000001,54,53,5
2013-04-22,242.80607789616914,119.62220272553475,2012-12-31,2012-12-28,2013-06-28,92.04999999999998,89.83999999999997,7.950000000000001,54,53,5
2013-04-23,244.8170046575116,120.85537885086184,2012-12-31,2012-12-28,2013-06-28,92.04999999999998,89.83999999999997,7.950000000000001,54,53,5
2013-04-24,245.589869656965,120.9320033868045,2012-12-31,2012-12-28,2013-06-28,92.04999999999998,89.83999999999997,7.950000000000001,54,53,5
2013-04-25,247.64544264038994,121.42220885549764,2012-12-31,2012-12-28,2013-06-28,92.04999999999998,89.83999999999997,7.950000000000001,54,53,5
2013-04-26,248.49796394039691,121.20775593552813,2012-12-31,2012-12-28,2013-06-28,92.04999999999998,89.83999999999997,7.950000000000001,54,53,5
2013-04-29,248.6046357688439,122.01968867451048,2012-12-31,2012-12-28,2013-06-28,92.04999999999998,89.83999999999997,7.950000000000001,54,53,5
2013-04-30,250.17708244286507,122.31076613042265,2012-12-31,2012-12-28,2013-06-28,92.04999999999998,89.83999999999997,7.950000000000001,54,53,5
2013-05-01,247.10783952498375,121.23840574990518,2012-12-31,2012-12-28,2013-06-28,92.04999999999998,89.83999999999997,7.950000000000001,54,53,5
2013-05-02,250.41510400508244,122.3644033055825,2012-12-31,2012-12-28,2013-06-28,92.04999999999998,89.83999999999997,7.950000000000001,54,53,5
2013-05-03,254.8051863782123,123.60524188450384,2012-12-31,2012-12-28,2013-06-28,92.04999999999998,89.83999999999997,7.950000000000001,54,53,5
2013-05-06,256.3422475144897,123.91930670119879,2012-12-31,2012-12-28,2013-06-28,92.04999999999998,89.83999999999997,7.950000000000001,54,53,5
2013-05-07,259.211569259788,124.5474363345887,2012-12-31,2012-12-28,2013-06-28,92.04999999999998,89.83999999999997,7.950000000000001,54,53,5
2013-05-08,258.43394615517343,125.11426633922449,2012-12-31,2012-12-28,2013-06-28,92.04999999999998,89.83999999999997,7.950000000000001,54,53,5
2013-05-09,256.43836987157545,124.76188925455823,2012-12-31,2012-12-28,2013-06-28,92.04999999999998,89.83999999999997,7.950000000000001,54,53,5
2013-05-10,258.1816029340075,125.16790351438436,2012-12-31,2012-12-28,2013-06-28,92.04999999999998,89.83999999999997,7.950000000000001,54,53,5
2013-05-13,257.6241442242213,125.26741963043986,2012-12-31,2012-12-28,2013-06-28,92.04999999999998,89.83999999999997,7.950000000000001,54,53,5
2013-05-14,261.82383444801525,126.5618953845211,2012-12-31,2012-12-28,2013-06-28,92.04999999999998,89.83999999999997,7.950000000000001,54,53,5
2013-05-15,262.6040952555211,127.24366219307083,2012-12-31,2012-12-28,2013-06-28,92.04999999999998,89.83999999999997,7.950000000000001,54,53,5
2013-05-16,260.91273794016877,126.646182374058,2012-12-31,2012-12-28,2013-06-28,92.04999999999998,89.83999999999997,7.950000000000001,54,53,5
2013-05-17,263.1998378147081,127.87179182646075,2012-12-31,2012-12-28,2013-06-28,92.04999999999998,89.83999999999997,7.950000000000001,54,53,5
2013-05-20,262.97254173313723,127.86412937286651,2012-12-31,2012-12-28,2013-06-28,92.04999999999998,89.83999999999997,7.950000000000001,54,53,5
2013-05-21,263.80168077293797,128.04793247845893,2012-12-31,2012-12-28,2013-06-28,92.04999999999998,89.83999999999997,7.950000000000001,54,53,5
2013-05-22,261.84529371309577,127.09807557477981,2012-12-31,2012-12-28,2013-06-28,92.04999999999998,89.83999999999997,7.950000000000001,54,53,5
2013-05-23,262.07652880854664,126.7304693635949,2012-12-31,2012-12-28,2013-06-28,92.04999999999998,89.83999999999997,7.950000000000001,54,53,5
2013-05-24,262.086044920998,126.62319501327521,2012-12-31,2012-12-28,2013-06-28,92.04999999999998,89.83999999999997,7.950000000000001,54,53,5
2013-05-28,266.3608499942505,127.3814905770977,2012-12-31,2012-12-28,2013-06-28,92.04999999999998,89.83999999999997,7.950000000000001,54,53,5
2013-05-29,263.41924774624806,126.55423293092683,2012-12-31,2012-12-28,2013-06-28,92.04999999999998,89.83999999999997,7.950000000000001,54,53,5
2013-05-30,265.01734569810907,127.02154681950708,2012-12-31,2012-12-28,2013-06-28,92.04999999999998,89.83999999999997,7.950000000000001,54,53,5
2013-05-31,265.1111848712992,125.19845754809147,2012-12-31,2012-12-28,2013-06-28,92.04999999999998,89.83999999999997,7.950000000000001,54,53,5
2013-06-03,266.46051961242676,125.88788681023553,2012-12-31,2012-12-28,2013-06-28,92.04999999999998,89.83999999999997,7.950000000000001,54,53,5
2013-06-04,265.6782738926137,125.28274453762842,2012-12-31,2012-12-28,2013-06-28,92.04999999999998,89.83999999999997,7.950000000000001,54,53,5
2013-06-05,261.4702836664678,123.52871312923112,2012-12-31,2012-12-28,2013-06-28,92.04999999999998,89.83999999999997,7.950000000000001,54,53,5
2013-06-06,265.22342834833415,124.64695245064424,2012-12-31,2012-12-28,2013-06-28,92.04999999999998,89.83999999999997,7.950000000000001,54,53,5
2013-06-07,269.12037310042706,126.23260144130752,2012-12-31,2012-12-28,2013-06-28,92.04999999999998,89.83999999999997,7.950000000000001,54,53,5
2013-06-10,270.84495316991325,126.23260144130752,2012-12-31,2012-12-28,2013-06-28,92.04999999999998,89.83999999999997,7.950000000000001,54,53,5
2013-06-11,268.1898764783608,124.93036745296212,2012-12-31,2012-12-28,2013-06-28,92.04999999999998,89.83999999999997,7.950000000000001,54,53,5
2013-06-12,266.1882918622568,123.89631934041599,2012-12-31,2012-12-28,2013-06-28,92.04999999999998,89.83999999999997,7.950000000000001,54,53,5
2013-06-13,269.0968394413374,125.78061245991579,2012-12-31,2012-12-28,2013-06-28,92.04999999999998,89.83999999999997,7.950000000000001,54,53,5
2013-06-14,266.5119840716972,124.99166708171626,2012-12-31,2012-12-28,2013-06-28,92.04999999999998,89.83999999999997,7.950000000000001,54,53,5
2013-06-17,267.3720653624874,125.95684889258392,2012-12-31,2012-12-28,2013-06-28,92.04999999999998,89.83999999999997,7.950000000000001,54,53,5
2013-06-18,271.6815528261121,126.95258473715869,2012-12-31,2012-12-28,2013-06-28,92.04999999999998,89.83999999999997,7.950000000000001,54,53,5
2013-06-19,269.7508018138234,125.19845754809147,2012-12-31,2012-12-28,2013-06-28,92.04999999999998,89.83999999999997,7.950000000000001,54,53,5
2013-06-20,263.19852670312616,122.09631321045313,2012-12-31,2012-12-28,2013-06-28,92.04999999999998,89.83999999999997,7.950000000000001,54,53,5
2013-06-21,260.7403214347108,122.48834349246974,2012-12-31,2012-12-28,2013-06-28,92.04999999999998,89.83999999999997,7.950000000000001,54,53,5
2013-06-24,257.3318510224997,120.94062364709804,2012-12-31,2012-12-28,2013-06-28,92.04999999999998,89.83999999999997,7.950000000000001,54,53,5
2013-06-25,260.58633491471886,122.1033051993579,2012-12-31,2012-12-28,2013-06-28,92.04999999999998,89.83999999999997,7.950000000000001,54,53,5
2013-06-26,263.29592824383025,123.31224881519314,2012-12-31,2012-12-28,2013-06-28,92.04999999999998,89.83999999999997,7.950000000000001,54,53,5
2013-06-27,266.1903470448357,124.03606333784143,2012-12-31,2012-12-28,2013-06-28,92.04999999999998,89.83999999999997,7.950000000000001,54,53,5
2013-06-28,265.538628921261,123.52785110320177,2012-12-31,2012-12-28,2013-06-28,92.04999999999998,89.83999999999997,7.950000000000001,54,53,5
2013-07-01,265.55641435555145,124.25166562585007,2013-06-30,2013-06-28,2013-12-31,93.39999999999999,92.07999999999998,6.609999999999999,55,54,5
2013-07-02,266.10896373721494,124.13615413791652,2013-06-30,2013-06-28,2013-12-31,93.39999999999999,92.07999999999998,6.609999999999999,55,54,5
2013-07-03,266.4823675910014,124.19007865508615,2013-06-30,2013-06-28,2013-12-31,93.39999999999999,92.07999999999998,6.609999999999999,55,54,5
2013-07-05,270.8940152410882,125.52995444671338,2013-06-30,2013-06-28,2013-12-31,93.39999999999999,92.07999999999998,6.609999999999999,55,54,5
2013-07-08,272.99854529241725,126.24610651576742,2013-06-30,2013-06-28,2013-12-31,93.39999999999999,92.07999999999998,6.609999999999999,55,54,5
2013-07-09,274.6669493323944,127.15468195070744,2013-06-30,2013-06-28,2013-12-31,93.39999999999999,92.07999999999998,6.609999999999999,55,54,5
2013-07-10,274.79909295435107,127.20094401428281,2013-06-30,2013-06-28,2013-12-31,93.39999999999999,92.07999999999998,6.609999999999999,55,54,5
2013-07-11,276.6830794042375,128.93342477194625,2013-06-30,2013-06-28,2013-12-31,93.39999999999999,92.07999999999998,6.609999999999999,55,54,5
2013-07-12,278.1967514474997,128.98734928911588,2013-06-30,2013-06-28,2013-12-31,93.39999999999999,92.07999999999998,6.609999999999999,55,54,5
2013-07-15,278.45814264243324,129.480236616567,2013-06-30,2013-06-28,2013-12-31,93.39999999999999,92.07999999999998,6.609999999999999,55,54,5
2013-07-16,277.2176637572044,128.99510752338009,2013-06-30,2013-06-28,2013-12-31,93.39999999999999,92.07999999999998,6.609999999999999,55,54,5
2013-07-17,276.718169926074,129.32622129932227,2013-06-30,2013-06-28,2013-12-31,93.39999999999999,92.07999999999998,6.609999999999999,55,54,5
2013-07-18,279.30121809406893,130.0346151341121,2013-06-30,2013-06-28,2013-12-31,93.39999999999999,92.07999999999998,6.609999999999999,55,54,5
2013-07-19,276.86173561876564,130.2656381099792,2013-06-30,2013-06-28,2013-12-31,93.39999999999999,92.07999999999998,6.609999999999999,55,54,5
2013-07-22,275.3526813095786,130.51974422729901,2013-06-30,2013-06-28,2013-12-31,93.39999999999999,92.07999999999998,6.609999999999999,55,54,5
2013-07-23,272.5994056381167,130.2425549685265,2013-06-30,2013-06-28,2013-12-31,93.39999999999999,92.07999999999998,6.609999999999999,55,54,5
2013-07-24,268.69445630736385,129.76508832893384,2013-06-30,2013-06-28,2013-12-31,93.39999999999999,92.07999999999998,6.609999999999999,55,54,5
2013-07-25,270.03801520101246,130.08078141701756,2013-06-30,2013-06-28,2013-12-31,93.39999999999999,92.07999999999998,6.609999999999999,55,54,5
2013-07-26,271.07815871073336,130.21937604640382,2013-06-30,2013-06-28,2013-12-31,93.39999999999999,92.07999999999998,6.609999999999999,55,54,5
2013-07-29,268.962248332805,129.81901284610348,2013-06-30,2013-06-28,2013-12-31,93.39999999999999,92.07999999999998,6.609999999999999,55,54,5
2013-07-30,268.4221192397437,129.81901284610348,2013-06-30,2013-06-28,2013-12-31,93.39999999999999,92.07999999999998,6.609999999999999,55,54,5
2013-07-31,270.6618807642017,129.91144119258428,2013-06-30,2013-06-28,2013-12-31,93.39999999999999,92.07999999999998,6.609999999999999,55,54,5
2013-08-01,274.3313990703653,131.41299475505053,2013-06-30,2013-06-28,2013-12-31,93.39999999999999,92.07999999999998,6.609999999999999,55,54,5
2013-08-02,275.4071934922925,131.63625949665342,2013-06-30,2013-06-28,2013-12-31,93.39999999999999,92.07999999999998,6.609999999999999,55,54,5
2013-08-05,275.6992850173193,131.44374035009753,2013-06-30,2013-06-28,2013-12-31,93.39999999999999,92.07999999999998,6.609999999999999,55,54,5
2013-08-06,272.389698176747,130.69684268599647,2013-06-30,2013-06-28,2013-12-31,93.39999999999999,92.07999999999998,6.609999999999999,55,54,5
2013-08-07,271.16884965834356,130.27330056357346,2013-06-30,2013-06-28,2013-12-31,93.39999999999999,92.07999999999998,6.609999999999999,55,54,5
2013-08-08,273.5150175720063,130.75076720316613,2013-06-30,2013-06-28,2013-12-31,93.39999999999999,92.07999999999998,6.609999999999999,55,54,5
2013-08-09,273.6363152033979,130.37339136364855,2013-06-30,2013-06-28,2013-12-31,93.39999999999999,92.07999999999998,6.609999999999999,55,54,5
2013-08-12,273.49267384826214,130.21937604640382,2013-06-30,2013-06-28,2013-12-31,93.39999999999999,92.07999999999998,6.609999999999999,55,54,5
2013-08-13,273.2850002517443,130.60441433951567,2013-06-30,2013-06-28,2013-12-31,93.39999999999999,92.07999999999998,6.609999999999999,55,54,5
2013-08-14,272.35852105659325,129.934524334037,2013-06-30,2013-06-28,2013-12-31,93.39999999999999,92.07999999999998,6.609999999999999,55,54,5
2013-08-15,268.5468267457261,128.11727768348703,2013-06-30,2013-06-28,2013-12-31,93.39999999999999,92.07999999999998,6.609999999999999,55,54,5
2013-08-16,268.95803829624367,127.69373556106403,2013-06-30,2013-06-28,2013-12-31,93.39999999999999,92.07999999999998,6.609999999999999,55,54,5
2013-08-19,266.9917908720547,126.87749269193489,2013-06-30,2013-06-28,2013-12-31,93.39999999999999,92.07999999999998,6.609999999999999,55,54,5
2013-08-20,271.1789545790061,127.5012164145081,2013-06-30,2013-06-28,2013-12-31,93.39999999999999,92.07999999999998,6.609999999999999,55,54,5
2013-08-21,269.27273231522764,126.7158149210959,2013-06-30,2013-06-28,2013-12-31,93.39999999999999,92.07999999999998,6.609999999999999,55,54,5
2013-08-22,272.58953356889293,127.87083401976149,2013-06-30,2013-06-28,2013-12-31,93.39999999999999,92.07999999999998,6.609999999999999,55,54,5
2013-08-23,272.4944394560243,128.30203859577878,2013-06-30,2013-06-28,2013-12-31,93.39999999999999,92.07999999999998,6.609999999999999,55,54,5
2013-08-26,272.0946558605561,127.82466773685603,2013-06-30,2013-06-28,2013-12-31,93.39999999999999,92.07999999999998,6.609999999999999,55,54,5
2013-08-27,265.29592634730864,125.76863987617475,2013-06-30,2013-06-28,2013-12-31,93.39999999999999,92.07999999999998,6.609999999999999,55,54,5
2013-08-28,265.8652606076294,126.21526514005048,2013-06-30,2013-06-28,2013-12-31,93.39999999999999,92.07999999999998,6.609999999999999,55,54,5
2013-08-29,268.20849201894043,126.4154467402007,2013-06-30,2013-06-28,2013-12-31,93.39999999999999,92.07999999999998,6.609999999999999,55,54,5
2013-08-30,263.75908821861185,126.01508353990035,2013-06-30,2013-06-28,2013-12-31,93.39999999999999,92.07999999999998,6.609999999999999,55,54,5
2013-09-03,264.4858606276213,126.58488274530389,2013-06-30,2013-06-28,2013-12-31,93.39999999999999,92.07999999999998,6.609999999999999,55,54,5
2013-09-04,265.9342626018962,127.63214859030012,2013-06-30,2013-06-28,2013-12-31,93.39999999999999,92.07999999999998,6.609999999999999,55,54,5
2013-09-05,266.79079788868,127.7938263611391,2013-06-30,2013-06-28,2013-12-31,93.39999999999999,92.07999999999998,6.609999999999999,55,54,5
2013-09-06,266.75290439563236,127.855413331903,2013-06-30,2013-06-28,2013-12-31,93.39999999999999,92.07999999999998,6.609999999999999,55,54,5
2013-09-09,270.637266166842,129.0797776355967,2013-06-30,2013-06-28,2013-12-31,93.39999999999999,92.07999999999998,6.609999999999999,55,54,5
2013-09-10,273.453137364227,130.0346151341121,2013-06-30,2013-06-28,2013-12-31,93.39999999999999,92.07999999999998,6.609999999999999,55,54,5
2013-09-11,274.7843617273718,130.44273656867665,2013-06-30,2013-06-28,2013-12-31,93.39999999999999,92.07999999999998,6.609999999999999,55,54,5
2013-09-12,275.0591025767974,130.09620210487603,2013-06-30,2013-06-28,2013-12-31,93.39999999999999,92.07999999999998,6.609999999999999,55,54,5
2013-09-13,276.9747612680658,130.38881205150702,2013-06-30,2013-06-28,2013-12-31,93.39999999999999,92.07999999999998,6.609999999999999,55,54,5
2013-09-16,277.96460930525654,131.14346794987225,2013-06-30,2013-06-28,2013-12-31,93.39999999999999,92.07999999999998,6.609999999999999,55,54,5
2013-09-17,280.1674105457642,131.72868784313425,2013-06-30,2013-06-28,2013-12-31,93.39999999999999,92.07999999999998,6.609999999999999,55,54,5
2013-09-18,281.75955474805926,133.25332454705324,2013-06-30,2013-06-28,2013-12-31,93.39999999999999,92.07999999999998,6.609999999999999,55,54,5
2013-09-19,280.4965064779472,133.03005980545032,2013-06-30,2013-06-28,2013-12-31,93.39999999999999,92.07999999999998,6.609999999999999,55,54,5
2013-09-20,277.97343427849137,132.0999337197764,2013-06-30,2013-06-28,2013-12-31,93.39999999999999,92.07999999999998,6.609999999999999,55,54,5
2013-09-23,276.4458852688672,131.48856570362398,2013-06-30,2013-06-28,2013-12-31,93.39999999999999,92.07999999999998,6.609999999999999,55,54,5
2013-09-24,277.5517995050561,131.17909835908557,2013-06-30,2013-06-28,2013-12-31,93.39999999999999,92.07999999999998,6.609999999999999,55,54,5
2013-09-25,277.0766812954693,130.79990268683937,2013-06-30,2013-06-28,2013-12-31,93.39999999999999,92.07999999999998,6.609999999999999,55,54,5
2013-09-26,276.31030623948436,131.30294276530287,2013-06-30,2013-06-28,2013-12-31,93.39999999999999,92.07999999999998,6.609999999999999,55,54,5
2013-09-27,276.2526231954543,130.69933298341462,2013-06-30,2013-06-28,2013-12-31,93.39999999999999,92.07999999999998,6.609999999999999,55,54,5
2013-09-30,274.9768614328317,130.00291173236585,2013-06-30,2013-06-28,2013-12-31,93.39999999999999,92.07999999999998,6.609999999999999,55,54,5
2013-10-01,277.8222440204505,131.0320750307456,2013-06-30,2013-06-28,2013-12-31,93.39999999999999,92.07999999999998,6.609999999999999,55,54,5
2013-10-02,277.6280740710645,130.9082306245283,2013-06-30,2013-06-28,2013-12-31,93.39999999999999,92.07999999999998,6.609999999999999,55,54,5
2013-10-03,275.06823036735506,129.70120262209164,2013-06-30,2013-06-28,2013-12-31,93.39999999999999,92.07999999999998,6.609999999999999,55,54,5
2013-10-04,277.45714953060025,130.68391229555615,2013-06-30,2013-06-28,2013-12-31,93.39999999999999,92.07999999999998,6.609999999999999,55,54,5
2013-10-07,274.22725616081163,129.55417929375164,2013-06-30,2013-06-28,2013-12-31,93.39999999999999,92.07999999999998,6.609999999999999,55,54,5
2013-10-08,270.0080342929235,128.04525061970097,2013-06-30,2013-06-28,2013-12-31,93.39999999999999,92.07999999999998,6.609999999999999,55,54,5
2013-10-09,269.4311124405584,128.13815786953143,2013-06-30,2013-06-28,2013-12-31,93.39999999999999,92.07999999999998,6.609999999999999,55,54,5
2013-10-10,273.71075608464736,130.90056817093404,2013-06-30,2013-06-28,2013-12-31,93.39999999999999,92.07999999999998,6.609999999999999,55,54,5
2013-10-11,277.18610698676605,131.74391696965287,2013-06-30,2013-06-28,2013-12-31,93.39999999999999,92.07999999999998,6.609999999999999,55,54,5
2013-10-14,277.45459125470506,132.27013597023904,2013-06-30,2013-06-28,2013-12-31,93.39999999999999,92.07999999999998,6.609999999999999,55,54,5
2013-10-15,275.1312714647087,131.31060521889714,2013-06-30,2013-06-28,2013-12-31,93.39999999999999,92.07999999999998,6.609999999999999,55,54,5
2013-10-16,277.9488113845531,133.14451770601465,2013-06-30,2013-06-28,2013-12-31,93.39999999999999,92.07999999999998,6.609999999999999,55,54,5
2013-10-17,279.76625484568603,134.0343201296487,2013-06-30,2013-06-28,2013-12-31,93.39999999999999,92.07999999999998,6.609999999999999,55,54,5
2013-10-18,282.3606221379922,134.93963902181116,2013-06-30,2013-06-28,2013-12-31,93.39999999999999,92.07999999999998,6.609999999999999,55,54,5
2013-10-21,282.92509332161836,134.9473972560754,2013-06-30,2013-06-28,2013-12-31,93.39999999999999,92.07999999999998,6.609999999999999,55,54,5
2013-10-22,283.45444202092307,135.72896752269045,2013-06-30,2013-06-28,2013-12-31,93.39999999999999,92.07999999999998,6.609999999999999,55,54,5
2013-10-23,281.8471598131748,135.0789998965569,2013-06-30,2013-06-28,2013-12-31,93.39999999999999,92.07999999999998,6.609999999999999,55,54,5
2013-10-24,284.3667076367636,135.52773233517104,2013-06-30,2013-06-28,2013-12-31,93.39999999999999,92.07999999999998,6.609999999999999,55,54,5
2013-10-25,285.42846444511434,136.14676280491776,2013-06-30,2013-06-28,2013-12-31,93.39999999999999,92.07999999999998,6.609999999999999,55,54,5
2013-10-28,285.62958238189515,136.3634186802956,2013-06-30,2013-06-28,2013-12-31,93.39999999999999,92.07999999999998,6.609999999999999,55,54,5
2013-10-29,286.72127663550293,137.09077708773125,2013-06-30,2013-06-28,2013-12-31,93.39999999999999,92.07999999999998,6.609999999999999,55,54,5
2013-10-30,285.63888102593035,136.40987230521085,2013-06-30,2013-06-28,2013-12-31,93.39999999999999,92.07999999999998,6.609999999999999,55,54,5
2013-10-31,287.3173752044001,136.02291839870045,2013-06-30,2013-06-28,2013-12-31,93.39999999999999,92.07999999999998,6.609999999999999,55,54,5
2013-11-01,286.8986292973274,136.34799799243717,2013-06-30,2013-06-28,2013-12-31,93.39999999999999,92.07999999999998,6.609999999999999,55,54,5
2013-11-04,289.03943420146805,136.82766758743819,2013-06-30,2013-06-28,2013-12-31,93.39999999999999,92.07999999999998,6.609999999999999,55,54,5
2013-11-05,292.0287987890342,136.39435583668248,2013-06-30,2013-06-28,2013-12-31,93.39999999999999,92.07999999999998,6.609999999999999,55,54,5
2013-11-06,291.8673306435095,137.09077708773125,2013-06-30,2013-06-28,2013-12-31,93.39999999999999,92.07999999999998,6.609999999999999,55,54,5
2013-11-07,286.4905476304797,135.35753008470843,2013-06-30,2013-06-28,2013-12-31,93.39999999999999,92.07999999999998,6.609999999999999,55,54,5
2013-11-08,290.5641094606735,137.18368433756174,2013-06-30,2013-06-28,2013-12-31,93.39999999999999,92.07999999999998,6.609999999999999,55,54,5
2013-11-11,290.8931759592644,137.2068632596844,2013-06-30,2013-06-28,2013-12-31,93.39999999999999,92.07999999999998,6.609999999999999,55,54,5
2013-11-12,291.825811801449,136.92833307153282,2013-06-30,2013-06-28,2013-12-31,93.39999999999999,92.07999999999998,6.609999999999999,55,54,5
2013-11-13,295.4231669500632,138.0270331362806,2013-06-30,2013-06-28,2013-12-31,93.39999999999999,92.07999999999998,6.609999999999999,55,54,5
2013-11-14,296.0920773572788,138.71569615306518,2013-06-30,2013-06-28,2013-12-31,93.39999999999999,92.07999999999998,6.609999999999999,55,54,5
2013-11-15,298.8271115791297,139.31930593495346,2013-06-30,2013-06-28,2013-12-31,93.39999999999999,92.07999999999998,6.609999999999999,55,54,5
2013-11-18,297.0615364148919,138.83178232501828,2013-06-30,2013-06-28,2013-12-31,93.39999999999999,92.07999999999998,6.609999999999999,55,54,5
2013-11-19,296.4066222935398,138.52997743407417,2013-06-30,2013-06-28,2013-12-31,93.39999999999999,92.07999999999998,6.609999999999999,55,54,5
2013-11-20,296.04213429489766,138.09666568331846,2013-06-30,2013-06-28,2013-12-31,93.39999999999999,92.07999999999998,6.609999999999999,55,54,5
2013-11-21,302.130077413009,139.2109779972645,2013-06-30,2013-06-28,2013-12-31,93.39999999999999,92.07999999999998,6.609999999999999,55,54,5
2013-11-22,304.20607990514964,139.9073034676434,2013-06-30,2013-06-28,2013-12-31,93.39999999999999,92.07999999999998,6.609999999999999,55,54,5
2013-11-25,304.30701647912764,139.7680383735676,2013-06-30,2013-06-28,2013-12-31,93.39999999999999,92.07999999999998,6.609999999999999,55,54,5
2013-11-26,305.228565918973,139.80673376421865,2013-06-30,2013-06-28,2013-12-31,93.39999999999999,92.07999999999998,6.609999999999999,55,54,5
2013-11-27,306.60237350451547,140.14723404581383,2013-06-30,2013-06-28,2013-12-31,93.39999999999999,92.07999999999998,6.609999999999999,55,54,5
2013-11-29,306.6592139306788,140.05432679598334,2013-06-30,2013-06-28,2013-12-31,93.39999999999999,92.07999999999998,6.609999999999999,55,54,5
2013-12-02,302.8863220674077,139.69064759226552,2013-06-30,2013-06-28,2013-12-31,93.39999999999999,92.07999999999998,6.609999999999999,55,54,5
2013-12-03,299.5090341619585,139.0871335910472,2013-06-30,2013-06-28,2013-12-31,93.39999999999999,92.07999999999998,6.609999999999999,55,54,5
2013-12-04,298.93863088756507,139.0716171225188,2013-06-30,2013-06-28,2013-12-31,93.39999999999999,92.07999999999998,6.609999999999999,55,54,5
2013-12-05,298.3312904721613,138.46034488703629,2013-06-30,2013-06-28,2013-12-31,93.39999999999999,92.07999999999998,6.609999999999999,55,54,5
2013-12-06,301.61187591393707,140.00796895173804,2013-06-30,2013-06-28,2013-12-31,93.39999999999999,92.07999999999998,6.609999999999999,55,54,5
2013-12-09,300.89736966085115,140.36388992119169,2013-06-30,2013-06-28,2013-12-31,93.39999999999999,92.07999999999998,6.609999999999999,55,54,5
2013-12-10,297.7826718148136,139.8609456233981,2013-06-30,2013-06-28,2013-12-31,93.39999999999999,92.07999999999998,6.609999999999999,55,54,5
2013-12-11,293.42058121366017,138.29014263657368,2013-06-30,2013-06-28,2013-12-31,93.39999999999999,92.07999999999998,6.609999999999999,55,54,5
2013-12-12,292.85438512440317,137.8336519636953,2013-06-30,2013-06-28,2013-12-31,93.39999999999999,92.07999999999998,6.609999999999999,55,54,5
2013-12-13,293.82316870098816,137.8181354951669,2013-06-30,2013-06-28,2013-12-31,93.39999999999999,92.07999999999998,6.609999999999999,55,54,5
2013-12-16,297.42390206524937,138.67700076241414,2013-06-30,2013-06-28,2013-12-31,93.39999999999999,92.07999999999998,6.609999999999999,55,54,5
2013-12-17,296.35066806831554,138.23602655806417,2013-06-30,2013-06-28,2013-12-31,93.39999999999999,92.07999999999998,6.609999999999999,55,54,5
2013-12-18,300.05685051224367,140.59596648442798,2013-06-30,2013-06-28,2013-12-31,93.39999999999999,92.07999999999998,6.609999999999999,55,54,5
2013-12-19,297.7705900607277,140.43352246822957,2013-06-30,2013-06-28,2013-12-31,93.39999999999999,92.07999999999998,6.609999999999999,55,54,5
2013-12-20,302.2307432235188,141.25062736338805,2013-06-30,2013-06-28,2013-12-31,93.39999999999999,92.07999999999998,6.609999999999999,55,54,5
2013-12-23,305.9638517024224,142.00528326175325,2013-06-30,2013-06-28,2013-12-31,93.39999999999999,92.07999999999998,6.609999999999999,55,54,5
2013-12-24,306.7185762548538,142.31647465835036,2013-06-30,2013-06-28,2013-12-31,93.39999999999999,92.07999999999998,6.609999999999999,55,54,5
2013-12-26,307.8231211371128,143.04000183898887,2013-06-30,2013-06-28,2013-12-31,93.39999999999999,92.07999999999998,6.609999999999999,55,54,5
2013-12-27,306.0349022291369,143.03214782405476,2013-06-30,2013-06-28,2013-12-31,93.39999999999999,92.07999999999998,6.609999999999999,55,54,5
2013-12-30,306.5728953708982,143.00887312126216,2013-06-30,2013-06-28,2013-12-31,93.39999999999999,92.07999999999998,6.609999999999999,55,54,5
2013-12-31,306.1490581620439,143.68565933497567,2013-06-30,2013-06-28,2013-12-31,93.39999999999999,92.07999999999998,6.609999999999999,55,54,5
2014-01-02,303.8367024513113,142.30862064341622,2013-12-31,2013-12-31,2014-06-30,92.04000000000008,92.04000000000008,7.800000000000001,59,59,5
2014-01-03,303.719416598981,142.28534594062364,2013-12-31,2013-12-31,2014-06-30,92.04000000000008,92.04000000000008,7.800000000000001,59,59,5
2014-01-06,300.15247052276163,141.87301015658227,2013-12-31,2013-12-31,2014-06-30,92.04000000000008,92.04000000000008,7.800000000000001,59,59,5
2014-01-07,301.22936798297684,142.74432691092017,2013-12-31,2013-12-31,2014-06-30,92.04000000000008,92.04000000000008,7.800000000000001,59,59,5
2014-01-08,301.43578923883354,142.77545562864685,2013-12-31,2013-12-31,2014-06-30,92.04000000000008,92.04000000000008,7.800000000000001,59,59,5
2014-01-09,300.3254202837536,142.86884178182697,2013-12-31,2013-12-31,2014-06-30,92.04000000000008,92.04000000000008,7.800000000000001,59,59,5
2014-01-10,299.23369604554057,143.25780708240586,2013-12-31,2013-12-31,2014-06-30,92.04000000000008,92.04000000000008,7.800000000000001,59,59,5
2014-01-13,295.17933046016196,141.35177175083234,2013-12-31,2013-12-31,2014-06-30,92.04000000000008,92.04000000000008,7.800000000000001,59,59,5
2014-01-14,298.90950582759586,142.89211648461955,2013-12-31,2013-12-31,2014-06-30,92.04000000000008,92.04000000000008,7.800000000000001,59,59,5
2014-01-15,301.06013435628677,143.6623846321831,2013-12-31,2013-12-31,2014-06-30,92.04000000000008,92.04000000000008,7.800000000000001,59,59,5
2014-01-16,300.96611395084847,143.47561232582285,2013-12-31,2013-12-31,2014-06-30,92.04000000000008,92.04000000000008,7.800000000000001,59,59,5
2014-01-17,298.71119625711344,142.86884178182697,2013-12-31,2013-12-31,2014-06-30,92.04000000000008,92.04000000000008,7.800000000000001,59,59,5
2014-01-21,298.77806777385064,143.28893580013258,2013-12-31,2013-12-31,2014-06-30,92.04000000000008,92.04000000000008,7.800000000000001,59,59,5
2014-01-22,301.6346509162407,143.38222617264276,2013-12-31,2013-12-31,2014-06-30,92.04000000000008,92.04000000000008,7.800000000000001,59,59,5
2014-01-23,299.20199340737514,142.20747625597195,2013-12-31,2013-12-31,2014-06-30,92.04000000000008,92.04000000000008,7.800000000000001,59,59,5
2014-01-24,293.41006113929325,139.1733361939827,2013-12-31,2013-12-31,2014-06-30,92.04000000000008,92.04000000000008,7.800000000000001,59,59,5
2014-01-27,290.48545736140517,138.48879174600498,2013-12-31,2013-12-31,2014-06-30,92.04000000000008,92.04000000000008,7.800000000000001,59,59,5
2014-01-28,291.2416442229561,139.3134633140878,2013-12-31,2013-12-31,2014-06-30,92.04000000000008,92.04000000000008,7.800000000000001,59,59,5
2014-01-29,287.3445598282174,137.9753115745193,2013-12-31,2013-12-31,2014-06-30,92.04000000000008,92.04000000000008,7.800000000000001,59,59,5
2014-01-30,290.72331600277545,139.43788240432468,2013-12-31,2013-12-31,2014-06-30,92.04000000000008,92.04000000000008,7.800000000000001,59,59,5
2014-01-31,289.7262755776183,138.62096907050608,2013-12-31,2013-12-31,2014-06-30,92.04000000000008,92.04000000000008,7.800000000000001,59,59,5
2014-02-03,281.26572493824176,135.50129687027086,2013-12-31,2013-12-31,2014-06-30,92.04000000000008,92.04000000000008,7.800000000000001,59,59,5
2014-02-04,284.08711766852105,136.45048330926045,2013-12-31,2013-12-31,2014-06-30,92.04000000000008,92.04000000000008,7.800000000000001,59,59,5
2014-02-05,281.7322978648222,136.27932325209858,2013-12-31,2013-12-31,2014-06-30,92.04000000000008,92.04000000000008,7.800000000000001,59,59,5
2014-02-06,286.8792262734891,138.07645596196357,2013-12-31,2013-12-31,2014-06-30,92.04000000000008,92.04000000000008,7.800000000000001,59,59,5
2014-02-07,290.75058496822896,139.78796075291268,2013-12-31,2013-12-31,2014-06-30,92.04000000000008,92.04000000000008,7.800000000000001,59,59,5
2014-02-10,293.73710574191415,140.0447487289905,2013-12-31,2013-12-31,2014-06-30,92.04000000000008,92.04000000000008,7.800000000000001,59,59,5
2014-02-11,296.19098386810595,141.57733522851353,2013-12-31,2013-12-31,2014-06-30,92.04000000000008,92.04000000000008,7.800000000000001,59,59,5
2014-02-12,295.6455393274101,141.64735089823114,2013-12-31,2013-12-31,2014-06-30,92.04000000000008,92.04000000000008,7.800000000000001,59,59,5
2014-02-13,297.5523048322415,142.37863631313382,2013-12-31,2013-12-31,2014-06-30,92.04000000000008,92.04000000000008,7.800000000000001,59,59,5
2014-02-14,298.1364579414111,143.16442092922577,2013-12-31,2013-12-31,2014-06-30,92.04000000000008,92.04000000000008,7.800000000000001,59,59,5
2014-02-18,298.0091575731187,143.33558098638767,2013-12-31,2013-12-31,2014-06-30,92.04000000000008,92.04000000000008,7.800000000000001,59,59,5
2014-02-19,295.95245233770805,142.38649032806794,2013-12-31,2013-12-31,2014-06-30,92.04000000000008,92.04000000000008,7.800000000000001,59,59,5
2014-02-20,299.07083186460653,143.22667836467917,2013-12-31,2013-12-31,2014-06-30,92.04000000000008,92.04000000000008,7.800000000000001,59,59,5
2014-02-21,301.01079156267764,143.06327654178145,2013-12-31,2013-12-31,2014-06-30,92.04000000000008,92.04000000000008,7.800000000000001,59,59,5
2014-02-24,303.2587499592967,143.85681939213754,2013-12-31,2013-12-31,2014-06-30,92.04000000000008,92.04000000000008,7.800000000000001,59,59,5
2014-02-25,304.40731502490263,143.8024159716183,2013-12-31,2013-12-31,2014-06-30,92.04000000000008,92.04000000000008,7.800000000000001,59,59,5
2014-02-26,306.43853976242565,143.81017420588248,2013-12-31,2013-12-31,2014-06-30,92.04000000000008,92.04000000000008,7.800000000000001,59,59,5
2014-02-27,307.46780585251145,144.5648301042477,2013-12-31,2013-12-31,2014-06-30,92.04000000000008,92.04000000000008,7.800000000000001,59,59,5
2014-02-28,307.7428962125832,144.93042492136408,2013-12-31,2013-12-31,2014-06-30,92.04000000000008,92.04000000000008,7.800000000000001,59,59,5
2014-03-03,305.06569749160445,143.91131859332677,2013-12-31,2013-12-31,2014-06-30,92.04000000000008,92.04000000000008,7.800000000000001,59,59,5
2014-03-04,308.6671425862937,145.93401478087299,2013-12-31,2013-12-31,2014-06-30,92.04000000000008,92.04000000000008,7.800000000000001,59,59,5
2014-03-05,307.4394980633688,146.066287886044,2013-12-31,2013-12-31,2014-06-30,92.04000000000008,92.04000000000008,7.800000000000001,59,59,5
2014-03-06,308.3659529945393,146.40084976610362,2013-12-31,2013-12-31,2014-06-30,92.04000000000008,92.04000000000008,7.800000000000001,59,59,5
2014-03-07,310.5517182005689,146.46310720155702,2013-12-31,2013-12-31,2014-06-30,92.04000000000008,92.04000000000008,7.800000000000001,59,59,5
2014-03-10,309.88005762871023,146.38523751690528,2013-12-31,2013-12-31,2014-06-30,92.04000000000008,92.04000000000008,7.800000000000001,59,59,5
2014-03-11,308.75965287430375,145.6617103362668,2013-12-31,2013-12-31,2014-06-30,92.04000000000008,92.04000000000008,7.800000000000001,59,59,5
2014-03-12,310.0215315010554,145.70069306892762,2013-12-31,2013-12-31,2014-06-30,92.04000000000008,92.04000000000008,7.800000000000001,59,59,5
2014-03-13,306.0331647028283,144.06686640129035,2013-12-31,2013-12-31,2014-06-30,92.04000000000008,92.04000000000008,7.800000000000001,59,59,5
2014-03-14,308.0022213666097,143.6623846321831,2013-12-31,2013-12-31,2014-06-30,92.04000000000008,92.04000000000008,7.800000000000001,59,59,5
2014-03-17,310.0217726310983,144.96155363909077,2013-12-31,2013-12-31,2014-06-30,92.04000000000008,92.04000000000008,7.800000000000001,59,59,5
2014-03-18,311.7880841260775,145.9962722163264,2013-12-31,2013-12-31,2014-06-30,92.04000000000008,92.04000000000008,7.800000000000001,59,59,5
2014-03-19,309.05752609871314,145.2183416151686,2013-12-31,2013-12-31,2014-06-30,92.04000000000008,92.04000000000008,7.800000000000001,59,59,5
2014-03-20,310.10994919888026,146.066287886044,2013-12-31,2013-12-31,2014-06-30,92.04000000000008,92.04000000000008,7.800000000000001,59,59,5
2014-03-21,309.8754884138432,145.4994578814082,2013-12-31,2013-12-31,2014-06-30,92.04000000000008,92.04000000000008,7.800000000000001,59,59,5
2014-03-24,305.409694370521,144.8977637129185,2013-12-31,2013-12-31,2014-06-30,92.04000000000008,92.04000000000008,7.800000000000001,59,59,5
2014-03-25,304.8098780568202,145.58546892300384,2013-12-31,2013-12-31,2014-06-30,92.04000000000008,92.04000000000008,7.800000000000001,59,59,5
2014-03-26,300.7472735412568,144.53829885867754,2013-12-31,2013-12-31,2014-06-30,92.04000000000008,92.04000000000008,7.800000000000001,59,59,5
2014-03-27,299.09175456166054,144.23362054763558,2013-12-31,2013-12-31,2014-06-30,92.04000000000008,92.04000000000008,7.800000000000001,59,59,5
2014-03-28,300.97069198008694,144.9446962411834,2013-12-31,2013-12-31,2014-06-30,92.04000000000008,92.04000000000008,7.800000000000001,59,59,5
2014-03-31,303.55145224707684,146.13237654829453,2013-12-31,2013-12-31,2014-06-30,92.04000000000008,92.04000000000008,7.800000000000001,59,59,5
2014-04-01,307.8894805517532,147.10138958595934,2013-12-31,2013-12-31,2014-06-30,92.04000000000008,92.04000000000008,7.800000000000001,59,59,5
2014-04-02,308.5095097867326,147.59370222939089,2013-12-31,2013-12-31,2014-06-30,92.04000000000008,92.04000000000008,7.800000000000001,59,59,5
2014-04-03,306.0233904849973,147.39830966273712,2013-12-31,2013-12-31,2014-06-30,92.04000000000008,92.04000000000008,7.800000000000001,59,59,5
2014-04-04,300.88176661364116,145.65577193473126,2013-12-31,2013-12-31,2014-06-30,92.04000000000008,92.04000000000008,7.800000000000001,59,59,5
2014-04-07,295.1329637196169,144.04608199591593,2013-12-31,2013-12-31,2014-06-30,92.04000000000008,92.04000000000008,7.800000000000001,59,59,5
2014-04-08,298.3506817295632,144.6399221494715,2013-12-31,2013-12-31,2014-06-30,92.04000000000008,92.04000000000008,7.800000000000001,59,59,5
2014-04-09,302.2163150402926,146.19492132575772,2013-12-31,2013-12-31,2014-06-30,92.04000000000008,92.04000000000008,7.800000000000001,59,59,5
2014-04-10,297.28282873051035,143.124001486516,2013-12-31,2013-12-31,2014-06-30,92.04000000000008,92.04000000000008,7.800000000000001,59,59,5
2014-04-11,294.53359341041255,141.83460210794098,2013-12-31,2013-12-31,2014-06-30,92.04000000000008,92.04000000000008,7.800000000000001,59,59,5
2014-04-14,296.8711032736366,142.95207518399468,2013-12-31,2013-12-31,2014-06-30,92.04000000000008,92.04000000000008,7.800000000000001,59,59,5
2014-04-15,296.67274981520853,143.93660469018786,2013-12-31,2013-12-31,2014-06-30,92.04000000000008,92.04000000000008,7.800000000000001,59,59,5
2014-04-16,298.35027558811834,145.44476711887916,2013-12-31,2013-12-31,2014-06-30,92.04000000000008,92.04000000000008,7.800000000000001,59,59,5
2014-04-17,297.69924732512067,145.6479179197971,2013-12-31,2013-12-31,2014-06-30,92.04000000000008,92.04000000000008,7.800000000000001,59,59,5
2014-04-21,298.1477667623556,146.15584281242698,2013-12-31,2013-12-31,2014-06-30,92.04000000000008,92.04000000000008,7.800000000000001,59,59,5
2014-04-22,301.492573470726,146.82008175837987,2013-12-31,2013-12-31,2014-06-30,92.04000000000008,92.04000000000008,7.800000000000001,59,59,5
2014-04-23,297.5683599024395,146.47622915333721,2013-12-31,2013-12-31,2014-06-30,92.04000000000008,92.04000000000008,7.800000000000001,59,59,5
2014-04-24,297.9067058390528,146.77314923011497,2013-12-31,2013-12-31,2014-06-30,92.04000000000008,92.04000000000008,7.800000000000001,59,59,5
2014-04-25,295.1611140741527,145.5697608931356,2013-12-31,2013-12-31,2014-06-30,92.04000000000008,92.04000000000008,7.800000000000001,59,59,5
2014-04-28,293.3088890100501,146.03084903817052,2013-12-31,2013-12-31,2014-06-30,92.04000000000008,92.04000000000008,7.800000000000001,59,59,5
2014-04-29,295.31895717580926,146.71070023332172,2013-12-31,2013-12-31,2014-06-30,92.04000000000008,92.04000000000008,7.800000000000001,59,59,5
2014-04-30,295.8113168557037,147.14822633355428,2013-12-31,2013-12-31,2014-06-30,92.04000000000008,92.04000000000008,7.800000000000001,59,59,5
2014-05-01,296.3601736550084,147.16393436342256,2013-12-31,2013-12-31,2014-06-30,92.04000000000008,92.04000000000008,7.800000000000001,59,59,5
2014-05-02,298.97900207115026,146.95292954757045,2013-12-31,2013-12-31,2014-06-30,92.04000000000008,92.04000000000008,7.800000000000001,59,59,5
2014-05-05,298.07728029166816,147.23423737514992,2013-12-31,2013-12-31,2014-06-30,92.04000000000008,92.04000000000008,7.800000000000001,59,59,5
2014-05-06,295.4212454546534,145.95269201150901,2013-12-31,2013-12-31,2014-06-30,92.04000000000008,92.04000000000008,7.800000000000001,59,59,5
2014-05-07,294.8219279823316,146.81222774344573,2013-12-31,2013-12-31,2014-06-30,92.04000000000008,92.04000000000008,7.800000000000001,59,59,5
2014-05-08,293.2925391206617,146.65600947079264,2013-12-31,2013-12-31,2014-06-30,92.04000000000008,92.04000000000008,7.800000000000001,59,59,5
2014-05-09,294.5944812439568,146.87477252090892,2013-12-31,2013-12-31,2014-06-30,92.04000000000008,92.04000000000008,7.800000000000001,59,59,5
2014-05-12,299.7655215566719,148.3047779229387,2013-12-31,2013-12-31,2014-06-30,92.04000000000008,92.04000000000008,7.800000000000001,59,59,5
2014-05-13,298.11860632850403,148.4376257121293,2013-12-31,2013-12-31,2014-06-30,92.04000000000008,92.04000000000008,7.800000000000001,59,59,5
2014-05-14,294.083241618474,147.73430825284566,2013-12-31,2013-12-31,2014-06-30,92.04000000000008,92.04000000000008,7.800000000000001,59,59,5
2014-05-15,292.26514841521004,146.43715064000645,2013-12-31,2013-12-31,2014-06-30,92.04000000000008,92.04000000000008,7.800000000000001,59,59,5
2014-05-16,293.681219499429,146.94507553263628,2013-12-31,2013-12-31,2014-06-30,92.04000000000008,92.04000000000008,7.800000000000001,59,59,5
2014-05-19,295.0078479580321,147.48422492366282,2013-12-31,2013-12-31,2014-06-30,92.04000000000008,92.04000000000008,7.800000000000001,59,59,5
2014-05-20,292.5115105067406,146.55438617999872,2013-12-31,2013-12-31,2014-06-30,92.04000000000008,92.04000000000008,7.800000000000001,59,59,5
2014-05-21,294.96214645643255,147.7889990153747,2013-12-31,2013-12-31,2014-06-30,92.04000000000008,92.04000000000008,7.800000000000001,59,59,5
2014-05-22,297.1618221892756,148.1484638696157,2013-12-31,2013-12-31,2014-06-30,92.04000000000008,92.04000000000008,7.800000000000001,59,59,5
2014-05-23,298.60917830398165,148.74230402317127,2013-12-31,2013-12-31,2014-06-30,92.04000000000008,92.04000000000008,7.800000000000001,59,59,5
2014-05-27,302.00874350414404,149.656626298307,2013-12-31,2013-12-31,2014-06-30,92.04000000000008,92.04000000000008,7.800000000000001,59,59,5
2014-05-28,300.07896089196436,149.54724477324885,2013-12-31,2013-12-31,2014-06-30,92.04000000000008,92.04000000000008,7.800000000000001,59,59,5
2014-05-29,301.5926707862514,150.32076946358995,2013-12-31,2013-12-31,2014-06-30,92.04000000000008,92.04000000000008,7.800000000000001,59,59,5
2014-05-30,302.706366596323,150.56309455850857,2013-12-31,2013-12-31,2014-06-30,92.04000000000008,92.04000000000008,7.800000000000001,59,59,5
2014-06-02,303.58175390175523,150.73492508036,2013-12-31,2013-12-31,2014-06-30,92.04000000000008,92.04000000000008,7.800000000000001,59,59,5
2014-06-03,301.5578782462021,150.6568638343684,2013-12-31,2013-12-31,2014-06-30,92.04000000000008,92.04000000000008,7.800000000000001,59,59,5
2014-06-04,303.3786224093786,150.9615421454104,2013-12-31,2013-12-31,2014-06-30,92.04000000000008,92.04000000000008,7.800000000000001,59,59,5
2014-06-05,306.7943541423859,151.94616743227348,2013-12-31,2013-12-31,2014-06-30,92.04000000000008,92.04000000000008,7.800000000000001,59,59,5
2014-06-06,308.4640830374612,152.67285537501965,2013-12-31,2013-12-31,2014-06-30,92.04000000000008,92.04000000000008,7.800000000000001,59,59,5
2014-06-09,308.921033944898,152.82916942834265,2013-12-31,2013-12-31,2014-06-30,92.04000000000008,92.04000000000008,7.800000000000001,59,59,5
2014-06-10,306.8057770302295,152.84478167754096,2013-12-31,2013-12-31,2014-06-30,92.04000000000008,92.04000000000008,7.800000000000001,59,59,5
2014-06-11,305.6932770441518,152.31339052077865,2013-12-31,2013-12-31,2014-06-30,92.04000000000008,92.04000000000008,7.800000000000001,59,59,5
2014-06-12,302.5717072006966,151.23509173872566,2013-12-31,2013-12-31,2014-06-30,92.04000000000008,92.04000000000008,7.800000000000001,59,59,5
2014-06-13,302.18483200396065,151.69608410309067,2013-12-31,2013-12-31,2014-06-30,92.04000000000008,92.04000000000008,7.800000000000001,59,59,5
2014-06-16,301.7587209927691,151.8210778773471,2013-12-31,2013-12-31,2014-06-30,92.04000000000008,92.04000000000008,7.800000000000001,59,59,5
2014-06-17,303.93219276392205,152.2430875090513,2013-12-31,2013-12-31,2014-06-30,92.04000000000008,92.04000000000008,7.800000000000001,59,59,5
2014-06-18,306.3984984398272,153.36056058510496,2013-12-31,2013-12-31,2014-06-30,92.04000000000008,92.04000000000008,7.800000000000001,59,59,5
2014-06-19,306.54561312426176,153.53239110695637,2013-12-31,2013-12-31,2014-06-30,92.04000000000008,92.04000000000008,7.800000000000001,59,59,5
2014-06-20,306.1984652270737,153.84386984556326,2013-12-31,2013-12-31,2014-06-30,92.04000000000008,92.04000000000008,7.800000000000001,59,59,5
2014-06-23,306.0478780756406,153.7967457559585,2013-12-31,2013-12-31,2014-06-30,92.04000000000008,92.04000000000008,7.800000000000001,59,59,5
2014-06-24,304.919129255964,152.8702593357419,2013-12-31,2013-12-31,2014-06-30,92.04000000000008,92.04000000000008,7.800000000000001,59,59,5
2014-06-25,307.1158911902615,153.56122108860478,2013-12-31,2013-12-31,2014-06-30,92.04000000000008,92.04000000000008,7.800000000000001,59,59,5
2014-06-26,307.1570874549483,153.45126487952706,2013-12-31,2013-12-31,2014-06-30,92.04000000000008,92.04000000000008,7.800000000000001,59,59,5
2014-06-27,308.295206328481,153.7497174470237,2013-12-31,2013-12-31,2014-06-30,92.04000000000008,92.04000000000008,7.800000000000001,59,59,5
2014-06-30,309.2153945098396,153.6711772976825,2013-12-31,2013-12-31,2014-06-30,92.04000000000008,92.04000000000008,7.800000000000001,59,59,5
2014-07-01,310.70940231182846,154.69967013137278,2014-06-30,2014-06-30,2014-12-31,92.37999999999992,92.37999999999992,7.45,62,62,5
2014-07-02,309.6744828244842,154.85675043005523,2014-06-30,2014-06-30,2014-12-31,92.37999999999992,92.37999999999992,7.45,62,62,5
2014-07-03,311.75661879340157,155.61830253665528,2014-06-30,2014-06-30,2014-12-31,92.37999999999992,92.37999999999992,7.45,62,62,5
2014-07-07,308.85711384128837,155.07656706754068,2014-06-30,2014-06-30,2014-12-31,92.37999999999992,92.37999999999992,7.45,62,62,5
2014-07-08,306.19706354290736,154.07939451291696,2014-06-30,2014-06-30,2014-12-31,92.37999999999992,92.37999999999992,7.45,62,62,5
2014-07-09,307.43495418237484,154.7703562657799,2014-06-30,2014-06-30,2014-12-31,92.37999999999992,92.37999999999992,7.45,62,62,5
2014-07-10,303.69692322348465,154.1579346622582,2014-06-30,2014-06-30,2014-12-31,92.37999999999992,92.37999999999992,7.45,62,62,5
2014-07-11,302.2260672754003,154.36989728480955,2014-06-30,2014-06-30,2014-12-31,92.37999999999992,92.37999999999992,7.45,62,62,5
2014-07-14,302.27995600365,155.1472532019478,2014-06-30,2014-06-30,2014-12-31,92.37999999999992,92.37999999999992,7.45,62,62,5
2014-07-15,300.5493424200536,154.85675043005523,2014-06-30,2014-06-30,2014-12-31,92.37999999999992,92.37999999999992,7.45,62,62,5
2014-07-16,299.67000677266543,155.4299019589063,2014-06-30,2014-06-30,2014-12-31,92.37999999999992,92.37999999999992,7.45,62,62,5
2014-07-17,296.2413104947335,153.6633232827484,2014-06-30,2014-06-30,2014-12-31,92.37999999999992,92.37999999999992,7.45,62,62,5
2014-07-18,299.3887351188937,155.23364736622315,2014-06-30,2014-06-30,2014-12-31,92.37999999999992,92.37999999999992,7.45,62,62,5
2014-07-21,297.3537336439779,154.94314459433056,2014-06-30,2014-06-30,2014-12-31,92.37999999999992,92.37999999999992,7.45,62,62,5
2014-07-22,299.36517938510866,155.61830253665528,2014-06-30,2014-06-30,2014-12-31,92.37999999999992,92.37999999999992,7.45,62,62,5
2014-07-23,300.31722140764583,155.96378341308673,2014-06-30,2014-06-30,2014-12-31,92.37999999999992,92.37999999999992,7.45,62,62,5
2014-07-24,300.35744355834714,155.9716374280208,2014-06-30,2014-06-30,2014-12-31,92.37999999999992,92.37999999999992,7.45,62,62,5
2014-07-25,299.1243695688273,155.24150138115726,2014-06-30,2014-06-30,2014-12-31,92.37999999999992,92.37999999999992,7.45,62,62,5
2014-07-28,297.9684143454134,155.30423771996033,2014-06-30,2014-06-30,2014-12-31,92.37999999999992,92.37999999999992,7.45,62,62,5
2014-07-29,298.7540255347768,154.63693379256972,2014-06-30,2014-06-30,2014-12-31,92.37999999999992,92.37999999999992,7.45,62,62,5
2014-07-30,297.3707138466973,154.66049583737208,2014-06-30,2014-06-30,2014-12-31,92.37999999999992,92.37999999999992,7.45,62,62,5
2014-07-31,292.8829229793676,151.60614605402796,2014-06-30,2014-06-30,2014-12-31,92.37999999999992,92.37999999999992,7.45,62,62,5
2014-08-01,291.6961435830623,151.1429507342546,2014-06-30,2014-06-30,2014-12-31,92.37999999999992,92.37999999999992,7.45,62,62,5
2014-08-04,294.0322775797803,152.23427568741786,2014-06-30,2014-06-30,2014-12-31,92.37999999999992,92.37999999999992,7.45,62,62,5
2014-08-05,292.86061873537017,150.75819978315258,2014-06-30,2014-06-30,2014-12-31,92.37999999999992,92.37999999999992,7.45,62,62,5
2014-08-06,293.28658304333635,150.8053238727573,2014-06-30,2014-06-30,2014-12-31,92.37999999999992,92.37999999999992,7.45,62,62,5
2014-08-07,294.14296498784444,149.98879366161842,2014-06-30,2014-06-30,2014-12-31,92.37999999999992,92.37999999999992,7.45,62,62,5
2014-08-08,296.84772451261716,151.7239562780398,2014-06-30,2014-06-30,2014-12-31,92.37999999999992,92.37999999999992,7.45,62,62,5
2014-08-11,300.70996749138664,152.16368533368072,2014-06-30,2014-06-30,2014-12-31,92.37999999999992,92.37999999999992,7.45,62,62,5
2014-08-12,299.627388030773,151.9516269304594,2014-06-30,2014-06-30,2014-12-31,92.37999999999992,92.37999999999992,7.45,62,62,5
2014-08-13,301.6018639370718,152.98021554481963,2014-06-30,2014-06-30,2014-12-31,92.37999999999992,92.37999999999992,7.45,62,62,5
2014-08-14,301.12118352916457,153.70259335741898,2014-06-30,2014-06-30,2014-12-31,92.37999999999992,92.37999999999992,7.45,62,62,5
2014-08-15,300.4057198567618,153.6711772976825,2014-06-30,2014-06-30,2014-12-31,92.37999999999992,92.37999999999992,7.45,62,62,5
2014-08-18,304.23414394821964,154.95885262419878,2014-06-30,2014-06-30,2014-12-31,92.37999999999992,92.37999999999992,7.45,62,62,5
2014-08-19,304.77859557448664,155.76752882040358,2014-06-30,2014-06-30,2014-12-31,92.37999999999992,92.37999999999992,7.45,62,62,5
2014-08-20,303.291172892887,156.18369583124212,2014-06-30,2014-06-30,2014-12-31,92.37999999999992,92.37999999999992,7.45,62,62,5
2014-08-21,303.7627497215464,156.63903713608136,2014-06-30,2014-06-30,2014-12-31,92.37999999999992,92.37999999999992,7.45,62,62,5
2014-08-22,304.25781215565866,156.39565845379352,2014-06-30,2014-06-30,2014-12-31,92.37999999999992,92.37999999999992,7.45,62,62,5
2014-08-25,307.2018626513573,157.18862662013004,2014-06-30,2014-06-30,2014-12-31,92.37999999999992,92.37999999999992,7.45,62,62,5
2014-08-26,309.12858001168564,157.29072881427362,2014-06-30,2014-06-30,2014-12-31,92.37999999999992,92.37999999999992,7.45,62,62,5
2014-08-27,309.576815898016,157.22789669480065,2014-06-30,2014-06-30,2014-12-31,92.37999999999992,92.37999999999992,7.45,62,62,5
2014-08-28,311.0252105543613,157.14159831119522,2014-06-30,2014-06-30,2014-12-31,92.37999999999992,92.37999999999992,7.45,62,62,5
2014-08-29,312.5723058813549,157.58908560110035,2014-06-30,2014-06-30,2014-12-31,92.37999999999992,92.37999999999992,7.45,62,62,5
2014-09-02,312.3985777847845,157.5105454517591,2014-06-30,2014-06-30,2014-12-31,92.37999999999992,92.37999999999992,7.45,62,62,5
2014-09-03,311.5619456245239,157.42424706815373,2014-06-30,2014-06-30,2014-12-31,92.37999999999992,92.37999999999992,7.45,62,62,5
2014-09-04,312.148307721401,157.19648063506415,2014-06-30,2014-06-30,2014-12-31,92.37999999999992,92.37999999999992,7.45,62,62,5
2014-09-05,313.8388628373464,157.9031504177953,2014-06-30,2014-06-30,2014-12-31,92.37999999999992,92.37999999999992,7.45,62,62,5
2014-09-08,314.60335893443454,157.49483742189085,2014-06-30,2014-06-30,2014-12-31,92.37999999999992,92.37999999999992,7.45,62,62,5
2014-09-09,311.30198401892716,156.49776064793707,2014-06-30,2014-06-30,2014-12-31,92.37999999999992,92.37999999999992,7.45,62,62,5
2014-09-10,312.3591066210738,157.0866202066564,2014-06-30,2014-06-30,2014-12-31,92.37999999999992,92.37999999999992,7.45,62,62,5
2014-09-11,314.0803696035873,157.26716676947126,2014-06-30,2014-06-30,2014-12-31,92.37999999999992,92.37999999999992,7.45,62,62,5
2014-09-12,312.73029183993293,156.34853436418877,2014-06-30,2014-06-30,2014-12-31,92.37999999999992,92.37999999999992,7.45,62,62,5
2014-09-15,311.9861748386528,156.23072414017693,2014-06-30,2014-06-30,2014-12-31,92.37999999999992,92.37999999999992,7.45,62,62,5
2014-09-16,313.53664196678807,157.40853903828545,2014-06-30,2014-06-30,2014-12-31,92.37999999999992,92.37999999999992,7.45,62,62,5
2014-09-17,314.0762306177247,157.62050166083682,2014-06-30,2014-06-30,2014-12-31,92.37999999999992,92.37999999999992,7.45,62,62,5
2014-09-18,316.1392917374209,158.46059391677812,2014-06-30,2014-06-30,2014-12-31,92.37999999999992,92.37999999999992,7.45,62,62,5
2014-09-19,315.35925149579003,158.31797649925485,2014-06-30,2014-06-30,2014-12-31,92.37999999999992,92.37999999999992,7.45,62,62,5
2014-09-22,311.7799869487616,157.09533624761985,2014-06-30,2014-06-30,2014-12-31,92.37999999999992,92.37999999999992,7.45,62,62,5
2014-09-23,309.06821427967213,156.19605153766287,2014-06-30,2014-06-30,2014-12-31,92.37999999999992,92.37999999999992,7.45,62,62,5
2014-09-24,311.47302009334385,157.41869178929787,2014-06-30,2014-06-30,2014-12-31,92.37999999999992,92.37999999999992,7.45,62,62,5
2014-09-25,308.3490699829498,154.87868420346882,2014-06-30,2014-06-30,2014-12-31,92.37999999999992,92.37999999999992,7.45,62,62,5
2014-09-26,312.45999371348955,156.1092742507078,2014-06-30,2014-06-30,2014-12-31,92.37999999999992,92.37999999999992,7.45,62,62,5
2014-09-29,313.44507528177496,155.82528456437035,2014-06-30,2014-06-30,2014-12-31,92.37999999999992,92.37999999999992,7.45,62,62,5
2014-09-30,311.34435224891274,155.4150559550674,2014-06-30,2014-06-30,2014-12-31,92.37999999999992,92.37999999999992,7.45,62,62,5
2014-10-01,307.09756139638296,153.3089348040136,2014-06-30,2014-06-30,2014-12-31,92.37999999999992,92.37999999999992,7.45,62,62,5
2014-10-02,309.2083808219973,153.33259262948587,2014-06-30,2014-06-30,2014-12-31,92.37999999999992,92.37999999999992,7.45,62,62,5
2014-10-03,308.71694466660165,155.0207269369725,2014-06-30,2014-06-30,2014-12-31,92.37999999999992,92.37999999999992,7.45,62,62,5
2014-10-06,310.1294883511468,154.83922256745834,2014-06-30,2014-06-30,2014-12-31,92.37999999999992,92.37999999999992,7.45,62,62,5
2014-10-07,304.73962335014176,152.4491117300671,2014-06-30,2014-06-30,2014-12-31,92.37999999999992,92.37999999999992,7.45,62,62,5
2014-10-08,307.80986330599393,155.11535823886166,2014-06-30,2014-06-30,2014-12-31,92.37999999999992,92.37999999999992,7.45,62,62,5
2014-10-09,303.8159728901943,152.03888312076413,2014-06-30,2014-06-30,2014-12-31,92.37999999999992,92.37999999999992,7.45,62,62,5
2014-10-10,302.63677298295,150.30352894300285,2014-06-30,2014-06-30,2014-12-31,92.37999999999992,92.37999999999992,7.45,62,62,5
2014-10-13,300.0381042705618,147.83449483359067,2014-06-30,2014-06-30,2014-12-31,92.37999999999992,92.37999999999992,7.45,62,62,5
2014-10-14,304.3580718323986,148.06321907337949,2014-06-30,2014-06-30,2014-12-31,92.37999999999992,92.37999999999992,7.45,62,62,5
2014-10-15,304.16781367796926,147.0613532659293,2014-06-30,2014-06-30,2014-12-31,92.37999999999992,92.37999999999992,7.45,62,62,5
2014-10-16,306.8721803295439,146.93521012363368,2014-06-30,2014-06-30,2014-12-31,92.37999999999992,92.37999999999992,7.45,62,62,5
2014-10-17,307.900057245097,148.67056430139496,2014-06-30,2014-06-30,2014-12-31,92.37999999999992,92.37999999999992,7.45,62,62,5
2014-10-20,312.91694311586303,150.11417055855455,2014-06-30,2014-06-30,2014-12-31,92.37999999999992,92.37999999999992,7.45,62,62,5
2014-10-21,314.2989442607192,153.0880645791589,2014-06-30,2014-06-30,2014-12-31,92.37999999999992,92.37999999999992,7.45,62,62,5
2014-10-22,312.24035945893354,151.99951726542358,2014-06-30,2014-06-30,2014-12-31,92.37999999999992,92.37999999999992,7.45,62,62,5
2014-10-23,313.0599151721791,153.76647906426118,2014-06-30,2014-06-30,2014-12-31,92.37999999999992,92.37999999999992,7.45,62,62,5
2014-10-24,315.4923886137509,154.9496576798857,2014-06-30,2014-06-30,2014-12-31,92.37999999999992,92.37999999999992,7.45,62,62,5
2014-10-27,316.5047829142016,154.73673725063503,2014-06-30,2014-06-30,2014-12-31,92.37999999999992,92.37999999999992,7.45,62,62,5
2014-10-28,323.5282142676915,156.51155306440677,2014-06-30,2014-06-30,2014-12-31,92.37999999999992,92.37999999999992,7.45,62,62,5
2014-10-29,321.7980417891342,156.2748790290139,2014-06-30,2014-06-30,2014-12-31,92.37999999999992,92.37999999999992,7.45,62,62,5
2014-10-30,325.2328098426062,157.27674483646408,2014-06-30,2014-06-30,2014-12-31,92.37999999999992,92.37999999999992,7.45,62,62,5
2014-10-31,326.2258123382942,159.0752184757081,2014-06-30,2014-06-30,2014-12-31,92.37999999999992,92.37999999999992,7.45,62,62,5
2014-11-03,326.29292970865254,159.16199576266317,2014-06-30,2014-06-30,2014-12-31,92.37999999999992,92.37999999999992,7.45,62,62,5
2014-11-04,328.38897533404366,158.60982020052643,2014-06-30,2014-06-30,2014-12-31,92.37999999999992,92.37999999999992,7.45,62,62,5
2014-11-05,329.7224061867201,159.61168600797663,2014-06-30,2014-06-30,2014-12-31,92.37999999999992,92.37999999999992,7.45,62,62,5
2014-11-06,332.4512429628016,160.25063885706842,2014-06-30,2014-06-30,2014-12-31,92.37999999999992,92.37999999999992,7.45,62,62,5
2014-11-07,332.8431679403149,160.40053560550624,2014-06-30,2014-06-30,2014-12-31,92.37999999999992,92.37999999999992,7.45,62,62,5
2014-11-10,335.2205666185815,160.9053955166984,2014-06-30,2014-06-30,2014-12-31,92.37999999999992,92.37999999999992,7.45,62,62,5
2014-11-11,335.70288924182626,161.06314628007036,2014-06-30,2014-06-30,2014-12-31,92.37999999999992,92.37999999999992,7.45,62,62,5
2014-11-12,337.4964343531844,160.88959170616025,2014-06-30,2014-06-30,2014-12-31,92.37999999999992,92.37999999999992,7.45,62,62,5
2014-11-13,334.3589074922866,161.0710002950045,2014-06-30,2014-06-30,2014-12-31,92.37999999999992,92.37999999999992,7.45,62,62,5
2014-11-14,334.11803567648684,161.11046193101492,2014-06-30,2014-06-30,2014-12-31,92.37999999999992,92.37999999999992,7.45,62,62,5
2014-11-17,331.47146113245583,161.21294724783823,2014-06-30,2014-06-30,2014-12-31,92.37999999999992,92.37999999999992,7.45,62,62,5
2014-11-18,332.3330407440191,162.14383957887156,2014-06-30,2014-06-30,2014-12-31,92.37999999999992,92.37999999999992,7.45,62,62,5
2014-11-19,331.8098645719988,161.8835077180064,2014-06-30,2014-06-30,2014-12-31,92.37999999999992,92.37999999999992,7.45,62,62,5
2014-11-20,334.47714762427466,162.16749740434383,2014-06-30,2014-06-30,2014-12-31,92.37999999999992,92.37999999999992,7.45,62,62,5
2014-11-21,336.42930447609587,163.03517449322447,2014-06-30,2014-06-30,2014-12-31,92.37999999999992,92.37999999999992,7.45,62,62,5
2014-11-24,340.9957198106598,163.49271875347205,2014-06-30,2014-06-30,2014-12-31,92.37999999999992,92.37999999999992,7.45,62,62,5
2014-11-25,340.88048052826997,163.37442962611058,2014-06-30,2014-06-30,2014-12-31,92.37999999999992,92.37999999999992,7.45,62,62,5
2014-11-26,341.168905153048,163.79241646967776,2014-06-30,2014-06-30,2014-12-31,92.37999999999992,92.37999999999992,7.45,62,62,5
2014-11-28,343.0144365344989,163.44540310252745,2014-06-30,2014-06-30,2014-12-31,92.37999999999992,92.37999999999992,7.45,62,62,5
2014-12-01,339.7715100665216,162.30944435717763,2014-06-30,2014-06-30,2014-12-31,92.37999999999992,92.37999999999992,7.45,62,62,5
2014-12-02,340.53247620174096,163.35862581557242,2014-06-30,2014-06-30,2014-12-31,92.37999999999992,92.37999999999992,7.45,62,62,5
2014-12-03,340.4016156244897,163.98962886906017,2014-06-30,2014-06-30,2014-12-31,92.37999999999992,92.37999999999992,7.45,62,62,5
2014-12-04,340.4085956484777,163.80822028021595,2014-06-30,2014-06-30,2014-12-31,92.37999999999992,92.37999999999992,7.45,62,62,5
2014-12-05,343.31212303137346,164.07640615601525,2014-06-30,2014-06-30,2014-12-31,92.37999999999992,92.37999999999992,7.45,62,62,5
2014-12-08,341.3480662787282,162.9800048273458,2014-06-30,2014-06-30,2014-12-31,92.37999999999992,92.37999999999992,7.45,62,62,5
2014-12-09,342.71764647468945,162.8695697149184,2014-06-30,2014-06-30,2014-12-31,92.37999999999992,92.37999999999992,7.45,62,62,5
2014-12-10,337.00549367183856,160.25849287200253,2014-06-30,2014-06-30,2014-12-31,92.37999999999992,92.37999999999992,7.45,62,62,5
2014-12-11,340.0355758431884,161.0710002950045,2014-06-30,2014-06-30,2014-12-31,92.37999999999992,92.37999999999992,7.45,62,62,5
2014-12-12,338.90113604989165,158.46787324769264,2014-06-30,2014-06-30,2014-12-31,92.37999999999992,92.37999999999992,7.45,62,62,5
2014-12-15,335.66067215737166,157.37932593395732,2014-06-30,2014-06-30,2014-12-31,92.37999999999992,92.37999999999992,7.45,62,62,5
2014-12-16,332.080345108198,156.11712826564198,2014-06-30,2014-06-30,2014-12-31,92.37999999999992,92.37999999999992,7.45,62,62,5
2014-12-17,338.0693343750285,159.17779957320133,2014-06-30,2014-06-30,2014-12-31,92.37999999999992,92.37999999999992,7.45,62,62,5
2014-12-18,341.6605517207774,163.11409776524542,2014-06-30,2014-06-30,2014-12-31,92.37999999999992,92.37999999999992,7.45,62,62,5
2014-12-19,340.7756865052623,163.80802871887607,2014-06-30,2014-06-30,2014-12-31,92.37999999999992,92.37999999999992,7.45,62,62,5
2014-12-22,342.81808436434363,164.56153524920217,2014-06-30,2014-06-30,2014-12-31,92.37999999999992,92.37999999999992,7.45,62,62,5
2014-12-23,344.8542362123335,164.78365062276592,2014-06-30,2014-06-30,2014-12-31,92.37999999999992,92.37999999999992,7.45,62,62,5
2014-12-24,345.3687780335119,164.79955021397404,2014-06-30,2014-06-30,2014-12-31,92.37999999999992,92.37999999999992,7.45,62,62,5
2014-12-26,347.1564775855773,165.33094137073633,2014-06-30,2014-06-30,2014-12-31,92.37999999999992,92.37999999999992,7.45,62,62,5
2014-12-29,349.55102531017076,165.5530567443001,2014-06-30,2014-06-30,2014-12-31,92.37999999999992,92.37999999999992,7.45,62,62,5
2014-12-30,349.5150158613347,164.66469103071495,2014-06-30,2014-06-30,2014-12-31,92.37999999999992,92.37999999999992,7.45,62,62,5
2014-12-31,349.07163477456794,163.0307685824078,2014-06-30,2014-06-30,2014-12-31,92.37999999999992,92.37999999999992,7.45,62,62,5
2015-01-02,346.96390378908353,162.94351239210306,2014-12-31,2014-12-31,2015-06-30,93.86999999999992,93.86999999999992,5.96,63,63,4
2015-01-05,342.3149153554751,160.00074708922546,2014-12-31,2014-12-31,2015-06-30,93.86999999999992,93.86999999999992,5.96,63,63,4
2015-01-06,339.3936739380839,158.4937340285733,2014-12-31,2014-12-31,2015-06-30,93.86999999999992,93.86999999999992,5.96,63,63,4
2015-01-07,348.1006398494086,160.4687314424952,2014-12-31,2014-12-31,2015-06-30,93.86999999999992,93.86999999999992,5.96,63,63,4
2015-01-08,352.99687479732626,163.31629075946412,2014-12-31,2014-12-31,2015-06-30,93.86999999999992,93.86999999999992,5.96,63,63,4
2015-01-09,350.8383919503613,162.00754368556355,2014-12-31,2014-12-31,2015-06-30,93.86999999999992,93.86999999999992,5.96,63,63,4
2015-01-12,351.32877132047884,160.73844980901336,2014-12-31,2014-12-31,2015-06-30,93.86999999999992,93.86999999999992,5.96,63,63,4
2015-01-13,355.0714084060914,160.28626926628175,2014-12-31,2014-12-31,2015-06-30,93.86999999999992,93.86999999999992,5.96,63,63,4
2015-01-14,352.4955445480512,159.31859715799598,2014-12-31,2014-12-31,2015-06-30,93.86999999999992,93.86999999999992,5.96,63,63,4
2015-01-15,344.8042208916111,157.85918709029818,2014-12-31,2014-12-31,2015-06-30,93.86999999999992,93.86999999999992,5.96,63,63,4
2015-01-16,348.0976897010553,159.92939049012887,2014-12-31,2014-12-31,2015-06-30,93.86999999999992,93.86999999999992,5.96,63,63,4
2015-01-20,346.95395901103717,160.2704654557436,2014-12-31,2014-12-31,2015-06-30,93.86999999999992,93.86999999999992,5.96,63,63,4
2015-01-21,346.9543200085717,161.07952477462808,2014-12-31,2014-12-31,2015-06-30,93.86999999999992,93.86999999999992,5.96,63,63,4
2015-01-22,354.5027263058828,163.47490354886537,2014-12-31,2014-12-31,2015-06-30,93.86999999999992,93.86999999999992,5.96,63,63,4
2015-01-23,355.5359447638024,162.5785880396762,2014-12-31,2014-12-31,2015-06-30,93.86999999999992,93.86999999999992,5.96,63,63,4
2015-01-26,358.41225646567494,162.95931620264125,2014-12-31,2014-12-31,2015-06-30,93.86999999999992,93.86999999999992,5.96,63,63,4
2015-01-27,356.41170834781144,160.80980640810995,2014-12-31,2014-12-31,2015-06-30,93.86999999999992,93.86999999999992,5.96,63,63,4
2015-01-28,352.81497789982836,158.74755280388337,2014-12-31,2014-12-31,2015-06-30,93.86999999999992,93.86999999999992,5.96,63,63,4
2015-01-29,355.8454510478432,160.21491266718516,2014-12-31,2014-12-31,2015-06-30,93.86999999999992,93.86999999999992,5.96,63,63,4
2015-01-30,349.3339304885202,158.20026205591293,2014-12-31,2014-12-31,2015-06-30,93.86999999999992,93.86999999999992,5.96,63,63,4
2015-02-02,349.21843924773884,160.15935987862673,2014-12-31,2014-12-31,2015-06-30,93.86999999999992,93.86999999999992,5.96,63,63,4
2015-02-03,353.7301714821346,162.47552803883335,2014-12-31,2014-12-31,2015-06-30,93.86999999999992,93.86999999999992,5.96,63,63,4
2015-02-04,353.9358371187862,161.85678491109638,2014-12-31,2014-12-31,2015-06-30,93.86999999999992,93.86999999999992,5.96,63,63,4
2015-02-05,355.8053832060667,163.4908031400735,2014-12-31,2014-12-31,2015-06-30,93.86999999999992,93.86999999999992,5.96,63,63,4
2015-02-06,356.8924172334215,163.03862259734188,2014-12-31,2014-12-31,2015-06-30,93.86999999999992,93.86999999999992,5.96,63,63,4
2015-02-09,353.1488973417705,162.30896545382797,2014-12-31,2014-12-31,2015-06-30,93.86999999999992,93.86999999999992,5.96,63,63,4
2015-02-10,358.1226600733261,164.0380938880439,2014-12-31,2014-12-31,2015-06-30,93.86999999999992,93.86999999999992,5.96,63,63,4
2015-02-11,357.87664657118165,164.1332040932827,2014-12-31,2014-12-31,2015-06-30,93.86999999999992,93.86999999999992,5.96,63,63,4
2015-02-12,359.68181481424864,165.71166953370138,2014-12-31,2014-12-31,2015-06-30,93.86999999999992,93.86999999999992,5.96,63,63,4
2015-02-13,359.6146535525843,166.39381946493089,2014-12-31,2014-12-31,2015-06-30,93.86999999999992,93.86999999999992,5.96,63,63,4
2015-02-17,361.4365831625537,166.65558803584494,2014-12-31,2014-12-31,2015-06-30,93.86999999999992,93.86999999999992,5.96,63,63,4
2015-02-18,366.2999588671658,166.67139184638313,2014-12-31,2014-12-31,2015-06-30,93.86999999999992,93.86999999999992,5.96,63,63,4
2015-02-19,366.3721286063901,166.55243225433216,2014-12-31,2014-12-31,2015-06-30,93.86999999999992,93.86999999999992,5.96,63,63,4
2015-02-20,364.3784275034315,167.55190354503415,2014-12-31,2014-12-31,2015-06-30,93.86999999999992,93.86999999999992,5.96,63,63,4
2015-02-23,363.5206527643675,167.528054158222,2014-12-31,2014-12-31,2015-06-30,93.86999999999992,93.86999999999992,5.96,63,63,4
2015-02-24,364.9515226789536,168.00398830709582,2014-12-31,2014-12-31,2015-06-30,93.86999999999992,93.86999999999992,5.96,63,63,4
2015-02-25,367.5835883496413,167.8611793282327,2014-12-31,2014-12-31,2015-06-30,93.86999999999992,93.86999999999992,5.96,63,63,4
2015-02-26,367.59315023954775,167.6629133414811,2014-12-31,2014-12-31,2015-06-30,93.86999999999992,93.86999999999992,5.96,63,63,4
2015-02-27,365.6961000241873,167.09177320669852,2014-12-31,2014-12-31,2015-06-30,93.86999999999992,93.86999999999992,5.96,63,63,4
2015-03-02,369.86840789743036,168.14679728595897,2014-12-31,2014-12-31,2015-06-30,93.86999999999992,93.86999999999992,5.96,63,63,4
2015-03-03,367.3759154293487,167.4566975591254,2014-12-31,2014-12-31,2015-06-30,93.86999999999992,93.86999999999992,5.96,63,63,4
2015-03-04,364.01492645132726,166.7507940217537,2014-12-31,2014-12-31,2015-06-30,93.86999999999992,93.86999999999992,5.96,63,63,4
2015-03-05,365.083622467998,166.93316041729724,2014-12-31,2014-12-31,2015-06-30,93.86999999999992,93.86999999999992,5.96,63,63,4
2015-03-06,360.71594384313573,164.5853846360143,2014-12-31,2014-12-31,2015-06-30,93.86999999999992,93.86999999999992,5.96,63,63,4
2015-03-09,362.3334135504712,165.26753456724379,2014-12-31,2014-12-31,2015-06-30,93.86999999999992,93.86999999999992,5.96,63,63,4
2015-03-10,356.68363284868593,162.58653783528024,2014-12-31,2014-12-31,2015-06-30,93.86999999999992,93.86999999999992,5.96,63,63,4
2015-03-11,355.7753019098933,162.20580967231518,2014-12-31,2014-12-31,2015-06-30,93.86999999999992,93.86999999999992,5.96,63,63,4
2015-03-12,362.26288553905994,164.2680632765418,2014-12-31,2014-12-31,2015-06-30,93.86999999999992,93.86999999999992,5.96,63,63,4
2015-03-13,361.80484068201645,163.26073797090567,2014-12-31,2014-12-31,2015-06-30,93.86999999999992,93.86999999999992,5.96,63,63,4
2015-03-16,363.953326955458,165.44195116718325,2014-12-31,2014-12-31,2015-06-30,93.86999999999992,93.86999999999992,5.96,63,63,4
2015-03-17,364.6058339037192,164.95021320777127,2014-12-31,2014-12-31,2015-06-30,93.86999999999992,93.86999999999992,5.96,63,63,4
2015-03-18,366.65396524114266,166.93316041729724,2014-12-31,2014-12-31,2015-06-30,93.86999999999992,93.86999999999992,5.96,63,63,4
2015-03-19,368.4130140315837,166.1717040913671,2014-12-31,2014-12-31,2015-06-30,93.86999999999992,93.86999999999992,5.96,63,63,4
2015-03-20,369.90717252491396,167.6382977093095,2014-12-31,2014-12-31,2015-06-30,93.86999999999992,93.86999999999992,5.96,63,63,4
2015-03-23,371.25220515504304,167.31168562485394,2014-12-31,2014-12-31,2015-06-30,93.86999999999992,93.86999999999992,5.96,63,63,4
2015-03-24,372.13767594407955,166.3715983495075,2014-12-31,2014-12-31,2015-06-30,93.86999999999992,93.86999999999992,5.96,63,63,4
2015-03-25,364.5673880551414,163.93359717715214,2014-12-31,2014-12-31,2015-06-30,93.86999999999992,93.86999999999992,5.96,63,63,4
2015-03-26,362.2794459289845,163.5431951665243,2014-12-31,2014-12-31,2015-06-30,93.86999999999992,93.86999999999992,5.96,63,63,4
2015-03-27,364.63050578991084,163.91760180527405,2014-12-31,2014-12-31,2015-06-30,93.86999999999992,93.86999999999992,5.96,63,63,4
2015-03-30,367.5320040182864,165.91740641270744,2014-12-31,2014-12-31,2015-06-30,93.86999999999992,93.86999999999992,5.96,63,63,4
2015-03-31,366.8098692784112,164.46738285066263,2014-12-31,2014-12-31,2015-06-30,93.86999999999992,93.86999999999992,5.96,63,63,4
2015-04-01,365.95787039751144,163.88580262285788,2014-12-31,2014-12-31,2015-06-30,93.86999999999992,93.86999999999992,5.96,63,63,4
2015-04-02,367.4802300669063,164.47533264626665,2014-12-31,2014-12-31,2015-06-30,93.86999999999992,93.86999999999992,5.96,63,63,4
2015-04-06,368.2535404363314,165.5828445326478,2014-12-31,2014-12-31,2015-06-30,93.86999999999992,93.86999999999992,5.96,63,63,4
2015-04-07,365.3599555301065,165.14455218705584,2014-12-31,2014-12-31,2015-06-30,93.86999999999992,93.86999999999992,5.96,63,63,4
2015-04-08,369.6440257121097,165.7022830280484,2014-12-31,2014-12-31,2015-06-30,93.86999999999992,93.86999999999992,5.96,63,63,4
2015-04-09,368.0580955609826,166.43529249500983,2014-12-31,2014-12-31,2015-06-30,93.86999999999992,93.86999999999992,5.96,63,63,4
2015-04-10,369.2888016240157,167.34358058794007,2014-12-31,2014-12-31,2015-06-30,93.86999999999992,93.86999999999992,5.96,63,63,4
2015-04-13,369.3150272527504,166.58662595349656,2014-12-31,2014-12-31,2015-06-30,93.86999999999992,93.86999999999992,5.96,63,63,4
2015-04-14,367.4906673358229,166.90538402301803,2014-12-31,2014-12-31,2015-06-30,93.86999999999992,93.86999999999992,5.96,63,63,4
2015-04-15,367.42688890788236,167.65429308118755,2014-12-31,2014-12-31,2015-06-30,93.86999999999992,93.86999999999992,5.96,63,63,4
2015-04-16,367.7679548596351,167.60649852689332,2014-12-31,2014-12-31,2015-06-30,93.86999999999992,93.86999999999992,5.96,63,63,4
2015-04-17,363.39498574901324,165.67843364123627,2014-12-31,2014-12-31,2015-06-30,93.86999999999992,93.86999999999992,5.96,63,63,4
2015-04-20,367.2808850213034,167.1921513487834,2014-12-31,2014-12-31,2015-06-30,93.86999999999992,93.86999999999992,5.96,63,63,4
2015-04-21,366.68664435519725,166.99302333600244,2014-12-31,2014-12-31,2015-06-30,93.86999999999992,93.86999999999992,5.96,63,63,4
2015-04-22,367.7157825897117,167.81357633527833,2014-12-31,2014-12-31,2015-06-30,93.86999999999992,93.86999999999992,5.96,63,63,4
2015-04-23,371.17422019393604,168.23587330899227,2014-12-31,2014-12-31,2015-06-30,93.86999999999992,93.86999999999992,5.96,63,63,4
2015-04-24,373.29873025232826,168.62627531962008,2014-12-31,2014-12-31,2015-06-30,93.86999999999992,93.86999999999992,5.96,63,63,4
2015-04-27,370.0366867113049,167.92516081574482,2014-12-31,2014-12-31,2015-06-30,93.86999999999992,93.86999999999992,5.96,63,63,4
2015-04-28,372.15778210982023,168.4589464892553,2014-12-31,2014-12-31,2015-06-30,93.86999999999992,93.86999999999992,5.96,63,63,4
2015-04-29,365.37935039447916,167.76578178098413,2014-12-31,2014-12-31,2015-06-30,93.86999999999992,93.86999999999992,5.96,63,63,4
2015-04-30,358.9294233671625,166.0847352430722,2014-12-31,2014-12-31,2015-06-30,93.86999999999992,93.86999999999992,5.96,63,63,4
2015-05-01,362.2513365472508,167.88531605705467,2014-12-31,2014-12-31,2015-06-30,93.86999999999992,93.86999999999992,5.96,63,63,4
2015-05-04,362.7959277287985,168.36335738066688,2014-12-31,2014-12-31,2015-06-30,93.86999999999992,93.86999999999992,5.96,63,63,4
2015-05-05,358.73057221688225,166.43529249500983,2014-12-31,2014-12-31,2015-06-30,93.86999999999992,93.86999999999992,5.96,63,63,4
2015-05-06,357.0783297702248,165.75007758234267,2014-12-31,2014-12-31,2015-06-30,93.86999999999992,93.86999999999992,5.96,63,63,4
2015-05-07,359.1837832539474,166.41134732752775,2014-12-31,2014-12-31,2015-06-30,93.86999999999992,93.86999999999992,5.96,63,63,4
2015-05-08,361.2544323330514,168.60233015213802,2014-12-31,2014-12-31,2015-06-30,93.86999999999992,93.86999999999992,5.96,63,63,4
2015-05-11,361.37519439879856,167.79767674407026,2014-12-31,2014-12-31,2015-06-30,93.86999999999992,93.86999999999992,5.96,63,63,4
2015-05-12,360.32972948755645,167.29578603364587,2014-12-31,2014-12-31,2015-06-30,93.86999999999992,93.86999999999992,5.96,63,63,4
2015-05-13,359.63713864287996,167.32758521606206,2014-12-31,2014-12-31,2015-06-30,93.86999999999992,93.86999999999992,5.96,63,63,4
2015-05-14,362.0053050753326,169.0724216801462,2014-12-31,2014-12-31,2015-06-30,93.86999999999992,93.86999999999992,5.96,63,63,4
2015-05-15,362.59396171562247,169.25565010171908,2014-12-31,2014-12-31,2015-06-30,93.86999999999992,93.86999999999992,5.96,63,63,4
2015-05-18,362.9370892779972,169.78148597962556,2014-12-31,2014-12-31,2015-06-30,93.86999999999992,93.86999999999992,5.96,63,63,4
2015-05-19,364.52107773341646,169.72574162972725,2014-12-31,2014-12-31,2015-06-30,93.86999999999992,93.86999999999992,5.96,63,63,4
2015-05-20,364.00022587989724,169.6062073536567,2014-12-31,2014-12-31,2015-06-30,93.86999999999992,93.86999999999992,5.96,63,63,4
2015-05-21,362.90722307527204,170.100244049147,2014-12-31,2014-12-31,2015-06-30,93.86999999999992,93.86999999999992,5.96,63,63,4
2015-05-22,361.0400918040867,169.69384666664112,2014-12-31,2014-12-31,2015-06-30,93.86999999999992,93.86999999999992,5.96,63,63,4
2015-05-26,357.46724541947845,167.86941646584654,2014-12-31,2014-12-31,2015-06-30,93.86999999999992,93.86999999999992,5.96,63,63,4
2015-05-27,359.2706886590967,169.46282369077403,2014-12-31,2014-12-31,2015-06-30,93.86999999999992,93.86999999999992,5.96,63,63,4
2015-05-28,358.5592964646419,169.2716454735971,2014-12-31,2014-12-31,2015-06-30,93.86999999999992,93.86999999999992,5.96,63,63,4
2015-05-29,355.5393668975904,168.2199737177842,2014-12-31,2014-12-31,2015-06-30,93.86999999999992,93.86999999999992,5.96,63,63,4
2015-06-01,355.0339202483784,168.56258117411778,2014-12-31,2014-12-31,2015-06-30,93.86999999999992,93.86999999999992,5.96,63,63,4
2015-06-02,356.1958476960281,168.39525234375301,2014-12-31,2014-12-31,2015-06-30,93.86999999999992,93.86999999999992,5.96,63,63,4
2015-06-03,359.64344950313927,168.8413987042791,2014-12-31,2014-12-31,2015-06-30,93.86999999999992,93.86999999999992,5.96,63,63,4
2015-06-04,358.067568919015,167.41522452904644,2014-12-31,2014-12-31,2015-06-30,93.86999999999992,93.86999999999992,5.96,63,63,4
2015-06-05,360.2410468937145,167.1284572032811,2014-12-31,2014-12-31,2015-06-30,93.86999999999992,93.86999999999992,5.96,63,63,4
2015-06-08,359.2483431593932,166.10063483428027,2014-12-31,2014-12-31,2015-06-30,93.86999999999992,93.86999999999992,5.96,63,63,4
2015-06-09,359.612582432801,166.07678544746813,2014-12-31,2014-12-31,2015-06-30,93.86999999999992,93.86999999999992,5.96,63,63,4
2015-06-10,363.3005368567481,168.0685444786275,2014-12-31,2014-12-31,2015-06-30,93.86999999999992,93.86999999999992,5.96,63,63,4
2015-06-11,364.2725791613089,168.610375728412,2014-12-31,2014-12-31,2015-06-30,93.86999999999992,93.86999999999992,5.96,63,63,4
2015-06-12,365.4509334655236,167.319635420458,2014-12-31,2014-12-31,2015-06-30,93.86999999999992,93.86999999999992,5.96,63,63,4
2015-06-15,364.06373743139187,166.6026213253746,2014-12-31,2014-12-31,2015-06-30,93.86999999999992,93.86999999999992,5.96,63,63,4
2015-06-16,364.28895933665353,167.51090941830483,2014-12-31,2014-12-31,2015-06-30,93.86999999999992,93.86999999999992,5.96,63,63,4
2015-06-17,364.3923828386688,167.78177715286213,2014-12-31,2014-12-31,2015-06-30,93.86999999999992,93.86999999999992,5.96,63,63,4
2015-06-18,367.6653824763641,169.52661361694626,2014-12-31,2014-12-31,2015-06-30,93.86999999999992,93.86999999999992,5.96,63,63,4
2015-06-19,367.3406756683853,168.7740648933195,2014-12-31,2014-12-31,2015-06-30,93.86999999999992,93.86999999999992,5.96,63,63,4
2015-06-22,367.95743443551135,169.6386770007624,2014-12-31,2014-12-31,2015-06-30,93.86999999999992,93.86999999999992,5.96,63,63,4
2015-06-23,366.4711217328744,169.75878596085252,2014-12-31,2014-12-31,2015-06-30,93.86999999999992,93.86999999999992,5.96,63,63,4
2015-06-24,364.0343935954761,168.52589717753523,2014-12-31,2014-12-31,2015-06-30,93.86999999999992,93.86999999999992,5.96,63,63,4
2015-06-25,364.32404913217795,168.01347059341873,2014-12-31,2014-12-31,2015-06-30,93.86999999999992,93.86999999999992,5.96,63,63,4
2015-06-26,366.06723255954154,167.98147984966266,2014-12-31,2014-12-31,2015-06-30,93.86999999999992,93.86999999999992,5.96,63,63,4
2015-06-29,359.20033950889353,164.45885837103899,2014-12-31,2014-12-31,2015-06-30,93.86999999999992,93.86999999999992,5.96,63,63,4
2015-06-30,361.09784750553047,164.80309409876136,2014-12-31,2014-12-31,2015-06-30,93.86999999999992,93.86999999999992,5.96,63,63,4
2015-07-01,356.50146657132854,166.12410109841272,2015-06-30,2015-06-30,2015-12-31,94.38000000000014,92.95000000000013,5.72,66,65,4
2015-07-02,355.3188599313885,165.97200139456655,2015-06-30,2015-06-30,2015-12-31,94.38000000000014,92.95000000000013,5.72,66,65,4
2015-07-06,355.56366733355895,165.4996111304801,2015-06-30,2015-06-30,2015-12-31,94.38000000000014,92.95000000000013,5.72,66,65,4
2015-07-07,357.13871642179856,166.5403638899212,2015-06-30,2015-06-30,2015-12-31,94.38000000000014,92.95000000000013,5.72,66,65,4
2015-07-08,352.3660854458919,163.74634596744224,2015-06-30,2015-06-30,2015-12-31,94.38000000000014,92.95000000000013,5.72,66,65,4
2015-07-09,353.5197920999873,164.0424997988606,2015-06-30,2015-06-30,2015-12-31,94.38000000000014,92.95000000000013,5.72,66,65,4
2015-07-10,359.10864582849365,166.1081057265347,2015-06-30,2015-06-30,2015-12-31,94.38000000000014,92.95000000000013,5.72,66,65,4
2015-07-13,363.64910469762873,167.94144352963264,2015-06-30,2015-06-30,2015-12-31,94.38000000000014,92.95000000000013,5.72,66,65,4
2015-07-14,362.96202753797706,168.66995130510742,2015-06-30,2015-06-30,2015-12-31,94.38000000000014,92.95000000000013,5.72,66,65,4
2015-07-15,359.2181431301083,168.61391961319933,2015-06-30,2015-06-30,2015-12-31,94.38000000000014,92.95000000000013,5.72,66,65,4
2015-07-16,361.392507622968,169.96691735660676,2015-06-30,2015-06-30,2015-12-31,94.38000000000014,92.95000000000013,5.72,66,65,4
2015-07-17,360.14562654959474,170.1110672648489,2015-06-30,2015-06-30,2015-12-31,94.38000000000014,92.95000000000013,5.72,66,65,4
2015-07-20,359.5124208531036,170.199089700513,2015-06-30,2015-06-30,2015-12-31,94.38000000000014,92.95000000000013,5.72,66,65,4
2015-07-21,359.27048386982824,169.52661361694626,2015-06-30,2015-06-30,2015-12-31,94.38000000000014,92.95000000000013,5.72,66,65,4
2015-07-22,362.14571830330834,169.22241420925394,2015-06-30,2015-06-30,2015-12-31,94.38000000000014,92.95000000000013,5.72,66,65,4
2015-07-23,356.6846234919156,168.26968388547698,2015-06-30,2015-06-30,2015-12-31,94.38000000000014,92.95000000000013,5.72,66,65,4
2015-07-24,353.50720889183884,166.52436851804316,2015-06-30,2015-06-30,2015-12-31,94.38000000000014,92.95000000000013,5.72,66,65,4
2015-07-27,350.39762397116874,165.55564282238817,2015-06-30,2015-06-30,2015-12-31,94.38000000000014,92.95000000000013,5.72,66,65,4
2015-07-28,353.2300451032529,167.5891622256363,2015-06-30,2015-06-30,2015-12-31,94.38000000000014,92.95000000000013,5.72,66,65,4
2015-07-29,360.9755087528449,168.74207414956345,2015-06-30,2015-06-30,2015-12-31,94.38000000000014,92.95000000000013,5.72,66,65,4
2015-07-30,361.85580743987475,168.78211046959348,2015-06-30,2015-06-30,2015-12-31,94.38000000000014,92.95000000000013,5.72,66,65,4
2015-07-31,365.95413703845736,168.52589717753523,2015-06-30,2015-06-30,2015-12-31,94.38000000000014,92.95000000000013,5.72,66,65,4
2015-08-03,365.641265164968,167.95743890151067,2015-06-30,2015-06-30,2015-12-31,94.38000000000014,92.95000000000013,5.72,66,65,4
2015-08-04,366.134578528187,167.62919854566633,2015-06-30,2015-06-30,2015-12-31,94.38000000000014,92.95000000000013,5.72,66,65,4
2015-08-05,363.9462343174765,168.18166144981285,2015-06-30,2015-06-30,2015-12-31,94.38000000000014,92.95000000000013,5.72,66,65,4
2015-08-06,357.2437116688907,166.80462275825346,2015-06-30,2015-06-30,2015-12-31,94.38000000000014,92.95000000000013,5.72,66,65,4
2015-08-07,356.9013219455561,166.48433219801313,2015-06-30,2015-06-30,2015-12-31,94.38000000000014,92.95000000000013,5.72,66,65,4
2015-08-10,356.70591436722094,168.5819288694433,2015-06-30,2015-06-30,2015-12-31,94.38000000000014,92.95000000000013,5.72,66,65,4
2015-08-11,352.2520813764005,167.06074026964174,2015-06-30,2015-06-30,2015-12-31,94.38000000000014,92.95000000000013,5.72,66,65,4
2015-08-12,351.4690060495921,167.26092186979193,2015-06-30,2015-06-30,2015-12-31,94.38000000000014,92.95000000000013,5.72,66,65,4
2015-08-13,351.41718269559516,167.0527904740377,2015-06-30,2015-06-30,2015-12-31,94.38000000000014,92.95000000000013,5.72,66,65,4
2015-08-14,351.7711516680282,167.66118928942237,2015-06-30,2015-06-30,2015-12-31,94.38000000000014,92.95000000000013,5.72,66,65,4
2015-08-17,354.3816183603371,168.59792424132135,2015-06-30,2015-06-30,2015-12-31,94.38000000000014,92.95000000000013,5.72,66,65,4
2015-08-18,350.19287712141255,168.10953860535682,2015-06-30,2015-06-30,2015-12-31,94.38000000000014,92.95000000000013,5.72,66,65,4
2015-08-19,347.5787530311209,166.78058181010144,2015-06-30,2015-06-30,2015-12-31,94.38000000000014,92.95000000000013,5.72,66,65,4
2015-08-20,340.3005673381071,163.2979966515078,2015-06-30,2015-06-30,2015-12-31,94.38000000000014,92.95000000000013,5.72,66,65,4
2015-08-21,333.8009455739277,158.38234110944666,2015-06-30,2015-06-30,2015-12-31,94.38000000000014,92.95000000000013,5.72,66,65,4
2015-08-24,323.58823038228826,151.71332462367778,2015-06-30,2015-06-30,2015-12-31,94.38000000000014,92.95000000000013,5.72,66,65,4
2015-08-25,323.1644077395228,149.9279729362139,2015-06-30,2015-06-30,2015-12-31,94.38000000000014,92.95000000000013,5.72,66,65,4
2015-08-26,330.25882307209616,155.68429541823588,2015-06-30,2015-06-30,2015-12-31,94.38000000000014,92.95000000000013,5.72,66,65,4
2015-08-27,335.2460842793384,159.5351572527039,2015-06-30,2015-06-30,2015-12-31,94.38000000000014,92.95000000000013,5.72,66,65,4
2015-08-28,336.7327142049204,159.54320282897788,2015-06-30,2015-06-30,2015-12-31,94.38000000000014,92.95000000000013,5.72,66,65,4
2015-08-31,332.82827117812417,158.25418657308256,2015-06-30,2015-06-30,2015-12-31,94.38000000000014,92.95000000000013,5.72,66,65,4
2015-09-01,327.2310988301665,153.53066705489766,2015-06-30,2015-06-30,2015-12-31,94.38000000000014,92.95000000000013,5.72,66,65,4
2015-09-02,332.60297810420667,156.44488971813666,2015-06-30,2015-06-30,2015-12-31,94.38000000000014,92.95000000000013,5.72,66,65,4
2015-09-03,333.67169864526187,156.5569531019528,2015-06-30,2015-06-30,2015-12-31,94.38000000000014,92.95000000000013,5.72,66,65,4
2015-09-04,331.8547451415414,154.18714776658635,2015-06-30,2015-06-30,2015-12-31,94.38000000000014,92.95000000000013,5.72,66,65,4
2015-09-08,338.14592729487913,158.06205054920636,2015-06-30,2015-06-30,2015-12-31,94.38000000000014,92.95000000000013,5.72,66,65,4
2015-09-09,335.2324451281625,155.94845850589817,2015-06-30,2015-06-30,2015-12-31,94.38000000000014,92.95000000000013,5.72,66,65,4
2015-09-10,333.8433442968371,156.79707524146306,2015-06-30,2015-06-30,2015-12-31,94.38000000000014,92.95000000000013,5.72,66,65,4
2015-09-11,338.36249972581464,157.50968342572975,2015-06-30,2015-06-30,2015-12-31,94.38000000000014,92.95000000000013,5.72,66,65,4
2015-09-14,337.1800524973394,156.92522977782716,2015-06-30,2015-06-30,2015-12-31,94.38000000000014,92.95000000000013,5.72,66,65,4
2015-09-15,338.3908924589068,158.88672211728917,2015-06-30,2015-06-30,2015-12-31,94.38000000000014,92.95000000000013,5.72,66,65,4
2015-09-16,339.63150141694985,160.26366502817868,2015-06-30,2015-06-30,2015-12-31,94.38000000000014,92.95000000000013,5.72,66,65,4
2015-09-17,340.5873521025833,159.90343392857827,2015-06-30,2015-06-30,2015-12-31,94.38000000000014,92.95000000000013,5.72,66,65,4
2015-09-18,335.2208694420074,157.29072881427362,2015-06-30,2015-06-30,2015-12-31,94.38000000000014,92.95000000000013,5.72,66,65,4
2015-09-21,336.06192481565006,158.1035235792853,2015-06-30,2015-06-30,2015-12-31,94.38000000000014,92.95000000000013,5.72,66,65,4
2015-09-22,332.900359889382,156.05142272607114,2015-06-30,2015-06-30,2015-12-31,94.38000000000014,92.95000000000013,5.72,66,65,4
2015-09-23,331.81381261191484,155.80191408090786,2015-06-30,2015-06-30,2015-12-31,94.38000000000014,92.95000000000013,5.72,66,65,4
2015-09-24,330.2133390525112,155.23862796105942,2015-06-30,2015-06-30,2015-12-31,94.38000000000014,92.95000000000013,5.72,66,65,4
2015-09-25,329.5711158388229,155.19830429901958,2015-06-30,2015-06-30,2015-12-31,94.38000000000014,92.95000000000013,5.72,66,65,4
2015-09-28,320.4252642418722,151.30328757571462,2015-06-30,2015-06-30,2015-12-31,94.38000000000014,92.95000000000013,5.72,66,65,4
2015-09-29,319.25112113438587,151.3917889147284,2015-06-30,2015-06-30,2015-12-31,94.38000000000014,92.95000000000013,5.72,66,65,4
2015-09-30,324.11075715107296,154.21655243225433,2015-06-30,2015-06-30,2015-12-31,94.38000000000014,92.95000000000013,5.72,66,65,4
2015-10-01,321.1675259784437,154.6189270266232,2015-06-30,2015-06-30,2015-12-31,94.38000000000014,92.95000000000013,5.72,66,65,4
2015-10-02,324.90713339190745,156.92858210127466,2015-06-30,2015-06-30,2015-12-31,94.38000000000014,92.95000000000013,5.72,66,65,4
2015-10-05,329.4006448932307,159.72106753303476,2015-06-30,2015-06-30,2015-12-31,94.38000000000014,92.95000000000013,5.72,66,65,4
2015-10-06,327.0642423402787,159.17387256573429,2015-06-30,2015-06-30,2015-12-31,94.38000000000014,92.95000000000013,5.72,66,65,4
2015-10-07,329.0418848678307,160.47754326412863,2015-06-30,2015-06-30,2015-12-31,94.38000000000014,92.95000000000013,5.72,66,65,4
2015-10-08,332.3166568463971,161.9261301161245,2015-06-30,2015-06-30,2015-12-31,94.38000000000014,92.95000000000013,5.72,66,65,4
2015-10-09,331.62895379142253,162.02267703141223,2015-06-30,2015-06-30,2015-12-31,94.38000000000014,92.95000000000013,5.72,66,65,4
2015-10-12,330.6985601247209,162.17563876128776,2015-06-30,2015-06-30,2015-12-31,94.38000000000014,92.95000000000013,5.72,66,65,4
2015-10-13,327.2405160109673,161.1535632324827,2015-06-30,2015-06-30,2015-12-31,94.38000000000014,92.95000000000013,5.72,66,65,4
2015-10-14,321.87236501902015,160.38099634884085,2015-06-30,2015-06-30,2015-12-31,94.38000000000014,92.95000000000013,5.72,66,65,4
2015-10-15,325.39226310899636,162.84361315336787,2015-06-30,2015-06-30,2015-12-31,94.38000000000014,92.95000000000013,5.72,66,65,4
2015-10-16,326.2637004928919,163.58399773191374,2015-06-30,2015-06-30,2015-12-31,94.38000000000014,92.95000000000013,5.72,66,65,4
2015-10-19,328.5370606516928,163.66445349465351,2015-06-30,2015-06-30,2015-12-31,94.38000000000014,92.95000000000013,5.72,66,65,4
2015-10-20,328.8502637670092,163.45517273086017,2015-06-30,2015-06-30,2015-12-31,94.38000000000014,92.95000000000013,5.72,66,65,4
2015-10-21,322.161621749636,162.441238558999,2015-06-30,2015-06-30,2015-12-31,94.38000000000014,92.95000000000013,5.72,66,65,4
2015-10-22,323.6667605629499,165.18545053311522,2015-06-30,2015-06-30,2015-12-31,94.38000000000014,92.95000000000013,5.72,66,65,4
2015-10-23,326.2597500660732,166.99618409811006,2015-06-30,2015-06-30,2015-12-31,94.38000000000014,92.95000000000013,5.72,66,65,4
2015-10-26,328.2457947775962,166.58576392746724,2015-06-30,2015-06-30,2015-12-31,94.38000000000014,92.95000000000013,5.72,66,65,4
2015-10-27,324.8514905190075,166.26384509583815,2015-06-30,2015-06-30,2015-12-31,94.38000000000014,92.95000000000013,5.72,66,65,4
2015-10-28,332.161715292322,168.15503442357277,2015-06-30,2015-06-30,2015-12-31,94.38000000000014,92.95000000000013,5.72,66,65,4
2015-10-29,327.62008370986734,168.05839172761512,2015-06-30,2015-06-30,2015-12-31,94.38000000000014,92.95000000000013,5.72,66,65,4
2015-10-30,326.421248924814,167.33419408228713,2015-06-30,2015-06-30,2015-12-31,94.38000000000014,92.95000000000013,5.72,66,65,4
2015-11-02,331.31218141365855,169.3138847490355,2015-06-30,2015-06-30,2015-12-31,94.38000000000014,92.95000000000013,5.72,66,65,4
2015-11-03,330.3023311733997,169.80476068241813,2015-06-30,2015-06-30,2015-12-31,94.38000000000014,92.95000000000013,5.72,66,65,4
2015-11-04,325.6137966625465,169.28974802021355,2015-06-30,2015-06-30,2015-12-31,94.38000000000014,92.95000000000013,5.72,66,65,4
2015-11-05,323.43071646885085,169.12069513779008,2015-06-30,2015-06-30,2015-12-31,94.38000000000014,92.95000000000013,5.72,66,65,4
2015-11-06,325.36985960381344,169.03219379877632,2015-06-30,2015-06-30,2015-12-31,94.38000000000014,92.95000000000013,5.72,66,65,4
2015-11-09,319.75678122027085,167.45487772639677,2015-06-30,2015-06-30,2015-12-31,94.38000000000014,92.95000000000013,5.72,66,65,4
2015-11-10,320.35238486412584,167.8411611682177,2015-06-30,2015-06-30,2015-12-31,94.38000000000014,92.95000000000013,5.72,66,65,4
2015-11-11,319.6888985051211,167.18123235241157,2015-06-30,2015-06-30,2015-12-31,94.38000000000014,92.95000000000013,5.72,66,65,4
2015-11-12,315.55279760178513,164.84744054893818,2015-06-30,2015-06-30,2015-12-31,94.38000000000014,92.95000000000013,5.72,66,65,4
2015-11-13,310.1302293627104,162.99647910257343,2015-06-30,2015-06-30,2015-12-31,94.38000000000014,92.95000000000013,5.72,66,65,4
2015-11-16,311.914733653312,165.4751870596484,2015-06-30,2015-06-30,2015-12-31,94.38000000000014,92.95000000000013,5.72,66,65,4
2015-11-17,309.80912526175854,165.35440763486878,2015-06-30,2015-06-30,2015-12-31,94.38000000000014,92.95000000000013,5.72,66,65,4
2015-11-18,313.19622926825735,167.97793596487534,2015-06-30,2015-06-30,2015-12-31,94.38000000000014,92.95000000000013,5.72,66,65,4
2015-11-19,313.4874373300705,167.83311559194368,2015-06-30,2015-06-30,2015-12-31,94.38000000000014,92.95000000000013,5.72,66,65,4
2015-11-20,316.116787334125,168.44477095010595,2015-06-30,2015-06-30,2015-12-31,94.38000000000014,92.95000000000013,5.72,66,65,4
2015-11-23,318.11074438263614,168.25158133886052,2015-06-30,2015-06-30,2015-12-31,94.38000000000014,92.95000000000013,5.72,66,65,4
2015-11-24,318.03536365951425,168.47695325520183,2015-06-30,2015-06-30,2015-12-31,94.38000000000014,92.95000000000013,5.72,66,65,4
2015-11-25,321.13503441831483,168.45281652637993,2015-06-30,2015-06-30,2015-12-31,94.38000000000014,92.95000000000013,5.72,66,65,4
2015-11-27,321.3034252798217,168.6459103569554,2015-06-30,2015-06-30,2015-12-31,94.38000000000014,92.95000000000013,5.72,66,65,4
2015-11-30,319.7913483754548,167.9457536597794,2015-06-30,2015-06-30,2015-12-31,94.38000000000014,92.95000000000013,5.72,66,65,4
2015-12-01,320.62953014248296,169.54720646098087,2015-06-30,2015-06-30,2015-12-31,94.38000000000014,92.95000000000013,5.72,66,65,4
2015-12-02,320.2743458051952,167.81702443939574,2015-06-30,2015-06-30,2015-12-31,94.38000000000014,92.95000000000013,5.72,66,65,4
2015-12-03,316.4020203447661,165.4671414833744,2015-06-30,2015-06-30,2015-12-31,94.38000000000014,92.95000000000013,5.72,66,65,4
2015-12-04,319.6019070688744,168.69418381459926,2015-06-30,2015-06-30,2015-12-31,94.38000000000014,92.95000000000013,5.72,66,65,4
2015-12-07,319.3543580840603,167.67210828579422,2015-06-30,2015-06-30,2015-12-31,94.38000000000014,92.95000000000013,5.72,66,65,4
2015-12-08,317.3561220416677,166.5454402654274,2015-06-30,2015-06-30,2015-12-31,94.38000000000014,92.95000000000013,5.72,66,65,4
2015-12-09,315.47498443629297,165.24981514330705,2015-06-30,2015-06-30,2015-12-31,94.38000000000014,92.95000000000013,5.72,66,65,4
2015-12-10,316.47234587625866,165.67632646649787,2015-06-30,2015-06-30,2015-12-31,94.38000000000014,92.95000000000013,5.72,66,65,4
2015-12-11,310.4489478114889,162.46537528782093,2015-06-30,2015-06-30,2015-12-31,94.38000000000014,92.95000000000013,5.72,66,65,4
2015-12-14,308.5873257658123,163.2862156291066,2015-06-30,2015-06-30,2015-12-31,94.38000000000014,92.95000000000013,5.72,66,65,4
2015-12-15,311.6384550459234,165.0003064981438,2015-06-30,2015-06-30,2015-12-31,94.38000000000014,92.95000000000013,5.72,66,65,4
2015-12-16,314.90547343167424,167.4146498450269,2015-06-30,2015-06-30,2015-12-31,94.38000000000014,92.95000000000013,5.72,66,65,4
2015-12-17,311.1344034415747,164.86353170148615,2015-06-30,2015-06-30,2015-12-31,94.38000000000014,92.95000000000013,5.72,66,65,4
2015-12-18,308.71957946437493,161.9261301161245,2015-06-30,2015-06-30,2015-12-31,94.38000000000014,92.95000000000013,5.72,66,65,4
2015-12-21,311.0186825669115,163.26188733894483,2015-06-30,2015-06-30,2015-12-31,94.38000000000014,92.95000000000013,5.72,66,65,4
2015-12-22,312.9138757834325,164.74332696072608,2015-06-30,2015-06-30,2015-12-31,94.38000000000014,92.95000000000013,5.72,66,65,4
2015-12-23,315.2270569451745,166.78345523019925,2015-06-30,2015-06-30,2015-12-31,94.38000000000014,92.95000000000013,5.72,66,65,4
2015-12-24,315.6643642205352,166.50818158482528,2015-06-30,2015-06-30,2015-12-31,94.38000000000014,92.95000000000013,5.72,66,65,4
2015-12-28,313.93526635842596,166.12764498320007,2015-06-30,2015-06-30,2015-12-31,94.38000000000014,92.95000000000013,5.72,66,65,4
2015-12-29,317.0595160288631,167.90064096424317,2015-06-30,2015-06-30,2015-12-31,94.38000000000014,92.95000000000013,5.72,66,65,4
2015-12-30,314.7847925792509,166.71056614038383,2015-06-30,2015-06-30,2015-12-31,94.38000000000014,92.95000000000013,5.72,66,65,4
2015-12-31,312.9524633790822,165.04292889626188,2015-06-30,2015-06-30,2015-12-31,94.38000000000014,92.95000000000013,5.72,66,65,4
2016-01-04,307.87796685246053,162.73566833835864,2015-12-31,2015-12-31,2016-06-30,95.7000000000001,95.7000000000001,4.35,66,66,3
2016-01-05,307.856728586358,163.01094198373264,2015-12-31,2015-12-31,2016-06-30,95.7000000000001,95.7000000000001,4.35,66,66,3
2016-01-06,303.81852814057436,160.95462678104155,2015-12-31,2015-12-31,2016-06-30,95.7000000000001,95.7000000000001,4.35,66,66,3
2016-01-07,297.587885099177,157.09313329221152,2015-12-31,2015-12-31,2016-06-30,95.7000000000001,95.7000000000001,4.35,66,66,3
2016-01-08,295.6424475759141,155.368793891492,2015-12-31,2015-12-31,2016-06-30,95.7000000000001,95.7000000000001,4.35,66,66,3
2016-01-11,296.36356126200843,155.52261764739688,2015-12-31,2015-12-31,2016-06-30,95.7000000000001,95.7000000000001,4.35,66,66,3
2016-01-12,298.7919275160002,156.77734442345783,2015-12-31,2015-12-31,2016-06-30,95.7000000000001,95.7000000000001,4.35,66,66,3
2016-01-13,291.2750633195642,152.86729013497413,2015-12-31,2015-12-31,2016-06-30,95.7000000000001,95.7000000000001,4.35,66,66,3
2016-01-14,293.97345386916345,155.37683946776596,2015-12-31,2015-12-31,2016-06-30,95.7000000000001,95.7000000000001,4.35,66,66,3
2016-01-15,288.8052236018634,152.0415649795221,2015-12-31,2015-12-31,2016-06-30,95.7000000000001,95.7000000000001,4.35,66,66,3
2016-01-19,287.4368791400656,152.24394953508065,2015-12-31,2015-12-31,2016-06-30,95.7000000000001,95.7000000000001,4.35,66,66,3
2016-01-20,287.36602057171746,150.2928972886408,2015-12-31,2015-12-31,2016-06-30,95.7000000000001,95.7000000000001,4.35,66,66,3
2016-01-21,290.9773745247665,151.13480937731072,2015-12-31,2015-12-31,2016-06-30,95.7000000000001,95.7000000000001,4.35,66,66,3
2016-01-22,296.52161632968546,154.2354212242302,2015-12-31,2015-12-31,2016-06-30,95.7000000000001,95.7000000000001,4.35,66,66,3
2016-01-25,291.1904099591472,151.90392815683512,2015-12-31,2015-12-31,2016-06-30,95.7000000000001,95.7000000000001,4.35,66,66,3
2016-01-26,297.0375739767699,153.97633451207412,2015-12-31,2015-12-31,2016-06-30,95.7000000000001,95.7000000000001,4.35,66,66,3
2016-01-27,292.1332627002203,152.30055591100827,2015-12-31,2015-12-31,2016-06-30,95.7000000000001,95.7000000000001,4.35,66,66,3
2016-01-28,292.54835307089684,153.09390720002452,2015-12-31,2015-12-31,2016-06-30,95.7000000000001,95.7000000000001,4.35,66,66,3
2016-01-29,298.40846042971333,156.82600100378144,2015-12-31,2015-12-31,2016-06-30,95.7000000000001,95.7000000000001,4.35,66,66,3
2016-02-01,299.0239210847963,156.76929884718388,2015-12-31,2015-12-31,2016-06-30,95.7000000000001,95.7000000000001,4.35,66,66,3
2016-02-02,293.82144467037017,153.94396064563836,2015-12-31,2015-12-31,2016-06-30,95.7000000000001,95.7000000000001,4.35,66,66,3
2016-02-03,292.64649469211815,154.86680740039768,2015-12-31,2015-12-31,2016-06-30,95.7000000000001,95.7000000000001,4.35,66,66,3
2016-02-04,296.5934787572994,155.10970717933589,2015-12-31,2015-12-31,2016-06-30,95.7000000000001,95.7000000000001,4.35,66,66,3
2016-02-05,287.12123441317,152.1548735120473,2015-12-31,2015-12-31,2016-06-30,95.7000000000001,95.7000000000001,4.35,66,66,3
2016-02-08,281.9873601078054,150.10669966630016,2015-12-31,2015-12-31,2016-06-30,95.7000000000001,95.7000000000001,4.35,66,66,3
2016-02-09,279.95790417499705,150.11484102324405,2015-12-31,2015-12-31,2016-06-30,95.7000000000001,95.7000000000001,4.35,66,66,3
2016-02-10,281.7362040208975,149.98524977683104,2015-12-31,2015-12-31,2016-06-30,95.7000000000001,95.7000000000001,4.35,66,66,3
2016-02-11,279.4832340591078,148.03429331106116,2015-12-31,2015-12-31,2016-06-30,95.7000000000001,95.7000000000001,4.35,66,66,3
2016-02-12,285.9987654771463,151.08624857765705,2015-12-31,2015-12-31,2016-06-30,95.7000000000001,95.7000000000001,4.35,66,66,3
2016-02-16,293.3788918152526,153.6363131338286,2015-12-31,2015-12-31,2016-06-30,95.7000000000001,95.7000000000001,4.35,66,66,3
2016-02-17,299.3932514465393,156.14595824729037,2015-12-31,2015-12-31,2016-06-30,95.7000000000001,95.7000000000001,4.35,66,66,3
2016-02-18,298.69141065315864,155.506430714179,2015-12-31,2015-12-31,2016-06-30,95.7000000000001,95.7000000000001,4.35,66,66,3
2016-02-19,300.04677978503236,155.43354162436353,2015-12-31,2015-12-31,2016-06-30,95.7000000000001,95.7000000000001,4.35,66,66,3
2016-02-22,302.31984240208584,157.68410002566924,2015-12-31,2015-12-31,2016-06-30,95.7000000000001,95.7000000000001,4.35,66,66,3
2016-02-23,303.3798791983699,155.69262833651965,2015-12-31,2015-12-31,2016-06-30,95.7000000000001,95.7000000000001,4.35,66,66,3
2016-02-24,303.4555644728256,156.40494917877658,2015-12-31,2015-12-31,2016-06-30,95.7000000000001,95.7000000000001,4.35,66,66,3
2016-02-25,304.55664642489904,158.2992992686188,2015-12-31,2015-12-31,2016-06-30,95.7000000000001,95.7000000000001,4.35,66,66,3
2016-02-26,307.03596082707185,157.93504538088143,2015-12-31,2015-12-31,2016-06-30,95.7000000000001,95.7000000000001,4.35,66,66,3
2016-02-29,308.08099557001964,156.6964097573684,2015-12-31,2015-12-31,2016-06-30,95.7000000000001,95.7000000000001,4.35,66,66,3
2016-03-01,313.2902903491377,160.37984698080172,2015-12-31,2015-12-31,2016-06-30,95.7000000000001,95.7000000000001,4.35,66,66,3
2016-03-02,314.21536983581,161.10040496067248,2015-12-31,2015-12-31,2016-06-30,95.7000000000001,95.7000000000001,4.35,66,66,3
2016-03-03,315.5231084705279,161.73179113683995,2015-12-31,2015-12-31,2016-06-30,95.7000000000001,95.7000000000001,4.35,66,66,3
2016-03-04,316.94909366265966,162.2580101374261,2015-12-31,2015-12-31,2016-06-30,95.7000000000001,95.7000000000001,4.35,66,66,3
2016-03-07,318.67376151828915,162.38760138383913,2015-12-31,2015-12-31,2016-06-30,95.7000000000001,95.7000000000001,4.35,66,66,3
2016-03-08,313.4697695831239,160.61460540279603,2015-12-31,2015-12-31,2016-06-30,95.7000000000001,95.7000000000001,4.35,66,66,3
2016-03-09,313.84967811333786,161.40805247248224,2015-12-31,2015-12-31,2016-06-30,95.7000000000001,95.7000000000001,4.35,66,66,3
2016-03-10,311.52491754737747,161.53754793822532,2015-12-31,2015-12-31,2016-06-30,95.7000000000001,95.7000000000001,4.35,66,66,3
2016-03-11,316.0329882911835,164.1443146509944,2015-12-31,2015-12-31,2016-06-30,95.7000000000001,95.7000000000001,4.35,66,66,3
2016-03-14,316.7686055636922,163.93378873849196,2015-12-31,2015-12-31,2016-06-30,95.7000000000001,95.7000000000001,4.35,66,66,3
2016-03-15,312.46038941416595,163.66665645006188,2015-12-31,2015-12-31,2016-06-30,95.7000000000001,95.7000000000001,4.35,66,66,3
2016-03-16,313.89420052173404,164.613831494983,2015-12-31,2015-12-31,2016-06-30,95.7000000000001,95.7000000000001,4.35,66,66,3
2016-03-17,316.482457846365,165.65812813921147,2015-12-31,2015-12-31,2016-06-30,95.7000000000001,95.7000000000001,4.35,66,66,3
2016-03-18,319.0776614711688,166.3087662300345,2015-12-31,2015-12-31,2016-06-30,95.7000000000001,95.7000000000001,4.35,66,66,3
2016-03-21,317.70549738819955,166.54476980073792,2015-12-31,2015-12-31,2016-06-30,95.7000000000001,95.7000000000001,4.35,66,66,3
2016-03-22,315.74994731981735,166.45531065502485,2015-12-31,2015-12-31,2016-06-30,95.7000000000001,95.7000000000001,4.35,66,66,3
2016-03-23,310.5615639110829,165.35670637094705,2015-12-31,2015-12-31,2016-06-30,95.7000000000001,95.7000000000001,4.35,66,66,3
2016-03-24,310.9487022530877,165.28352993912182,2015-12-31,2015-12-31,2016-06-30,95.7000000000001,95.7000000000001,4.35,66,66,3
2016-03-28,311.6190260768599,165.38113044177877,2015-12-31,2015-12-31,2016-06-30,95.7000000000001,95.7000000000001,4.35,66,66,3
2016-03-29,317.5536612759477,166.91093930187387,2015-12-31,2015-12-31,2016-06-30,95.7000000000001,95.7000000000001,4.35,66,66,3
2016-03-30,320.55730622040494,167.64327830414578,2015-12-31,2015-12-31,2016-06-30,95.7000000000001,95.7000000000001,4.35,66,66,3
2016-03-31,320.70924085540776,167.23640201829028,2015-12-31,2015-12-31,2016-06-30,95.7000000000001,95.7000000000001,4.35,66,66,3
2016-04-01,320.7102402994159,168.3756173064177,2015-12-31,2015-12-31,2016-06-30,95.7000000000001,95.7000000000001,4.35,66,66,3
2016-04-04,318.7767563772369,167.8304337331857,2015-12-31,2015-12-31,2016-06-30,95.7000000000001,95.7000000000001,4.35,66,66,3
2016-04-05,315.3728377625863,166.1541762287702,2015-12-31,2015-12-31,2016-06-30,95.7000000000001,95.7000000000001,4.35,66,66,3
2016-04-06,318.09064299708297,167.96883680123213,2015-12-31,2015-12-31,2016-06-30,95.7000000000001,95.7000000000001,4.35,66,66,3
2016-04-07,314.7224886326785,165.95887944278638,2015-12-31,2015-12-31,2016-06-30,95.7000000000001,95.7000000000001,4.35,66,66,3
2016-04-08,315.70672527351917,166.40646251336142,2015-12-31,2015-12-31,2016-06-30,95.7000000000001,95.7000000000001,4.35,66,66,3
2016-04-11,315.1331920408273,166.01586894139373,2015-12-31,2015-12-31,2016-06-30,95.7000000000001,95.7000000000001,4.35,66,66,3
2016-04-12,316.37627390588835,167.56196051537665,2015-12-31,2015-12-31,2016-06-30,95.7000000000001,95.7000000000001,4.35,66,66,3
2016-04-13,321.10342625659933,169.25450073367995,2015-12-31,2015-12-31,2016-06-30,95.7000000000001,95.7000000000001,4.35,66,66,3
2016-04-14,319.63270057866106,169.26264209062384,2015-12-31,2015-12-31,2016-06-30,95.7000000000001,95.7000000000001,4.35,66,66,3
2016-04-15,320.5719069594858,169.0754866615839,2015-12-31,2015-12-31,2016-06-30,95.7000000000001,95.7000000000001,4.35,66,66,3
2016-04-18,320.6277104879968,170.26345431070484,2015-12-31,2015-12-31,2016-06-30,95.7000000000001,95.7000000000001,4.35,66,66,3
2016-04-19,318.5916064537387,170.80059230766284,2015-12-31,2015-12-31,2016-06-30,95.7000000000001,95.7000000000001,4.35,66,66,3
2016-04-20,319.33876709001026,170.96332366587106,2015-12-31,2015-12-31,2016-06-30,95.7000000000001,95.7000000000001,4.35,66,66,3
2016-04-21,318.8429952288057,170.04382923455924,2015-12-31,2015-12-31,2016-06-30,95.7000000000001,95.7000000000001,4.35,66,66,3
2016-04-22,319.5497409608037,170.04382923455924,2015-12-31,2015-12-31,2016-06-30,95.7000000000001,95.7000000000001,4.35,66,66,3
2016-04-25,318.9237090022459,169.75083616524847,2015-12-31,2015-12-31,2016-06-30,95.7000000000001,95.7000000000001,4.35,66,66,3
2016-04-26,321.58738511948906,170.00312244983965,2015-12-31,2015-12-31,2016-06-30,95.7000000000001,95.7000000000001,4.35,66,66,3
2016-04-27,320.5975143859441,170.35300923708783,2015-12-31,2015-12-31,2016-06-30,95.7000000000001,95.7000000000001,4.35,66,66,3
2016-04-28,314.3645635485186,168.8069176631049,2015-12-31,2015-12-31,2016-06-30,95.7000000000001,95.7000000000001,4.35,66,66,3
2016-04-29,312.48648787257025,167.89556458873696,2015-12-31,2015-12-31,2016-06-30,95.7000000000001,95.7000000000001,4.35,66,66,3
2016-05-02,315.15865380387726,169.2300766628482,2015-12-31,2015-12-31,2016-06-30,95.7000000000001,95.7000000000001,4.35,66,66,3
2016-05-03,313.1639900732563,167.75725730136048,2015-12-31,2015-12-31,2016-06-30,95.7000000000001,95.7000000000001,4.35,66,66,3
2016-05-04,312.9314152315979,166.82148015616082,2015-12-31,2015-12-31,2016-06-30,95.7000000000001,95.7000000000001,4.35,66,66,3
2016-05-05,310.94179608579924,166.7889147283852,2015-12-31,2015-12-31,2016-06-30,95.7000000000001,95.7000000000001,4.35,66,66,3
2016-05-06,310.2130439063166,167.39922915716846,2015-12-31,2015-12-31,2016-06-30,95.7000000000001,95.7000000000001,4.35,66,66,3
2016-05-09,313.2649041686327,167.5375364445449,2015-12-31,2015-12-31,2016-06-30,95.7000000000001,95.7000000000001,4.35,66,66,3
2016-05-10,314.56142785667413,169.62067023481592,2015-12-31,2015-12-31,2016-06-30,95.7000000000001,95.7000000000001,4.35,66,66,3
2016-05-11,307.1775877142567,168.03387187611347,2015-12-31,2015-12-31,2016-06-30,95.7000000000001,95.7000000000001,4.35,66,66,3
2016-05-12,306.6143439554657,168.08272001777692,2015-12-31,2015-12-31,2016-06-30,95.7000000000001,95.7000000000001,4.35,66,66,3
2016-05-13,303.8116023055209,166.61804201323307,2015-12-31,2015-12-31,2016-06-30,95.7000000000001,95.7000000000001,4.35,66,66,3
2016-05-16,305.21319279356885,168.26173408987293,2015-12-31,2015-12-31,2016-06-30,95.7000000000001,95.7000000000001,4.35,66,66,3
2016-05-17,301.99541176233015,166.6912184450583,2015-12-31,2015-12-31,2016-06-30,95.7000000000001,95.7000000000001,4.35,66,66,3
2016-05-18,299.2208364693845,166.74006658672172,2015-12-31,2015-12-31,2016-06-30,95.7000000000001,95.7000000000001,4.35,66,66,3
2016-05-19,297.8295814916637,166.16231758571413,2015-12-31,2015-12-31,2016-06-30,95.7000000000001,95.7000000000001,4.35,66,66,3
2016-05-20,299.8747806678495,167.2120737281285,2015-12-31,2015-12-31,2016-06-30,95.7000000000001,95.7000000000001,4.35,66,66,3
2016-05-23,299.57801671656284,166.98421151436904,2015-12-31,2015-12-31,2016-06-30,95.7000000000001,95.7000000000001,4.35,66,66,3
2016-05-24,304.2669650362958,169.14866309340914,2015-12-31,2015-12-31,2016-06-30,95.7000000000001,95.7000000000001,4.35,66,66,3
2016-05-25,307.20498119948934,170.29601973848048,2015-12-31,2015-12-31,2016-06-30,95.7000000000001,95.7000000000001,4.35,66,66,3
2016-05-26,307.8199110684682,170.34486788014388,2015-12-31,2015-12-31,2016-06-30,95.7000000000001,95.7000000000001,4.35,66,66,3
2016-05-27,311.7028695779593,171.07720688241582,2015-12-31,2015-12-31,2016-06-30,95.7000000000001,95.7000000000001,4.35,66,66,3
2016-05-31,311.04654777674085,170.75174416599938,2015-12-31,2015-12-31,2016-06-30,95.7000000000001,95.7000000000001,4.35,66,66,3
2016-06-01,312.6996328716669,171.10163095324756,2015-12-31,2015-12-31,2016-06-30,95.7000000000001,95.7000000000001,4.35,66,66,3
2016-06-02,315.3513916059829,171.62239045564783,2015-12-31,2015-12-31,2016-06-30,95.7000000000001,95.7000000000001,4.35,66,66,3
2016-06-03,313.5281987969449,171.10977231019146,2015-12-31,2015-12-31,2016-06-30,95.7000000000001,95.7000000000001,4.35,66,66,3
2016-06-06,317.46707893277755,171.98041859983985,2015-12-31,2015-12-31,2016-06-30,95.7000000000001,95.7000000000001,4.35,66,66,3
2016-06-07,317.41001948470364,172.24898759831888,2015-12-31,2015-12-31,2016-06-30,95.7000000000001,95.7000000000001,4.35,66,66,3
2016-06-08,318.2539703182911,172.81045388543868,2015-12-31,2015-12-31,2016-06-30,95.7000000000001,95.7000000000001,4.35,66,66,3
2016-06-09,317.06694382720286,172.57445031473532,2015-12-31,2015-12-31,2016-06-30,95.7000000000001,95.7000000000001,4.35,66,66,3
2016-06-10,313.6100422227451,170.93889959503935,2015-12-31,2015-12-31,2016-06-30,95.7000000000001,95.7000000000001,4.35,66,66,3
2016-06-13,309.6596826024689,169.62067023481592,2015-12-31,2015-12-31,2016-06-30,95.7000000000001,95.7000000000001,4.35,66,66,3
2016-06-14,309.66312613865034,169.28706616145556,2015-12-31,2015-12-31,2016-06-30,95.7000000000001,95.7000000000001,4.35,66,66,3
2016-06-15,309.4368949613461,169.0510625907522,2015-12-31,2015-12-31,2016-06-30,95.7000000000001,95.7000000000001,4.35,66,66,3
2016-06-16,309.50701249404125,169.55553937926464,2015-12-31,2015-12-31,2016-06-30,95.7000000000001,95.7000000000001,4.35,66,66,3
2016-06-17,310.663222922976,168.924440545107,2015-12-31,2015-12-31,2016-06-30,95.7000000000001,95.7000000000001,4.35,66,66,3
2016-06-20,313.48901092271257,170.0123173941528,2015-12-31,2015-12-31,2016-06-30,95.7000000000001,95.7000000000001,4.35,66,66,3
2016-06-21,312.0166420021734,170.49495618992157,2015-12-31,2015-12-31,2016-06-30,95.7000000000001,95.7000000000001,4.35,66,66,3
2016-06-22,310.9069811552997,170.21680912444975,2015-12-31,2015-12-31,2016-06-30,95.7000000000001,95.7000000000001,4.35,66,66,3
2016-06-23,316.6022530074017,172.43346116860081,2015-12-31,2015-12-31,2016-06-30,95.7000000000001,95.7000000000001,4.35,66,66,3
2016-06-24,308.2923455626518,166.24152819974483,2015-12-31,2015-12-31,2016-06-30,95.7000000000001,95.7000000000001,4.35,66,66,3
2016-06-27,299.3974468122258,163.26418607502308,2015-12-31,2015-12-31,2016-06-30,95.7000000000001,95.7000000000001,4.35,66,66,3
2016-06-28,302.7138560877312,166.2088669912993,2015-12-31,2015-12-31,2016-06-30,95.7000000000001,95.7000000000001,4.35,66,66,3
2016-06-29,309.4349578216973,169.03899422634123,2015-12-31,2015-12-31,2016-06-30,95.7000000000001,95.7000000000001,4.35,66,66,3
2016-06-30,312.28671222489095,171.34558431955497,2015-12-31,2015-12-31,2016-06-30,95.7000000000001,95.7000000000001,4.35,66,66,3
2016-07-01,313.08867507827847,171.70552807714557,2016-06-30,2016-06-30,2016-12-30,95.7000000000001,95.7000000000001,4.35,66,66,3
2016-07-05,309.87629386310454,170.47043633841992,2016-06-30,2016-06-30,2016-12-30,95.7000000000001,95.7000000000001,4.35,66,66,3
2016-07-06,311.3730269308718,171.49279920923482,2016-06-30,2016-06-30,2016-12-30,95.7000000000001,95.7000000000001,4.35,66,66,3
2016-07-07,311.44638837548666,171.38648266561435,2016-06-30,2016-06-30,2016-12-30,95.7000000000001,95.7000000000001,4.35,66,66,3
2016-07-08,317.116189181556,173.9385586158544,2016-06-30,2016-06-30,2016-12-30,95.7000000000001,95.7000000000001,4.35,66,66,3
2016-07-11,321.5018114368301,174.55203380674527,2016-06-30,2016-06-30,2016-12-30,95.7000000000001,95.7000000000001,4.35,66,66,3
2016-07-12,324.5605777009515,175.81978675391647,2016-06-30,2016-06-30,2016-12-30,95.7000000000001,95.7000000000001,4.35,66,66,3
2016-07-13,323.4043724837602,175.79526690241482,2016-06-30,2016-06-30,2016-12-30,95.7000000000001,95.7000000000001,4.35,66,66,3
2016-07-14,324.1506242558581,176.77682720784023,2016-06-30,2016-06-30,2016-12-30,95.7000000000001,95.7000000000001,4.35,66,66,3
2016-07-15,323.091142603803,176.5396742690977,2016-06-30,2016-06-30,2016-12-30,95.7000000000001,95.7000000000001,4.35,66,66,3
2016-07-18,323.9214697217263,177.0140759272527,2016-06-30,2016-06-30,2016-12-30,95.7000000000001,95.7000000000001,4.35,66,66,3
2016-07-19,323.52445572402013,176.83410404845736,2016-06-30,2016-06-30,2016-12-30,95.7000000000001,95.7000000000001,4.35,66,66,3
2016-07-20,325.2033007265065,177.5702742775264,2016-06-30,2016-06-30,2016-12-30,95.7000000000001,95.7000000000001,4.35,66,66,3
2016-07-21,325.6278493006566,176.8995222460184,2016-06-30,2016-06-30,2016-12-30,95.7000000000001,95.7000000000001,4.35,66,66,3
2016-07-22,329.44312871388917,177.6929693157046,2016-06-30,2016-06-30,2016-12-30,95.7000000000001,95.7000000000001,4.35,66,66,3
2016-07-25,331.0511726526885,177.2103305199358,2016-06-30,2016-06-30,2016-12-30,95.7000000000001,95.7000000000001,4.35,66,66,3
2016-07-26,326.22245095279754,177.2921272120546,2016-06-30,2016-06-30,2016-12-30,95.7000000000001,95.7000000000001,4.35,66,66,3
2016-07-27,325.1562238248876,177.10401397631537,2016-06-30,2016-06-30,2016-12-30,95.7000000000001,95.7000000000001,4.35,66,66,3
2016-07-28,322.95682260484807,177.30850570661235,2016-06-30,2016-06-30,2016-12-30,95.7000000000001,95.7000000000001,4.35,66,66,3
2016-07-29,322.25910374847535,177.5947941290281,2016-06-30,2016-06-30,2016-12-30,95.7000000000001,95.7000000000001,4.35,66,66,3
2016-08-01,321.72380714887174,177.44757923934824,2016-06-30,2016-06-30,2016-12-30,95.7000000000001,95.7000000000001,4.35,66,66,3
2016-08-02,315.57276922615836,176.3105669066292,2016-06-30,2016-06-30,2016-12-30,95.7000000000001,95.7000000000001,4.35,66,66,3
2016-08-03,317.80340863711166,176.82596269151344,2016-06-30,2016-06-30,2016-12-30,95.7000000000001,95.7000000000001,4.35,66,66,3
2016-08-04,316.9578578434373,177.0140759272527,2016-06-30,2016-06-30,2016-12-30,95.7000000000001,95.7000000000001,4.35,66,66,3
2016-08-05,320.7748632849887,178.4618007532192,2016-06-30,2016-06-30,2016-12-30,95.7000000000001,95.7000000000001,4.35,66,66,3
2016-08-08,321.6231874401956,178.35548420959876,2016-06-30,2016-06-30,2016-12-30,95.7000000000001,95.7000000000001,4.35,66,66,3
2016-08-09,322.21675900517175,178.4618007532192,2016-06-30,2016-06-30,2016-12-30,95.7000000000001,95.7000000000001,4.35,66,66,3
2016-08-10,321.19405006778703,178.02015608417975,2016-06-30,2016-06-30,2016-12-30,95.7000000000001,95.7000000000001,4.35,66,66,3
2016-08-11,322.6145289090029,178.84626436231144,2016-06-30,2016-06-30,2016-12-30,95.7000000000001,95.7000000000001,4.35,66,66,3
2016-08-12,323.77858933678675,178.6908123350178,2016-06-30,2016-06-30,2016-12-30,95.7000000000001,95.7000000000001,4.35,66,66,3
2016-08-15,326.18797637409693,179.20620811990207,2016-06-30,2016-06-30,2016-12-30,95.7000000000001,95.7000000000001,4.35,66,66,3
2016-08-16,324.23928913954694,178.28192465509383,2016-06-30,2016-06-30,2016-12-30,95.7000000000001,95.7000000000001,4.35,66,66,3
2016-08-17,322.90496115115945,178.61725278051287,2016-06-30,2016-06-30,2016-12-30,95.7000000000001,95.7000000000001,4.35,66,66,3
2016-08-18,324.81717520103564,179.01799910349294,2016-06-30,2016-06-30,2016-12-30,95.7000000000001,95.7000000000001,4.35,66,66,3
2016-08-19,323.9935307927418,178.7563263132488,2016-06-30,2016-06-30,2016-12-30,95.7000000000001,95.7000000000001,4.35,66,66,3
2016-08-22,324.78293316581073,178.74808917563493,2016-06-30,2016-06-30,2016-12-30,95.7000000000001,95.7000000000001,4.35,66,66,3
2016-08-23,326.76160786040975,179.10803293322556,2016-06-30,2016-06-30,2016-12-30,95.7000000000001,95.7000000000001,4.35,66,66,3
2016-08-24,324.47085519741626,178.1918908253612,2016-06-30,2016-06-30,2016-12-30,95.7000000000001,95.7000000000001,4.35,66,66,3
2016-08-25,324.2764729907076,178.06919578718302,2016-06-30,2016-06-30,2016-12-30,95.7000000000001,95.7000000000001,4.35,66,66,3
2016-08-26,322.59748355586214,177.73386766176398,2016-06-30,2016-06-30,2016-12-30,95.7000000000001,95.7000000000001,4.35,66,66,3
2016-08-29,323.5926430961645,178.60911142356898,2016-06-30,2016-06-30,2016-12-30,95.7000000000001,95.7000000000001,4.35,66,66,3
2016-08-30,323.27961934028554,178.31458586353938,2016-06-30,2016-06-30,2016-12-30,95.7000000000001,95.7000000000001,4.35,66,66,3
2016-08-31,321.9887981653682,177.80742721626893,2016-06-30,2016-06-30,2016-12-30,95.7000000000001,95.7000000000001,4.35,66,66,3
2016-09-01,321.2534218668351,177.81566435388277,2016-06-30,2016-06-30,2016-12-30,95.7000000000001,95.7000000000001,4.35,66,66,3
2016-09-02,322.99350749999536,178.61725278051287,2016-06-30,2016-06-30,2016-12-30,95.7000000000001,95.7000000000001,4.35,66,66,3
2016-09-06,322.89289369103744,179.15707263622883,2016-06-30,2016-06-30,2016-12-30,95.7000000000001,95.7000000000001,4.35,66,66,3
2016-09-07,324.61696569424095,179.1406941416711,2016-06-30,2016-06-30,2016-12-30,95.7000000000001,95.7000000000001,4.35,66,66,3
2016-09-08,321.8471213122317,178.7317106810772,2016-06-30,2016-06-30,2016-12-30,95.7000000000001,95.7000000000001,4.35,66,66,3
2016-09-09,314.4829335688155,174.45385862006876,2016-06-30,2016-06-30,2016-12-30,95.7000000000001,95.7000000000001,4.35,66,66,3
2016-09-12,317.437682018381,176.95679908663556,2016-06-30,2016-06-30,2016-12-30,95.7000000000001,95.7000000000001,4.35,66,66,3
2016-09-13,313.96174730256433,174.41296027400938,2016-06-30,2016-06-30,2016-12-30,95.7000000000001,95.7000000000001,4.35,66,66,3
2016-09-14,313.858401274825,174.3475420764483,2016-06-30,2016-06-30,2016-12-30,95.7000000000001,95.7000000000001,4.35,66,66,3
2016-09-15,316.01950493125554,176.0897924624444,2016-06-30,2016-06-30,2016-12-30,95.7000000000001,95.7000000000001,4.35,66,66,3
2016-09-16,315.5710744587825,175.40907924126387,2016-06-30,2016-06-30,2016-12-30,95.7000000000001,95.7000000000001,4.35,66,66,3
2016-09-19,315.4179531849866,175.4420277917192,2016-06-30,2016-06-30,2016-12-30,95.7000000000001,95.7000000000001,4.35,66,66,3
2016-09-20,314.47504575231164,175.45026492933303,2016-06-30,2016-06-30,2016-12-30,95.7000000000001,95.7000000000001,4.35,66,66,3
2016-09-21,316.1601063101528,177.42325094918644,2016-06-30,2016-06-30,2016-12-30,95.7000000000001,95.7000000000001,4.35,66,66,3
2016-09-22,320.2450429943669,178.5412987092597,2016-06-30,2016-06-30,2016-12-30,95.7000000000001,95.7000000000001,4.35,66,66,3
2016-09-23,321.1065434870624,177.56299494661187,2016-06-30,2016-06-30,2016-12-30,95.7000000000001,95.7000000000001,4.35,66,66,3
2016-09-26,317.32795140849174,176.12436928428855,2016-06-30,2016-06-30,2016-12-30,95.7000000000001,95.7000000000001,4.35,66,66,3
2016-09-27,316.2877808586295,177.21770563152026,2016-06-30,2016-06-30,2016-12-30,95.7000000000001,95.7000000000001,4.35,66,66,3
2016-09-28,314.031766196639,178.09735530414196,2016-06-30,2016-06-30,2016-12-30,95.7000000000001,95.7000000000001,4.35,66,66,3
2016-09-29,310.2502986258818,176.48603709393785,2016-06-30,2016-06-30,2016-12-30,95.7000000000001,95.7000000000001,4.35,66,66,3
2016-09-30,313.4513304475076,177.81786730929113,2016-06-30,2016-06-30,2016-12-30,95.7000000000001,95.7000000000001,4.35,66,66,3
2016-10-03,312.37435516531247,177.39039817940102,2016-06-30,2016-06-30,2016-12-30,95.7000000000001,95.7000000000001,4.35,66,66,3
2016-10-04,311.1180059249759,176.48603709393785,2016-06-30,2016-06-30,2016-12-30,95.7000000000001,95.7000000000001,4.35,66,66,3
2016-10-05,312.2138636478115,177.26703267653338,2016-06-30,2016-06-30,2016-12-30,95.7000000000001,95.7000000000001,4.35,66,66,3
2016-10-06,310.27722322257347,177.39039817940102,2016-06-30,2016-06-30,2016-12-30,95.7000000000001,95.7000000000001,4.35,66,66,3
2016-10-07,308.1527624623837,176.78199936401637,2016-06-30,2016-06-30,2016-12-30,95.7000000000001,95.7000000000001,4.35,66,66,3
2016-10-10,311.6902797686774,177.70273894403726,2016-06-30,2016-06-30,2016-12-30,95.7000000000001,95.7000000000001,4.35,66,66,3
2016-10-11,307.0460270081339,175.45840628627693,2016-06-30,2016-06-30,2016-12-30,95.7000000000001,95.7000000000001,4.35,66,66,3
2016-10-12,308.7546462358869,175.6886630167846,2016-06-30,2016-06-30,2016-12-30,95.7000000000001,95.7000000000001,4.35,66,66,3
2016-10-13,306.7582928266613,175.1132127518553,2016-06-30,2016-06-30,2016-12-30,95.7000000000001,95.7000000000001,4.35,66,66,3
2016-10-14,308.4805937531779,175.2036297042676,2016-06-30,2016-06-30,2016-12-30,95.7000000000001,95.7000000000001,4.35,66,66,3
2016-10-17,307.84565576916145,174.59523088888292,2016-06-30,2016-06-30,2016-12-30,95.7000000000001,95.7000000000001,4.35,66,66,3
2016-10-18,310.2816521742265,175.6886630167846,2016-06-30,2016-06-30,2016-12-30,95.7000000000001,95.7000000000001,4.35,66,66,3
2016-10-19,313.45667775697405,176.15722205407397,2016-06-30,2016-06-30,2016-12-30,95.7000000000001,95.7000000000001,4.35,66,66,3
2016-10-20,312.0055517946584,175.82840701421006,2016-06-30,2016-06-30,2016-12-30,95.7000000000001,95.7000000000001,4.35,66,66,3
2016-10-21,312.7053513626825,175.9105868290085,2016-06-30,2016-06-30,2016-12-30,95.7000000000001,95.7000000000001,4.35,66,66,3
2016-10-24,314.22403267401535,176.6587296418186,2016-06-30,2016-06-30,2016-12-30,95.7000000000001,95.7000000000001,4.35,66,66,3
2016-10-25,309.12024825853183,176.06680510166163,2016-06-30,2016-06-30,2016-12-30,95.7000000000001,95.7000000000001,4.35,66,66,3
2016-10-26,305.04497794938237,175.7132786489562,2016-06-30,2016-06-30,2016-12-30,95.7000000000001,95.7000000000001,4.35,66,66,3
2016-10-27,305.6173492223447,175.24471961166685,2016-06-30,2016-06-30,2016-12-30,95.7000000000001,95.7000000000001,4.35,66,66,3
2016-10-28,306.80312336271754,174.72683352936446,2016-06-30,2016-06-30,2016-12-30,95.7000000000001,95.7000000000001,4.35,66,66,3
2016-10-31,308.95491423149366,174.73497488630835,2016-06-30,2016-06-30,2016-12-30,95.7000000000001,95.7000000000001,4.35,66,66,3
2016-11-01,304.9639259689372,173.4690417718658,2016-06-30,2016-06-30,2016-12-30,95.7000000000001,95.7000000000001,4.35,66,66,3
2016-11-02,305.7555909537799,172.42493668897717,2016-06-30,2016-06-30,2016-12-30,95.7000000000001,95.7000000000001,4.35,66,66,3
2016-11-03,304.859390576589,171.63570396876784,2016-06-30,2016-06-30,2016-12-30,95.7000000000001,95.7000000000001,4.35,66,66,3
2016-11-04,303.90572149330615,171.44663292632936,2016-06-30,2016-06-30,2016-12-30,95.7000000000001,95.7000000000001,4.35,66,66,3
2016-11-07,309.667414812565,175.22824533643916,2016-06-30,2016-06-30,2016-12-30,95.7000000000001,95.7000000000001,4.35,66,66,3
2016-11-08,309.3146343097102,176.01747805664854,2016-06-30,2016-06-30,2016-12-30,95.7000000000001,95.7000000000001,4.35,66,66,3
2016-11-09,316.9410274648195,177.88357284886195,2016-06-30,2016-06-30,2016-12-30,95.7000000000001,95.7000000000001,4.35,66,66,3
2016-11-10,321.5830312564688,178.3275162539797,2016-06-30,2016-06-30,2016-12-30,95.7000000000001,95.7000000000001,4.35,66,66,3
2016-11-11,325.68000512512026,177.91652139931728,2016-06-30,2016-06-30,2016-12-30,95.7000000000001,95.7000000000001,4.35,66,66,3
2016-11-14,329.5930886142447,178.0562653967427,2016-06-30,2016-06-30,2016-12-30,95.7000000000001,95.7000000000001,4.35,66,66,3
2016-11-15,328.5807967623205,179.44556401405296,2016-06-30,2016-06-30,2016-12-30,95.7000000000001,95.7000000000001,4.35,66,66,3
2016-11-16,328.72603952648944,179.10851183657522,2016-06-30,2016-06-30,2016-12-30,95.7000000000001,95.7000000000001,4.35,66,66,3
2016-11-17,329.5659995816578,180.0292514165961,2016-06-30,2016-06-30,2016-12-30,95.7000000000001,95.7000000000001,4.35,66,66,3
2016-11-18,330.3955937487337,179.62639791887761,2016-06-30,2016-06-30,2016-12-30,95.7000000000001,95.7000000000001,4.35,66,66,3
2016-11-21,333.05176854802596,180.98284376640245,2016-06-30,2016-06-30,2016-12-30,95.7000000000001,95.7000000000001,4.35,66,66,3
2016-11-22,336.9620353213149,181.33637021910786,2016-06-30,2016-06-30,2016-12-30,95.7000000000001,95.7000000000001,4.35,66,66,3
2016-11-23,339.0252895317445,181.43502430913406,2016-06-30,2016-06-30,2016-12-30,95.7000000000001,95.7000000000001,4.35,66,66,3
2016-11-25,341.1473952437868,182.10912866408955,2016-06-30,2016-06-30,2016-12-30,95.7000000000001,95.7000000000001,4.35,66,66,3
2016-11-28,336.1162732174102,181.25419040430936,2016-06-30,2016-06-30,2016-12-30,95.7000000000001,95.7000000000001,4.35,66,66,3
2016-11-29,335.26385691130184,181.6077168570148,2016-06-30,2016-06-30,2016-12-30,95.7000000000001,95.7000000000001,4.35,66,66,3
2016-11-30,332.4818481382584,181.17201058951088,2016-06-30,2016-06-30,2016-12-30,95.7000000000001,95.7000000000001,4.35,66,66,3
2016-12-01,334.61107140393995,180.50604759149925,2016-06-30,2016-06-30,2016-12-30,95.7000000000001,95.7000000000001,4.35,66,66,3
2016-12-02,333.764973377311,180.5964645439116,2016-06-30,2016-06-30,2016-12-30,95.7000000000001,95.7000000000001,4.35,66,66,3
2016-12-05,337.59541197868896,181.68165953419947,2016-06-30,2016-06-30,2016-12-30,95.7000000000001,95.7000000000001,4.35,66,66,3
2016-12-06,339.94356002674385,182.25710979912878,2016-06-30,2016-06-30,2016-12-30,95.7000000000001,95.7000000000001,4.35,66,66,3
2016-12-07,344.95851429876814,184.64118645431455,2016-06-30,2016-06-30,2016-12-30,95.7000000000001,95.7000000000001,4.35,66,66,3
2016-12-08,348.1929469359838,185.09336699704613,2016-06-30,2016-06-30,2016-12-30,95.7000000000001,95.7000000000001,4.35,66,66,3
2016-12-09,348.65981337393356,186.2114147571194,2016-06-30,2016-06-30,2016-12-30,95.7000000000001,95.7000000000001,4.35,66,66,3
2016-12-12,345.8275971271277,185.9976323018394,2016-06-30,2016-06-30,2016-12-30,95.7000000000001,95.7000000000001,4.35,66,66,3
2016-12-13,346.5507333656025,187.2389497841104,2016-06-30,2016-06-30,2016-12-30,95.7000000000001,95.7000000000001,4.35,66,66,3
2016-12-14,343.4459759229703,185.69343289414707,2016-06-30,2016-06-30,2016-12-30,95.7000000000001,95.7000000000001,4.35,66,66,3
2016-12-15,343.5425683097511,186.45795420151487,2016-06-30,2016-06-30,2016-12-30,95.7000000000001,95.7000000000001,4.35,66,66,3
2016-12-16,346.32925742661564,186.09322141042784,2016-06-30,2016-06-30,2016-12-30,95.7000000000001,95.7000000000001,4.35,66,66,3
2016-12-19,346.84575938213413,186.49846942489455,2016-06-30,2016-06-30,2016-12-30,95.7000000000001,95.7000000000001,4.35,66,66,3
2016-12-20,347.13057318757177,187.21787803672615,2016-06-30,2016-06-30,2016-12-30,95.7000000000001,95.7000000000001,4.35,66,66,3
2016-12-21,345.88692872228773,186.69692697298603,2016-06-30,2016-06-30,2016-12-30,95.7000000000001,95.7000000000001,4.35,66,66,3
2016-12-22,341.8042454240234,186.37443345733737,2016-06-30,2016-06-30,2016-12-30,95.7000000000001,95.7000000000001,4.35,66,66,3
2016-12-23,342.1790830017433,186.64731258596314,2016-06-30,2016-06-30,2016-12-30,95.7000000000001,95.7000000000001,4.35,66,66,3
2016-12-27,343.0765755706566,187.11041212506657,2016-06-30,2016-06-30,2016-12-30,95.7000000000001,95.7000000000001,4.35,66,66,3
2016-12-28,340.5079705216996,185.5640332090739,2016-06-30,2016-06-30,2016-12-30,95.7000000000001,95.7000000000001,4.35,66,66,3
2016-12-29,341.23044217933284,185.52265595966486,2016-06-30,2016-06-30,2016-12-30,95.7000000000001,95.7000000000001,4.35,66,66,3
2016-12-30,338.43421933083806,184.8446245972423,2016-06-30,2016-06-30,2016-12-30,95.7000000000001,95.7000000000001,4.35,66,66,3
2017-01-03,338.4372079124574,186.25863462739406,2016-12-31,2016-12-30,2017-06-30,95.47,95.47,4.53,63,63,3
2017-01-04,343.4406525474319,187.36672119779476,2016-12-31,2016-12-30,2017-06-30,95.47,95.47,4.53,63,63,3
2017-01-05,340.9936848403992,187.21787803672615,2016-12-31,2016-12-30,2017-06-30,95.47,95.47,4.53,63,63,3
2017-01-06,336.6217663236491,187.88767226153487,2016-12-31,2016-12-30,2017-06-30,95.47,95.47,4.53,63,63,3
2017-01-09,334.01370304862166,187.26749242374902,2016-12-31,2016-12-30,2017-06-30,95.47,95.47,4.53,63,63,3
2017-01-10,336.6846960604436,187.26749242374902,2016-12-31,2016-12-30,2017-06-30,95.47,95.47,4.53,63,63,3
2017-01-11,338.09800599530377,187.7967764057729,2016-12-31,2016-12-30,2017-06-30,95.47,95.47,4.53,63,63,3
2017-01-12,336.00510755154653,187.32543972905563,2016-12-31,2016-12-30,2017-06-30,95.47,95.47,4.53,63,63,3
2017-01-13,335.7420611261692,187.75539915636386,2016-12-31,2016-12-30,2017-06-30,95.47,95.47,4.53,63,63,3
2017-01-17,332.9546946066085,187.093842069169,2016-12-31,2016-12-30,2017-06-30,95.47,95.47,4.53,63,63,3
2017-01-18,334.2702474449013,187.50732722124954,2016-12-31,2016-12-30,2017-06-30,95.47,95.47,4.53,63,63,3
2017-01-19,329.3119134790562,186.81272580292938,2016-12-31,2016-12-30,2017-06-30,95.47,95.47,4.53,63,63,3
2017-01-20,330.828165780382,187.4990900836357,2016-12-31,2016-12-30,2017-06-30,95.47,95.47,4.53,63,63,3
2017-01-23,330.1828709064754,187.01118335102086,2016-12-31,2016-12-30,2017-06-30,95.47,95.47,4.53,63,63,3
2017-01-24,333.0646868244874,188.21026155785344,2016-12-31,2016-12-30,2017-06-30,95.47,95.47,4.53,63,63,3
2017-01-25,335.7184770765429,189.83929919199426,2016-12-31,2016-12-30,2017-06-30,95.47,95.47,4.53,63,63,3
2017-01-26,333.8696386304972,189.6408416439028,2016-12-31,2016-12-30,2017-06-30,95.47,95.47,4.53,63,63,3
2017-01-27,332.3036706653886,189.3431553217656,2016-12-31,2016-12-30,2017-06-30,95.47,95.47,4.53,63,63,3
2017-01-30,331.0598668678469,188.16888430844443,2016-12-31,2016-12-30,2017-06-30,95.47,95.47,4.53,63,63,3
2017-01-31,329.633370742162,188.1523142525468,2016-12-31,2016-12-30,2017-06-30,95.47,95.47,4.53,63,63,3
2017-02-01,327.57755762827605,188.2267358330811,2016-12-31,2016-12-30,2017-06-30,95.47,95.47,4.53,63,63,3
2017-02-02,327.12534655627604,188.35077180063828,2016-12-31,2016-12-30,2017-06-30,95.47,95.47,4.53,63,63,3
2017-02-03,330.465203665464,189.64907878151664,2016-12-31,2016-12-30,2017-06-30,95.47,95.47,4.53,63,63,3
2017-02-06,329.8595925749438,189.3100152099704,2016-12-31,2016-12-30,2017-06-30,95.47,95.47,4.53,63,63,3
2017-02-07,329.3901210275358,189.31834812825414,2016-12-31,2016-12-30,2017-06-30,95.47,95.47,4.53,63,63,3
2017-02-08,331.36664586920136,189.5664200633685,2016-12-31,2016-12-30,2017-06-30,95.47,95.47,4.53,63,63,3
2017-02-09,335.8666285340585,190.69098090899686,2016-12-31,2016-12-30,2017-06-30,95.47,95.47,4.53,63,63,3
2017-02-10,338.7429895337253,191.44352963262367,2016-12-31,2016-12-30,2017-06-30,95.47,95.47,4.53,63,63,3
2017-02-13,338.72350858753657,192.48543176010392,2016-12-31,2016-12-30,2017-06-30,95.47,95.47,4.53,63,63,3
2017-02-14,338.5646296502962,193.2545505396283,2016-12-31,2016-12-30,2017-06-30,95.47,95.47,4.53,63,63,3
2017-02-15,340.8965884271175,194.26340833598329,2016-12-31,2016-12-30,2017-06-30,95.47,95.47,4.53,63,63,3
2017-02-16,340.42079738744536,194.0979951190171,2016-12-31,2016-12-30,2017-06-30,95.47,95.47,4.53,63,63,3
2017-02-17,339.4551856029436,194.40391857876813,2016-12-31,2016-12-30,2017-06-30,95.47,95.47,4.53,63,63,3
2017-02-21,342.1601127260562,195.5616195361917,2016-12-31,2016-12-30,2017-06-30,95.47,95.47,4.53,63,63,3
2017-02-22,336.95865031597134,195.38796918161168,2016-12-31,2016-12-30,2017-06-30,95.47,95.47,4.53,63,63,3
2017-02-23,334.0419289100782,195.5203380674526,2016-12-31,2016-12-30,2017-06-30,95.47,95.47,4.53,63,63,3
2017-02-24,333.4604875375741,195.76841000256695,2016-12-31,2016-12-30,2017-06-30,95.47,95.47,4.53,63,63,3
2017-02-27,334.7447863654481,196.074333462318,2016-12-31,2016-12-30,2017-06-30,95.47,95.47,4.53,63,63,3
2017-02-28,330.76780583459043,195.54514526096403,2016-12-31,2016-12-30,2017-06-30,95.47,95.47,4.53,63,63,3
2017-03-01,333.20223659618426,198.28226946550555,2016-12-31,2016-12-30,2017-06-30,95.47,95.47,4.53,63,63,3
2017-03-02,330.82459010076457,197.0335768716501,2016-12-31,2016-12-30,2017-06-30,95.47,95.47,4.53,63,63,3
2017-03-03,329.442304297888,197.15761283920727,2016-12-31,2016-12-30,2017-06-30,95.47,95.47,4.53,63,63,3
2017-03-06,327.6979676567944,196.57047733254666,2016-12-31,2016-12-30,2017-06-30,95.47,95.47,4.53,63,63,3
2017-03-07,325.1242616433548,195.98343760655598,2016-12-31,2016-12-30,2017-06-30,95.47,95.47,4.53,63,63,3
2017-03-08,325.6788063434195,195.61956684149834,2016-12-31,2016-12-30,2017-06-30,95.47,95.47,4.53,63,63,3
2017-03-09,323.8479645795589,195.8676387766127,2016-12-31,2016-12-30,2017-06-30,95.47,95.47,4.53,63,63,3
2017-03-10,326.08904458638347,196.554003057319,2016-12-31,2016-12-30,2017-06-30,95.47,95.47,4.53,63,63,3
2017-03-13,325.9884557022251,196.65323183136474,2016-12-31,2016-12-30,2017-06-30,95.47,95.47,4.53,63,63,3
2017-03-14,325.14291089168273,195.90068310773793,2016-12-31,2016-12-30,2017-06-30,95.47,95.47,4.53,63,63,3
2017-03-15,329.4613513264038,197.59590518479925,2016-12-31,2016-12-30,2017-06-30,95.47,95.47,4.53,63,63,3
2017-03-16,331.3152369204121,197.20722722623012,2016-12-31,2016-12-30,2017-06-30,95.47,95.47,4.53,63,63,3
2017-03-17,332.86577332442147,196.86098010443925,2016-12-31,2016-12-30,2017-06-30,95.47,95.47,4.53,63,63,3
2017-03-20,329.8081881508566,196.64509047442084,2016-12-31,2016-12-30,2017-06-30,95.47,95.47,4.53,63,63,3
2017-03-21,326.09927449580596,194.12031201511036,2016-12-31,2016-12-30,2017-06-30,95.47,95.47,4.53,63,63,3
2017-03-22,327.0456205654193,194.5770900299985,2016-12-31,2016-12-30,2017-06-30,95.47,95.47,4.53,63,63,3
2017-03-23,328.5252511389112,194.36943753759394,2016-12-31,2016-12-30,2017-06-30,95.47,95.47,4.53,63,63,3
2017-03-24,328.5248158234759,194.2282568301196,2016-12-31,2016-12-30,2017-06-30,95.47,95.47,4.53,63,63,3
2017-03-27,328.6888359777727,194.02893725599876,2016-12-31,2016-12-30,2017-06-30,95.47,95.47,4.53,63,63,3
2017-03-28,332.3835185798548,195.4408401114121,2016-12-31,2016-12-30,2017-06-30,95.47,95.47,4.53,63,63,3
2017-03-29,333.77559595490385,195.62349384896538,2016-12-31,2016-12-30,2017-06-30,95.47,95.47,4.53,63,63,3
2017-03-30,335.7916445538609,196.24645132617917,2016-12-31,2016-12-30,2017-06-30,95.47,95.47,4.53,63,63,3
2017-03-31,336.3691347816366,195.789673311291,2016-12-31,2016-12-30,2017-06-30,95.47,95.47,4.53,63,63,3
2017-04-03,334.01271823254365,195.44907724902592,2016-12-31,2016-12-30,2017-06-30,95.47,95.47,4.53,63,63,3
2017-04-04,332.4276910098178,195.57368790060266,2016-12-31,2016-12-30,2017-06-30,95.47,95.47,4.53,63,63,3
2017-04-05,332.59910888129156,194.99229923413776,2016-12-31,2016-12-30,2017-06-30,95.47,95.47,4.53,63,63,3
2017-04-06,336.2086179292868,195.54045200813755,2016-12-31,2016-12-30,2017-06-30,95.47,95.47,4.53,63,63,3
2017-04-07,335.21305494736316,195.3411324340167,2016-12-31,2016-12-30,2017-06-30,95.47,95.47,4.53,63,63,3
2017-04-10,336.2783340623264,195.4574101673097,2016-12-31,2016-12-30,2017-06-30,95.47,95.47,4.53,63,63,3
2017-04-11,337.947511354782,195.22485470072374,2016-12-31,2016-12-30,2017-06-30,95.47,95.47,4.53,63,63,3
2017-04-12,336.2190738063411,194.36943753759394,2016-12-31,2016-12-30,2017-06-30,95.47,95.47,4.53,63,63,3
2017-04-13,333.6616580958218,193.1070483079387,2016-12-31,2016-12-30,2017-06-30,95.47,95.47,4.53,63,63,3
2017-04-17,335.18247484966287,194.81788263419833,2016-12-31,2016-12-30,2017-06-30,95.47,95.47,4.53,63,63,3
2017-04-18,335.83082487972456,194.23658974840336,2016-12-31,2016-12-30,2017-06-30,95.47,95.47,4.53,63,63,3
2017-04-19,336.64122084197135,193.87942363024064,2016-12-31,2016-12-30,2017-06-30,95.47,95.47,4.53,63,63,3
2017-04-20,340.758089294022,195.4574101673097,2016-12-31,2016-12-30,2017-06-30,95.47,95.47,4.53,63,63,3
2017-04-21,340.86808013700056,194.8345484707658,2016-12-31,2016-12-30,2017-06-30,95.47,95.47,4.53,63,63,3
2017-04-24,344.5903680886136,196.97725783773225,2016-12-31,2016-12-30,2017-06-30,95.47,95.47,4.53,63,63,3
2017-04-25,346.2605502270171,198.12346511476443,2016-12-31,2016-12-30,2017-06-30,95.47,95.47,4.53,63,63,3
2017-04-26,349.270171619818,197.99885446318768,2016-12-31,2016-12-30,2017-06-30,95.47,95.47,4.53,63,63,3
2017-04-27,349.54709114929057,198.16493814484338,2016-12-31,2016-12-30,2017-06-30,95.47,95.47,4.53,63,63,3
2017-04-28,345.81650196930696,197.7330631041366,2016-12-31,2016-12-30,2017-06-30,95.47,95.47,4.53,63,63,3
2017-05-01,347.50261135331533,198.2314099297736,2016-12-31,2016-12-30,2017-06-30,95.47,95.47,4.53,63,63,3
2017-05-02,350.02114585894424,198.3061188523177,2016-12-31,2016-12-30,2017-06-30,95.47,95.47,4.53,63,63,3
2017-05-03,347.31015130109995,198.0653262481179,2016-12-31,2016-12-30,2017-06-30,95.47,95.47,4.53,63,63,3
2017-05-04,347.26983094613604,198.2978817147039,2016-12-31,2016-12-30,2017-06-30,95.47,95.47,4.53,63,63,3
2017-05-05,349.240075877238,199.0785899552896,2016-12-31,2016-12-30,2017-06-30,95.47,95.47,4.53,63,63,3
2017-05-08,346.73960922229145,199.0453540628245,2016-12-31,2016-12-30,2017-06-30,95.47,95.47,4.53,63,63,3
2017-05-09,348.2017407547181,198.86260454460123,2016-12-31,2016-12-30,2017-06-30,95.47,95.47,4.53,63,63,3
2017-05-10,348.7751307337452,199.21977066276392,2016-12-31,2016-12-30,2017-06-30,95.47,95.47,4.53,63,63,3
2017-05-11,346.3970199191964,198.8127985962385,2016-12-31,2016-12-30,2017-06-30,95.47,95.47,4.53,63,63,3
2017-05-12,343.9244193848934,198.48053545225716,2016-12-31,2016-12-30,2017-06-30,95.47,95.47,4.53,63,63,3
2017-05-15,345.04712308731655,199.5768410002567,2016-12-31,2016-12-30,2017-06-30,95.47,95.47,4.53,63,63,3
2017-05-16,343.06522851763,199.39418726270338,2016-12-31,2016-12-30,2017-06-30,95.47,95.47,4.53,63,63,3
2017-05-17,339.58875839236435,195.85604931555133,2016-12-31,2016-12-30,2017-06-30,95.47,95.47,4.53,63,63,3
2017-05-18,339.933949242906,196.64509047442084,2016-12-31,2016-12-30,2017-06-30,95.47,95.47,4.53,63,63,3
2017-05-19,341.916039865519,197.9241455406436,2016-12-31,2016-12-30,2017-06-30,95.47,95.47,4.53,63,63,3
2017-05-22,343.2250194138251,198.92907632953148,2016-12-31,2016-12-30,2017-06-30,95.47,95.47,4.53,63,63,3
2017-05-23,341.82252671569006,199.36918850785213,2016-12-31,2016-12-30,2017-06-30,95.47,95.47,4.53,63,63,3
2017-05-24,343.9518346270182,199.83429944102403,2016-12-31,2016-12-30,2017-06-30,95.47,95.47,4.53,63,63,3
2017-05-25,344.54031354056696,200.7894242815492,2016-12-31,2016-12-30,2017-06-30,95.47,95.47,4.53,63,63,3
2017-05-26,344.25255504641257,200.74795125147023,2016-12-31,2016-12-30,2017-06-30,95.47,95.47,4.53,63,63,3
2017-05-30,343.0329614460718,200.57353465153076,2016-12-31,2016-12-30,2017-06-30,95.47,95.47,4.53,63,63,3
2017-05-31,344.77420898658147,200.5236329224981,2016-12-31,2016-12-30,2017-06-30,95.47,95.47,4.53,63,63,3
2017-06-01,349.1956703494005,202.1182852961347,2016-12-31,2016-12-30,2017-06-30,95.47,95.47,4.53,63,63,3
2017-06-02,350.33515286954355,202.79104872171118,2016-12-31,2016-12-30,2017-06-30,95.47,95.47,4.53,63,63,3
2017-06-05,348.07861395206214,202.6415350959531,2016-12-31,2016-12-30,2017-06-30,95.47,95.47,4.53,63,63,3
2017-06-06,345.68760939522355,201.99367464455796,2016-12-31,2016-12-30,2017-06-30,95.47,95.47,4.53,63,63,3
2017-06-07,346.1071935452646,202.36741081861825,2016-12-31,2016-12-30,2017-06-30,95.47,95.47,4.53,63,63,3
2017-06-08,346.4354041565522,202.46711849601363,2016-12-31,2016-12-30,2017-06-30,95.47,95.47,4.53,63,63,3
2017-06-09,345.88947984785636,202.15985410688359,2016-12-31,2016-12-30,2017-06-30,95.47,95.47,4.53,63,63,3
2017-06-12,345.3316465626288,202.1182852961347,2016-12-31,2016-12-30,2017-06-30,95.47,95.47,4.53,63,63,3
2017-06-13,346.9809774386091,203.10664602912502,2016-12-31,2016-12-30,2017-06-30,95.47,95.47,4.53,63,63,3
2017-06-14,346.2477259887673,202.84918758835767,2016-12-31,2016-12-30,2017-06-30,95.47,95.47,4.53,63,63,3
2017-06-15,345.0070583863022,202.45878557772988,2016-12-31,2016-12-30,2017-06-30,95.47,95.47,4.53,63,63,3
2017-06-16,344.8066835505095,202.50313202790667,2016-12-31,2016-12-30,2017-06-30,95.47,95.47,4.53,63,63,3
2017-06-19,347.17365733801245,204.18896759931496,2016-12-31,2016-12-30,2017-06-30,95.47,95.47,4.53,63,63,3
2017-06-20,342.59600504726,202.81192890775554,2016-12-31,2016-12-30,2017-06-30,95.47,95.47,4.53,63,63,3
2017-06-21,342.33438182415443,202.76183561738307,2016-12-31,2016-12-30,2017-06-30,95.47,95.47,4.53,63,63,3
2017-06-22,344.6762659387685,202.67007773559175,2016-12-31,2016-12-30,2017-06-30,95.47,95.47,4.53,63,63,3
2017-06-23,346.4491944827027,202.91211548850058,2016-12-31,2016-12-30,2017-06-30,95.47,95.47,4.53,63,63,3
2017-06-26,349.14210608656253,203.04563374238063,2016-12-31,2016-12-30,2017-06-30,95.47,95.47,4.53,63,63,3
2017-06-27,346.89425976844603,201.4097956806749,2016-12-31,2016-12-30,2017-06-30,95.47,95.47,4.53,63,63,3
2017-06-28,347.77496082758415,203.2125794500657,2016-12-31,2016-12-30,2017-06-30,95.47,95.47,4.53,63,63,3
2017-06-29,346.16629319614884,201.42655729791238,2016-12-31,2016-12-30,2017-06-30,95.47,95.47,4.53,63,63,3
2017-06-30,345.1365483989157,201.8021133047013,2016-12-31,2016-12-30,2017-06-30,95.47,95.47,4.53,63,63,3
2017-07-03,347.3526303272056,202.14424185768527,2017-06-30,2017-06-30,2017-12-29,95.75999999999998,95.75999999999998,4.5600000000000005,63,63,3
2017-07-05,343.3632558974698,202.61165152693547,2017-06-30,2017-06-30,2017-12-29,95.75999999999998,95.75999999999998,4.5600000000000005,63,63,3
2017-07-06,340.22347443527553,200.75887024784208,2017-06-30,2017-06-30,2017-12-29,95.75999999999998,95.75999999999998,4.5600000000000005,63,63,3
2017-07-07,343.43371508978794,202.06081689417766,2017-06-30,2017-06-30,2017-12-29,95.75999999999998,95.75999999999998,4.5600000000000005,63,63,3
2017-07-10,341.67262097137063,202.27776011156533,2017-06-30,2017-06-30,2017-12-29,95.75999999999998,95.75999999999998,4.5600000000000005,63,63,3
2017-07-11,342.3203546774846,202.12757602111773,2017-06-30,2017-06-30,2017-12-29,95.75999999999998,95.75999999999998,4.5600000000000005,63,63,3
2017-07-12,344.33152483313654,203.64656166551094,2017-06-30,2017-06-30,2017-12-29,95.75999999999998,95.75999999999998,4.5600000000000005,63,63,3
2017-07-13,346.1045543850981,203.98869021849487,2017-06-30,2017-06-30,2017-12-29,95.75999999999998,95.75999999999998,4.5600000000000005,63,63,3
2017-07-14,345.6375274242878,204.94007961289284,2017-06-30,2017-06-30,2017-12-29,95.75999999999998,95.75999999999998,4.5600000000000005,63,63,3
2017-07-17,347.4557245376628,204.91508085804156,2017-06-30,2017-06-30,2017-12-29,95.75999999999998,95.75999999999998,4.5600000000000005,63,63,3
2017-07-18,347.01774291907117,205.02360035707034,2017-06-30,2017-06-30,2017-12-29,95.75999999999998,95.75999999999998,4.5600000000000005,63,63,3
2017-07-19,350.00791067183616,206.13360254086962,2017-06-30,2017-06-30,2017-12-29,95.75999999999998,95.75999999999998,4.5600000000000005,63,63,3
2017-07-20,350.8699884572447,206.22536042266097,2017-06-30,2017-06-30,2017-12-29,95.75999999999998,95.75999999999998,4.5600000000000005,63,63,3
2017-07-21,348.4969628787232,206.04174887840836,2017-06-30,2017-06-30,2017-12-29,95.75999999999998,95.75999999999998,4.5600000000000005,63,63,3
2017-07-24,345.9590725505869,205.99165558803585,2017-06-30,2017-06-30,2017-12-29,95.75999999999998,95.75999999999998,4.5600000000000005,63,63,3
2017-07-25,349.60333234802664,206.4923969304211,2017-06-30,2017-06-30,2017-12-29,95.75999999999998,95.75999999999998,4.5600000000000005,63,63,3
2017-07-26,349.2965063435066,206.5008256293748,2017-06-30,2017-06-30,2017-12-29,95.75999999999998,95.75999999999998,4.5600000000000005,63,63,3
2017-07-27,349.3984902039551,206.30888116683846,2017-06-30,2017-06-30,2017-12-29,95.75999999999998,95.75999999999998,4.5600000000000005,63,63,3
2017-07-28,345.00634194444854,206.06684341392958,2017-06-30,2017-06-30,2017-12-29,95.75999999999998,95.75999999999998,4.5600000000000005,63,63,3
2017-07-31,342.3624580187689,205.94999099661706,2017-06-30,2017-06-30,2017-12-29,95.75999999999998,95.75999999999998,4.5600000000000005,63,63,3
2017-08-01,344.438002551035,206.40897196691355,2017-06-30,2017-06-30,2017-12-29,95.75999999999998,95.75999999999998,4.5600000000000005,63,63,3
2017-08-02,342.74104029931107,206.50915854765856,2017-06-30,2017-06-30,2017-12-29,95.75999999999998,95.75999999999998,4.5600000000000005,63,63,3
2017-08-03,342.3422510211253,206.10850800534843,2017-06-30,2017-06-30,2017-12-29,95.75999999999998,95.75999999999998,4.5600000000000005,63,63,3
2017-08-04,345.32571422436985,206.48406401213734,2017-06-30,2017-06-30,2017-12-29,95.75999999999998,95.75999999999998,4.5600000000000005,63,63,3
2017-08-07,346.63102779766956,206.86804871787996,2017-06-30,2017-06-30,2017-12-29,95.75999999999998,95.75999999999998,4.5600000000000005,63,63,3
2017-08-08,342.72133862346374,206.35887867654102,2017-06-30,2017-06-30,2017-12-29,95.75999999999998,95.75999999999998,4.5600000000000005,63,63,3
2017-08-09,343.5845466567413,206.35054575825725,2017-06-30,2017-06-30,2017-12-29,95.75999999999998,95.75999999999998,4.5600000000000005,63,63,3
2017-08-10,342.01204110307884,203.4378555857371,2017-06-30,2017-06-30,2017-12-29,95.75999999999998,95.75999999999998,4.5600000000000005,63,63,3
2017-08-11,343.82982927611897,203.7383195473023,2017-06-30,2017-06-30,2017-12-29,95.75999999999998,95.75999999999998,4.5600000000000005,63,63,3
2017-08-14,347.415834074614,205.7580465340807,2017-06-30,2017-06-30,2017-12-29,95.75999999999998,95.75999999999998,4.5600000000000005,63,63,3
2017-08-15,345.295945344244,205.73295199855949,2017-06-30,2017-06-30,2017-12-29,95.75999999999998,95.75999999999998,4.5600000000000005,63,63,3
2017-08-16,345.5295805576509,206.09184216878086,2017-06-30,2017-06-30,2017-12-29,95.75999999999998,95.75999999999998,4.5600000000000005,63,63,3
2017-08-17,341.35383701987746,202.87868803469559,2017-06-30,2017-06-30,2017-12-29,95.75999999999998,95.75999999999998,4.5600000000000005,63,63,3
2017-08-18,339.4065733511547,202.56155823656297,2017-06-30,2017-06-30,2017-12-29,95.75999999999998,95.75999999999998,4.5600000000000005,63,63,3
2017-08-21,338.4829929056387,202.72017102596425,2017-06-30,2017-06-30,2017-12-29,95.75999999999998,95.75999999999998,4.5600000000000005,63,63,3
2017-08-22,343.2980506987654,204.83998881281775,2017-06-30,2017-06-30,2017-12-29,95.75999999999998,95.75999999999998,4.5600000000000005,63,63,3
2017-08-23,341.0746695518659,204.1055426358074,2017-06-30,2017-06-30,2017-12-29,95.75999999999998,95.75999999999998,4.5600000000000005,63,63,3
2017-08-24,340.50496870115,203.62980004827347,2017-06-30,2017-06-30,2017-12-29,95.75999999999998,95.75999999999998,4.5600000000000005,63,63,3
2017-08-25,342.47686391477106,204.1055426358074,2017-06-30,2017-06-30,2017-12-29,95.75999999999998,95.75999999999998,4.5600000000000005,63,63,3
2017-08-28,343.389756285313,204.11387555409118,2017-06-30,2017-06-30,2017-12-29,95.75999999999998,95.75999999999998,4.5600000000000005,63,63,3
2017-08-29,341.60565854200246,204.3475803887163,2017-06-30,2017-06-30,2017-12-29,95.75999999999998,95.75999999999998,4.5600000000000005,63,63,3
2017-08-30,342.3281487022417,205.31563561968179,2017-06-30,2017-06-30,2017-12-29,95.75999999999998,95.75999999999998,4.5600000000000005,63,63,3
2017-08-31,345.68694201582184,206.55082313907735,2017-06-30,2017-06-30,2017-12-29,95.75999999999998,95.75999999999998,4.5600000000000005,63,63,3
2017-09-01,346.9642963326694,206.84295418235874,2017-06-30,2017-06-30,2017-12-29,95.75999999999998,95.75999999999998,4.5600000000000005,63,63,3
2017-09-05,343.8894396048432,205.35739599177055,2017-06-30,2017-06-30,2017-12-29,95.75999999999998,95.75999999999998,4.5600000000000005,63,63,3
2017-09-06,344.7116582634665,206.0584147149759,2017-06-30,2017-06-30,2017-12-29,95.75999999999998,95.75999999999998,4.5600000000000005,63,63,3
2017-09-07,344.800112239521,206.03341596012461,2017-06-30,2017-06-30,2017-12-29,95.75999999999998,95.75999999999998,4.5600000000000005,63,63,3
2017-09-08,346.9201474146398,205.79137820721573,2017-06-30,2017-06-30,2017-12-29,95.75999999999998,95.75999999999998,4.5600000000000005,63,63,3
2017-09-11,350.5482589867431,207.98638381996298,2017-06-30,2017-06-30,2017-12-29,95.75999999999998,95.75999999999998,4.5600000000000005,63,63,3
2017-09-12,353.5252198155292,208.6874025431684,2017-06-30,2017-06-30,2017-12-29,95.75999999999998,95.75999999999998,4.5600000000000005,63,63,3
2017-09-13,355.782460901371,208.78758912391336,2017-06-30,2017-06-30,2017-12-29,95.75999999999998,95.75999999999998,4.5600000000000005,63,63,3
2017-09-14,352.1107499784951,208.7207342163034,2017-06-30,2017-06-30,2017-12-29,95.75999999999998,95.75999999999998,4.5600000000000005,63,63,3
2017-09-15,354.5924467106994,209.0013715791934,2017-06-30,2017-06-30,2017-12-29,95.75999999999998,95.75999999999998,4.5600000000000005,63,63,3
2017-09-18,353.93372026286926,209.44588966833072,2017-06-30,2017-06-30,2017-12-29,95.75999999999998,95.75999999999998,4.5600000000000005,63,63,3
2017-09-19,353.12877822951964,209.6555535548038,2017-06-30,2017-06-30,2017-12-29,95.75999999999998,95.75999999999998,4.5600000000000005,63,63,3
2017-09-20,356.48951915960123,209.73112450337723,2017-06-30,2017-06-30,2017-12-29,95.75999999999998,95.75999999999998,4.5600000000000005,63,63,3
2017-09-21,355.7051213422025,209.1691793129078,2017-06-30,2017-06-30,2017-12-29,95.75999999999998,95.75999999999998,4.5600000000000005,63,63,3
2017-09-22,357.917559209915,209.2110354656665,2017-06-30,2017-06-30,2017-12-29,95.75999999999998,95.75999999999998,4.5600000000000005,63,63,3
2017-09-25,357.9041341053076,208.7832789937666,2017-06-30,2017-06-30,2017-12-29,95.75999999999998,95.75999999999998,4.5600000000000005,63,63,3
2017-09-26,360.2582369997978,208.90913479405242,2017-06-30,2017-06-30,2017-12-29,95.75999999999998,95.75999999999998,4.5600000000000005,63,63,3
2017-09-27,362.4979217397166,209.72269580442355,2017-06-30,2017-06-30,2017-12-29,95.75999999999998,95.75999999999998,4.5600000000000005,63,63,3
2017-09-28,364.2716493464933,209.97431162432525,2017-06-30,2017-06-30,2017-12-29,95.75999999999998,95.75999999999998,4.5600000000000005,63,63,3
2017-09-29,363.18670908658214,210.71239746679288,2017-06-30,2017-06-30,2017-12-29,95.75999999999998,95.75999999999998,4.5600000000000005,63,63,3
2017-10-02,364.3066500815279,211.62662396125862,2017-06-30,2017-06-30,2017-12-29,95.75999999999998,95.75999999999998,4.5600000000000005,63,63,3
2017-10-03,363.23507066026826,212.0794749686797,2017-06-30,2017-06-30,2017-12-29,95.75999999999998,95.75999999999998,4.5600000000000005,63,63,3
2017-10-04,362.7989155917671,212.3310907885814,2017-06-30,2017-06-30,2017-12-29,95.75999999999998,95.75999999999998,4.5600000000000005,63,63,3
2017-10-05,364.79783500014315,213.58916988808988,2017-06-30,2017-06-30,2017-12-29,95.75999999999998,95.75999999999998,4.5600000000000005,63,63,3
2017-10-06,368.0524000237842,213.34598276714186,2017-06-30,2017-06-30,2017-12-29,95.75999999999998,95.75999999999998,4.5600000000000005,63,63,3
2017-10-09,365.75015935632484,212.9937014631455,2017-06-30,2017-06-30,2017-12-29,95.75999999999998,95.75999999999998,4.5600000000000005,63,63,3
2017-10-10,368.3267618255437,213.55564665361496,2017-06-30,2017-06-30,2017-12-29,95.75999999999998,95.75999999999998,4.5600000000000005,63,63,3
2017-10-11,366.14084672234276,213.89116634037387,2017-06-30,2017-06-30,2017-12-29,95.75999999999998,95.75999999999998,4.5600000000000005,63,63,3
2017-10-12,364.70224607174833,213.5724082708524,2017-06-30,2017-06-30,2017-12-29,95.75999999999998,95.75999999999998,4.5600000000000005,63,63,3
2017-10-13,363.3492693611612,213.8324527897078,2017-06-30,2017-06-30,2017-12-29,95.75999999999998,95.75999999999998,4.5600000000000005,63,63,3
2017-10-16,364.1314728868395,214.11759184408444,2017-06-30,2017-06-30,2017-12-29,95.75999999999998,95.75999999999998,4.5600000000000005,63,63,3
2017-10-17,366.0790239383572,214.26854217989145,2017-06-30,2017-06-30,2017-12-29,95.75999999999998,95.75999999999998,4.5600000000000005,63,63,3
2017-10-18,366.45640383670496,214.47820606636455,2017-06-30,2017-06-30,2017-12-29,95.75999999999998,95.75999999999998,4.5600000000000005,63,63,3
2017-10-19,366.43245340093205,214.53691961703058,2017-06-30,2017-06-30,2017-12-29,95.75999999999998,95.75999999999998,4.5600000000000005,63,63,3
2017-10-20,365.1831789352208,215.644048380732,2017-06-30,2017-06-30,2017-12-29,95.75999999999998,95.75999999999998,4.5600000000000005,63,63,3
2017-10-23,363.5449809948,214.80539283483964,2017-06-30,2017-06-30,2017-12-29,95.75999999999998,95.75999999999998,4.5600000000000005,63,63,3
2017-10-24,364.3709070430678,215.18276867435722,2017-06-30,2017-06-30,2017-12-29,95.75999999999998,95.75999999999998,4.5600000000000005,63,63,3
2017-10-25,362.0750235887438,214.11759184408444,2017-06-30,2017-06-30,2017-12-29,95.75999999999998,95.75999999999998,4.5600000000000005,63,63,3
2017-10-26,363.9513067490776,214.39439798017725,2017-06-30,2017-06-30,2017-12-29,95.75999999999998,95.75999999999998,4.5600000000000005,63,63,3
2017-10-27,366.0977556040058,216.1472800205354,2017-06-30,2017-06-30,2017-12-29,95.75999999999998,95.75999999999998,4.5600000000000005,63,63,3
2017-10-30,363.68429124344027,215.34214770911794,2017-06-30,2017-06-30,2017-12-29,95.75999999999998,95.75999999999998,4.5600000000000005,63,63,3
2017-10-31,364.97703259785686,215.67766739587685,2017-06-30,2017-06-30,2017-12-29,95.75999999999998,95.75999999999998,4.5600000000000005,63,63,3
2017-11-01,363.1433205063498,215.96280645025345,2017-06-30,2017-06-30,2017-12-29,95.75999999999998,95.75999999999998,4.5600000000000005,63,63,3
2017-11-02,363.64754324353754,216.04671031711064,2017-06-30,2017-06-30,2017-12-29,95.75999999999998,95.75999999999998,4.5600000000000005,63,63,3
2017-11-03,364.8117834258942,216.7679387616709,2017-06-30,2017-06-30,2017-12-29,95.75999999999998,95.75999999999998,4.5600000000000005,63,63,3
2017-11-06,365.506646475838,217.1034584484298,2017-06-30,2017-06-30,2017-12-29,95.75999999999998,95.75999999999998,4.5600000000000005,63,63,3
2017-11-07,355.82871348280617,216.95250811262275,2017-06-30,2017-06-30,2017-12-29,95.75999999999998,95.75999999999998,4.5600000000000005,63,63,3
2017-11-08,355.1917010843454,217.32155103385657,2017-06-30,2017-06-30,2017-12-29,95.75999999999998,95.75999999999998,4.5600000000000005,63,63,3
2017-11-09,355.043039517041,216.53308455900662,2017-06-30,2017-06-30,2017-12-29,95.75999999999998,95.75999999999998,4.5600000000000005,63,63,3
2017-11-10,357.30209279650353,216.46603809005686,2017-06-30,2017-06-30,2017-12-29,95.75999999999998,95.75999999999998,4.5600000000000005,63,63,3
2017-11-13,357.2174010845382,216.66727327757624,2017-06-30,2017-06-30,2017-12-29,95.75999999999998,95.75999999999998,4.5600000000000005,63,63,3
2017-11-14,360.54633233676714,216.16404163777284,2017-06-30,2017-06-30,2017-12-29,95.75999999999998,95.75999999999998,4.5600000000000005,63,63,3
2017-11-15,359.79195860652663,215.0821031902626,2017-06-30,2017-06-30,2017-12-29,95.75999999999998,95.75999999999998,4.5600000000000005,63,63,3
2017-11-16,364.37276192630964,216.91055617919415,2017-06-30,2017-06-30,2017-12-29,95.75999999999998,95.75999999999998,4.5600000000000005,63,63,3
2017-11-17,366.09439001316724,216.27313582082118,2017-06-30,2017-06-30,2017-12-29,95.75999999999998,95.75999999999998,4.5600000000000005,63,63,3
2017-11-20,369.6267163095498,216.64217874205502,2017-06-30,2017-06-30,2017-12-29,95.75999999999998,95.75999999999998,4.5600000000000005,63,63,3
2017-11-21,370.088024583801,218.05963687632422,2017-06-30,2017-06-30,2017-12-29,95.75999999999998,95.75999999999998,4.5600000000000005,63,63,3
2017-11-22,368.68945874393563,217.86673460708857,2017-06-30,2017-06-30,2017-12-29,95.75999999999998,95.75999999999998,4.5600000000000005,63,63,3
2017-11-24,368.64447198731796,218.36996624689192,2017-06-30,2017-06-30,2017-12-29,95.75999999999998,95.75999999999998,4.5600000000000005,63,63,3
2017-11-27,367.1473591263745,218.26087206384358,2017-06-30,2017-06-30,2017-12-29,95.75999999999998,95.75999999999998,4.5600000000000005,63,63,3
2017-11-28,372.814785589852,220.47512959124643,2017-06-30,2017-06-30,2017-12-29,95.75999999999998,95.75999999999998,4.5600000000000005,63,63,3
2017-11-29,378.81047032211166,220.34094087267687,2017-06-30,2017-06-30,2017-12-29,95.75999999999998,95.75999999999998,4.5600000000000005,63,63,3
2017-11-30,379.9057405677253,222.26996356503315,2017-06-30,2017-06-30,2017-12-29,95.75999999999998,95.75999999999998,4.5600000000000005,63,63,3
2017-12-01,379.3911236934893,221.8086838586584,2017-06-30,2017-06-30,2017-12-29,95.75999999999998,95.75999999999998,4.5600000000000005,63,63,3
2017-12-04,382.9838997806433,221.54030642151926,2017-06-30,2017-06-30,2017-12-29,95.75999999999998,95.75999999999998,4.5600000000000005,63,63,3
2017-12-05,382.64169867872783,220.74350702838558,2017-06-30,2017-06-30,2017-12-29,95.75999999999998,95.75999999999998,4.5600000000000005,63,63,3
2017-12-06,380.5325389658828,220.78545896181421,2017-06-30,2017-06-30,2017-12-29,95.75999999999998,95.75999999999998,4.5600000000000005,63,63,3
2017-12-07,381.6680653387519,221.4815928708532,2017-06-30,2017-06-30,2017-12-29,95.75999999999998,95.75999999999998,4.5600000000000005,63,63,3
2017-12-08,384.23203917497113,222.68938711864928,2017-06-30,2017-06-30,2017-12-29,95.75999999999998,95.75999999999998,4.5600000000000005,63,63,3
2017-12-11,386.6748683455405,223.36033071149717,2017-06-30,2017-06-30,2017-12-29,95.75999999999998,95.75999999999998,4.5600000000000005,63,63,3
2017-12-12,382.9528952477811,223.7545639489221,2017-06-30,2017-06-30,2017-12-29,95.75999999999998,95.75999999999998,4.5600000000000005,63,63,3
2017-12-13,385.86842587597994,223.72937363273095,2017-06-30,2017-06-30,2017-12-29,95.75999999999998,95.75999999999998,4.5600000000000005,63,63,3
2017-12-14,382.42499005194236,222.81514713826516,2017-06-30,2017-06-30,2017-12-29,95.75999999999998,95.75999999999998,4.5600000000000005,63,63,3
2017-12-15,386.1158890892745,224.67089761812628,2017-06-30,2017-06-30,2017-12-29,95.75999999999998,95.75999999999998,4.5600000000000005,63,63,3
2017-12-18,388.8837004790574,226.09563508331004,2017-06-30,2017-06-30,2017-12-29,95.75999999999998,95.75999999999998,4.5600000000000005,63,63,3
2017-12-19,390.2207103816056,225.2272875297399,2017-06-30,2017-06-30,2017-12-29,95.75999999999998,95.75999999999998,4.5600000000000005,63,63,3
2017-12-20,389.4077930801507,225.10928574438825,2017-06-30,2017-06-30,2017-12-29,95.75999999999998,95.75999999999998,4.5600000000000005,63,63,3
2017-12-21,391.0316384927796,225.5729599675112,2017-06-30,2017-06-30,2017-12-29,95.75999999999998,95.75999999999998,4.5600000000000005,63,63,3
2017-12-22,389.70673419942625,225.51395907483536,2017-06-30,2017-06-30,2017-12-29,95.75999999999998,95.75999999999998,4.5600000000000005,63,63,3
2017-12-26,389.64526771059,225.2441449276473,2017-06-30,2017-06-30,2017-12-29,95.75999999999998,95.75999999999998,4.5600000000000005,63,63,3
2017-12-27,389.35460220408555,225.35371801404528,2017-06-30,2017-06-30,2017-12-29,95.75999999999998,95.75999999999998,4.5600000000000005,63,63,3
2017-12-28,390.4603834434534,225.8173922371683,2017-06-30,2017-06-30,2017-12-29,95.75999999999998,95.75999999999998,4.5600000000000005,63,63,3
2017-12-29,386.50293913260083,224.96599786217547,2017-06-30,2017-06-30,2017-12-29,95.75999999999998,95.75999999999998,4.5600000000000005,63,63,3
2018-01-02,389.4796420387398,226.57607092367047,2017-12-31,2017-12-29,2026-05-15,96.07999999999996,96.07999999999996,3.88,61,61,3
2018-01-03,393.5962952393016,228.00923708780792,2017-12-31,2017-12-29,2026-05-15,96.07999999999996,96.07999999999996,3.88,61,61,3
2018-01-04,392.93493949457,228.97030032986865,2017-12-31,2017-12-29,2026-05-15,96.07999999999996,96.07999999999996,3.88,61,61,3
2018-01-05,393.3358082730831,230.49608640182674,2017-12-31,2017-12-29,2026-05-15,96.07999999999996,96.07999999999996,3.88,61,61,3
2018-01-08,393.8789694973637,230.91761713018127,2017-12-31,2017-12-29,2026-05-15,96.07999999999996,96.07999999999996,3.88,61,61,3
2018-01-09,393.5481320116774,231.44029224598012,2017-12-31,2017-12-29,2026-05-15,96.07999999999996,96.07999999999996,3.88,61,61,3
2018-01-10,393.959970467852,231.08619110925508,2017-12-31,2017-12-29,2026-05-15,96.07999999999996,96.07999999999996,3.88,61,61,3
2018-01-11,400.2122290832002,232.7722182420033,2017-12-31,2017-12-29,2026-05-15,96.07999999999996,96.07999999999996,3.88,61,61,3
2018-01-12,401.23292380354275,234.28967139567766,2017-12-31,2017-12-29,2026-05-15,96.07999999999996,96.07999999999996,3.88,61,61,3
2018-01-16,394.8724793198686,233.48884921440694,2017-12-31,2017-12-29,2026-05-15,96.07999999999996,96.07999999999996,3.88,61,61,3
2018-01-17,396.9376394841684,235.71431308019143,2017-12-31,2017-12-29,2026-05-15,96.07999999999996,96.07999999999996,3.88,61,61,3
2018-01-18,399.8624592137637,235.31816422936794,2017-12-31,2017-12-29,2026-05-15,96.07999999999996,96.07999999999996,3.88,61,61,3
2018-01-19,404.9320900026826,236.38880055782664,2017-12-31,2017-12-29,2026-05-15,96.07999999999996,96.07999999999996,3.88,61,61,3
2018-01-22,405.7668105085957,238.3108312612782,2017-12-31,2017-12-29,2026-05-15,96.07999999999996,96.07999999999996,3.88,61,61,3
2018-01-23,407.11737828070727,238.8166489791696,2017-12-31,2017-12-29,2026-05-15,96.07999999999996,96.07999999999996,3.88,61,61,3
2018-01-24,405.0313412949845,238.723933290679,2017-12-31,2017-12-29,2026-05-15,96.07999999999996,96.07999999999996,3.88,61,61,3
2018-01-25,404.98043648334294,238.82507767812334,2017-12-31,2017-12-29,2026-05-15,96.07999999999996,96.07999999999996,3.88,61,61,3
2018-01-26,407.4805639592697,241.59016983828394,2017-12-31,2017-12-29,2026-05-15,96.07999999999996,96.07999999999996,3.88,61,61,3
2018-01-29,404.87661976232073,239.98842969507268,2017-12-31,2017-12-29,2026-05-15,96.07999999999996,96.07999999999996,3.88,61,61,3
2018-01-30,399.81709219631495,237.52686647791492,2017-12-31,2017-12-29,2026-05-15,96.07999999999996,96.07999999999996,3.88,61,61,3
2018-01-31,397.5166152496187,237.64486826326657,2017-12-31,2017-12-29,2026-05-15,96.07999999999996,96.07999999999996,3.88,61,61,3
2018-02-01,396.69583901520286,237.37505411607853,2017-12-31,2017-12-29,2026-05-15,96.07999999999996,96.07999999999996,3.88,61,61,3
2018-02-02,389.66236525650214,232.207399631436,2017-12-31,2017-12-29,2026-05-15,96.07999999999996,96.07999999999996,3.88,61,61,3
2018-02-05,378.37419518704826,222.4959101653941,2017-12-31,2017-12-29,2026-05-15,96.07999999999996,96.07999999999996,3.88,61,61,3
2018-02-06,382.884999526864,226.87959986667332,2017-12-31,2017-12-29,2026-05-15,96.07999999999996,96.07999999999996,3.88,61,61,3
2018-02-07,384.2434175277065,225.64881825809442,2017-12-31,2017-12-29,2026-05-15,96.07999999999996,96.07999999999996,3.88,61,61,3
2018-02-08,373.55433075781264,217.18496779853876,2017-12-31,2017-12-29,2026-05-15,96.07999999999996,96.07999999999996,3.88,61,61,3
2018-02-09,376.8265425533819,220.44744897763712,2017-12-31,2017-12-29,2026-05-15,96.07999999999996,96.07999999999996,3.88,61,61,3
2018-02-12,381.079047960397,223.68454827920448,2017-12-31,2017-12-29,2026-05-15,96.07999999999996,96.07999999999996,3.88,61,61,3
2018-02-13,380.10648790709774,224.2409381908181,2017-12-31,2017-12-29,2026-05-15,96.07999999999996,96.07999999999996,3.88,61,61,3
2018-02-14,385.33020443777036,227.26741579921307,2017-12-31,2017-12-29,2026-05-15,96.07999999999996,96.07999999999996,3.88,61,61,3
2018-02-15,389.32786250502,230.16736714263274,2017-12-31,2017-12-29,2026-05-15,96.07999999999996,96.07999999999996,3.88,61,61,3
2018-02-16,388.5491148938667,230.23479673426232,2017-12-31,2017-12-29,2026-05-15,96.07999999999996,96.07999999999996,3.88,61,61,3
2018-02-20,387.85112554848183,228.7932018711712,2017-12-31,2017-12-29,2026-05-15,96.07999999999996,96.07999999999996,3.88,61,61,3
2018-02-21,390.85170188918096,227.6551359510829,2017-12-31,2017-12-29,2026-05-15,96.07999999999996,96.07999999999996,3.88,61,61,3
2018-02-22,392.912631873172,227.95023619513205,2017-12-31,2017-12-29,2026-05-15,96.07999999999996,96.07999999999996,3.88,61,61,3
2018-02-23,397.6621322669013,231.58358012819286,2017-12-31,2017-12-29,2026-05-15,96.07999999999996,96.07999999999996,3.88,61,61,3
2018-02-26,399.6220873270828,234.27281399777024,2017-12-31,2017-12-29,2026-05-15,96.07999999999996,96.07999999999996,3.88,61,61,3
2018-02-27,392.5758651675623,231.3475765574895,2017-12-31,2017-12-29,2026-05-15,96.07999999999996,96.07999999999996,3.88,61,61,3
2018-02-28,389.10310132092457,229.0040151256834,2017-12-31,2017-12-29,2026-05-15,96.07999999999996,96.07999999999996,3.88,61,61,3
2018-03-01,387.26053415111085,225.6741043549555,2017-12-31,2017-12-29,2026-05-15,96.07999999999996,96.07999999999996,3.88,61,61,3
2018-03-02,391.8682461943129,226.83745637190484,2017-12-31,2017-12-29,2026-05-15,96.07999999999996,96.07999999999996,3.88,61,61,3
2018-03-05,395.0221318066152,229.45916486918279,2017-12-31,2017-12-29,2026-05-15,96.07999999999996,96.07999999999996,3.88,61,61,3
2018-03-06,397.02686810011994,230.04084087765744,2017-12-31,2017-12-29,2026-05-15,96.07999999999996,96.07999999999996,3.88,61,61,3
2018-03-07,401.21017147730015,229.95655388812054,2017-12-31,2017-12-29,2026-05-15,96.07999999999996,96.07999999999996,3.88,61,61,3
2018-03-08,399.6451589485468,231.06933371134772,2017-12-31,2017-12-29,2026-05-15,96.07999999999996,96.07999999999996,3.88,61,61,3
2018-03-09,406.31661771505566,235.09049357694826,2017-12-31,2017-12-29,2026-05-15,96.07999999999996,96.07999999999996,3.88,61,61,3
2018-03-12,406.68481146482543,234.79548911356906,2017-12-31,2017-12-29,2026-05-15,96.07999999999996,96.07999999999996,3.88,61,61,3
2018-03-13,404.4931364580148,233.2780359598947,2017-12-31,2017-12-29,2026-05-15,96.07999999999996,96.07999999999996,3.88,61,61,3
2018-03-14,401.178395356951,232.08096914713062,2017-12-31,2017-12-29,2026-05-15,96.07999999999996,96.07999999999996,3.88,61,61,3
2018-03-15,400.06239952551516,231.8281081785199,2017-12-31,2017-12-29,2026-05-15,96.07999999999996,96.07999999999996,3.88,61,61,3
2018-03-16,403.00540521659957,232.07924509507188,2017-12-31,2017-12-29,2026-05-15,96.07999999999996,96.07999999999996,3.88,61,61,3
2018-03-19,401.4008809372016,228.93917161214196,2017-12-31,2017-12-29,2026-05-15,96.07999999999996,96.07999999999996,3.88,61,61,3
2018-03-20,402.405474778167,229.32852003540054,2017-12-31,2017-12-29,2026-05-15,96.07999999999996,96.07999999999996,3.88,61,61,3
2018-03-21,403.0401545110997,228.88840785707993,2017-12-31,2017-12-29,2026-05-15,96.07999999999996,96.07999999999996,3.88,61,61,3
2018-03-22,396.83523347796,223.16685375824196,2017-12-31,2017-12-29,2026-05-15,96.07999999999996,96.07999999999996,3.88,61,61,3
2018-03-23,390.3940650441087,218.41009834759188,2017-12-31,2017-12-29,2026-05-15,96.07999999999996,96.07999999999996,3.88,61,61,3
2018-03-26,397.30960271689906,224.38556700240983,2017-12-31,2017-12-29,2026-05-15,96.07999999999996,96.07999999999996,3.88,61,61,3
2018-03-27,393.3454459559903,220.5684199637566,2017-12-31,2017-12-29,2026-05-15,96.07999999999996,96.07999999999996,3.88,61,61,3
2018-03-28,393.0930639000508,219.91672828556435,2017-12-31,2017-12-29,2026-05-15,96.07999999999996,96.07999999999996,3.88,61,61,3
2018-03-29,394.6447515125033,222.7266457992514,2017-12-31,2017-12-29,2026-05-15,96.07999999999996,96.07999999999996,3.88,61,61,3
2018-04-02,387.80933067823827,217.9192224142093,2017-12-31,2017-12-29,2026-05-15,96.07999999999996,96.07999999999996,3.88,61,61,3
2018-04-03,394.48516556374335,220.71228252998893,2017-12-31,2017-12-29,2026-05-15,96.07999999999996,96.07999999999996,3.88,61,61,3
2018-04-04,401.1467463017147,223.07365916640168,2017-12-31,2017-12-29,2026-05-15,96.07999999999996,96.07999999999996,3.88,61,61,3
2018-04-05,403.7126709102827,224.83420366035406,2017-12-31,2017-12-29,2026-05-15,96.07999999999996,96.07999999999996,3.88,61,61,3
2018-04-06,400.156974191639,219.82353369372407,2017-12-31,2017-12-29,2026-05-15,96.07999999999996,96.07999999999996,3.88,61,61,3
2018-04-09,397.96177751923074,220.90690885128325,2017-12-31,2017-12-29,2026-05-15,96.07999999999996,96.07999999999996,3.88,61,61,3
2018-04-10,400.90198008347215,224.4194733595645,2017-12-31,2017-12-29,2026-05-15,96.07999999999996,96.07999999999996,3.88,61,61,3
2018-04-11,400.7354416178148,223.24299939083497,2017-12-31,2017-12-29,2026-05-15,96.07999999999996,96.07999999999996,3.88,61,61,3
2018-04-12,401.777772369502,225.0796895173804,2017-12-31,2017-12-29,2026-05-15,96.07999999999996,96.07999999999996,3.88,61,61,3
2018-04-13,399.6847303853452,224.4194733595645,2017-12-31,2017-12-29,2026-05-15,96.07999999999996,96.07999999999996,3.88,61,61,3
2018-04-16,404.44385567097294,226.26459218506358,2017-12-31,2017-12-29,2026-05-15,96.07999999999996,96.07999999999996,3.88,61,61,3
2018-04-17,406.4050962404502,228.685257056162,2017-12-31,2017-12-29,2026-05-15,96.07999999999996,96.07999999999996,3.88,61,61,3
2018-04-18,408.47127341072496,228.8545014999253,2017-12-31,2017-12-29,2026-05-15,96.07999999999996,96.07999999999996,3.88,61,61,3
2018-04-19,406.8888865120956,227.58492872002546,2017-12-31,2017-12-29,2026-05-15,96.07999999999996,96.07999999999996,3.88,61,61,3
2018-04-20,405.40057875113337,225.6551397823097,2017-12-31,2017-12-29,2026-05-15,96.07999999999996,96.07999999999996,3.88,61,61,3
2018-04-23,405.3939444159269,225.621329205825,2017-12-31,2017-12-29,2026-05-15,96.07999999999996,96.07999999999996,3.88,61,61,3
2018-04-24,405.662753567969,222.5827832330191,2017-12-31,2017-12-29,2026-05-15,96.07999999999996,96.07999999999996,3.88,61,61,3
2018-04-25,407.297836777441,223.13294740108734,2017-12-31,2017-12-29,2026-05-15,96.07999999999996,96.07999999999996,3.88,61,61,3
2018-04-26,410.3393472238645,225.40122522632973,2017-12-31,2017-12-29,2026-05-15,96.07999999999996,96.07999999999996,3.88,61,61,3
2018-04-27,409.94609947860596,225.6129005068713,2017-12-31,2017-12-29,2026-05-15,96.07999999999996,96.07999999999996,3.88,61,61,3
2018-04-30,408.13478587023604,223.8777378904499,2017-12-31,2017-12-29,2026-05-15,96.07999999999996,96.07999999999996,3.88,61,61,3
2018-05-01,409.14999794437233,224.27561079333213,2017-12-31,2017-12-29,2026-05-15,96.07999999999996,96.07999999999996,3.88,61,61,3
2018-05-02,405.70372116025334,222.76898085535973,2017-12-31,2017-12-29,2026-05-15,96.07999999999996,96.07999999999996,3.88,61,61,3
2018-05-03,401.3300286142389,222.27810492197708,2017-12-31,2017-12-29,2026-05-15,96.07999999999996,96.07999999999996,3.88,61,61,3
2018-05-04,408.57972558298854,225.1558351499734,2017-12-31,2017-12-29,2026-05-15,96.07999999999996,96.07999999999996,3.88,61,61,3
2018-05-07,410.45657193808177,225.9175788179133,2017-12-31,2017-12-29,2026-05-15,96.07999999999996,96.07999999999996,3.88,61,61,3
2018-05-08,410.6766327971381,225.9175788179133,2017-12-31,2017-12-29,2026-05-15,96.07999999999996,96.07999999999996,3.88,61,61,3
2018-05-09,408.5395038549313,228.101282311609,2017-12-31,2017-12-29,2026-05-15,96.07999999999996,96.07999999999996,3.88,61,61,3
2018-05-10,410.6779017426778,230.2341262695728,2017-12-31,2017-12-29,2026-05-15,96.07999999999996,96.07999999999996,3.88,61,61,3
2018-05-11,412.34618569493176,230.93667748349702,2017-12-31,2017-12-29,2026-05-15,96.07999999999996,96.07999999999996,3.88,61,61,3
2018-05-14,409.3124542445418,231.04663369257472,2017-12-31,2017-12-29,2026-05-15,96.07999999999996,96.07999999999996,3.88,61,61,3
2018-05-15,410.8555792915888,229.45542942305556,2017-12-31,2017-12-29,2026-05-15,96.07999999999996,96.07999999999996,3.88,61,61,3
2018-05-16,412.92418657641224,230.42032389191345,2017-12-31,2017-12-29,2026-05-15,96.07999999999996,96.07999999999996,3.88,61,61,3
2018-05-17,414.21201995238033,230.22569757061913,2017-12-31,2017-12-29,2026-05-15,96.07999999999996,96.07999999999996,3.88,61,61,3
2018-05-18,409.9164854644204,229.65015152501982,2017-12-31,2017-12-29,2026-05-15,96.07999999999996,96.07999999999996,3.88,61,61,3
2018-05-21,412.70038404600183,231.3767896618176,2017-12-31,2017-12-29,2026-05-15,96.07999999999996,96.07999999999996,3.88,61,61,3
2018-05-22,409.5123065692984,230.73352668257905,2017-12-31,2017-12-29,2026-05-15,96.07999999999996,96.07999999999996,3.88,61,61,3
2018-05-23,409.7055782456929,231.368265182194,2017-12-31,2017-12-29,2026-05-15,96.07999999999996,96.07999999999996,3.88,61,61,3
2018-05-24,410.5275306939862,230.8943424273887,2017-12-31,2017-12-29,2026-05-15,96.07999999999996,96.07999999999996,3.88,61,61,3
2018-05-25,408.9060602883443,230.34417825932044,2017-12-31,2017-12-29,2026-05-15,96.07999999999996,96.07999999999996,3.88,61,61,3
2018-05-29,405.5034300504941,227.6949807097731,2017-12-31,2017-12-29,2026-05-15,96.07999999999996,96.07999999999996,3.88,61,61,3
2018-05-30,409.6785410802187,230.73352668257905,2017-12-31,2017-12-29,2026-05-15,96.07999999999996,96.07999999999996,3.88,61,61,3
2018-05-31,406.1090287955363,229.31999555577693,2017-12-31,2017-12-29,2026-05-15,96.07999999999996,96.07999999999996,3.88,61,61,3
2018-06-01,407.1437560192127,231.57141598311196,2017-12-31,2017-12-29,2026-05-15,96.07999999999996,96.07999999999996,3.88,61,61,3
2018-06-04,409.8437115080656,232.6717443192485,2017-12-31,2017-12-29,2026-05-15,96.07999999999996,96.07999999999996,3.88,61,61,3
2018-06-05,413.2626569794688,232.8409887630118,2017-12-31,2017-12-29,2026-05-15,96.07999999999996,96.07999999999996,3.88,61,61,3
2018-06-06,418.6188805790914,234.78773087930483,2017-12-31,2017-12-29,2026-05-15,96.07999999999996,96.07999999999996,3.88,61,61,3
2018-06-07,420.2115642443532,234.76234900177383,2017-12-31,2017-12-29,2026-05-15,96.07999999999996,96.07999999999996,3.88,61,61,3
2018-06-08,420.7096489918601,235.45637573607445,2017-12-31,2017-12-29,2026-05-15,96.07999999999996,96.07999999999996,3.88,61,61,3
2018-06-11,421.2613969982279,235.76948274607014,2017-12-31,2017-12-29,2026-05-15,96.07999999999996,96.07999999999996,3.88,61,61,3
2018-06-12,424.8493825178991,236.07416105711212,2017-12-31,2017-12-29,2026-05-15,96.07999999999996,96.07999999999996,3.88,61,61,3
2018-06-13,422.7668411175133,235.3209418687958,2017-12-31,2017-12-29,2026-05-15,96.07999999999996,96.07999999999996,3.88,61,61,3
2018-06-14,424.8000572508715,235.91334531230248,2017-12-31,2017-12-29,2026-05-15,96.07999999999996,96.07999999999996,3.88,61,61,3
2018-06-15,427.8721877719482,235.612019324708,2017-12-31,2017-12-29,2026-05-15,96.07999999999996,96.07999999999996,3.88,61,61,3
2018-06-18,431.5070978164987,235.1274649155406,2017-12-31,2017-12-29,2026-05-15,96.07999999999996,96.07999999999996,3.88,61,61,3
2018-06-19,433.3783347303392,234.2262645921851,2017-12-31,2017-12-29,2026-05-15,96.07999999999996,96.07999999999996,3.88,61,61,3
2018-06-20,433.80457966642194,234.62586154712602,2017-12-31,2017-12-29,2026-05-15,96.07999999999996,96.07999999999996,3.88,61,61,3
2018-06-21,433.4394040050192,233.15505357970676,2017-12-31,2017-12-29,2026-05-15,96.07999999999996,96.07999999999996,3.88,61,61,3
2018-06-22,435.20493352400115,233.58012819284863,2017-12-31,2017-12-29,2026-05-15,96.07999999999996,96.07999999999996,3.88,61,61,3
2018-06-25,429.7491733358844,230.40040151256838,2017-12-31,2017-12-29,2026-05-15,96.07999999999996,96.07999999999996,3.88,61,61,3
2018-06-26,430.7193074224992,230.91052936060657,2017-12-31,2017-12-29,2026-05-15,96.07999999999996,96.07999999999996,3.88,61,61,3
2018-06-27,424.2867532909607,228.99759782079823,2017-12-31,2017-12-29,2026-05-15,96.07999999999996,96.07999999999996,3.88,61,61,3
2018-06-28,423.91424514008406,230.30691957871832,2017-12-31,2017-12-29,2026-05-15,96.07999999999996,96.07999999999996,3.88,61,61,3
2018-06-29,423.47305865070246,230.63851225801014,2017-12-31,2017-12-29,2026-05-15,96.07999999999996,96.07999999999996,3.88,61,61,3
2018-07-02,424.3030540804677,231.13159114680113,2017-12-31,2017-12-29,2026-05-15,96.07999999999996,96.07999999999996,3.88,61,61,3
2018-07-03,424.7312555452556,230.3154440583419,2017-12-31,2017-12-29,2026-05-15,96.07999999999996,96.07999999999996,3.88,61,61,3
2018-07-05,427.1273545986914,232.1942776796558,2017-12-31,2017-12-29,2026-05-15,96.07999999999996,96.07999999999996,3.88,61,61,3
2018-07-06,429.08163987237117,234.15826031653597,2017-12-31,2017-12-29,2026-05-15,96.07999999999996,96.07999999999996,3.88,61,61,3
2018-07-09,430.429593124269,236.26668020366802,2017-12-31,2017-12-29,2026-05-15,96.07999999999996,96.07999999999996,3.88,61,61,3
2018-07-10,427.36483866094187,237.11692521062167,2017-12-31,2017-12-29,2026-05-15,96.07999999999996,96.07999999999996,3.88,61,61,3
2018-07-11,426.65193868149413,235.3825288395597,2017-12-31,2017-12-29,2026-05-15,96.07999999999996,96.07999999999996,3.88,61,61,3
2018-07-12,430.1111737557699,237.51652216556266,2017-12-31,2017-12-29,2026-05-15,96.07999999999996,96.07999999999996,3.88,61,61,3
2018-07-13,430.7695632600286,237.70348603326275,2017-12-31,2017-12-29,2026-05-15,96.07999999999996,96.07999999999996,3.88,61,61,3
2018-07-16,429.2220427366614,237.4909487266918,2017-12-31,2017-12-29,2026-05-15,96.07999999999996,96.07999999999996,3.88,61,61,3
2018-07-17,429.29935909846836,238.4517246267427,2017-12-31,2017-12-29,2026-05-15,96.07999999999996,96.07999999999996,3.88,61,61,3
2018-07-18,431.72400313262744,238.95332799515737,2017-12-31,2017-12-29,2026-05-15,96.07999999999996,96.07999999999996,3.88,61,61,3
2018-07-19,433.5834236233576,238.05212767180183,2017-12-31,2017-12-29,2026-05-15,96.07999999999996,96.07999999999996,3.88,61,61,3
2018-07-20,433.23878931320365,237.78001478853548,2017-12-31,2017-12-29,2026-05-15,96.07999999999996,96.07999999999996,3.88,61,61,3
2018-07-23,433.74178224903386,238.22213836092456,2017-12-31,2017-12-29,2026-05-15,96.07999999999996,96.07999999999996,3.88,61,61,3
2018-07-24,428.7507979757801,239.4209292257474,2017-12-31,2017-12-29,2026-05-15,96.07999999999996,96.07999999999996,3.88,61,61,3
2018-07-25,429.0838190605831,241.46134483723034,2017-12-31,2017-12-29,2026-05-15,96.07999999999996,96.07999999999996,3.88,61,61,3
2018-07-26,428.2628084660135,240.89173719316665,2017-12-31,2017-12-29,2026-05-15,96.07999999999996,96.07999999999996,3.88,61,61,3
2018-07-27,423.519567929436,239.2593472355783,2017-12-31,2017-12-29,2026-05-15,96.07999999999996,96.07999999999996,3.88,61,61,3
2018-07-30,420.66669791146376,238.00960105435362,2017-12-31,2017-12-29,2026-05-15,96.07999999999996,96.07999999999996,3.88,61,61,3
2018-07-31,422.3300808773887,239.18281848030557,2017-12-31,2017-12-29,2026-05-15,96.07999999999996,96.07999999999996,3.88,61,61,3
2018-08-01,421.018882800489,238.78322152536464,2017-12-31,2017-12-29,2026-05-15,96.07999999999996,96.07999999999996,3.88,61,61,3
2018-08-02,422.8267964776184,240.08401880366114,2017-12-31,2017-12-29,2026-05-15,96.07999999999996,96.07999999999996,3.88,61,61,3
2018-08-03,421.4723081468132,241.1127989793612,2017-12-31,2017-12-29,2026-05-15,96.07999999999996,96.07999999999996,3.88,61,61,3
2018-08-06,423.29904961927565,241.99695034346948,2017-12-31,2017-12-29,2026-05-15,96.07999999999996,96.07999999999996,3.88,61,61,3
2018-08-07,424.4695460284441,242.7961442533514,2017-12-31,2017-12-29,2026-05-15,96.07999999999996,96.07999999999996,3.88,61,61,3
2018-08-08,424.638074179644,242.69413783987775,2017-12-31,2017-12-29,2026-05-15,96.07999999999996,96.07999999999996,3.88,61,61,3
2018-08-09,427.8236951591421,242.36254516058588,2017-12-31,2017-12-29,2026-05-15,96.07999999999996,96.07999999999996,3.88,61,61,3
2018-08-10,428.22665828334635,240.73867968262118,2017-12-31,2017-12-29,2026-05-15,96.07999999999996,96.07999999999996,3.88,61,61,3
2018-08-13,426.8883832014835,239.83747935926564,2017-12-31,2017-12-29,2026-05-15,96.07999999999996,96.07999999999996,3.88,61,61,3
2018-08-14,431.5930119115325,241.36786290338028,2017-12-31,2017-12-29,2026-05-15,96.07999999999996,96.07999999999996,3.88,61,61,3
2018-08-15,430.961085660228,239.56546225666924,2017-12-31,2017-12-29,2026-05-15,96.07999999999996,96.07999999999996,3.88,61,61,3
2018-08-16,434.4212277279169,241.5038714546785,2017-12-31,2017-12-29,2026-05-15,96.07999999999996,96.07999999999996,3.88,61,61,3
2018-08-17,436.9712107374753,242.35402068096226,2017-12-31,2017-12-29,2026-05-15,96.07999999999996,96.07999999999996,3.88,61,61,3
2018-08-20,438.43166444328347,242.8726730086241,2017-12-31,2017-12-29,2026-05-15,96.07999999999996,96.07999999999996,3.88,61,61,3
2018-08-21,440.425988841075,243.44228065268783,2017-12-31,2017-12-29,2026-05-15,96.07999999999996,96.07999999999996,3.88,61,61,3
2018-08-22,440.75780434304824,243.29774762176598,2017-12-31,2017-12-29,2026-05-15,96.07999999999996,96.07999999999996,3.88,61,61,3
2018-08-23,438.377562854907,242.97467942209775,2017-12-31,2017-12-29,2026-05-15,96.07999999999996,96.07999999999996,3.88,61,61,3
2018-08-24,439.5478831026402,244.4369629098934,2017-12-31,2017-12-29,2026-05-15,96.07999999999996,96.07999999999996,3.88,61,61,3
2018-08-27,438.07282444111155,246.366943408949,2017-12-31,2017-12-29,2026-05-15,96.07999999999996,96.07999999999996,3.88,61,61,3
2018-08-28,439.1712856255524,246.485903001,2017-12-31,2017-12-29,2026-05-15,96.07999999999996,96.07999999999996,3.88,61,61,3
2018-08-29,439.72619513560585,247.8122737181673,2017-12-31,2017-12-29,2026-05-15,96.07999999999996,96.07999999999996,3.88,61,61,3
2018-08-30,438.3057609450156,246.80897120066817,2017-12-31,2017-12-29,2026-05-15,96.07999999999996,96.07999999999996,3.88,61,61,3
2018-08-31,440.82653160974826,246.81749568029176,2017-12-31,2017-12-29,2026-05-15,96.07999999999996,96.07999999999996,3.88,61,61,3
2018-09-04,439.5870688699948,246.39242106714994,2017-12-31,2017-12-29,2026-05-15,96.07999999999996,96.07999999999996,3.88,61,61,3
2018-09-05,440.22206586650543,245.72923570856625,2017-12-31,2017-12-29,2026-05-15,96.07999999999996,96.07999999999996,3.88,61,61,3
2018-09-06,440.9390531306934,244.9896173753798,2017-12-31,2017-12-29,2026-05-15,96.07999999999996,96.07999999999996,3.88,61,61,3
2018-09-07,443.320451199842,244.51349166516613,2017-12-31,2017-12-29,2026-05-15,96.07999999999996,96.07999999999996,3.88,61,61,3
2018-09-10,442.0748038376494,244.938566278308,2017-12-31,2017-12-29,2026-05-15,96.07999999999996,96.07999999999996,3.88,61,61,3
2018-09-11,441.3417621210443,245.7462846678135,2017-12-31,2017-12-29,2026-05-15,96.07999999999996,96.07999999999996,3.88,61,61,3
2018-09-12,440.64900249371027,245.80576446383898,2017-12-31,2017-12-29,2026-05-15,96.07999999999996,96.07999999999996,3.88,61,61,3
2018-09-13,441.141534813525,247.25961925268095,2017-12-31,2017-12-29,2026-05-15,96.07999999999996,96.07999999999996,3.88,61,61,3
2018-09-14,442.51113109446123,247.3021458701291,2017-12-31,2017-12-29,2026-05-15,96.07999999999996,96.07999999999996,3.88,61,61,3
2018-09-17,439.2372667454429,245.992824112209,2017-12-31,2017-12-29,2026-05-15,96.07999999999996,96.07999999999996,3.88,61,61,3
2018-09-18,442.19873378533237,247.32762352833,2017-12-31,2017-12-29,2026-05-15,96.07999999999996,96.07999999999996,3.88,61,61,3
2018-09-19,440.344718795534,247.59121193197277,2017-12-31,2017-12-29,2026-05-15,96.07999999999996,96.07999999999996,3.88,61,61,3
2018-09-20,442.1505050854256,249.59762540563113,2017-12-31,2017-12-29,2026-05-15,96.07999999999996,96.07999999999996,3.88,61,61,3
2018-09-21,441.31473859599765,249.369284288522,2017-12-31,2017-12-29,2026-05-15,96.07999999999996,96.07999999999996,3.88,61,61,3
2018-09-24,436.74263476917116,248.540877274312,2017-12-31,2017-12-29,2026-05-15,96.07999999999996,96.07999999999996,3.88,61,61,3
2018-09-25,440.3611662581907,248.31023742112467,2017-12-31,2017-12-29,2026-05-15,96.07999999999996,96.07999999999996,3.88,61,61,3
2018-09-26,441.67267566941007,247.56726676449068,2017-12-31,2017-12-29,2026-05-15,96.07999999999996,96.07999999999996,3.88,61,61,3
2018-09-27,442.96022028600163,248.25899476271297,2017-12-31,2017-12-29,2026-05-15,96.07999999999996,96.07999999999996,3.88,61,61,3
2018-09-28,443.9526552994653,248.2846639822538,2017-12-31,2017-12-29,2026-05-15,96.07999999999996,96.07999999999996,3.88,61,61,3
2018-10-01,440.0830450240236,249.14716891495826,2017-12-31,2017-12-29,2026-05-15,96.07999999999996,96.07999999999996,3.88,61,61,3
2018-10-02,434.1217405630962,249.00206120001687,2017-12-31,2017-12-29,2026-05-15,96.07999999999996,96.07999999999996,3.88,61,61,3
2018-10-03,434.40717779347904,249.13864443533464,2017-12-31,2017-12-29,2026-05-15,96.07999999999996,96.07999999999996,3.88,61,61,3
2018-10-04,431.82223939301355,247.1915191963619,2017-12-31,2017-12-29,2026-05-15,96.07999999999996,96.07999999999996,3.88,61,61,3
2018-10-05,432.2733391673788,245.80796741924735,2017-12-31,2017-12-29,2026-05-15,96.07999999999996,96.07999999999996,3.88,61,61,3
2018-10-08,434.13131967796227,245.80796741924735,2017-12-31,2017-12-29,2026-05-15,96.07999999999996,96.07999999999996,3.88,61,61,3
2018-10-09,434.82906438179333,245.44926881036577,2017-12-31,2017-12-29,2026-05-15,96.07999999999996,96.07999999999996,3.88,61,61,3
2018-10-10,426.8568380253842,237.67752947171212,2017-12-31,2017-12-29,2026-05-15,96.07999999999996,96.07999999999996,3.88,61,61,3
2018-10-11,422.79698742900496,232.4423496147702,2017-12-31,2017-12-29,2026-05-15,96.07999999999996,96.07999999999996,3.88,61,61,3
2018-10-12,426.7774018750775,235.67054131403418,2017-12-31,2017-12-29,2026-05-15,96.07999999999996,96.07999999999996,3.88,61,61,3
2018-10-15,430.1608876611643,234.34685245562483,2017-12-31,2017-12-29,2026-05-15,96.07999999999996,96.07999999999996,3.88,61,61,3
2018-10-16,440.0774187120624,239.4710225161199,2017-12-31,2017-12-29,2026-05-15,96.07999999999996,96.07999999999996,3.88,61,61,3
2018-10-17,439.1488783661887,239.51374069490794,2017-12-31,2017-12-29,2026-05-15,96.07999999999996,96.07999999999996,3.88,61,61,3
2018-10-18,431.5353110224537,236.0549091424565,2017-12-31,2017-12-29,2026-05-15,96.07999999999996,96.07999999999996,3.88,61,61,3
2018-10-19,425.9494239905211,235.9267546060924,2017-12-31,2017-12-29,2026-05-15,96.07999999999996,96.07999999999996,3.88,61,61,3
2018-10-22,424.81862368494035,234.86780351936494,2017-12-31,2017-12-29,2026-05-15,96.07999999999996,96.07999999999996,3.88,61,61,3
2018-10-23,421.43611800006227,233.67207763597983,2017-12-31,2017-12-29,2026-05-15,96.07999999999996,96.07999999999996,3.88,61,61,3
2018-10-24,404.31604467015273,226.59216207621844,2017-12-31,2017-12-29,2026-05-15,96.07999999999996,96.07999999999996,3.88,61,61,3
2018-10-25,409.5895062498419,230.65738104998604,2017-12-31,2017-12-29,2026-05-15,96.07999999999996,96.07999999999996,3.88,61,61,3
2018-10-26,405.74944806933047,226.60068655584206,2017-12-31,2017-12-29,2026-05-15,96.07999999999996,96.07999999999996,3.88,61,61,3
2018-10-29,402.7043371972406,225.3452893150916,2017-12-31,2017-12-29,2026-05-15,96.07999999999996,96.07999999999996,3.88,61,61,3
2018-10-30,408.386900613783,228.68458659147248,2017-12-31,2017-12-29,2026-05-15,96.07999999999996,96.07999999999996,3.88,61,61,3
2018-10-31,410.18639945186555,231.1270894553145,2017-12-31,2017-12-29,2026-05-15,96.07999999999996,96.07999999999996,3.88,61,61,3
2018-11-01,416.85199415081865,233.5867370590737,2017-12-31,2017-12-29,2026-05-15,96.07999999999996,96.07999999999996,3.88,61,61,3
2018-11-02,416.252649571776,232.20318528195912,2017-12-31,2017-12-29,2026-05-15,96.07999999999996,96.07999999999996,3.88,61,61,3
2018-11-05,417.66375559939576,233.4842517422504,2017-12-31,2017-12-29,2026-05-15,96.07999999999996,96.07999999999996,3.88,61,61,3
2018-11-06,415.91384367390725,234.96166857589472,2017-12-31,2017-12-29,2026-05-15,96.07999999999996,96.07999999999996,3.88,61,61,3
2018-11-07,423.82501586290863,239.99197357986,2017-12-31,2017-12-29,2026-05-15,96.07999999999996,96.07999999999996,3.88,61,61,3
2018-11-08,425.676115900133,239.55645887369593,2017-12-31,2017-12-29,2026-05-15,96.07999999999996,96.07999999999996,3.88,61,61,3
2018-11-09,425.0447409825776,237.21634554600732,2017-12-31,2017-12-29,2026-05-15,96.07999999999996,96.07999999999996,3.88,61,61,3
2018-11-12,418.957174104513,232.78390348373455,2017-12-31,2017-12-29,2026-05-15,96.07999999999996,96.07999999999996,3.88,61,61,3
2018-11-13,417.5490131190173,232.3483887775705,2017-12-31,2017-12-29,2026-05-15,96.07999999999996,96.07999999999996,3.88,61,61,3
2018-11-14,418.36795016144725,230.75986636680935,2017-12-31,2017-12-29,2026-05-15,96.07999999999996,96.07999999999996,3.88,61,61,3
2018-11-15,420.2815226305307,233.16827131215686,2017-12-31,2017-12-29,2026-05-15,96.07999999999996,96.07999999999996,3.88,61,61,3
2018-11-16,419.5648869271065,233.77456295280314,2017-12-31,2017-12-29,2026-05-15,96.07999999999996,96.07999999999996,3.88,61,61,3
2018-11-19,415.55202191543776,229.8204495561524,2017-12-31,2017-12-29,2026-05-15,96.07999999999996,96.07999999999996,3.88,61,61,3
2018-11-20,410.566698271098,225.56730890798545,2017-12-31,2017-12-29,2026-05-15,96.07999999999996,96.07999999999996,3.88,61,61,3
2018-11-21,414.21160029054795,226.33594878416017,2017-12-31,2017-12-29,2026-05-15,96.07999999999996,96.07999999999996,3.88,61,61,3
2018-11-23,415.27749400170967,224.82433825135146,2017-12-31,2017-12-29,2026-05-15,96.07999999999996,96.07999999999996,3.88,61,61,3
2018-11-26,418.510119344303,228.45394673828508,2017-12-31,2017-12-29,2026-05-15,96.07999999999996,96.07999999999996,3.88,61,61,3
2018-11-27,416.94832261877355,229.22258661445986,2017-12-31,2017-12-29,2026-05-15,96.07999999999996,96.07999999999996,3.88,61,61,3
2018-11-28,425.3462542861585,234.5005804308598,2017-12-31,2017-12-29,2026-05-15,96.07999999999996,96.07999999999996,3.88,61,61,3
2018-11-29,424.34183374341745,233.9881538467433,2017-12-31,2017-12-29,2026-05-15,96.07999999999996,96.07999999999996,3.88,61,61,3
2018-11-30,421.6511192756779,235.4143280219759,2017-12-31,2017-12-29,2026-05-15,96.07999999999996,96.07999999999996,3.88,61,61,3
2018-12-03,420.682017237254,238.53160570546294,2017-12-31,2017-12-29,2026-05-15,96.07999999999996,96.07999999999996,3.88,61,61,3
2018-12-04,410.6185007027769,230.80258454559734,2017-12-31,2017-12-29,2026-05-15,96.07999999999996,96.07999999999996,3.88,61,61,3
2018-12-06,411.84313045134047,230.4524104163394,2017-12-31,2017-12-29,2026-05-15,96.07999999999996,96.07999999999996,3.88,61,61,3
2018-12-07,403.50309045396614,225.09760050265695,2017-12-31,2017-12-29,2026-05-15,96.07999999999996,96.07999999999996,3.88,61,61,3
2018-12-10,402.69313322442855,225.5246865098673,2017-12-31,2017-12-29,2026-05-15,96.07999999999996,96.07999999999996,3.88,61,61,3
2018-12-11,399.23549832556813,225.57592916827898,2017-12-31,2017-12-29,2026-05-15,96.07999999999996,96.07999999999996,3.88,61,61,3
2018-12-12,401.605666984867,226.71179213295892,2017-12-31,2017-12-29,2026-05-15,96.07999999999996,96.07999999999996,3.88,61,61,3
2018-12-13,399.7524996565434,226.63488025500644,2017-12-31,2017-12-29,2026-05-15,96.07999999999996,96.07999999999996,3.88,61,61,3
2018-12-14,394.3268465847589,222.45012700516833,2017-12-31,2017-12-29,2026-05-15,96.07999999999996,96.07999999999996,3.88,61,61,3
2018-12-17,387.3653469349699,218.08597656055446,2017-12-31,2017-12-29,2026-05-15,96.07999999999996,96.07999999999996,3.88,61,61,3
2018-12-18,387.9596702982625,217.84690800841338,2017-12-31,2017-12-29,2026-05-15,96.07999999999996,96.07999999999996,3.88,61,61,3
2018-12-19,385.13075573580755,214.58452260998496,2017-12-31,2017-12-29,2026-05-15,96.07999999999996,96.07999999999996,3.88,61,61,3
2018-12-20,378.87088440246384,211.0914973583691,2017-12-31,2017-12-29,2026-05-15,96.07999999999996,96.07999999999996,3.88,61,61,3
2018-12-21,372.14468847220786,206.7667127690958,2017-12-31,2017-12-29,2026-05-15,96.07999999999996,96.07999999999996,3.88,61,61,3
2018-12-24,368.37106882821706,201.30328757571462,2017-12-31,2017-12-29,2026-05-15,96.07999999999996,96.07999999999996,3.88,61,61,3
2018-12-26,380.6777128116671,211.47414113473278,2017-12-31,2017-12-29,2026-05-15,96.07999999999996,96.07999999999996,3.88,61,61,3
2018-12-27,381.3180084453799,213.09762349001775,2017-12-31,2017-12-29,2026-05-15,96.07999999999996,96.07999999999996,3.88,61,61,3
2018-12-28,382.91339560792096,212.82273296732347,2017-12-31,2017-12-29,2026-05-15,96.07999999999996,96.07999999999996,3.88,61,61,3
2018-12-31,385.62205152935013,214.68681636546842,2017-12-31,2017-12-29,2026-05-15,96.07999999999996,96.07999999999996,3.88,61,61,3
2019-01-02,386.40808623453063,214.91017688774124,2017-12-31,2017-12-29,2026-05-15,96.07999999999996,96.07999999999996,3.88,61,61,3
2019-01-03,381.38143310786387,209.7817924777693,2017-12-31,2017-12-29,2026-05-15,96.07999999999996,96.07999999999996,3.88,61,61,3
2019-01-04,390.9352691079151,216.8086455463904,2017-12-31,2017-12-29,2026-05-15,96.07999999999996,96.07999999999996,3.88,61,61,3
2019-01-07,398.58474866997966,218.51813894327103,2017-12-31,2017-12-29,2026-05-15,96.07999999999996,96.07999999999996,3.88,61,61,3
2019-01-08,404.6708476722025,220.57119760318454,2017-12-31,2017-12-29,2026-05-15,96.07999999999996,96.07999999999996,3.88,61,61,3
2019-01-09,408.0282104716116,221.6019891729531,2017-12-31,2017-12-29,2026-05-15,96.07999999999996,96.07999999999996,3.88,61,61,3
2019-01-10,408.4419390457907,222.3836552202381,2017-12-31,2017-12-29,2026-05-15,96.07999999999996,96.07999999999996,3.88,61,61,3
2019-01-11,410.5085694773813,222.4695704811638,2017-12-31,2017-12-29,2026-05-15,96.07999999999996,96.07999999999996,3.88,61,61,3
2019-01-14,406.6578262379294,221.11235838827952,2017-12-31,2017-12-29,2026-05-15,96.07999999999996,96.07999999999996,3.88,61,61,3
2019-01-15,407.5637497320309,223.64642757257306,2017-12-31,2017-12-29,2026-05-15,96.07999999999996,96.07999999999996,3.88,61,61,3
2019-01-16,406.3000308279233,224.18768413833794,2017-12-31,2017-12-29,2026-05-15,96.07999999999996,96.07999999999996,3.88,61,61,3
2019-01-17,409.1300605422003,225.88846149425507,2017-12-31,2017-12-29,2026-05-15,96.07999999999996,96.07999999999996,3.88,61,61,3
2019-01-18,413.05598098263187,228.89511250397493,2017-12-31,2017-12-29,2026-05-15,96.07999999999996,96.07999999999996,3.88,61,61,3
2019-01-22,409.35273101732815,225.8026420139993,2017-12-31,2017-12-29,2026-05-15,96.07999999999996,96.07999999999996,3.88,61,61,3
2019-01-23,411.3934183752919,226.27503227808577,2017-12-31,2017-12-29,2026-05-15,96.07999999999996,96.07999999999996,3.88,61,61,3
2019-01-24,413.0850799803151,226.39533279951576,2017-12-31,2017-12-29,2026-05-15,96.07999999999996,96.07999999999996,3.88,61,61,3
2019-01-25,413.2586904931147,228.31094619808212,2017-12-31,2017-12-29,2026-05-15,96.07999999999996,96.07999999999996,3.88,61,61,3
2019-01-28,411.7716059531981,226.5756878009908,2017-12-31,2017-12-29,2026-05-15,96.07999999999996,96.07999999999996,3.88,61,61,3
2019-01-29,408.3961914355716,226.27503227808577,2017-12-31,2017-12-29,2026-05-15,96.07999999999996,96.07999999999996,3.88,61,61,3
2019-01-30,410.2656737904398,229.85722933340486,2017-12-31,2017-12-29,2026-05-15,96.07999999999996,96.07999999999996,3.88,61,61,3
2019-01-31,410.7349690036059,231.87590273281407,2017-12-31,2017-12-29,2026-05-15,96.07999999999996,96.07999999999996,3.88,61,61,3
2019-02-01,411.10399350962774,231.98758299395053,2017-12-31,2017-12-29,2026-05-15,96.07999999999996,96.07999999999996,3.88,61,61,3
2019-02-04,414.4741223631079,233.61968560952903,2017-12-31,2017-12-29,2026-05-15,96.07999999999996,96.07999999999996,3.88,61,61,3
2019-02-05,416.7467764318189,234.59894717887616,2017-12-31,2017-12-29,2026-05-15,96.07999999999996,96.07999999999996,3.88,61,61,3
2019-02-06,415.94915317243164,234.28976717634757,2017-12-31,2017-12-29,2026-05-15,96.07999999999996,96.07999999999996,3.88,61,61,3
2019-02-07,412.0459640901268,232.05625773428912,2017-12-31,2017-12-29,2026-05-15,96.07999999999996,96.07999999999996,3.88,61,61,3
2019-02-08,412.0251311233551,232.33976851727695,2017-12-31,2017-12-29,2026-05-15,96.07999999999996,96.07999999999996,3.88,61,61,3
2019-02-11,416.18231553437596,232.46859351833052,2017-12-31,2017-12-29,2026-05-15,96.07999999999996,96.07999999999996,3.88,61,61,3
2019-02-12,418.39156082447533,235.45800400746324,2017-12-31,2017-12-29,2026-05-15,96.07999999999996,96.07999999999996,3.88,61,61,3
2019-02-13,419.50293204588263,236.22252531483107,2017-12-31,2017-12-29,2026-05-15,96.07999999999996,96.07999999999996,3.88,61,61,3
2019-02-14,420.9448764860289,235.69850926965324,2017-12-31,2017-12-29,2026-05-15,96.07999999999996,96.07999999999996,3.88,61,61,3
2019-02-15,423.14782305975507,238.26705949512098,2017-12-31,2017-12-29,2026-05-15,96.07999999999996,96.07999999999996,3.88,61,61,3
2019-02-19,423.32752680005984,238.67939527916238,2017-12-31,2017-12-29,2026-05-15,96.07999999999996,96.07999999999996,3.88,61,61,3
2019-02-20,423.7468216574151,239.16040580354237,2017-12-31,2017-12-29,2026-05-15,96.07999999999996,96.07999999999996,3.88,61,61,3
2019-02-21,426.6260963656811,238.30996923524884,2017-12-31,2017-12-29,2026-05-15,96.07999999999996,96.07999999999996,3.88,61,61,3
2019-02-22,430.20692615317057,239.78748184956308,2017-12-31,2017-12-29,2026-05-15,96.07999999999996,96.07999999999996,3.88,61,61,3
2019-02-25,426.9555602358173,240.11390237267878,2017-12-31,2017-12-29,2026-05-15,96.07999999999996,96.07999999999996,3.88,61,61,3
2019-02-26,427.25751204898984,239.94207185082738,2017-12-31,2017-12-29,2026-05-15,96.07999999999996,96.07999999999996,3.88,61,61,3
2019-02-27,428.15714731943984,239.8390118499845,2017-12-31,2017-12-29,2026-05-15,96.07999999999996,96.07999999999996,3.88,61,61,3
2019-02-28,428.90708584443723,239.3922908054388,2017-12-31,2017-12-29,2026-05-15,96.07999999999996,96.07999999999996,3.88,61,61,3
2019-03-01,431.13991707511786,240.88704394034016,2017-12-31,2017-12-29,2026-05-15,96.07999999999996,96.07999999999996,3.88,61,61,3
2019-03-04,430.16652506794685,240.0108423718359,2017-12-31,2017-12-29,2026-05-15,96.07999999999996,96.07999999999996,3.88,61,61,3
2019-03-05,429.01954106818124,239.68442184872018,2017-12-31,2017-12-29,2026-05-15,96.07999999999996,96.07999999999996,3.88,61,61,3
2019-03-06,425.74864517808,238.23267423461672,2017-12-31,2017-12-29,2026-05-15,96.07999999999996,96.07999999999996,3.88,61,61,3
2019-03-07,423.87199676910757,236.23976583541818,2017-12-31,2017-12-29,2026-05-15,96.07999999999996,96.07999999999996,3.88,61,61,3
2019-03-08,422.45256880881175,235.76727979066177,2017-12-31,2017-12-29,2026-05-15,96.07999999999996,96.07999999999996,3.88,61,61,3
2019-03-11,424.8354660013579,239.18617080375307,2017-12-31,2017-12-29,2026-05-15,96.07999999999996,96.07999999999996,3.88,61,61,3
2019-03-12,424.1891645426069,240.08813737246805,2017-12-31,2017-12-29,2026-05-15,96.07999999999996,96.07999999999996,3.88,61,61,3
2019-03-13,427.92011993206575,241.67733024791872,2017-12-31,2017-12-29,2026-05-15,96.07999999999996,96.07999999999996,3.88,61,61,3
2019-03-14,428.2923020221655,241.5227402466544,2017-12-31,2017-12-29,2026-05-15,96.07999999999996,96.07999999999996,3.88,61,61,3
2019-03-15,426.0828510201684,242.71607161329132,2017-12-31,2017-12-29,2026-05-15,96.07999999999996,96.07999999999996,3.88,61,61,3
2019-03-18,429.5562234223483,243.59610440859268,2017-12-31,2017-12-29,2026-05-15,96.07999999999996,96.07999999999996,3.88,61,61,3
2019-03-19,426.86400319773526,243.65654201131744,2017-12-31,2017-12-29,2026-05-15,96.07999999999996,96.07999999999996,3.88,61,61,3
2019-03-20,423.20050053849656,242.92314942167633,2017-12-31,2017-12-29,2026-05-15,96.07999999999996,96.07999999999996,3.88,61,61,3
2019-03-21,427.3889305777099,245.66688249244288,2017-12-31,2017-12-29,2026-05-15,96.07999999999996,96.07999999999996,3.88,61,61,3
2019-03-22,421.8553740611748,240.93866972143152,2017-12-31,2017-12-29,2026-05-15,96.07999999999996,96.07999999999996,3.88,61,61,3
2019-03-25,423.5949253896826,240.7575484745971,2017-12-31,2017-12-29,2026-05-15,96.07999999999996,96.07999999999996,3.88,61,61,3
2019-03-26,426.03251640306416,242.55219088704396,2017-12-31,2017-12-29,2026-05-15,96.07999999999996,96.07999999999996,3.88,61,61,3
2019-03-27,428.07076244439696,241.28386325585316,2017-12-31,2017-12-29,2026-05-15,96.07999999999996,96.07999999999996,3.88,61,61,3
2019-03-28,431.2446520631887,242.19837709232874,2017-12-31,2017-12-29,2026-05-15,96.07999999999996,96.07999999999996,3.88,61,61,3
2019-03-29,432.9354486665304,243.72559987433578,2017-12-31,2017-12-29,2026-05-15,96.07999999999996,96.07999999999996,3.88,61,61,3
2019-04-01,435.2949373765106,246.6159731507626,2017-12-31,2017-12-29,2026-05-15,96.07999999999996,96.07999999999996,3.88,61,61,3
2019-04-02,433.532601483858,246.73675257554223,2017-12-31,2017-12-29,2026-05-15,96.07999999999996,96.07999999999996,3.88,61,61,3
2019-04-03,434.48344270289164,247.1250474114316,2017-12-31,2017-12-29,2026-05-15,96.07999999999996,96.07999999999996,3.88,61,61,3
2019-04-04,437.2437216698188,247.7807618777609,2017-12-31,2017-12-29,2026-05-15,96.07999999999996,96.07999999999996,3.88,61,61,3
2019-04-05,439.7198570359415,248.98003164593337,2017-12-31,2017-12-29,2026-05-15,96.07999999999996,96.07999999999996,3.88,61,61,3
2019-04-08,437.3848657172376,249.1698689337313,2017-12-31,2017-12-29,2026-05-15,96.07999999999996,96.07999999999996,3.88,61,61,3
2019-04-09,433.31240020466,247.89292104224697,2017-12-31,2017-12-29,2026-05-15,96.07999999999996,96.07999999999996,3.88,61,61,3
2019-04-10,435.8615279239024,248.73847279637414,2017-12-31,2017-12-29,2026-05-15,96.07999999999996,96.07999999999996,3.88,61,61,3
2019-04-11,438.00573476584844,248.66941493335582,2017-12-31,2017-12-29,2026-05-15,96.07999999999996,96.07999999999996,3.88,61,61,3
2019-04-12,439.8922252433122,250.35189818131664,2017-12-31,2017-12-29,2026-05-15,96.07999999999996,96.07999999999996,3.88,61,61,3
2019-04-15,439.2265235343538,250.18801745506929,2017-12-31,2017-12-29,2026-05-15,96.07999999999996,96.07999999999996,3.88,61,61,3
2019-04-16,439.13726363041627,250.35189818131664,2017-12-31,2017-12-29,2026-05-15,96.07999999999996,96.07999999999996,3.88,61,61,3
2019-04-17,438.30923530675665,249.7392850164551,2017-12-31,2017-12-29,2026-05-15,96.07999999999996,96.07999999999996,3.88,61,61,3
2019-04-18,441.04195639448426,250.23111875653706,2017-12-31,2017-12-29,2026-05-15,96.07999999999996,96.07999999999996,3.88,61,61,3
2019-04-22,440.4020109422846,250.4468168252156,2017-12-31,2017-12-29,2026-05-15,96.07999999999996,96.07999999999996,3.88,61,61,3
2019-04-23,443.0032325176936,252.6987161559003,2017-12-31,2017-12-29,2026-05-15,96.07999999999996,96.07999999999996,3.88,61,61,3
2019-04-24,444.60209626239447,252.13792033347,2017-12-31,2017-12-29,2026-05-15,96.07999999999996,96.07999999999996,3.88,61,61,3
2019-04-25,444.7730514437427,251.9826598675162,2017-12-31,2017-12-29,2026-05-15,96.07999999999996,96.07999999999996,3.88,61,61,3
2019-04-26,447.73058511556764,253.15606885480807,2017-12-31,2017-12-29,2026-05-15,96.07999999999996,96.07999999999996,3.88,61,61,3
2019-04-29,446.90460455625725,253.552888170321,2017-12-31,2017-12-29,2026-05-15,96.07999999999996,96.07999999999996,3.88,61,61,3
2019-04-30,443.6102899920945,253.68238363606412,2017-12-31,2017-12-29,2026-05-15,96.07999999999996,96.07999999999996,3.88,61,61,3
2019-05-01,440.5641065186521,251.7755820591312,2017-12-31,2017-12-29,2026-05-15,96.07999999999996,96.07999999999996,3.88,61,61,3
2019-05-02,442.5792543216685,251.23193097661806,2017-12-31,2017-12-29,2026-05-15,96.07999999999996,96.07999999999996,3.88,61,61,3
2019-05-03,445.8150939491397,253.69100389635767,2017-12-31,2017-12-29,2026-05-15,96.07999999999996,96.07999999999996,3.88,61,61,3
2019-05-06,446.64955052487227,252.64699459413896,2017-12-31,2017-12-29,2026-05-15,96.07999999999996,96.07999999999996,3.88,61,61,3
2019-05-07,443.075781196887,248.4278560837966,2017-12-31,2017-12-29,2026-05-15,96.07999999999996,96.07999999999996,3.88,61,61,3
2019-05-08,442.457806398876,248.0827583300449,2017-12-31,2017-12-29,2026-05-15,96.07999999999996,96.07999999999996,3.88,61,61,3
2019-05-09,442.77580534747983,247.33212521981667,2017-12-31,2017-12-29,2026-05-15,96.07999999999996,96.07999999999996,3.88,61,61,3
2019-05-10,444.96774071721205,248.57449628945685,2017-12-31,2017-12-29,2026-05-15,96.07999999999996,96.07999999999996,3.88,61,61,3
2019-05-13,437.3469781163853,242.3277767774019,2017-12-31,2017-12-29,2026-05-15,96.07999999999996,96.07999999999996,3.88,61,61,3
2019-05-14,437.93116343206407,244.51933428603172,2017-12-31,2017-12-29,2026-05-15,96.07999999999996,96.07999999999996,3.88,61,61,3
2019-05-15,440.1310803664575,245.95163842413982,2017-12-31,2017-12-29,2026-05-15,96.07999999999996,96.07999999999996,3.88,61,61,3
2019-05-16,440.2979281802376,248.22939853570514,2017-12-31,2017-12-29,2026-05-15,96.07999999999996,96.07999999999996,3.88,61,61,3
2019-05-17,438.664711723728,246.62459341105617,2017-12-31,2017-12-29,2026-05-15,96.07999999999996,96.07999999999996,3.88,61,61,3
2019-05-20,436.98998937170546,244.99392750552653,2017-12-31,2017-12-29,2026-05-15,96.07999999999996,96.07999999999996,3.88,61,61,3
2019-05-21,440.0829216241893,247.20262975407357,2017-12-31,2017-12-29,2026-05-15,96.07999999999996,96.07999999999996,3.88,61,61,3
2019-05-22,436.7108923271343,246.44337638355177,2017-12-31,2017-12-29,2026-05-15,96.07999999999996,96.07999999999996,3.88,61,61,3
2019-05-23,431.37922256409854,243.43222368234535,2017-12-31,2017-12-29,2026-05-15,96.07999999999996,96.07999999999996,3.88,61,61,3
2019-05-24,432.8510466242382,243.98439924448212,2017-12-31,2017-12-29,2026-05-15,96.07999999999996,96.07999999999996,3.88,61,61,3
2019-05-28,430.4593163290208,241.71525939321032,2017-12-31,2017-12-29,2026-05-15,96.07999999999996,96.07999999999996,3.88,61,61,3
2019-05-29,427.43814466649144,240.09311796730435,2017-12-31,2017-12-29,2026-05-15,96.07999999999996,96.07999999999996,3.88,61,61,3
2019-05-30,429.4018866356775,240.7488324336336,2017-12-31,2017-12-29,2026-05-15,96.07999999999996,96.07999999999996,3.88,61,61,3
2019-05-31,427.70045896912495,237.50474114316145,2017-12-31,2017-12-29,2026-05-15,96.07999999999996,96.07999999999996,3.88,61,61,3
2019-06-03,428.28933740302483,236.9007482385935,2017-12-31,2017-12-29,2026-05-15,96.07999999999996,96.07999999999996,3.88,61,61,3
2019-06-04,436.8842726812779,242.04311662637497,2017-12-31,2017-12-29,2026-05-15,96.07999999999996,96.07999999999996,3.88,61,61,3
2019-06-05,436.7373313479697,244.13975549110583,2017-12-31,2017-12-29,2026-05-15,96.07999999999996,96.07999999999996,3.88,61,61,3
2019-06-06,437.431367571011,245.72722431449776,2017-12-31,2017-12-29,2026-05-15,96.07999999999996,96.07999999999996,3.88,61,61,3
2019-06-07,440.3513651559513,248.18629723423737,2017-12-31,2017-12-29,2026-05-15,96.07999999999996,96.07999999999996,3.88,61,61,3
2019-06-10,440.26379588593886,249.32512939968507,2017-12-31,2017-12-29,2026-05-15,96.07999999999996,96.07999999999996,3.88,61,61,3
2019-06-11,441.106190596264,249.26478757763027,2017-12-31,2017-12-29,2026-05-15,96.07999999999996,96.07999999999996,3.88,61,61,3
2019-06-12,443.6649407022003,248.82477117997954,2017-12-31,2017-12-29,2026-05-15,96.07999999999996,96.07999999999996,3.88,61,61,3
2019-06-13,447.79716530342034,249.85144418094117,2017-12-31,2017-12-29,2026-05-15,96.07999999999996,96.07999999999996,3.88,61,61,3
2019-06-14,447.9519691659488,249.5754042902078,2017-12-31,2017-12-29,2026-05-15,96.07999999999996,96.07999999999996,3.88,61,61,3
2019-06-17,447.32261553071083,249.6703229341067,2017-12-31,2017-12-29,2026-05-15,96.07999999999996,96.07999999999996,3.88,61,61,3
2019-06-18,447.71199250999695,252.2845605391302,2017-12-31,2017-12-29,2026-05-15,96.07999999999996,96.07999999999996,3.88,61,61,3
2019-06-19,448.05066057048333,252.85407240252403,2017-12-31,2017-12-29,2026-05-15,96.07999999999996,96.07999999999996,3.88,61,61,3
2019-06-20,448.05790774215745,255.26994824012598,2017-12-31,2017-12-29,2026-05-15,96.07999999999996,96.07999999999996,3.88,61,61,3
2019-06-21,444.0422059553546,254.89851080214393,2017-12-31,2017-12-29,2026-05-15,96.07999999999996,96.07999999999996,3.88,61,61,3
2019-06-24,441.93275410719315,254.5863615988476,2017-12-31,2017-12-29,2026-05-15,96.07999999999996,96.07999999999996,3.88,61,61,3
2019-06-25,439.017488144833,252.08945531448626,2017-12-31,2017-12-29,2026-05-15,96.07999999999996,96.07999999999996,3.88,61,61,3
2019-06-26,438.5691540755397,251.83803105592446,2017-12-31,2017-12-29,2026-05-15,96.07999999999996,96.07999999999996,3.88,61,61,3
2019-06-27,445.8512073845656,252.73099424166614,2017-12-31,2017-12-29,2026-05-15,96.07999999999996,96.07999999999996,3.88,61,61,3
2019-06-28,448.4471576016895,254.03150417795283,2017-12-31,2017-12-29,2026-05-15,96.07999999999996,96.07999999999996,3.88,61,61,3
2019-07-01,449.1097302425687,256.3377111484869,2017-12-31,2017-12-29,2026-05-15,96.07999999999996,96.07999999999996,3.88,61,61,3
2019-07-02,450.2519662783875,257.00530241788726,2017-12-31,2017-12-29,2026-05-15,96.07999999999996,96.07999999999996,3.88,61,61,3
2019-07-03,454.3873410217659,259.06008512985943,2017-12-31,2017-12-29,2026-05-15,96.07999999999996,96.07999999999996,3.88,61,61,3
2019-07-05,456.362670150922,258.76536800849,2017-12-31,2017-12-29,2026-05-15,96.07999999999996,96.07999999999996,3.88,61,61,3
2019-07-08,455.1253689686609,257.34350396340415,2017-12-31,2017-12-29,2026-05-15,96.07999999999996,96.07999999999996,3.88,61,61,3
2019-07-09,454.75184728806437,257.6642734269941,2017-12-31,2017-12-29,2026-05-15,96.07999999999996,96.07999999999996,3.88,61,61,3
2019-07-10,453.1928893848997,258.89543815825266,2017-12-31,2017-12-29,2026-05-15,96.07999999999996,96.07999999999996,3.88,61,61,3
2019-07-11,454.1150317942176,259.5023044829185,2017-12-31,2017-12-29,2026-05-15,96.07999999999996,96.07999999999996,3.88,61,61,3
2019-07-12,456.6624849454576,260.664124009149,2017-12-31,2017-12-29,2026-05-15,96.07999999999996,96.07999999999996,3.88,61,61,3
2019-07-15,456.10194017804724,260.7508055154341,2017-12-31,2017-12-29,2026-05-15,96.07999999999996,96.07999999999996,3.88,61,61,3
2019-07-16,454.56270063715533,259.90975545279355,2017-12-31,2017-12-29,2026-05-15,96.07999999999996,96.07999999999996,3.88,61,61,3
2019-07-17,452.34317789566285,258.14106960189724,2017-12-31,2017-12-29,2026-05-15,96.07999999999996,96.07999999999996,3.88,61,61,3
2019-07-18,451.7766321482122,259.08613747207994,2017-12-31,2017-12-29,2026-05-15,96.07999999999996,96.07999999999996,3.88,61,61,3
2019-07-19,450.57307563681536,257.64693712573705,2017-12-31,2017-12-29,2026-05-15,96.07999999999996,96.07999999999996,3.88,61,61,3
2019-07-22,449.0204511623562,258.2798557926234,2017-12-31,2017-12-29,2026-05-15,96.07999999999996,96.07999999999996,3.88,61,61,3
2019-07-23,449.02391266362343,260.12650710884134,2017-12-31,2017-12-29,2026-05-15,96.07999999999996,96.07999999999996,3.88,61,61,3
2019-07-24,450.88218653437747,261.34905157980637,2017-12-31,2017-12-29,2026-05-15,96.07999999999996,96.07999999999996,3.88,61,61,3
2019-07-25,449.06757180888565,260.1005505472907,2017-12-31,2017-12-29,2026-05-15,96.07999999999996,96.07999999999996,3.88,61,61,3
2019-07-26,452.2013582746778,261.8431840559666,2017-12-31,2017-12-29,2026-05-15,96.07999999999996,96.07999999999996,3.88,61,61,3
2019-07-29,452.8247256634734,261.3663878810634,2017-12-31,2017-12-29,2026-05-15,96.07999999999996,96.07999999999996,3.88,61,61,3
2019-07-30,452.94019371771554,260.7247531732136,2017-12-31,2017-12-29,2026-05-15,96.07999999999996,96.07999999999996,3.88,61,61,3
2019-07-31,448.9612148517772,257.87230904207837,2017-12-31,2017-12-29,2026-05-15,96.07999999999996,96.07999999999996,3.88,61,61,3
2019-08-01,445.08056068872594,255.62682701627887,2017-12-31,2017-12-29,2026-05-15,96.07999999999996,96.07999999999996,3.88,61,61,3
2019-08-02,444.68791541201324,253.70201867339946,2017-12-31,2017-12-29,2026-05-15,96.07999999999996,96.07999999999996,3.88,61,61,3
2019-08-05,436.73882838074735,246.0724178489194,2017-12-31,2017-12-29,2026-05-15,96.07999999999996,96.07999999999996,3.88,61,61,3
2019-08-06,444.0190892274136,249.52310804442695,2017-12-31,2017-12-29,2026-05-15,96.07999999999996,96.07999999999996,3.88,61,61,3
2019-08-07,442.9540523194874,249.67051449544658,2017-12-31,2017-12-29,2026-05-15,96.07999999999996,96.07999999999996,3.88,61,61,3
2019-08-08,450.90844966720715,254.56902529759054,2017-12-31,2017-12-29,2026-05-15,96.07999999999996,96.07999999999996,3.88,61,61,3
2019-08-09,449.49696616698725,252.83501204920827,2017-12-31,2017-12-29,2026-05-15,96.07999999999996,96.07999999999996,3.88,61,61,3
2019-08-12,444.6397050272123,249.75719600173173,2017-12-31,2017-12-29,2026-05-15,96.07999999999996,96.07999999999996,3.88,61,61,3
2019-08-13,447.4592562550385,253.6413895093348,2017-12-31,2017-12-29,2026-05-15,96.07999999999996,96.07999999999996,3.88,61,61,3
2019-08-14,437.3850268543078,246.14176305394753,2017-12-31,2017-12-29,2026-05-15,96.07999999999996,96.07999999999996,3.88,61,61,3
2019-08-15,435.8536208089356,246.79201802209087,2017-12-31,2017-12-29,2026-05-15,96.07999999999996,96.07999999999996,3.88,61,61,3
2019-08-16,439.58500094181574,250.43350331209558,2017-12-31,2017-12-29,2026-05-15,96.07999999999996,96.07999999999996,3.88,61,61,3
2019-08-19,441.58736422073565,253.45059441483758,2017-12-31,2017-12-29,2026-05-15,96.07999999999996,96.07999999999996,3.88,61,61,3
2019-08-20,439.5188298314447,251.50854555137104,2017-12-31,2017-12-29,2026-05-15,96.07999999999996,96.07999999999996,3.88,61,61,3
2019-08-21,440.9613302139793,253.5547080030497,2017-12-31,2017-12-29,2026-05-15,96.07999999999996,96.07999999999996,3.88,61,61,3
2019-08-22,441.9059878082272,253.47664675705812,2017-12-31,2017-12-29,2026-05-15,96.07999999999996,96.07999999999996,3.88,61,61,3
2019-08-23,434.6088395984476,246.96547681533104,2017-12-31,2017-12-29,2026-05-15,96.07999999999996,96.07999999999996,3.88,61,61,3
2019-08-26,438.26318922707816,249.69647105699718,2017-12-31,2017-12-29,2026-05-15,96.07999999999996,96.07999999999996,3.88,61,61,3
2019-08-27,433.562565932511,248.71682636497036,2017-12-31,2017-12-29,2026-05-15,96.07999999999996,96.07999999999996,3.88,61,61,3
2019-08-28,437.71017739610403,250.46817591460965,2017-12-31,2017-12-29,2026-05-15,96.07999999999996,96.07999999999996,3.88,61,61,3
2019-08-29,441.1553396440688,253.66734607088537,2017-12-31,2017-12-29,2026-05-15,96.07999999999996,96.07999999999996,3.88,61,61,3
2019-08-30,438.17217402578876,253.5547080030497,2017-12-31,2017-12-29,2026-05-15,96.07999999999996,96.07999999999996,3.88,61,61,3
2019-09-03,433.8522790925839,252.07211901322927,2017-12-31,2017-12-29,2026-05-15,96.07999999999996,96.07999999999996,3.88,61,61,3
2019-09-04,438.56193115340375,254.93318340465802,2017-12-31,2017-12-29,2026-05-15,96.07999999999996,96.07999999999996,3.88,61,61,3
2019-09-05,442.2064075059739,258.21051058759525,2017-12-31,2017-12-29,2026-05-15,96.07999999999996,96.07999999999996,3.88,61,61,3
2019-09-06,440.7807723836367,258.40992594238605,2017-12-31,2017-12-29,2026-05-15,96.07999999999996,96.07999999999996,3.88,61,61,3
2019-09-09,442.85612428380335,258.5399003114788,2017-12-31,2017-12-29,2026-05-15,96.07999999999996,96.07999999999996,3.88,61,61,3
2019-09-10,444.388587382118,258.4792711474141,2017-12-31,2017-12-29,2026-05-15,96.07999999999996,96.07999999999996,3.88,61,61,3
2019-09-11,449.1545126323052,260.31730220333856,2017-12-31,2017-12-29,2026-05-15,96.07999999999996,96.07999999999996,3.88,61,61,3
2019-09-12,447.85114546379685,261.2189814300437,2017-12-31,2017-12-29,2026-05-15,96.07999999999996,96.07999999999996,3.88,61,61,3
2019-09-13,448.7594060756512,261.0455226368035,2017-12-31,2017-12-29,2026-05-15,96.07999999999996,96.07999999999996,3.88,61,61,3
2019-09-16,446.5502723775594,260.23924095734696,2017-12-31,2017-12-29,2026-05-15,96.07999999999996,96.07999999999996,3.88,61,61,3
2019-09-17,447.25454676534713,260.8982119664538,2017-12-31,2017-12-29,2026-05-15,96.07999999999996,96.07999999999996,3.88,61,61,3
2019-09-18,445.7274981426699,261.054238677767,2017-12-31,2017-12-29,2026-05-15,96.07999999999996,96.07999999999996,3.88,61,61,3
2019-09-19,445.297750600889,261.03690237650994,2017-12-31,2017-12-29,2026-05-15,96.07999999999996,96.07999999999996,3.88,61,61,3
2019-09-20,445.4398534100113,259.8032473478333,2017-12-31,2017-12-29,2026-05-15,96.07999999999996,96.07999999999996,3.88,61,61,3
2019-09-23,446.4832944133603,259.74223506108893,2017-12-31,2017-12-29,2026-05-15,96.07999999999996,96.07999999999996,3.88,61,61,3
2019-09-24,443.21109245931007,257.7041181856843,2017-12-31,2017-12-29,2026-05-15,96.07999999999996,96.07999999999996,3.88,61,61,3
2019-09-25,443.71633994788374,259.2283717669235,2017-12-31,2017-12-29,2026-05-15,96.07999999999996,96.07999999999996,3.88,61,61,3
2019-09-26,441.3750564562515,258.6883603498676,2017-12-31,2017-12-29,2026-05-15,96.07999999999996,96.07999999999996,3.88,61,61,3
2019-09-27,439.4250568694326,257.2947516024106,2017-12-31,2017-12-29,2026-05-15,96.07999999999996,96.07999999999996,3.88,61,61,3
2019-09-30,443.1618385800171,258.48798718837764,2017-12-31,2017-12-29,2026-05-15,96.07999999999996,96.07999999999996,3.88,61,61,3
2019-10-01,439.801973842693,255.4133319030087,2017-12-31,2017-12-29,2026-05-15,96.07999999999996,96.07999999999996,3.88,61,61,3
2019-10-02,434.7649380014408,250.90158344603526,2017-12-31,2017-12-29,2026-05-15,96.07999999999996,96.07999999999996,3.88,61,61,3
2019-10-03,436.4669489362767,252.95713240336687,2017-12-31,2017-12-29,2026-05-15,96.07999999999996,96.07999999999996,3.88,61,61,3
2019-10-04,438.5219634897109,256.3801419852651,2017-12-31,2017-12-29,2026-05-15,96.07999999999996,96.07999999999996,3.88,61,61,3
2019-10-07,437.08117301330304,255.27397102826293,2017-12-31,2017-12-29,2026-05-15,96.07999999999996,96.07999999999996,3.88,61,61,3
2019-10-08,433.2644730375108,251.3109500293089,2017-12-31,2017-12-29,2026-05-15,96.07999999999996,96.07999999999996,3.88,61,61,3
2019-10-09,433.3128135124206,253.6975169819128,2017-12-31,2017-12-29,2026-05-15,96.07999999999996,96.07999999999996,3.88,61,61,3
2019-10-10,434.19183130866395,255.4133319030087,2017-12-31,2017-12-29,2026-05-15,96.07999999999996,96.07999999999996,3.88,61,61,3
2019-10-11,438.1834812215022,258.061188523177,2017-12-31,2017-12-29,2026-05-15,96.07999999999996,96.07999999999996,3.88,61,61,3
2019-10-14,434.8319622211061,257.77375073272214,2017-12-31,2017-12-29,2026-05-15,96.07999999999996,96.07999999999996,3.88,61,61,3
2019-10-15,434.97454016932005,260.3258266829622,2017-12-31,2017-12-29,2026-05-15,96.07999999999996,96.07999999999996,3.88,61,61,3
2019-10-16,436.33742217688484,259.90774405872503,2017-12-31,2017-12-29,2026-05-15,96.07999999999996,96.07999999999996,3.88,61,61,3
2019-10-17,438.2551184961092,260.67418097949144,2017-12-31,2017-12-29,2026-05-15,96.07999999999996,96.07999999999996,3.88,61,61,3
2019-10-18,437.067680406836,259.53324163930534,2017-12-31,2017-12-29,2026-05-15,96.07999999999996,96.07999999999996,3.88,61,61,3
2019-10-21,440.07505169756405,261.2926367652186,2017-12-31,2017-12-29,2026-05-15,96.07999999999996,96.07999999999996,3.88,61,61,3
2019-10-22,435.88627569600635,260.43903943481746,2017-12-31,2017-12-29,2026-05-15,96.07999999999996,96.07999999999996,3.88,61,61,3
2019-10-23,436.59086825057767,261.1968560952903,2017-12-31,2017-12-29,2026-05-15,96.07999999999996,96.07999999999996,3.88,61,61,3
2019-10-24,435.1420216546158,261.62365476049087,2017-12-31,2017-12-29,2026-05-15,96.07999999999996,96.07999999999996,3.88,61,61,3
2019-10-25,438.17274860897976,262.6949615536391,2017-12-31,2017-12-29,2026-05-15,96.07999999999996,96.07999999999996,3.88,61,61,3
2019-10-28,437.4803690128714,264.175634930061,2017-12-31,2017-12-29,2026-05-15,96.07999999999996,96.07999999999996,3.88,61,61,3
2019-10-29,439.27498849666836,264.0972863420596,2017-12-31,2017-12-29,2026-05-15,96.07999999999996,96.07999999999996,3.88,61,61,3
2019-10-30,436.4750615843291,264.9073034676434,2017-12-31,2017-12-29,2026-05-15,96.07999999999996,96.07999999999996,3.88,61,61,3
2019-10-31,435.0290300191888,264.2017830529514,2017-12-31,2017-12-29,2026-05-15,96.07999999999996,96.07999999999996,3.88,61,61,3
2019-11-01,437.7217421780058,266.64936229229966,2017-12-31,2017-12-29,2026-05-15,96.07999999999996,96.07999999999996,3.88,61,61,3
2019-11-04,437.791744428301,267.72066908544787,2017-12-31,2017-12-29,2026-05-15,96.07999999999996,96.07999999999996,3.88,61,61,3
2019-11-05,438.1259694554378,267.42451525402953,2017-12-31,2017-12-29,2026-05-15,96.07999999999996,96.07999999999996,3.88,61,61,3
2019-11-06,437.5291669034451,267.48552754077383,2017-12-31,2017-12-29,2026-05-15,96.07999999999996,96.07999999999996,3.88,61,61,3
2019-11-07,438.4350869996443,268.42618950013986,2017-12-31,2017-12-29,2026-05-15,96.07999999999996,96.07999999999996,3.88,61,61,3
2019-11-08,436.1003779669635,269.08812971001447,2017-12-31,2017-12-29,2026-05-15,96.07999999999996,96.07999999999996,3.88,61,61,3
2019-11-11,435.43910543927717,268.5742664158491,2017-12-31,2017-12-29,2026-05-15,96.07999999999996,96.07999999999996,3.88,61,61,3
2019-11-12,436.8781348829052,269.1404259557953,2017-12-31,2017-12-29,2026-05-15,96.07999999999996,96.07999999999996,3.88,61,61,3
2019-11-13,435.9231486658615,269.2274905847601,2017-12-31,2017-12-29,2026-05-15,96.07999999999996,96.07999999999996,3.88,61,61,3
2019-11-14,434.75454013670475,269.6194250861068,2017-12-31,2017-12-29,2026-05-15,96.07999999999996,96.07999999999996,3.88,61,61,3
2019-11-15,436.0765239198687,271.5704773325467,2017-12-31,2017-12-29,2026-05-15,96.07999999999996,96.07999999999996,3.88,61,61,3
2019-11-18,437.00153540010734,271.7708504940367,2017-12-31,2017-12-29,2026-05-15,96.07999999999996,96.07999999999996,3.88,61,61,3
2019-11-19,436.046479886722,271.69240612536544,2017-12-31,2017-12-29,2026-05-15,96.07999999999996,96.07999999999996,3.88,61,61,3
2019-11-20,433.8102648259742,270.6821116189615,2017-12-31,2017-12-29,2026-05-15,96.07999999999996,96.07999999999996,3.88,61,61,3
2019-11-21,431.7117631094708,270.24659691279743,2017-12-31,2017-12-29,2026-05-15,96.07999999999996,96.07999999999996,3.88,61,61,3
2019-11-22,434.07396332731895,270.84752483592774,2017-12-31,2017-12-29,2026-05-15,96.07999999999996,96.07999999999996,3.88,61,61,3
2019-11-25,441.2359962895398,272.9466539980768,2017-12-31,2017-12-29,2026-05-15,96.07999999999996,96.07999999999996,3.88,61,61,3
2019-11-26,441.8658408148653,273.5651097838039,2017-12-31,2017-12-29,2026-05-15,96.07999999999996,96.07999999999996,3.88,61,61,3
2019-11-27,445.7597386722574,274.7844934926613,2017-12-31,2017-12-29,2026-05-15,96.07999999999996,96.07999999999996,3.88,61,61,3
2019-11-29,444.46399872911155,273.76538716462403,2017-12-31,2017-12-29,2026-05-15,96.07999999999996,96.07999999999996,3.88,61,61,3
2019-12-02,443.74206090118736,271.4398324987644,2017-12-31,2017-12-29,2026-05-15,96.07999999999996,96.07999999999996,3.88,61,61,3
2019-12-03,439.78198101047064,269.6194250861068,2017-12-31,2017-12-29,2026-05-15,96.07999999999996,96.07999999999996,3.88,61,61,3
2019-12-04,439.8810292987176,271.2830395420918,2017-12-31,2017-12-29,2026-05-15,96.07999999999996,96.07999999999996,3.88,61,61,3
2019-12-05,441.0241225066153,271.7708504940367,2017-12-31,2017-12-29,2026-05-15,96.07999999999996,96.07999999999996,3.88,61,61,3
2019-12-06,443.6781172849536,274.25319811656897,2017-12-31,2017-12-29,2026-05-15,96.07999999999996,96.07999999999996,3.88,61,61,3
2019-12-09,443.52059343170197,273.3908847452043,2017-12-31,2017-12-29,2026-05-15,96.07999999999996,96.07999999999996,3.88,61,61,3
2019-12-10,441.6679895425351,273.08601487282243,2017-12-31,2017-12-29,2026-05-15,96.07999999999996,96.07999999999996,3.88,61,61,3
2019-12-11,442.62678771207845,273.8612636152223,2017-12-31,2017-12-29,2026-05-15,96.07999999999996,96.07999999999996,3.88,61,61,3
2019-12-12,443.3809816961248,276.22168244493565,2017-12-31,2017-12-29,2026-05-15,96.07999999999996,96.07999999999996,3.88,61,61,3
2019-12-13,443.566571664352,276.3871914425718,2017-12-31,2017-12-29,2026-05-15,96.07999999999996,96.07999999999996,3.88,61,61,3
2019-12-16,443.33856697060594,278.28594744323084,2017-12-31,2017-12-29,2026-05-15,96.07999999999996,96.07999999999996,3.88,61,61,3
2019-12-17,444.3752358177053,278.34686394930526,2017-12-31,2017-12-29,2026-05-15,96.07999999999996,96.07999999999996,3.88,61,61,3
2019-12-18,444.7944275343854,278.3642960312322,2017-12-31,2017-12-29,2026-05-15,96.07999999999996,96.07999999999996,3.88,61,61,3
2019-12-19,445.7932851032124,279.5053311520882,2017-12-31,2017-12-29,2026-05-15,96.07999999999996,96.07999999999996,3.88,61,61,3
2019-12-20,447.804413576053,280.73074904315115,2017-12-31,2017-12-29,2026-05-15,96.07999999999996,96.07999999999996,3.88,61,61,3
2019-12-23,447.43740686346376,281.1596548830901,2017-12-31,2017-12-29,2026-05-15,96.07999999999996,96.07999999999996,3.88,61,61,3
2019-12-24,448.45210119951486,281.1683709240536,2017-12-31,2017-12-29,2026-05-15,96.07999999999996,96.07999999999996,3.88,61,61,3
2019-12-26,449.81357138066363,282.6651354530234,2017-12-31,2017-12-29,2026-05-15,96.07999999999996,96.07999999999996,3.88,61,61,3
2019-12-27,448.87041558677845,282.59511978330585,2017-12-31,2017-12-29,2026-05-15,96.07999999999996,96.07999999999996,3.88,61,61,3
2019-12-30,449.56463029183647,281.0370556255819,2017-12-31,2017-12-29,2026-05-15,96.07999999999996,96.07999999999996,3.88,61,61,3
2019-12-31,449.8903002464453,281.71978024083097,2017-12-31,2017-12-29,2026-05-15,96.07999999999996,96.07999999999996,3.88,61,61,3
2020-01-02,450.024485793583,284.3544191285492,2017-12-31,2017-12-29,2026-05-15,96.07999999999996,96.07999999999996,3.88,61,61,3
2020-01-03,449.27046344069095,282.20117388789066,2017-12-31,2017-12-29,2026-05-15,96.07999999999996,96.07999999999996,3.88,61,61,3
2020-01-06,450.8529193034391,283.27784439855486,2017-12-31,2017-12-29,2026-05-15,96.07999999999996,96.07999999999996,3.88,61,61,3
2020-01-07,449.3405828444168,282.481332347431,2017-12-31,2017-12-29,2026-05-15,96.07999999999996,96.07999999999996,3.88,61,61,3
2020-01-08,451.09400786730544,283.9868129173643,2017-12-31,2017-12-29,2026-05-15,96.07999999999996,96.07999999999996,3.88,61,61,3
2020-01-09,452.9418701157563,285.9123875056032,2017-12-31,2017-12-29,2026-05-15,96.07999999999996,96.07999999999996,3.88,61,61,3
2020-01-10,451.2014228659633,285.0896315509189,2017-12-31,2017-12-29,2026-05-15,96.07999999999996,96.07999999999996,3.88,61,61,3
2020-01-13,453.5589678155403,287.0502618643516,2017-12-31,2017-12-29,2026-05-15,96.07999999999996,96.07999999999996,3.88,61,61,3
2020-01-14,455.0771038548054,286.6126399834491,2017-12-31,2017-12-29,2026-05-15,96.07999999999996,96.07999999999996,3.88,61,61,3
2020-01-15,457.83005235637785,287.26040465417435,2017-12-31,2017-12-29,2026-05-15,96.07999999999996,96.07999999999996,3.88,61,61,3
2020-01-16,461.71224379073243,289.649940807546,2017-12-31,2017-12-29,2026-05-15,96.07999999999996,96.07999999999996,3.88,61,61,3
2020-01-17,463.34270805688124,290.5514284729113,2017-12-31,2017-12-29,2026-05-15,96.07999999999996,96.07999999999996,3.88,61,61,3
2020-01-21,459.94277621052873,289.9824912935371,2017-12-31,2017-12-29,2026-05-15,96.07999999999996,96.07999999999996,3.88,61,61,3
2020-01-22,461.3117396501677,290.0175470187309,2017-12-31,2017-12-29,2026-05-15,96.07999999999996,96.07999999999996,3.88,61,61,3
2020-01-23,462.1935620033831,290.350097504722,2017-12-31,2017-12-29,2026-05-15,96.07999999999996,96.07999999999996,3.88,61,61,3
2020-01-24,459.1554356913685,287.76804220479437,2017-12-31,2017-12-29,2026-05-15,96.07999999999996,96.07999999999996,3.88,61,61,3
2020-01-27,454.0390610921895,283.15524514104663,2017-12-31,2017-12-29,2026-05-15,96.07999999999996,96.07999999999996,3.88,61,61,3
2020-01-28,457.28887937047864,286.122530295426,2017-12-31,2017-12-29,2026-05-15,96.07999999999996,96.07999999999996,3.88,61,61,3
2020-01-29,458.8231408094401,285.8861436020428,2017-12-31,2017-12-29,2026-05-15,96.07999999999996,96.07999999999996,3.88,61,61,3
2020-01-30,458.51265130646686,286.8139709516384,2017-12-31,2017-12-29,2026-05-15,96.07999999999996,96.07999999999996,3.88,61,61,3
2020-01-31,452.4361791091276,281.6059928049561,2017-12-31,2017-12-29,2026-05-15,96.07999999999996,96.07999999999996,3.88,61,61,3
2020-02-03,452.98963237261506,283.6979384168605,2017-12-31,2017-12-29,2026-05-15,96.07999999999996,96.07999999999996,3.88,61,61,3
2020-02-04,457.155981143353,288.02186098010446,2017-12-31,2017-12-29,2026-05-15,96.07999999999996,96.07999999999996,3.88,61,61,3
2020-02-05,462.9491761711702,291.3479405240352,2017-12-31,2017-12-29,2026-05-15,96.07999999999996,96.07999999999996,3.88,61,61,3
2020-02-06,461.7038800582943,292.32825568075157,2017-12-31,2017-12-29,2026-05-15,96.07999999999996,96.07999999999996,3.88,61,61,3
2020-02-07,458.13558196757447,290.7702873036975,2017-12-31,2017-12-29,2026-05-15,96.07999999999996,96.07999999999996,3.88,61,61,3
2020-02-10,461.0172046651878,292.940964626283,2017-12-31,2017-12-29,2026-05-15,96.07999999999996,96.07999999999996,3.88,61,61,3
2020-02-11,463.40635325426126,293.448697957573,2017-12-31,2017-12-29,2026-05-15,96.07999999999996,96.07999999999996,3.88,61,61,3
2020-02-12,467.5728831689625,295.3393126012881,2017-12-31,2017-12-29,2026-05-15,96.07999999999996,96.07999999999996,3.88,61,61,3
2020-02-13,469.47523232483684,295.0241941972239,2017-12-31,2017-12-29,2026-05-15,96.07999999999996,96.07999999999996,3.88,61,61,3
2020-02-14,470.9164031859182,295.49677602265024,2017-12-31,2017-12-29,2026-05-15,96.07999999999996,96.07999999999996,3.88,61,61,3
2020-02-18,472.88830190566756,294.73531969672007,2017-12-31,2017-12-29,2026-05-15,96.07999999999996,96.07999999999996,3.88,61,61,3
2020-02-19,475.3218597807623,296.1445406933754,2017-12-31,2017-12-29,2026-05-15,96.07999999999996,96.07999999999996,3.88,61,61,3
2020-02-20,480.86704066755846,294.92793462394593,2017-12-31,2017-12-29,2026-05-15,96.07999999999996,96.07999999999996,3.88,61,61,3
2020-02-21,478.01383479173955,291.89063379984907,2017-12-31,2017-12-29,2026-05-15,96.07999999999996,96.07999999999996,3.88,61,61,3
2020-02-24,467.1414511275359,282.20998570952406,2017-12-31,2017-12-29,2026-05-15,96.07999999999996,96.07999999999996,3.88,61,61,3
2020-02-25,450.92551335879085,273.65840015631403,2017-12-31,2017-12-29,2026-05-15,96.07999999999996,96.07999999999996,3.88,61,61,3
2020-02-26,437.8344538721473,272.6518410960374,2017-12-31,2017-12-29,2026-05-15,96.07999999999996,96.07999999999996,3.88,61,61,3
2020-02-27,425.99853584994713,260.4065697877117,2017-12-31,2017-12-29,2026-05-15,96.07999999999996,96.07999999999996,3.88,61,61,3
2020-02-28,418.97437522355534,259.3124671951206,2017-12-31,2017-12-29,2026-05-15,96.07999999999996,96.07999999999996,3.88,61,61,3
2020-03-02,425.0118809589191,270.54236762153613,2017-12-31,2017-12-29,2026-05-15,96.07999999999996,96.07999999999996,3.88,61,61,3
2020-03-03,415.9864313441213,262.7961059410834,2017-12-31,2017-12-29,2026-05-15,96.07999999999996,96.07999999999996,3.88,61,61,3
2020-03-04,422.5862740807413,273.8422032619065,2017-12-31,2017-12-29,2026-05-15,96.07999999999996,96.07999999999996,3.88,61,61,3
2020-03-05,402.191533509022,264.7392083919192,2017-12-31,2017-12-29,2026-05-15,96.07999999999996,96.07999999999996,3.88,61,61,3
2020-03-06,397.68051899242954,260.36279802155445,2017-12-31,2017-12-29,2026-05-15,96.07999999999996,96.07999999999996,3.88,61,61,3
2020-03-09,372.6220352597696,240.02990272515166,2017-12-31,2017-12-29,2026-05-15,96.07999999999996,96.07999999999996,3.88,61,61,3
2020-03-10,382.5877267483984,252.4502610981062,2017-12-31,2017-12-29,2026-05-15,96.07999999999996,96.07999999999996,3.88,61,61,3
2020-03-11,358.3365208101444,240.14369016102646,2017-12-31,2017-12-29,2026-05-15,96.07999999999996,96.07999999999996,3.88,61,61,3
2020-03-12,325.51762024349756,217.16743993594193,2017-12-31,2017-12-29,2026-05-15,96.07999999999996,96.07999999999996,3.88,61,61,3
2020-03-13,343.15272107403223,235.73222406546802,2017-12-31,2017-12-29,2026-05-15,96.07999999999996,96.07999999999996,3.88,61,61,3
2020-03-16,298.45751956986237,209.9375318470728,2017-12-31,2017-12-29,2026-05-15,96.07999999999996,96.07999999999996,3.88,61,61,3
2020-03-17,294.833326245035,221.2725036683997,2017-12-31,2017-12-29,2026-05-15,96.07999999999996,96.07999999999996,3.88,61,61,3
2020-03-18,261.8005976549578,210.06884714554448,2017-12-31,2017-12-29,2026-05-15,96.07999999999996,96.07999999999996,3.88,61,61,3
2020-03-19,277.0749072402222,210.51518506741047,2017-12-31,2017-12-29,2026-05-15,96.07999999999996,96.07999999999996,3.88,61,61,3
2020-03-20,271.5809582208408,201.4428400118002,2017-12-31,2017-12-29,2026-05-15,96.07999999999996,96.07999999999996,3.88,61,61,3
2020-03-23,273.549721239069,196.29233026707485,2017-12-31,2017-12-29,2026-05-15,96.07999999999996,96.07999999999996,3.88,61,61,3
2020-03-24,303.72723133100993,214.07707662070473,2017-12-31,2017-12-29,2026-05-15,96.07999999999996,96.07999999999996,3.88,61,61,3
2020-03-25,314.5050379542486,217.2818020558363,2017-12-31,2017-12-29,2026-05-15,96.07999999999996,96.07999999999996,3.88,61,61,3
2020-03-26,322.0257860863968,229.9689095945413,2017-12-31,2017-12-29,2026-05-15,96.07999999999996,96.07999999999996,3.88,61,61,3
2020-03-27,308.25052639026296,223.11905920394773,2017-12-31,2017-12-29,2026-05-15,96.07999999999996,96.07999999999996,3.88,61,61,3
2020-03-30,306.66475597920004,230.36505844536484,2017-12-31,2017-12-29,2026-05-15,96.07999999999996,96.07999999999996,3.88,61,61,3
2020-03-31,305.71911646926696,226.93141720910455,2017-12-31,2017-12-29,2026-05-15,96.07999999999996,96.07999999999996,3.88,61,61,3
2020-04-01,288.7013889432532,216.718324374648,2017-12-31,2017-12-29,2026-05-15,96.07999999999996,96.07999999999996,3.88,61,61,3
2020-04-02,284.7662225825003,221.71922471294536,2017-12-31,2017-12-29,2026-05-15,96.07999999999996,96.07999999999996,3.88,61,61,3
2020-04-03,278.7566310062604,218.51440349714383,2017-12-31,2017-12-29,2026-05-15,96.07999999999996,96.07999999999996,3.88,61,61,3
2020-04-06,302.2649812735674,233.19125867293965,2017-12-31,2017-12-29,2026-05-15,96.07999999999996,96.07999999999996,3.88,61,61,3
2020-04-07,309.4340353063666,233.42898629570175,2017-12-31,2017-12-29,2026-05-15,96.07999999999996,96.07999999999996,3.88,61,61,3
2020-04-08,325.7635944204125,241.26480290253744,2017-12-31,2017-12-29,2026-05-15,96.07999999999996,96.07999999999996,3.88,61,61,3
2020-04-09,339.36208324457095,244.93617176155976,2017-12-31,2017-12-29,2026-05-15,96.07999999999996,96.07999999999996,3.88,61,61,3
2020-04-13,330.4745983570225,242.6998846800734,2017-12-31,2017-12-29,2026-05-15,96.07999999999996,96.07999999999996,3.88,61,61,3
2020-04-14,336.89090528268497,249.8578614858264,2017-12-31,2017-12-29,2026-05-15,96.07999999999996,96.07999999999996,3.88,61,61,3
2020-04-15,327.6452737103785,244.54883473236967,2017-12-31,2017-12-29,2026-05-15,96.07999999999996,96.07999999999996,3.88,61,61,3
2020-04-16,328.7297539220773,245.72856524387677,2017-12-31,2017-12-29,2026-05-15,96.07999999999996,96.07999999999996,3.88,61,61,3
2020-04-17,343.04757028878936,252.36702769593853,2017-12-31,2017-12-29,2026-05-15,96.07999999999996,96.07999999999996,3.88,61,61,3
2020-04-20,336.98301196670263,247.92088899786603,2017-12-31,2017-12-29,2026-05-15,96.07999999999996,96.07999999999996,3.88,61,61,3
2020-04-21,333.32562782407655,240.39319880618976,2017-12-31,2017-12-29,2026-05-15,96.07999999999996,96.07999999999996,3.88,61,61,3
2020-04-22,339.83443866391497,245.72856524387677,2017-12-31,2017-12-29,2026-05-15,96.07999999999996,96.07999999999996,3.88,61,61,3
2020-04-23,339.5565655890705,245.71103738127985,2017-12-31,2017-12-29,2026-05-15,96.07999999999996,96.07999999999996,3.88,61,61,3
2020-04-24,343.0198717349135,249.1358667959067,2017-12-31,2017-12-29,2026-05-15,96.07999999999996,96.07999999999996,3.88,61,61,3
2020-04-27,355.5182616905444,252.72802504089836,2017-12-31,2017-12-29,2026-05-15,96.07999999999996,96.07999999999996,3.88,61,61,3
2020-04-28,361.2398822262232,251.5658223919882,2017-12-31,2017-12-29,2026-05-15,96.07999999999996,96.07999999999996,3.88,61,61,3
2020-04-29,376.57185160070514,258.1515096949194,2017-12-31,2017-12-29,2026-05-15,96.07999999999996,96.07999999999996,3.88,61,61,3
2020-04-30,367.6620257113772,255.74789378306826,2017-12-31,2017-12-29,2026-05-15,96.07999999999996,96.07999999999996,3.88,61,61,3
2020-05-01,357.00121495466976,248.97744556784528,2017-12-31,2017-12-29,2026-05-15,96.07999999999996,96.07999999999996,3.88,61,61,3
2020-05-04,355.9413304481286,249.66409719056145,2017-12-31,2017-12-29,2026-05-15,96.07999999999996,96.07999999999996,3.88,61,61,3
2020-05-05,353.3088398414478,251.97087884511498,2017-12-31,2017-12-29,2026-05-15,96.07999999999996,96.07999999999996,3.88,61,61,3
2020-05-06,352.92202609676076,250.2628221582833,2017-12-31,2017-12-29,2026-05-15,96.07999999999996,96.07999999999996,3.88,61,61,3
2020-05-07,357.7509714093929,253.28269090045322,2017-12-31,2017-12-29,2026-05-15,96.07999999999996,96.07999999999996,3.88,61,61,3
2020-05-08,370.27111638205054,257.4735741131668,2017-12-31,2017-12-29,2026-05-15,96.07999999999996,96.07999999999996,3.88,61,61,3
2020-05-11,364.7991579289018,257.52634926229734,2017-12-31,2017-12-29,2026-05-15,96.07999999999996,96.07999999999996,3.88,61,61,3
2020-05-12,354.2502345681111,252.3934631608388,2017-12-31,2017-12-29,2026-05-15,96.07999999999996,96.07999999999996,3.88,61,61,3
2020-05-13,342.46961133449304,247.92970081949943,2017-12-31,2017-12-29,2026-05-15,96.07999999999996,96.07999999999996,3.88,61,61,3
2020-05-14,347.6632607040098,250.89669863186893,2017-12-31,2017-12-29,2026-05-15,96.07999999999996,96.07999999999996,3.88,61,61,3
2020-05-15,352.8531611168503,252.0500894591457,2017-12-31,2017-12-29,2026-05-15,96.07999999999996,96.07999999999996,3.88,61,61,3
2020-05-18,366.5316264492713,259.7274848379199,2017-12-31,2017-12-29,2026-05-15,96.07999999999996,96.07999999999996,3.88,61,61,3
2020-05-19,363.8334053071162,257.05980161907644,2017-12-31,2017-12-29,2026-05-15,96.07999999999996,96.07999999999996,3.88,61,61,3
2020-05-20,371.1800725935628,261.42672970311827,2017-12-31,2017-12-29,2026-05-15,96.07999999999996,96.07999999999996,3.88,61,61,3
2020-05-21,372.686643499743,259.62183875898904,2017-12-31,2017-12-29,2026-05-15,96.07999999999996,96.07999999999996,3.88,61,61,3
2020-05-22,372.80542641502785,260.11482186711004,2017-12-31,2017-12-29,2026-05-15,96.07999999999996,96.07999999999996,3.88,61,61,3
2020-05-26,376.6261064606158,263.31964308291157,2017-12-31,2017-12-29,2026-05-15,96.07999999999996,96.07999999999996,3.88,61,61,3
2020-05-27,387.3703282812325,267.2375513863294,2017-12-31,2017-12-29,2026-05-15,96.07999999999996,96.07999999999996,3.88,61,61,3
2020-05-28,381.2670588248734,266.7444724975384,2017-12-31,2017-12-29,2026-05-15,96.07999999999996,96.07999999999996,3.88,61,61,3
2020-05-29,381.5982525697807,267.9331106113489,2017-12-31,2017-12-29,2026-05-15,96.07999999999996,96.07999999999996,3.88,61,61,3
2020-06-01,386.4772404329477,269.0160068655584,2017-12-31,2017-12-29,2026-05-15,96.07999999999996,96.07999999999996,3.88,61,61,3
2020-06-02,391.6194569047279,271.2434821254114,2017-12-31,2017-12-29,2026-05-15,96.07999999999996,96.07999999999996,3.88,61,61,3
2020-06-03,402.2592867436018,274.85326401366984,2017-12-31,2017-12-29,2026-05-15,96.07999999999996,96.07999999999996,3.88,61,61,3
2020-06-04,407.723997029849,274.1313651044201,2017-12-31,2017-12-29,2026-05-15,96.07999999999996,96.07999999999996,3.88,61,61,3
2020-06-05,417.40693789097526,281.15716458567204,2017-12-31,2017-12-29,2026-05-15,96.07999999999996,96.07999999999996,3.88,61,61,3
2020-06-08,425.81474902174637,284.55565431606857,2017-12-31,2017-12-29,2026-05-15,96.07999999999996,96.07999999999996,3.88,61,61,3
2020-06-09,414.22001717073715,282.43382513514655,2017-12-31,2017-12-29,2026-05-15,96.07999999999996,96.07999999999996,3.88,61,61,3
2020-06-10,403.2503107934599,280.85784999214604,2017-12-31,2017-12-29,2026-05-15,96.07999999999996,96.07999999999996,3.88,61,61,3
2020-06-11,380.8736262573188,264.66670242478347,2017-12-31,2017-12-29,2026-05-15,96.07999999999996,96.07999999999996,3.88,61,61,3
2020-06-12,387.7581671036417,267.83627635405134,2017-12-31,2017-12-29,2026-05-15,96.07999999999996,96.07999999999996,3.88,61,61,3
2020-06-15,391.744776132585,270.33672652320007,2017-12-31,2017-12-29,2026-05-15,96.07999999999996,96.07999999999996,3.88,61,61,3
2020-06-16,394.82506124483496,275.54001141705584,2017-12-31,2017-12-29,2026-05-15,96.07999999999996,96.07999999999996,3.88,61,61,3
2020-06-17,391.3671734145242,274.39543241141246,2017-12-31,2017-12-29,2026-05-15,96.07999999999996,96.07999999999996,3.88,61,61,3
2020-06-18,390.51243563422105,274.5010784903434,2017-12-31,2017-12-29,2026-05-15,96.07999999999996,96.07999999999996,3.88,61,61,3
2020-06-19,387.08947168571797,272.9325742395973,2017-12-31,2017-12-29,2026-05-15,96.07999999999996,96.07999999999996,3.88,61,61,3
2020-06-22,386.8178873141589,274.6835406665569,2017-12-31,2017-12-29,2026-05-15,96.07999999999996,96.07999999999996,3.88,61,61,3
2020-06-23,390.87210849752785,275.94803707095053,2017-12-31,2017-12-29,2026-05-15,96.07999999999996,96.07999999999996,3.88,61,61,3
2020-06-24,379.21184317575234,268.9090198572485,2017-12-31,2017-12-29,2026-05-15,96.07999999999996,96.07999999999996,3.88,61,61,3
2020-06-25,380.9052166124748,271.791826460751,2017-12-31,2017-12-29,2026-05-15,96.07999999999996,96.07999999999996,3.88,61,61,3
2020-06-26,372.20954342592296,265.3364008689222,2017-12-31,2017-12-29,2026-05-15,96.07999999999996,96.07999999999996,3.88,61,61,3
2020-06-29,381.5314990490403,269.2362066257237,2017-12-31,2017-12-29,2026-05-15,96.07999999999996,96.07999999999996,3.88,61,61,3
2020-06-30,383.30780680425295,272.68498120783255,2017-12-31,2017-12-29,2026-05-15,96.07999999999996,96.07999999999996,3.88,61,61,3
2020-07-01,384.89226341109674,274.5950393275431,2017-12-31,2017-12-29,2026-05-15,96.07999999999996,96.07999999999996,3.88,61,61,3
2020-07-02,384.9121011308883,276.1072245443714,2017-12-31,2017-12-29,2026-05-15,96.07999999999996,96.07999999999996,3.88,61,61,3
2020-07-06,390.5225272211615,280.3695601368514,2017-12-31,2017-12-29,2026-05-15,96.07999999999996,96.07999999999996,3.88,61,61,3
2020-07-07,382.1219369223854,277.4779417117155,2017-12-31,2017-12-29,2026-05-15,96.07999999999996,96.07999999999996,3.88,61,61,3
2020-07-08,385.54021629197143,279.60024979598717,2017-12-31,2017-12-29,2026-05-15,96.07999999999996,96.07999999999996,3.88,61,61,3
2020-07-09,378.2202687288203,278.00847084244845,2017-12-31,2017-12-29,2026-05-15,96.07999999999996,96.07999999999996,3.88,61,61,3
2020-07-10,382.2979763926938,280.84712255711406,2017-12-31,2017-12-29,2026-05-15,96.07999999999996,96.07999999999996,3.88,61,61,3
2020-07-13,377.23190423833194,278.415251347634,2017-12-31,2017-12-29,2026-05-15,96.07999999999996,96.07999999999996,3.88,61,61,3
2020-07-14,380.16312384968006,282.0232134031639,2017-12-31,2017-12-29,2026-05-15,96.07999999999996,96.07999999999996,3.88,61,61,3
2020-07-15,396.7415785877097,284.6142720860647,2017-12-31,2017-12-29,2026-05-15,96.07999999999996,96.07999999999996,3.88,61,61,3
2020-07-16,394.9009431095068,283.6768666694763,2017-12-31,2017-12-29,2026-05-15,96.07999999999996,96.07999999999996,3.88,61,61,3
2020-07-17,394.7004755704872,284.4993352821507,2017-12-31,2017-12-29,2026-05-15,96.07999999999996,96.07999999999996,3.88,61,61,3
2020-07-20,391.5218253733515,286.79855026378,2017-12-31,2017-12-29,2026-05-15,96.07999999999996,96.07999999999996,3.88,61,61,3
2020-07-21,395.23215020238376,287.40867313122334,2017-12-31,2017-12-29,2026-05-15,96.07999999999996,96.07999999999996,3.88,61,61,3
2020-07-22,398.84196081740396,289.04460697359906,2017-12-31,2017-12-29,2026-05-15,96.07999999999996,96.07999999999996,3.88,61,61,3
2020-07-23,396.8531226572397,285.5958323914901,2017-12-31,2017-12-29,2026-05-15,96.07999999999996,96.07999999999996,3.88,61,61,3
2020-07-24,395.9434198564066,283.7564604061867,2017-12-31,2017-12-29,2026-05-15,96.07999999999996,96.07999999999996,3.88,61,61,3
2020-07-27,395.854796154726,285.82580177998796,2017-12-31,2017-12-29,2026-05-15,96.07999999999996,96.07999999999996,3.88,61,61,3
2020-07-28,392.51668846677,284.0129610402547,2017-12-31,2017-12-29,2026-05-15,96.07999999999996,96.07999999999996,3.88,61,61,3
2020-07-29,407.0657753349217,287.5059862918705,2017-12-31,2017-12-29,2026-05-15,96.07999999999996,96.07999999999996,3.88,61,61,3
2020-07-30,406.9133442722565,286.48017531693824,2017-12-31,2017-12-29,2026-05-15,96.07999999999996,96.07999999999996,3.88,61,61,3
2020-07-31,403.72805944150065,288.74395145069406,2017-12-31,2017-12-29,2026-05-15,96.07999999999996,96.07999999999996,3.88,61,61,3
2020-08-03,404.40548451301925,290.75132273105174,2017-12-31,2017-12-29,2026-05-15,96.07999999999996,96.07999999999996,3.88,61,61,3
2020-08-04,411.04570798931104,291.87444686663116,2017-12-31,2017-12-29,2026-05-15,96.07999999999996,96.07999999999996,3.88,61,61,3
2020-08-05,412.9931646730683,293.68728760636446,2017-12-31,2017-12-29,2026-05-15,96.07999999999996,96.07999999999996,3.88,61,61,3
2020-08-06,417.24717704546583,295.6504082172153,2017-12-31,2017-12-29,2026-05-15,96.07999999999996,96.07999999999996,3.88,61,61,3
2020-08-07,419.6713686989834,295.86265818177645,2017-12-31,2017-12-29,2026-05-15,96.07999999999996,96.07999999999996,3.88,61,61,3
2020-08-10,423.36576121233975,296.74700110722455,2017-12-31,2017-12-29,2026-05-15,96.07999999999996,96.07999999999996,3.88,61,61,3
2020-08-11,425.03449288493056,294.2974104738078,2017-12-31,2017-12-29,2026-05-15,96.07999999999996,96.07999999999996,3.88,61,61,3
2020-08-12,425.82741694166003,298.40065437353695,2017-12-31,2017-12-29,2026-05-15,96.07999999999996,96.07999999999996,3.88,61,61,3
2020-08-13,428.254710196297,297.8612176405007,2017-12-31,2017-12-29,2026-05-15,96.07999999999996,96.07999999999996,3.88,61,61,3
2020-08-14,428.9883224181742,297.8700294621341,2017-12-31,2017-12-29,2026-05-15,96.07999999999996,96.07999999999996,3.88,61,61,3
2020-08-17,428.9357068912127,298.8162467003559,2017-12-31,2017-12-29,2026-05-15,96.07999999999996,96.07999999999996,3.88,61,61,3
2020-08-18,429.3875234107506,299.4618084156728,2017-12-31,2017-12-29,2026-05-15,96.07999999999996,96.07999999999996,3.88,61,61,3
2020-08-19,428.17630108394394,298.21493565454597,2017-12-31,2017-12-29,2026-05-15,96.07999999999996,96.07999999999996,3.88,61,61,3
2020-08-20,430.99002105600147,299.14343346883106,2017-12-31,2017-12-29,2026-05-15,96.07999999999996,96.07999999999996,3.88,61,61,3
2020-08-21,432.66877602322813,300.2045875109669,2017-12-31,2017-12-29,2026-05-15,96.07999999999996,96.07999999999996,3.88,61,61,3
2020-08-24,436.5358866330882,303.24658158789026,2017-12-31,2017-12-29,2026-05-15,96.07999999999996,96.07999999999996,3.88,61,61,3
2020-08-25,436.8390404077533,304.307831410696,2017-12-31,2017-12-29,2026-05-15,96.07999999999996,96.07999999999996,3.88,61,61,3
2020-08-26,433.3893929260989,307.3586373092528,2017-12-31,2017-12-29,2026-05-15,96.07999999999996,96.07999999999996,3.88,61,61,3
2020-08-27,438.617452824789,308.0307302701398,2017-12-31,2017-12-29,2026-05-15,96.07999999999996,96.07999999999996,3.88,61,61,3
2020-08-28,446.10434390894005,310.0203821265608,2017-12-31,2017-12-29,2026-05-15,96.07999999999996,96.07999999999996,3.88,61,61,3
2020-08-31,437.77843752530026,308.89735377165124,2017-12-31,2017-12-29,2026-05-15,96.07999999999996,96.07999999999996,3.88,61,61,3
2020-09-01,443.087833860026,311.8066916207239,2017-12-31,2017-12-29,2026-05-15,96.07999999999996,96.07999999999996,3.88,61,61,3
2020-09-02,446.6350070871854,316.3167160256386,2017-12-31,2017-12-29,2026-05-15,96.07999999999996,96.07999999999996,3.88,61,61,3
2020-09-03,436.6199065840471,305.43085976560553,2017-12-31,2017-12-29,2026-05-15,96.07999999999996,96.07999999999996,3.88,61,61,3
2020-09-04,432.703219730108,302.9371142433519,2017-12-31,2017-12-29,2026-05-15,96.07999999999996,96.07999999999996,3.88,61,61,3
2020-09-08,426.4398651504978,294.66003609015644,2017-12-31,2017-12-29,2026-05-15,96.07999999999996,96.07999999999996,3.88,61,61,3
2020-09-09,428.64971671628626,300.4787117883017,2017-12-31,2017-12-29,2026-05-15,96.07999999999996,96.07999999999996,3.88,61,61,3
2020-09-10,428.13246563258417,295.2613471359664,2017-12-31,2017-12-29,2026-05-15,96.07999999999996,96.07999999999996,3.88,61,61,3
2020-09-11,423.46395012974557,295.41162700708395,2017-12-31,2017-12-29,2026-05-15,96.07999999999996,96.07999999999996,3.88,61,61,3
2020-09-14,430.1582109351935,299.3026209422519,2017-12-31,2017-12-29,2026-05-15,96.07999999999996,96.07999999999996,3.88,61,61,3
2020-09-15,430.35464223840034,300.81480615908026,2017-12-31,2017-12-29,2026-05-15,96.07999999999996,96.07999999999996,3.88,61,61,3
2020-09-16,428.56497385242335,299.6209958890937,2017-12-31,2017-12-29,2026-05-15,96.07999999999996,96.07999999999996,3.88,61,61,3
2020-09-17,424.9428501089857,296.98568653668593,2017-12-31,2017-12-29,2026-05-15,96.07999999999996,96.07999999999996,3.88,61,61,3
2020-09-18,419.944564659305,293.56679552359464,2017-12-31,2017-12-29,2026-05-15,96.07999999999996,96.07999999999996,3.88,61,61,3
2020-09-21,413.60880300775653,290.29952531099985,2017-12-31,2017-12-29,2026-05-15,96.07999999999996,96.07999999999996,3.88,61,61,3
2020-09-22,420.6174491689846,293.25608303034716,2017-12-31,2017-12-29,2026-05-15,96.07999999999996,96.07999999999996,3.88,61,61,3
2020-09-23,415.83838244889023,286.45517656208693,2017-12-31,2017-12-29,2026-05-15,96.07999999999996,96.07999999999996,3.88,61,61,3
2020-09-24,414.272752766416,287.21874006275556,2017-12-31,2017-12-29,2026-05-15,96.07999999999996,96.07999999999996,3.88,61,61,3
2020-09-25,417.65845448396516,291.86218694088035,2017-12-31,2017-12-29,2026-05-15,96.07999999999996,96.07999999999996,3.88,61,61,3
2020-09-28,418.8961550177276,296.7098382072924,2017-12-31,2017-12-29,2026-05-15,96.07999999999996,96.07999999999996,3.88,61,61,3
2020-09-29,414.17741802936143,295.0939225249317,2017-12-31,2017-12-29,2026-05-15,96.07999999999996,96.07999999999996,3.88,61,61,3
2020-09-30,414.01346409992254,297.3312631937873,2017-12-31,2017-12-29,2026-05-15,96.07999999999996,96.07999999999996,3.88,61,61,3
2020-10-01,425.64202330797644,299.24017194545866,2017-12-31,2017-12-29,2026-05-15,96.07999999999996,96.07999999999996,3.88,61,61,3
2020-10-02,423.79752847746875,296.399029933375,2017-12-31,2017-12-29,2026-05-15,96.07999999999996,96.07999999999996,3.88,61,61,3
2020-10-05,426.51470208552394,301.65508997636135,2017-12-31,2017-12-29,2026-05-15,96.07999999999996,96.07999999999996,3.88,61,61,3
2020-10-06,422.5962141910053,297.3667978223307,2017-12-31,2017-12-29,2026-05-15,96.07999999999996,96.07999999999996,3.88,61,61,3
2020-10-07,436.40205128711455,302.5429767865969,2017-12-31,2017-12-29,2026-05-15,96.07999999999996,96.07999999999996,3.88,61,61,3
2020-10-08,432.38530630632135,305.2242608605702,2017-12-31,2017-12-29,2026-05-15,96.07999999999996,96.07999999999996,3.88,61,61,3
2020-10-09,436.85488058250064,307.94998716539027,2017-12-31,2017-12-29,2026-05-15,96.07999999999996,96.07999999999996,3.88,61,61,3
2020-10-12,437.4097526418497,312.9041465367626,2017-12-31,2017-12-29,2026-05-15,96.07999999999996,96.07999999999996,3.88,61,61,3
2020-10-13,435.9136133020213,310.8621026538908,2017-12-31,2017-12-29,2026-05-15,96.07999999999996,96.07999999999996,3.88,61,61,3
2020-10-14,434.39328431503924,308.90884745204266,2017-12-31,2017-12-29,2026-05-15,96.07999999999996,96.07999999999996,3.88,61,61,3
2020-10-15,438.66881432564475,308.52706570170835,2017-12-31,2017-12-29,2026-05-15,96.07999999999996,96.07999999999996,3.88,61,61,3
2020-10-16,436.269415336196,308.3405807373579,2017-12-31,2017-12-29,2026-05-15,96.07999999999996,96.07999999999996,3.88,61,61,3
2020-10-19,439.0481145024867,303.65278740905626,2017-12-31,2017-12-29,2026-05-15,96.07999999999996,96.07999999999996,3.88,61,61,3
2020-10-20,439.63133299930934,304.869106136476,2017-12-31,2017-12-29,2026-05-15,96.07999999999996,96.07999999999996,3.88,61,61,3
2020-10-21,436.3847569373279,304.2920276001579,2017-12-31,2017-12-29,2026-05-15,96.07999999999996,96.07999999999996,3.88,61,61,3
2020-10-22,444.1874987069913,305.96119733499864,2017-12-31,2017-12-29,2026-05-15,96.07999999999996,96.07999999999996,3.88,61,61,3
2020-10-23,445.48154960842356,306.9999387003713,2017-12-31,2017-12-29,2026-05-15,96.07999999999996,96.07999999999996,3.88,61,61,3
2020-10-26,437.96735151927106,301.3266580591772,2017-12-31,2017-12-29,2026-05-15,96.07999999999996,96.07999999999996,3.88,61,61,3
2020-10-27,434.56019208666027,300.2878209131346,2017-12-31,2017-12-29,2026-05-15,96.07999999999996,96.07999999999996,3.88,61,61,3
2020-10-28,423.73755562577674,290.0243474462958,2017-12-31,2017-12-29,2026-05-15,96.07999999999996,96.07999999999996,3.88,61,61,3
2020-10-29,424.1366930168391,292.97199756333976,2017-12-31,2017-12-29,2026-05-15,96.07999999999996,96.07999999999996,3.88,61,61,3
2020-10-30,415.09798584615476,289.9177435606656,2017-12-31,2017-12-29,2026-05-15,96.07999999999996,96.07999999999996,3.88,61,61,3
2020-11-02,416.1416814521987,293.16729434932364,2017-12-31,2017-12-29,2026-05-15,96.07999999999996,96.07999999999996,3.88,61,61,3
2020-11-03,424.78961403176805,298.34347331358975,2017-12-31,2017-12-29,2026-05-15,96.07999999999996,96.07999999999996,3.88,61,61,3
2020-11-04,428.9423574799609,305.0111488699797,2017-12-31,2017-12-29,2026-05-15,96.07999999999996,96.07999999999996,3.88,61,61,3
2020-11-05,435.8195457416026,310.9597989372177,2017-12-31,2017-12-29,2026-05-15,96.07999999999996,96.07999999999996,3.88,61,61,3
2020-11-06,434.669408873165,310.8887296801309,2017-12-31,2017-12-29,2026-05-15,96.07999999999996,96.07999999999996,3.88,61,61,3
2020-11-09,451.76200044882114,314.79524008382725,2017-12-31,2017-12-29,2026-05-15,96.07999999999996,96.07999999999996,3.88,61,61,3
2020-11-10,449.2748905448006,314.3335772547728,2017-12-31,2017-12-29,2026-05-15,96.07999999999996,96.07999999999996,3.88,61,61,3
2020-11-11,451.27427733376635,316.6686142069552,2017-12-31,2017-12-29,2026-05-15,96.07999999999996,96.07999999999996,3.88,61,61,3
2020-11-12,445.9719262716343,313.5966407803443,2017-12-31,2017-12-29,2026-05-15,96.07999999999996,96.07999999999996,3.88,61,61,3
2020-11-13,450.87685044596265,317.938282767525,2017-12-31,2017-12-29,2026-05-15,96.07999999999996,96.07999999999996,3.88,61,61,3
2020-11-16,461.40845487234236,321.9069548260049,2017-12-31,2017-12-29,2026-05-15,96.07999999999996,96.07999999999996,3.88,61,61,3
2020-11-17,459.29211119159555,320.1756234363806,2017-12-31,2017-12-29,2026-05-15,96.07999999999996,96.07999999999996,3.88,61,61,3
2020-11-18,455.28376036013117,316.32236708516433,2017-12-31,2017-12-29,2026-05-15,96.07999999999996,96.07999999999996,3.88,61,61,3
2020-11-19,457.92738752087325,317.6541015198477,2017-12-31,2017-12-29,2026-05-15,96.07999999999996,96.07999999999996,3.88,61,61,3
2020-11-20,454.90919802279626,315.4789225057756,2017-12-31,2017-12-29,2026-05-15,96.07999999999996,96.07999999999996,3.88,61,61,3
2020-11-23,461.23093280930095,317.3700160528403,2017-12-31,2017-12-29,2026-05-15,96.07999999999996,96.07999999999996,3.88,61,61,3
2020-11-24,471.37904737386464,322.4840333623229,2017-12-31,2017-12-29,2026-05-15,96.07999999999996,96.07999999999996,3.88,61,61,3
2020-11-25,466.99552324969426,321.98683590472507,2017-12-31,2017-12-29,2026-05-15,96.07999999999996,96.07999999999996,3.88,61,61,3
2020-11-27,469.39552155154666,322.88353453659397,2017-12-31,2017-12-29,2026-05-15,96.07999999999996,96.07999999999996,3.88,61,61,3
2020-11-30,464.81043414238314,321.45410381858375,2017-12-31,2017-12-29,2026-05-15,96.07999999999996,96.07999999999996,3.88,61,61,3
2020-12-01,469.0337647987173,324.97002065031245,2017-12-31,2017-12-29,2026-05-15,96.07999999999996,96.07999999999996,3.88,61,61,3
2020-12-02,468.16218295156085,325.65360729159084,2017-12-31,2017-12-29,2026-05-15,96.07999999999996,96.07999999999996,3.88,61,61,3
2020-12-03,473.57745349077817,325.56481861056733,2017-12-31,2017-12-29,2026-05-15,96.07999999999996,96.07999999999996,3.88,61,61,3
2020-12-04,479.2173051169814,328.3704259941076,2017-12-31,2017-12-29,2026-05-15,96.07999999999996,96.07999999999996,3.88,61,61,3
2020-12-07,474.29594084861355,327.6956511744626,2017-12-31,2017-12-29,2026-05-15,96.07999999999996,96.07999999999996,3.88,61,61,3
2020-12-08,474.5609086418379,328.6546072417849,2017-12-31,2017-12-29,2026-05-15,96.07999999999996,96.07999999999996,3.88,61,61,3
2020-12-09,475.82108856042515,325.70695712474094,2017-12-31,2017-12-29,2026-05-15,96.07999999999996,96.07999999999996,3.88,61,61,3
2020-12-10,477.88657280621686,325.6003532391107,2017-12-31,2017-12-29,2026-05-15,96.07999999999996,96.07999999999996,3.88,61,61,3
2020-12-11,474.6067290407297,325.21857148877643,2017-12-31,2017-12-29,2026-05-15,96.07999999999996,96.07999999999996,3.88,61,61,3
2020-12-14,474.5046970916299,323.76251374452613,2017-12-31,2017-12-29,2026-05-15,96.07999999999996,96.07999999999996,3.88,61,61,3
2020-12-15,478.64119429380935,328.1395945795804,2017-12-31,2017-12-29,2026-05-15,96.07999999999996,96.07999999999996,3.88,61,61,3
2020-12-16,480.89705114945536,328.6546072417849,2017-12-31,2017-12-29,2026-05-15,96.07999999999996,96.07999999999996,3.88,61,61,3
2020-12-17,487.75269331338706,330.4924467363695,2017-12-31,2017-12-29,2026-05-15,96.07999999999996,96.07999999999996,3.88,61,61,3
2020-12-18,486.1598391323332,329.17278066609714,2017-12-31,2017-12-29,2026-05-15,96.07999999999996,96.07999999999996,3.88,61,61,3
2020-12-21,483.79204120249716,327.99582779401794,2017-12-31,2017-12-29,2026-05-15,96.07999999999996,96.07999999999996,3.88,61,61,3
2020-12-22,484.94533113522925,327.44298176719167,2017-12-31,2017-12-29,2026-05-15,96.07999999999996,96.07999999999996,3.88,61,61,3
2020-12-23,484.638979893884,327.7372199852115,2017-12-31,2017-12-29,2026-05-15,96.07999999999996,96.07999999999996,3.88,61,61,3
2020-12-24,485.7028439700087,329.01234804396717,2017-12-31,2017-12-29,2026-05-15,96.07999999999996,96.07999999999996,3.88,61,61,3
2020-12-28,485.9408496392626,331.8387398328819,2017-12-31,2017-12-29,2026-05-15,96.07999999999996,96.07999999999996,3.88,61,61,3
2020-12-29,481.45644401317423,331.20572538532565,2017-12-31,2017-12-29,2026-05-15,96.07999999999996,96.07999999999996,3.88,61,61,3
2020-12-30,482.15515375463,331.67830721075194,2017-12-31,2017-12-29,2026-05-15,96.07999999999996,96.07999999999996,3.88,61,61,3
2020-12-31,483.4540957088493,333.36347231747084,2017-12-31,2017-12-29,2026-05-15,96.07999999999996,96.07999999999996,3.88,61,61,3
2021-01-04,474.8345418866457,328.8250968342573,2017-12-31,2017-12-29,2026-05-15,96.07999999999996,96.07999999999996,3.88,61,61,3
2021-01-05,483.4411012540231,331.0898307747124,2017-12-31,2017-12-29,2026-05-15,96.07999999999996,96.07999999999996,3.88,61,61,3
2021-01-06,495.7345532282711,333.069234099451,2017-12-31,2017-12-29,2026-05-15,96.07999999999996,96.07999999999996,3.88,61,61,3
2021-01-07,499.33967945937906,338.0177424112975,2017-12-31,2017-12-29,2026-05-15,96.07999999999996,96.07999999999996,3.88,61,61,3
2021-01-08,500.31937163317673,339.94370012221617,2017-12-31,2017-12-29,2026-05-15,96.07999999999996,96.07999999999996,3.88,61,61,3
2021-01-11,498.9972242036391,337.6522433748511,2017-12-31,2017-12-29,2026-05-15,96.07999999999996,96.07999999999996,3.88,61,61,3
2021-01-12,506.34239741217954,337.7235041932778,2017-12-31,2017-12-29,2026-05-15,96.07999999999996,96.07999999999996,3.88,61,61,3
2021-01-13,502.7910210628513,338.633037434917,2017-12-31,2017-12-29,2026-05-15,96.07999999999996,96.07999999999996,3.88,61,61,3
2021-01-14,510.68752496570676,337.4471769605346,2017-12-31,2017-12-29,2026-05-15,96.07999999999996,96.07999999999996,3.88,61,61,3
2021-01-15,507.15228685431833,334.9862842080663,2017-12-31,2017-12-29,2026-05-15,96.07999999999996,96.07999999999996,3.88,61,61,3
2021-01-19,510.4429158301854,337.6165171849678,2017-12-31,2017-12-29,2026-05-15,96.07999999999996,96.07999999999996,3.88,61,61,3
2021-01-20,514.9831168524141,342.2886982640712,2017-12-31,2017-12-29,2026-05-15,96.07999999999996,96.07999999999996,3.88,61,61,3
2021-01-21,514.6880599961532,342.6007516866976,2017-12-31,2017-12-29,2026-05-15,96.07999999999996,96.07999999999996,3.88,61,61,3
2021-01-22,514.2717055977098,341.38816840540517,2017-12-31,2017-12-29,2026-05-15,96.07999999999996,96.07999999999996,3.88,61,61,3
2021-01-25,514.2419730921313,342.73455728258745,2017-12-31,2017-12-29,2026-05-15,96.07999999999996,96.07999999999996,3.88,61,61,3
2021-01-26,517.0206661061261,342.1995264603679,2017-12-31,2017-12-29,2026-05-15,96.07999999999996,96.07999999999996,3.88,61,61,3
2021-01-27,510.36659492244104,333.83605414289707,2017-12-31,2017-12-29,2026-05-15,96.07999999999996,96.07999999999996,3.88,61,61,3
2021-01-28,506.4157066787731,336.70707972399845,2017-12-31,2017-12-29,2026-05-15,96.07999999999996,96.07999999999996,3.88,61,61,3
2021-01-29,498.8440879548174,329.96632351645326,2017-12-31,2017-12-29,2026-05-15,96.07999999999996,96.07999999999996,3.88,61,61,3
2021-02-01,505.0356326437129,335.45877025282266,2017-12-31,2017-12-29,2026-05-15,96.07999999999996,96.07999999999996,3.88,61,61,3
2021-02-02,507.12520302180036,340.20230793102263,2017-12-31,2017-12-29,2026-05-15,96.07999999999996,96.07999999999996,3.88,61,61,3
2021-02-03,508.8204040685822,340.46982334213243,2017-12-31,2017-12-29,2026-05-15,96.07999999999996,96.07999999999996,3.88,61,61,3
2021-02-04,516.9865825314948,344.3394581879064,2017-12-31,2017-12-29,2026-05-15,96.07999999999996,96.07999999999996,3.88,61,61,3
2021-02-05,524.5215506755595,345.69475466739203,2017-12-31,2017-12-29,2026-05-15,96.07999999999996,96.07999999999996,3.88,61,61,3
2021-02-08,529.1770624099767,348.1912778290737,2017-12-31,2017-12-29,2026-05-15,96.07999999999996,96.07999999999996,3.88,61,61,3
2021-02-09,534.5360934218899,347.95948860784716,2017-12-31,2017-12-29,2026-05-15,96.07999999999996,96.07999999999996,3.88,61,61,3
2021-02-10,534.6524495844648,347.80786780735065,2017-12-31,2017-12-29,2026-05-15,96.07999999999996,96.07999999999996,3.88,61,61,3
2021-02-11,534.7107928620682,348.3696214364802,2017-12-31,2017-12-29,2026-05-15,96.07999999999996,96.07999999999996,3.88,61,61,3
2021-02-12,534.9089425748863,350.0905127330823,2017-12-31,2017-12-29,2026-05-15,96.07999999999996,96.07999999999996,3.88,61,61,3
2021-02-16,530.5096467861405,349.7873669127591,2017-12-31,2017-12-29,2026-05-15,96.07999999999996,96.07999999999996,3.88,61,61,3
2021-02-17,521.5180716745873,349.8675353334892,2017-12-31,2017-12-29,2026-05-15,96.07999999999996,96.07999999999996,3.88,61,61,3
2021-02-18,524.1719468016273,348.37852903878354,2017-12-31,2017-12-29,2026-05-15,96.07999999999996,96.07999999999996,3.88,61,61,3
2021-02-19,530.4532889182148,347.76332979583395,2017-12-31,2017-12-29,2026-05-15,96.07999999999996,96.07999999999996,3.88,61,61,3
2021-02-22,532.8428348433941,345.0884630267458,2017-12-31,2017-12-29,2026-05-15,96.07999999999996,96.07999999999996,3.88,61,61,3
2021-02-23,531.0969908349213,345.5075034576822,2017-12-31,2017-12-29,2026-05-15,96.07999999999996,96.07999999999996,3.88,61,61,3
2021-02-24,543.9090475372296,349.3147850873329,2017-12-31,2017-12-29,2026-05-15,96.07999999999996,96.07999999999996,3.88,61,61,3
2021-02-25,529.7722023717278,340.89777137537214,2017-12-31,2017-12-29,2026-05-15,96.07999999999996,96.07999999999996,3.88,61,61,3
2021-02-26,530.4515548886318,339.1412496695567,2017-12-31,2017-12-29,2026-05-15,96.07999999999996,96.07999999999996,3.88,61,61,3
2021-03-01,540.7767587886452,347.36210456950425,2017-12-31,2017-12-29,2026-05-15,96.07999999999996,96.07999999999996,3.88,61,61,3
2021-03-02,539.6424464332562,344.65151161053285,2017-12-31,2017-12-29,2026-05-15,96.07999999999996,96.07999999999996,3.88,61,61,3
2021-03-03,534.6649903698344,340.08641332040935,2017-12-31,2017-12-29,2026-05-15,96.07999999999996,96.07999999999996,3.88,61,61,3
2021-03-04,522.318205119916,335.877906464429,2017-12-31,2017-12-29,2026-05-15,96.07999999999996,96.07999999999996,3.88,61,61,3
2021-03-05,532.7085434918671,342.05690904284467,2017-12-31,2017-12-29,2026-05-15,96.07999999999996,96.07999999999996,3.88,61,61,3
2021-03-08,541.9009143779846,340.3538329508492,2017-12-31,2017-12-29,2026-05-15,96.07999999999996,96.07999999999996,3.88,61,61,3
2021-03-09,537.9665097635447,345.2132652396624,2017-12-31,2017-12-29,2026-05-15,96.07999999999996,96.07999999999996,3.88,61,61,3
2021-03-10,545.7167761054214,347.36210456950425,2017-12-31,2017-12-29,2026-05-15,96.07999999999996,96.07999999999996,3.88,61,61,3
2021-03-11,551.7573755740774,350.8840555834384,2017-12-31,2017-12-29,2026-05-15,96.07999999999996,96.07999999999996,3.88,61,61,3
2021-03-12,556.0786653648031,351.35663740886474,2017-12-31,2017-12-29,2026-05-15,96.07999999999996,96.07999999999996,3.88,61,61,3
2021-03-15,566.2458571713407,353.45193534421657,2017-12-31,2017-12-29,2026-05-15,96.07999999999996,96.07999999999996,3.88,61,61,3
2021-03-16,556.2149863835621,353.0061721063702,2017-12-31,2017-12-29,2026-05-15,96.07999999999996,96.07999999999996,3.88,61,61,3
2021-03-17,561.1007038239846,354.20984778535933,2017-12-31,2017-12-29,2026-05-15,96.07999999999996,96.07999999999996,3.88,61,61,3
2021-03-18,551.1839769564438,349.0561772785264,2017-12-31,2017-12-29,2026-05-15,96.07999999999996,96.07999999999996,3.88,61,61,3
2021-03-19,554.8942732920667,348.4101366598599,2017-12-31,2017-12-29,2026-05-15,96.07999999999996,96.07999999999996,3.88,61,61,3
2021-03-22,548.950361513681,351.1921819985978,2017-12-31,2017-12-29,2026-05-15,96.07999999999996,96.07999999999996,3.88,61,61,3
2021-03-23,535.8897145645025,348.4280476451365,2017-12-31,2017-12-29,2026-05-15,96.07999999999996,96.07999999999996,3.88,61,61,3
2021-03-24,528.6373990214792,346.6567757161521,2017-12-31,2017-12-29,2026-05-15,96.07999999999996,96.07999999999996,3.88,61,61,3
2021-03-25,539.7131234295707,348.6069659365626,2017-12-31,2017-12-29,2026-05-15,96.07999999999996,96.07999999999996,3.88,61,61,3
2021-03-26,546.8057404142085,354.2246937891983,2017-12-31,2017-12-29,2026-05-15,96.07999999999996,96.07999999999996,3.88,61,61,3
2021-03-29,537.4160810252406,354.0457754977722,2017-12-31,2017-12-29,2026-05-15,96.07999999999996,96.07999999999996,3.88,61,61,3
2021-03-30,543.2157823500193,353.1065502484551,2017-12-31,2017-12-29,2026-05-15,96.07999999999996,96.07999999999996,3.88,61,61,3
2021-03-31,543.0502672182532,354.5378007991939,2017-12-31,2017-12-29,2026-05-15,96.07999999999996,96.07999999999996,3.88,61,61,3
2021-04-01,550.643902895792,358.36653729890855,2017-12-31,2017-12-29,2026-05-15,96.07999999999996,96.07999999999996,3.88,61,61,3
2021-04-05,551.9286368478508,363.51015083539903,2017-12-31,2017-12-29,2026-05-15,96.07999999999996,96.07999999999996,3.88,61,61,3
2021-04-06,555.0588308690549,363.29550635408964,2017-12-31,2017-12-29,2026-05-15,96.07999999999996,96.07999999999996,3.88,61,61,3
2021-04-07,553.35904537275,363.715887714405,2017-12-31,2017-12-29,2026-05-15,96.07999999999996,96.07999999999996,3.88,61,61,3
2021-04-08,554.4618022890476,365.4424300705329,2017-12-31,2017-12-29,2026-05-15,96.07999999999996,96.07999999999996,3.88,61,61,3
2021-04-09,556.51083242594,368.09919429300464,2017-12-31,2017-12-29,2026-05-15,96.07999999999996,96.07999999999996,3.88,61,61,3
2021-04-12,555.3690995765598,368.2333830115741,2017-12-31,2017-12-29,2026-05-15,96.07999999999996,96.07999999999996,3.88,61,61,3
2021-04-13,552.763753331449,369.32480374540734,2017-12-31,2017-12-29,2026-05-15,96.07999999999996,96.07999999999996,3.88,61,61,3
2021-04-14,553.8664605153704,368.0634681031213,2017-12-31,2017-12-29,2026-05-15,96.07999999999996,96.07999999999996,3.88,61,61,3
2021-04-15,555.9862139790969,372.0173899384322,2017-12-31,2017-12-29,2026-05-15,96.07999999999996,96.07999999999996,3.88,61,61,3
2021-04-16,558.5371170856944,373.2608145954417,2017-12-31,2017-12-29,2026-05-15,96.07999999999996,96.07999999999996,3.88,61,61,3
2021-04-19,556.0565996661854,371.4269978889941,2017-12-31,2017-12-29,2026-05-15,96.07999999999996,96.07999999999996,3.88,61,61,3
2021-04-20,547.9784897282456,368.7074973277193,2017-12-31,2017-12-29,2026-05-15,96.07999999999996,96.07999999999996,3.88,61,61,3
2021-04-21,553.7110066209842,372.19630822985835,2017-12-31,2017-12-29,2026-05-15,96.07999999999996,96.07999999999996,3.88,61,61,3
2021-04-22,554.9001087339074,368.7969564734324,2017-12-31,2017-12-29,2026-05-15,96.07999999999996,96.07999999999996,3.88,61,61,3
2021-04-23,558.1274840545268,372.7956078815998,2017-12-31,2017-12-29,2026-05-15,96.07999999999996,96.07999999999996,3.88,61,61,3
2021-04-26,558.6550243931614,373.57392160543725,2017-12-31,2017-12-29,2026-05-15,96.07999999999996,96.07999999999996,3.88,61,61,3
2021-04-27,563.7506393990633,373.49337006202757,2017-12-31,2017-12-29,2026-05-15,96.07999999999996,96.07999999999996,3.88,61,61,3
2021-04-28,567.4956891747606,373.385999931038,2017-12-31,2017-12-29,2026-05-15,96.07999999999996,96.07999999999996,3.88,61,61,3
2021-04-29,579.1363400074716,375.7655748947371,2017-12-31,2017-12-29,2026-05-15,96.07999999999996,96.07999999999996,3.88,61,61,3
2021-04-30,577.9337111429918,373.29654078532485,2017-12-31,2017-12-29,2026-05-15,96.07999999999996,96.07999999999996,3.88,61,61,3
2021-05-03,580.6859002622095,374.10167309674233,2017-12-31,2017-12-29,2026-05-15,96.07999999999996,96.07999999999996,3.88,61,61,3
2021-05-04,578.5773817731977,371.7937420741496,2017-12-31,2017-12-29,2026-05-15,96.07999999999996,96.07999999999996,3.88,61,61,3
2021-05-05,574.6220586187754,371.9100198074426,2017-12-31,2017-12-29,2026-05-15,96.07999999999996,96.07999999999996,3.88,61,61,3
2021-05-06,571.6905126273533,374.8798910399099,2017-12-31,2017-12-29,2026-05-15,96.07999999999996,96.07999999999996,3.88,61,61,3
2021-05-07,573.1566677629266,377.60829920348795,2017-12-31,2017-12-29,2026-05-15,96.07999999999996,96.07999999999996,3.88,61,61,3
2021-05-10,567.8612400073628,373.8691176301564,2017-12-31,2017-12-29,2026-05-15,96.07999999999996,96.07999999999996,3.88,61,61,3
2021-05-11,562.6753885527575,370.5324064318636,2017-12-31,2017-12-29,2026-05-15,96.07999999999996,96.07999999999996,3.88,61,61,3
2021-05-12,544.4091652742181,362.660384731795,2017-12-31,2017-12-29,2026-05-15,96.07999999999996,96.07999999999996,3.88,61,61,3
2021-05-13,551.1298806544527,367.0167769421447,2017-12-31,2017-12-29,2026-05-15,96.07999999999996,96.07999999999996,3.88,61,61,3
2021-05-14,564.2935676551555,372.65251156072685,2017-12-31,2017-12-29,2026-05-15,96.07999999999996,96.07999999999996,3.88,61,61,3
2021-05-17,563.4306509838168,371.70428292843656,2017-12-31,2017-12-29,2026-05-15,96.07999999999996,96.07999999999996,3.88,61,61,3
2021-05-18,561.9031641605417,368.5017604487133,2017-12-31,2017-12-29,2026-05-15,96.07999999999996,96.07999999999996,3.88,61,61,3
2021-05-19,556.9638433216642,367.53562083114633,2017-12-31,2017-12-29,2026-05-15,96.07999999999996,96.07999999999996,3.88,61,61,3
2021-05-20,559.9409498040542,371.4895426664572,2017-12-31,2017-12-29,2026-05-15,96.07999999999996,96.07999999999996,3.88,61,61,3
2021-05-21,559.9300098307905,371.18543903943487,2017-12-31,2017-12-29,2026-05-15,96.07999999999996,96.07999999999996,3.88,61,61,3
2021-05-24,563.7597486806073,374.96935018562294,2017-12-31,2017-12-29,2026-05-15,96.07999999999996,96.07999999999996,3.88,61,61,3
2021-05-25,559.5315819323428,374.13749506729556,2017-12-31,2017-12-29,2026-05-15,96.07999999999996,96.07999999999996,3.88,61,61,3
2021-05-26,567.6471888948024,374.8798910399099,2017-12-31,2017-12-29,2026-05-15,96.07999999999996,96.07999999999996,3.88,61,61,3
2021-05-27,570.2930247735153,375.07672031661264,2017-12-31,2017-12-29,2026-05-15,96.07999999999996,96.07999999999996,3.88,61,61,3
2021-05-28,569.1392265468404,375.7476639094604,2017-12-31,2017-12-29,2026-05-15,96.07999999999996,96.07999999999996,3.88,61,61,3
2021-06-01,569.9340048378502,375.4166459141882,2017-12-31,2017-12-29,2026-05-15,96.07999999999996,96.07999999999996,3.88,61,61,3
2021-06-02,567.6781692263966,376.0070379636264,2017-12-31,2017-12-29,2026-05-15,96.07999999999996,96.07999999999996,3.88,61,61,3
2021-06-03,561.5051762850544,374.6116093834407,2017-12-31,2017-12-29,2026-05-15,96.07999999999996,96.07999999999996,3.88,61,61,3
2021-06-04,563.690628601269,378.0376839467766,2017-12-31,2017-12-29,2026-05-15,96.07999999999996,96.07999999999996,3.88,61,61,3
2021-06-07,571.6537228986522,377.67093976162107,2017-12-31,2017-12-29,2026-05-15,96.07999999999996,96.07999999999996,3.88,61,61,3
2021-06-08,588.3780632325918,377.7514913050308,2017-12-31,2017-12-29,2026-05-15,96.07999999999996,96.07999999999996,3.88,61,61,3
2021-06-09,579.0657982382453,377.1879178431726,2017-12-31,2017-12-29,2026-05-15,96.07999999999996,96.07999999999996,3.88,61,61,3
2021-06-10,575.1117397011978,378.94118300621045,2017-12-31,2017-12-29,2026-05-15,96.07999999999996,96.07999999999996,3.88,61,61,3
2021-06-11,580.1393573705772,379.5673970262018,2017-12-31,2017-12-29,2026-05-15,96.07999999999996,96.07999999999996,3.88,61,61,3
2021-06-14,575.9807028166013,380.41725891047577,2017-12-31,2017-12-29,2026-05-15,96.07999999999996,96.07999999999996,3.88,61,61,3
2021-06-15,572.2800364726704,379.719496730048,2017-12-31,2017-12-29,2026-05-15,96.07999999999996,96.07999999999996,3.88,61,61,3
2021-06-16,568.267170146902,377.59939160118466,2017-12-31,2017-12-29,2026-05-15,96.07999999999996,96.07999999999996,3.88,61,61,3
2021-06-17,559.3463884897627,377.4741104849184,2017-12-31,2017-12-29,2026-05-15,96.07999999999996,96.07999999999996,3.88,61,61,3
2021-06-18,551.3815325507418,372.3817396068395,2017-12-31,2017-12-29,2026-05-15,96.07999999999996,96.07999999999996,3.88,61,61,3
2021-06-21,559.8412481048607,377.7127959143798,2017-12-31,2017-12-29,2026-05-15,96.07999999999996,96.07999999999996,3.88,61,61,3
2021-06-22,560.7140379941393,379.73204399780855,2017-12-31,2017-12-29,2026-05-15,96.07999999999996,96.07999999999996,3.88,61,61,3
2021-06-23,563.4368603407165,379.27440395689104,2017-12-31,2017-12-29,2026-05-15,96.07999999999996,96.07999999999996,3.88,61,61,3
2021-06-24,568.8170920530415,381.5180661499619,2017-12-31,2017-12-29,2026-05-15,96.07999999999996,96.07999999999996,3.88,61,61,3
2021-06-25,565.7843229055289,382.8732668487777,2017-12-31,2017-12-29,2026-05-15,96.07999999999996,96.07999999999996,3.88,61,61,3
2021-06-28,560.4926947351258,383.64506748706003,2017-12-31,2017-12-29,2026-05-15,96.07999999999996,96.07999999999996,3.88,61,61,3
2021-06-29,559.1477708519108,383.8514748307556,2017-12-31,2017-12-29,2026-05-15,96.07999999999996,96.07999999999996,3.88,61,61,3
2021-06-30,560.685832625589,384.1746388110937,2017-12-31,2017-12-29,2026-05-15,96.07999999999996,96.07999999999996,3.88,61,61,3
2021-07-01,565.9978169993668,386.3016401481919,2017-12-31,2017-12-29,2026-05-15,96.07999999999996,96.07999999999996,3.88,61,61,3
2021-07-02,564.3680603831605,389.25436664074203,2017-12-31,2017-12-29,2026-05-15,96.07999999999996,96.07999999999996,3.88,61,61,3
2021-07-06,560.6846886130556,388.5453023412627,2017-12-31,2017-12-29,2026-05-15,96.07999999999996,96.07999999999996,3.88,61,61,3
2021-07-07,557.3982934773028,389.918509806025,2017-12-31,2017-12-29,2026-05-15,96.07999999999996,96.07999999999996,3.88,61,61,3
2021-07-08,551.5765040370977,386.7413692038328,2017-12-31,2017-12-29,2026-05-15,96.07999999999996,96.07999999999996,3.88,61,61,3
2021-07-09,562.488984412432,390.86980341975305,2017-12-31,2017-12-29,2026-05-15,96.07999999999996,96.07999999999996,3.88,61,61,3
2021-07-12,563.4595683552874,392.26982947209524,2017-12-31,2017-12-29,2026-05-15,96.07999999999996,96.07999999999996,3.88,61,61,3
2021-07-13,558.6581704806199,390.932635539226,2017-12-31,2017-12-29,2026-05-15,96.07999999999996,96.07999999999996,3.88,61,61,3
2021-07-14,554.0163507001324,391.51593981908945,2017-12-31,2017-12-29,2026-05-15,96.07999999999996,96.07999999999996,3.88,61,61,3
2021-07-15,550.9939676790228,390.17874588622027,2017-12-31,2017-12-29,2026-05-15,96.07999999999996,96.07999999999996,3.88,61,61,3
2021-07-16,546.47441388549,387.1183619206706,2017-12-31,2017-12-29,2026-05-15,96.07999999999996,96.07999999999996,3.88,61,61,3
2021-07-19,535.4416149072165,381.4014052939892,2017-12-31,2017-12-29,2026-05-15,96.07999999999996,96.07999999999996,3.88,61,61,3
2021-07-20,549.4781302012435,386.86703344277873,2017-12-31,2017-12-29,2026-05-15,96.07999999999996,96.07999999999996,3.88,61,61,3
2021-07-21,558.2392199236863,389.9992529107746,2017-12-31,2017-12-29,2026-05-15,96.07999999999996,96.07999999999996,3.88,61,61,3
2021-07-22,561.5000213388089,390.81597468325333,2017-12-31,2017-12-29,2026-05-15,96.07999999999996,96.07999999999996,3.88,61,61,3
2021-07-23,564.9052288042355,394.8366556455043,2017-12-31,2017-12-29,2026-05-15,96.07999999999996,96.07999999999996,3.88,61,61,3
2021-07-26,569.8189748396346,395.80595602517883,2017-12-31,2017-12-29,2026-05-15,96.07999999999996,96.07999999999996,3.88,61,61,3
2021-07-27,568.0316193401754,394.0020228877489,2017-12-31,2017-12-29,2026-05-15,96.07999999999996,96.07999999999996,3.88,61,61,3
2021-07-28,562.60068051202,393.84044089757987,2017-12-31,2017-12-29,2026-05-15,96.07999999999996,96.07999999999996,3.88,61,61,3
2021-07-29,570.483090669974,395.4738844425374,2017-12-31,2017-12-29,2026-05-15,96.07999999999996,96.07999999999996,3.88,61,61,3
2021-07-30,565.1675514536767,393.55329044913475,2017-12-31,2017-12-29,2026-05-15,96.07999999999996,96.07999999999996,3.88,61,61,3
2021-08-02,564.7524501146304,392.7275652936827,2017-12-31,2017-12-29,2026-05-15,96.07999999999996,96.07999999999996,3.88,61,61,3
2021-08-03,564.6317238108857,395.92261688115155,2017-12-31,2017-12-29,2026-05-15,96.07999999999996,96.07999999999996,3.88,61,61,3
2021-08-04,559.1519382942706,393.97510851949903,2017-12-31,2017-12-29,2026-05-15,96.07999999999996,96.07999999999996,3.88,61,61,3
2021-08-05,564.8061320805184,396.47009919046184,2017-12-31,2017-12-29,2026-05-15,96.07999999999996,96.07999999999996,3.88,61,61,3
2021-08-06,564.544551125448,397.12523897277146,2017-12-31,2017-12-29,2026-05-15,96.07999999999996,96.07999999999996,3.88,61,61,3
2021-08-09,559.0423589726818,396.8021707731033,2017-12-31,2017-12-29,2026-05-15,96.07999999999996,96.07999999999996,3.88,61,61,3
2021-08-10,564.5117461443447,397.29572856524385,2017-12-31,2017-12-29,2026-05-15,96.07999999999996,96.07999999999996,3.88,61,61,3
2021-08-11,567.8849492140663,398.2829399301951,2017-12-31,2017-12-29,2026-05-15,96.07999999999996,96.07999999999996,3.88,61,61,3
2021-08-12,569.6221546922891,399.4766544195117,2017-12-31,2017-12-29,2026-05-15,96.07999999999996,96.07999999999996,3.88,61,61,3
2021-08-13,568.4951381860263,400.2035339235977,2017-12-31,2017-12-29,2026-05-15,96.07999999999996,96.07999999999996,3.88,61,61,3
2021-08-16,566.7893388369695,401.14591993502245,2017-12-31,2017-12-29,2026-05-15,96.07999999999996,96.07999999999996,3.88,61,61,3
2021-08-17,559.5241266947763,398.5162616421405,2017-12-31,2017-12-29,2026-05-15,96.07999999999996,96.07999999999996,3.88,61,61,3
2021-08-18,557.6073253866824,394.1546014949447,2017-12-31,2017-12-29,2026-05-15,96.07999999999996,96.07999999999996,3.88,61,61,3
2021-08-19,553.127305093987,394.76482014305805,2017-12-31,2017-12-29,2026-05-15,96.07999999999996,96.07999999999996,3.88,61,61,3
2021-08-20,556.8721491279621,397.90604299402713,2017-12-31,2017-12-29,2026-05-15,96.07999999999996,96.07999999999996,3.88,61,61,3
2021-08-23,561.2110214536855,401.4061560152177,2017-12-31,2017-12-29,2026-05-15,96.07999999999996,96.07999999999996,3.88,61,61,3
2021-08-24,566.806752345408,402.0433848122508,2017-12-31,2017-12-29,2026-05-15,96.07999999999996,96.07999999999996,3.88,61,61,3
2021-08-25,569.9837394497969,402.8870209529794,2017-12-31,2017-12-29,2026-05-15,96.07999999999996,96.07999999999996,3.88,61,61,3
2021-08-26,566.5943459814958,400.5086911379894,2017-12-31,2017-12-29,2026-05-15,96.07999999999996,96.07999999999996,3.88,61,61,3
2021-08-27,574.9930230085765,404.08964304459937,2017-12-31,2017-12-29,2026-05-15,96.07999999999996,96.07999999999996,3.88,61,61,3
2021-08-30,570.8678007245737,405.8666618137794,2017-12-31,2017-12-29,2026-05-15,96.07999999999996,96.07999999999996,3.88,61,61,3
2021-08-31,571.8403560703929,405.2653507679695,2017-12-31,2017-12-29,2026-05-15,96.07999999999996,96.07999999999996,3.88,61,61,3
2021-09-01,574.2954855436179,405.4807614946382,2017-12-31,2017-12-29,2026-05-15,96.07999999999996,96.07999999999996,3.88,61,61,3
2021-09-02,574.7372035416653,406.7282089397846,2017-12-31,2017-12-29,2026-05-15,96.07999999999996,96.07999999999996,3.88,61,61,3
2021-09-03,570.8646544302167,406.62955484975845,2017-12-31,2017-12-29,2026-05-15,96.07999999999996,96.07999999999996,3.88,61,61,3
2021-09-07,568.7192424574376,405.17560428024666,2017-12-31,2017-12-29,2026-05-15,96.07999999999996,96.07999999999996,3.88,61,61,3
2021-09-08,565.9035727230074,404.68195070743604,2017-12-31,2017-12-29,2026-05-15,96.07999999999996,96.07999999999996,3.88,61,61,3
2021-09-09,567.7336366944654,402.9498530724523,2017-12-31,2017-12-29,2026-05-15,96.07999999999996,96.07999999999996,3.88,61,61,3
2021-09-10,563.678354291121,399.77280825093004,2017-12-31,2017-12-29,2026-05-15,96.07999999999996,96.07999999999996,3.88,61,61,3
2021-09-13,565.4289354167034,400.79593736710433,2017-12-31,2017-12-29,2026-05-15,96.07999999999996,96.07999999999996,3.88,61,61,3
2021-09-14,560.342363313078,398.6330182787831,2017-12-31,2017-12-29,2026-05-15,96.07999999999996,96.07999999999996,3.88,61,61,3
2021-09-15,563.3176058901838,401.9626417075012,2017-12-31,2017-12-29,2026-05-15,96.07999999999996,96.07999999999996,3.88,61,61,3
2021-09-16,569.2312390508592,401.32541291046806,2017-12-31,2017-12-29,2026-05-15,96.07999999999996,96.07999999999996,3.88,61,61,3
2021-09-17,567.380714959833,397.41622064801373,2017-12-31,2017-12-29,2026-05-15,96.07999999999996,96.07999999999996,3.88,61,61,3
2021-09-20,561.1197807039371,390.7895392183531,2017-12-31,2017-12-29,2026-05-15,96.07999999999996,96.07999999999996,3.88,61,61,3
2021-09-21,559.0143308907454,390.4204005164494,2017-12-31,2017-12-29,2026-05-15,96.07999999999996,96.07999999999996,3.88,61,61,3
2021-09-22,567.0481853380486,394.22892729480907,2017-12-31,2017-12-29,2026-05-15,96.07999999999996,96.07999999999996,3.88,61,61,3
2021-09-23,575.3325790472916,399.0188228172543,2017-12-31,2017-12-29,2026-05-15,96.07999999999996,96.07999999999996,3.88,61,61,3
2021-09-24,576.6478043188459,399.6760697743025,2017-12-31,2017-12-29,2026-05-15,96.07999999999996,96.07999999999996,3.88,61,61,3
2021-09-27,580.682430324488,398.5326401366982,2017-12-31,2017-12-29,2026-05-15,96.07999999999996,96.07999999999996,3.88,61,61,3
2021-09-28,570.5021953051037,390.50143096320875,2017-12-31,2017-12-29,2026-05-15,96.07999999999996,96.07999999999996,3.88,61,61,3
2021-09-29,567.452765732086,391.1587737009268,2017-12-31,2017-12-29,2026-05-15,96.07999999999996,96.07999999999996,3.88,61,61,3
2021-09-30,557.9821940857514,386.3778815614548,2017-12-31,2017-12-29,2026-05-15,96.07999999999996,96.07999999999996,3.88,61,61,3
2021-10-01,570.2489798891393,390.96960687781836,2017-12-31,2017-12-29,2026-05-15,96.07999999999996,96.07999999999996,3.88,61,61,3
2021-10-04,566.8989901846519,385.9277124127917,2017-12-31,2017-12-29,2026-05-15,96.07999999999996,96.07999999999996,3.88,61,61,3
2021-10-05,567.4914548161352,389.9432212188665,2017-12-31,2017-12-29,2026-05-15,96.07999999999996,96.07999999999996,3.88,61,61,3
2021-10-06,566.5955088832982,391.5639259347236,2017-12-31,2017-12-29,2026-05-15,96.07999999999996,96.07999999999996,3.88,61,61,3
2021-10-07,569.0002228401602,394.9491979326701,2017-12-31,2017-12-29,2026-05-15,96.07999999999996,96.07999999999996,3.88,61,61,3
2021-10-08,566.4580985323126,394.22892729480907,2017-12-31,2017-12-29,2026-05-15,96.07999999999996,96.07999999999996,3.88,61,61,3
2021-10-11,564.4565275330556,391.3748548922851,2017-12-31,2017-12-29,2026-05-15,96.07999999999996,96.07999999999996,3.88,61,61,3
2021-10-12,569.3182771521234,390.4113971334761,2017-12-31,2017-12-29,2026-05-15,96.07999999999996,96.07999999999996,3.88,61,61,3
2021-10-13,566.6907885117723,391.81602065797495,2017-12-31,2017-12-29,2026-05-15,96.07999999999996,96.07999999999996,3.88,61,61,3
2021-10-14,574.5256716527249,398.4065927750725,2017-12-31,2017-12-29,2026-05-15,96.07999999999996,96.07999999999996,3.88,61,61,3
2021-10-15,571.7866147308929,401.44073283706183,2017-12-31,2017-12-29,2026-05-15,96.07999999999996,96.07999999999996,3.88,61,61,3
2021-10-18,574.8836562000857,402.6292751702023,2017-12-31,2017-12-29,2026-05-15,96.07999999999996,96.07999999999996,3.88,61,61,3
2021-10-19,575.7852757991591,405.7354422959777,2017-12-31,2017-12-29,2026-05-15,96.07999999999996,96.07999999999996,3.88,61,61,3
2021-10-20,572.5666156994512,407.329041082245,2017-12-31,2017-12-29,2026-05-15,96.07999999999996,96.07999999999996,3.88,61,61,3
2021-10-21,576.2477846453444,408.3915360537598,2017-12-31,2017-12-29,2026-05-15,96.07999999999996,96.07999999999996,3.88,61,61,3
2021-10-22,576.2636710371548,407.9683770540165,2017-12-31,2017-12-29,2026-05-15,96.07999999999996,96.07999999999996,3.88,61,61,3
2021-10-25,578.8074545700252,410.15619911651913,2017-12-31,2017-12-29,2026-05-15,96.07999999999996,96.07999999999996,3.88,61,61,3
2021-10-26,573.1259454903667,410.5253378184229,2017-12-31,2017-12-29,2026-05-15,96.07999999999996,96.07999999999996,3.88,61,61,3
2021-10-27,567.835969807861,408.70665445782396,2017-12-31,2017-12-29,2026-05-15,96.07999999999996,96.07999999999996,3.88,61,61,3
2021-10-28,571.5496556461642,412.6501362001126,2017-12-31,2017-12-29,2026-05-15,96.07999999999996,96.07999999999996,3.88,61,61,3
2021-10-29,575.9671964406995,413.4875465972959,2017-12-31,2017-12-29,2026-05-15,96.07999999999996,96.07999999999996,3.88,61,61,3
2021-11-01,582.5546043333898,414.1988138521836,2017-12-31,2017-12-29,2026-05-15,96.07999999999996,96.07999999999996,3.88,61,61,3
2021-11-02,608.1744249034631,415.87344308521034,2017-12-31,2017-12-29,2026-05-15,96.07999999999996,96.07999999999996,3.88,61,61,3
2021-11-03,601.2432998827394,418.41239708367016,2017-12-31,2017-12-29,2026-05-15,96.07999999999996,96.07999999999996,3.88,61,61,3
2021-11-04,600.2002002938877,420.38423373548454,2017-12-31,2017-12-29,2026-05-15,96.07999999999996,96.07999999999996,3.88,61,61,3
2021-11-05,615.5435210090196,421.8427817771529,2017-12-31,2017-12-29,2026-05-15,96.07999999999996,96.07999999999996,3.88,61,61,3
2021-11-08,611.2929762101747,422.2029170960834,2017-12-31,2017-12-29,2026-05-15,96.07999999999996,96.07999999999996,3.88,61,61,3
2021-11-09,601.7816914265624,420.80739273522784,2017-12-31,2017-12-29,2026-05-15,96.07999999999996,96.07999999999996,3.88,61,61,3
2021-11-10,599.2923415037493,417.4220249566114,2017-12-31,2017-12-29,2026-05-15,96.07999999999996,96.07999999999996,3.88,61,61,3
2021-11-11,602.0722554201853,417.55707570121035,2017-12-31,2017-12-29,2026-05-15,96.07999999999996,96.07999999999996,3.88,61,61,3
2021-11-12,602.6518225346297,420.70835552252186,2017-12-31,2017-12-29,2026-05-15,96.07999999999996,96.07999999999996,3.88,61,61,3
2021-11-15,604.445486847126,420.85240965009405,2017-12-31,2017-12-29,2026-05-15,96.07999999999996,96.07999999999996,3.88,61,61,3
2021-11-16,605.3866922549737,422.5180355001475,2017-12-31,2017-12-29,2026-05-15,96.07999999999996,96.07999999999996,3.88,61,61,3
2021-11-17,603.2859322400783,421.4916498411957,2017-12-31,2017-12-29,2026-05-15,96.07999999999996,96.07999999999996,3.88,61,61,3
2021-11-18,603.2204622190554,422.9231877339443,2017-12-31,2017-12-29,2026-05-15,96.07999999999996,96.07999999999996,3.88,61,61,3
2021-11-19,601.7609157597551,422.1669035641903,2017-12-31,2017-12-29,2026-05-15,96.07999999999996,96.07999999999996,3.88,61,61,3
2021-11-22,603.86101128318,420.9784570117197,2017-12-31,2017-12-29,2026-05-15,96.07999999999996,96.07999999999996,3.88,61,61,3
2021-11-23,601.7065205405752,421.53666675606195,2017-12-31,2017-12-29,2026-05-15,96.07999999999996,96.07999999999996,3.88,61,61,3
2021-11-24,603.4362537539256,422.6620896277197,2017-12-31,2017-12-29,2026-05-15,96.07999999999996,96.07999999999996,3.88,61,61,3
2021-11-26,587.2030073578246,413.23535609337466,2017-12-31,2017-12-29,2026-05-15,96.07999999999996,96.07999999999996,3.88,61,61,3
2021-11-29,586.3864573054323,418.3043564879911,2017-12-31,2017-12-29,2026-05-15,96.07999999999996,96.07999999999996,3.88,61,61,3
2021-11-30,569.1531883820661,410.1652024994924,2017-12-31,2017-12-29,2026-05-15,96.07999999999996,96.07999999999996,3.88,61,61,3
2021-12-01,555.5652043222933,405.609394934352,2017-12-31,2017-12-29,2026-05-15,96.07999999999996,96.07999999999996,3.88,61,61,3
2021-12-02,571.9034040581151,411.82182496657254,2017-12-31,2017-12-29,2026-05-15,96.07999999999996,96.07999999999996,3.88,61,61,3
2021-12-03,565.9868290987499,408.23847854321434,2017-12-31,2017-12-29,2026-05-15,96.07999999999996,96.07999999999996,3.88,61,61,3
2021-12-06,581.4943628569846,413.0732951998559,2017-12-31,2017-12-29,2026-05-15,96.07999999999996,96.07999999999996,3.88,61,61,3
2021-12-07,585.7410012979212,421.6176972028213,2017-12-31,2017-12-29,2026-05-15,96.07999999999996,96.07999999999996,3.88,61,61,3
2021-12-08,590.500775695126,422.7341166915058,2017-12-31,2017-12-29,2026-05-15,96.07999999999996,96.07999999999996,3.88,61,61,3
2021-12-09,583.911238403328,419.88004428898176,2017-12-31,2017-12-29,2026-05-15,96.07999999999996,96.07999999999996,3.88,61,61,3
2021-12-10,581.6803296229323,423.8325294142437,2017-12-31,2017-12-29,2026-05-15,96.07999999999996,96.07999999999996,3.88,61,61,3
2021-12-13,572.8268203287182,420.0781187143935,2017-12-31,2017-12-29,2026-05-15,96.07999999999996,96.07999999999996,3.88,61,61,3
2021-12-14,569.8865093959816,417.1879369993066,2017-12-31,2017-12-29,2026-05-15,96.07999999999996,96.07999999999996,3.88,61,61,3
2021-12-15,569.3854322854229,423.7064820526181,2017-12-31,2017-12-29,2026-05-15,96.07999999999996,96.07999999999996,3.88,61,61,3
2021-12-16,560.6876481868048,419.9700781187144,2017-12-31,2017-12-29,2026-05-15,96.07999999999996,96.07999999999996,3.88,61,61,3
2021-12-17,564.4844492743381,415.5034423572773,2017-12-31,2017-12-29,2026-05-15,96.07999999999996,96.07999999999996,3.88,61,61,3
2021-12-20,559.1616029419921,411.0851758341539,2017-12-31,2017-12-29,2026-05-15,96.07999999999996,96.07999999999996,3.88,61,61,3
2021-12-21,574.8038532254367,418.38567427676014,2017-12-31,2017-12-29,2026-05-15,96.07999999999996,96.07999999999996,3.88,61,61,3
2021-12-22,576.9556201658328,422.5689908165494,2017-12-31,2017-12-29,2026-05-15,96.07999999999996,96.07999999999996,3.88,61,61,3
2021-12-23,582.6507485054816,425.1982659867516,2017-12-31,2017-12-29,2026-05-15,96.07999999999996,96.07999999999996,3.88,61,61,3
2021-12-27,586.2303380754597,431.2156865749982,2017-12-31,2017-12-29,2026-05-15,96.07999999999996,96.07999999999996,3.88,61,61,3
2021-12-28,582.3288676701745,430.8633094903319,2017-12-31,2017-12-29,2026-05-15,96.07999999999996,96.07999999999996,3.88,61,61,3
2021-12-29,582.6143249040158,431.4144314650995,2017-12-31,2017-12-29,2026-05-15,96.07999999999996,96.07999999999996,3.88,61,61,3
2021-12-30,582.1375130952276,430.2217705631521,2017-12-31,2017-12-29,2026-05-15,96.07999999999996,96.07999999999996,3.88,61,61,3
2021-12-31,581.446078352572,429.1376291602334,2017-12-31,2017-12-29,2026-05-15,96.07999999999996,96.07999999999996,3.88,61,61,3
2022-01-03,582.5517391118813,431.62227551884394,2017-12-31,2017-12-29,2026-05-15,96.07999999999996,96.07999999999996,3.88,61,61,3
2022-01-04,583.6865210537169,431.4777424879221,2017-12-31,2017-12-29,2026-05-15,96.07999999999996,96.07999999999996,3.88,61,61,3
2022-01-05,572.7860953699063,423.19242719711286,2017-12-31,2017-12-29,2026-05-15,96.07999999999996,96.07999999999996,3.88,61,61,3
2022-01-06,576.5267341559749,422.7948416362404,2017-12-31,2017-12-29,2026-05-15,96.07999999999996,96.07999999999996,3.88,61,61,3
2022-01-07,570.9412766498334,421.12337316532125,2017-12-31,2017-12-29,2026-05-15,96.07999999999996,96.07999999999996,3.88,61,61,3
2022-01-10,568.9817354338576,420.5992613394735,2017-12-31,2017-12-29,2026-05-15,96.07999999999996,96.07999999999996,3.88,61,61,3
2022-01-11,570.8041118939226,424.4302007945965,2017-12-31,2017-12-29,2026-05-15,96.07999999999996,96.07999999999996,3.88,61,61,3
2022-01-12,567.3427837437837,425.57774900100765,2017-12-31,2017-12-29,2026-05-15,96.07999999999996,96.07999999999996,3.88,61,61,3
2022-01-13,565.4861758919275,419.7138648266562,2017-12-31,2017-12-29,2026-05-15,96.07999999999996,96.07999999999996,3.88,61,61,3
2022-01-14,560.0939717923696,419.88550378716775,2017-12-31,2017-12-29,2026-05-15,96.07999999999996,96.07999999999996,3.88,61,61,3
2022-01-18,547.8255505325092,412.4494756966128,2017-12-31,2017-12-29,2026-05-15,96.07999999999996,96.07999999999996,3.88,61,61,3
2022-01-19,543.8649689727274,408.166834602108,2017-12-31,2017-12-29,2026-05-15,96.07999999999996,96.07999999999996,3.88,61,61,3
2022-01-20,535.6033058963931,403.64914774359903,2017-12-31,2017-12-29,2026-05-15,96.07999999999996,96.07999999999996,3.88,61,61,3
2022-01-21,529.1382029966086,395.7253087010992,2017-12-31,2017-12-29,2026-05-15,96.07999999999996,96.07999999999996,3.88,61,61,3
2022-01-24,541.3545804768078,397.40587633566145,2017-12-31,2017-12-29,2026-05-15,96.07999999999996,96.07999999999996,3.88,61,61,3
2022-01-25,537.1956475443494,392.5539149391027,2017-12-31,2017-12-29,2026-05-15,96.07999999999996,96.07999999999996,3.88,61,61,3
2022-01-26,531.495605724046,391.5690980908997,2017-12-31,2017-12-29,2026-05-15,96.07999999999996,96.07999999999996,3.88,61,61,3
2022-01-27,520.6975498825614,389.6355737070567,2017-12-31,2017-12-29,2026-05-15,96.07999999999996,96.07999999999996,3.88,61,61,3
2022-01-28,531.3004114193917,399.31229478991474,2017-12-31,2017-12-29,2026-05-15,96.07999999999996,96.07999999999996,3.88,61,61,3
2022-01-31,540.6732970429148,406.5043695141622,2017-12-31,2017-12-29,2026-05-15,96.07999999999996,96.07999999999996,3.88,61,61,3
2022-02-01,546.2620514216521,409.2510717856966,2017-12-31,2017-12-29,2026-05-15,96.07999999999996,96.07999999999996,3.88,61,61,3
2022-02-02,543.590757783694,413.2265442717413,2017-12-31,2017-12-29,2026-05-15,96.07999999999996,96.07999999999996,3.88,61,61,3
2022-02-03,537.0396277102694,403.51361809565043,2017-12-31,2017-12-29,2026-05-15,96.07999999999996,96.07999999999996,3.88,61,61,3
2022-02-04,540.3465985162541,405.4110331669304,2017-12-31,2017-12-29,2026-05-15,96.07999999999996,96.07999999999996,3.88,61,61,3
2022-02-07,544.7142934328776,404.10994854662414,2017-12-31,2017-12-29,2026-05-15,96.07999999999996,96.07999999999996,3.88,61,61,3
2022-02-08,552.779494022928,407.43497450318574,2017-12-31,2017-12-29,2026-05-15,96.07999999999996,96.07999999999996,3.88,61,61,3
2022-02-09,562.0152148585352,413.3981832322528,2017-12-31,2017-12-29,2026-05-15,96.07999999999996,96.07999999999996,3.88,61,61,3
2022-02-10,555.2033914604589,405.9712543053411,2017-12-31,2017-12-29,2026-05-15,96.07999999999996,96.07999999999996,3.88,61,61,3
2022-02-11,549.0656367111812,397.9660016934023,2017-12-31,2017-12-29,2026-05-15,96.07999999999996,96.07999999999996,3.88,61,61,3
2022-02-14,552.9895360149026,396.664917073096,2017-12-31,2017-12-29,2026-05-15,96.07999999999996,96.07999999999996,3.88,61,61,3
2022-02-15,558.1943579400732,403.0619164562685,2017-12-31,2017-12-29,2026-05-15,96.07999999999996,96.07999999999996,3.88,61,61,3
2022-02-16,559.0208259961811,403.51361809565043,2017-12-31,2017-12-29,2026-05-15,96.07999999999996,96.07999999999996,3.88,61,61,3
2022-02-17,547.0890359760665,394.89402826679134,2017-12-31,2017-12-29,2026-05-15,96.07999999999996,96.07999999999996,3.88,61,61,3
2022-02-18,545.0695358409342,392.33706750238497,2017-12-31,2017-12-29,2026-05-15,96.07999999999996,96.07999999999996,3.88,61,61,3
2022-02-22,534.2541921428717,388.12664503300607,2017-12-31,2017-12-29,2026-05-15,96.07999999999996,96.07999999999996,3.88,61,61,3
2022-02-23,523.6968308033066,381.24183469788863,2017-12-31,2017-12-29,2026-05-15,96.07999999999996,96.07999999999996,3.88,61,61,3
2022-02-24,527.7025990973563,386.9791926072648,2017-12-31,2017-12-29,2026-05-15,96.07999999999996,96.07999999999996,3.88,61,61,3
2022-02-25,538.3115038790278,395.51746464735476,2017-12-31,2017-12-29,2026-05-15,96.07999999999996,96.07999999999996,3.88,61,61,3
2022-02-28,538.398590522722,394.5055418695621,2017-12-31,2017-12-29,2026-05-15,96.07999999999996,96.07999999999996,3.88,61,61,3
2022-03-01,528.5843091473456,388.4971246642888,2017-12-31,2017-12-29,2026-05-15,96.07999999999996,96.07999999999996,3.88,61,61,3
2022-03-02,536.0998721531548,395.6439909123301,2017-12-31,2017-12-29,2026-05-15,96.07999999999996,96.07999999999996,3.88,61,61,3
2022-03-03,526.0686354932178,393.6742614352542,2017-12-31,2017-12-29,2026-05-15,96.07999999999996,96.07999999999996,3.88,61,61,3
2022-03-04,517.7404936322404,390.47585752433787,2017-12-31,2017-12-29,2026-05-15,96.07999999999996,96.07999999999996,3.88,61,61,3
2022-03-07,492.3544326248187,378.9649366123527,2017-12-31,2017-12-29,2026-05-15,96.07999999999996,96.07999999999996,3.88,61,61,3
2022-03-08,500.5393238173213,376.091708075843,2017-12-31,2017-12-29,2026-05-15,96.07999999999996,96.07999999999996,3.88,61,61,3
2022-03-09,516.1690215889903,386.17501810254663,2017-12-31,2017-12-29,2026-05-15,96.07999999999996,96.07999999999996,3.88,61,61,3
2022-03-10,516.0402932904911,384.43123522583164,2017-12-31,2017-12-29,2026-05-15,96.07999999999996,96.07999999999996,3.88,61,61,3
2022-03-11,512.827613661447,379.54316451670996,2017-12-31,2017-12-29,2026-05-15,96.07999999999996,96.07999999999996,3.88,61,61,3
2022-03-14,511.8781147626879,376.7693563155858,2017-12-31,2017-12-29,2026-05-15,96.07999999999996,96.07999999999996,3.88,61,61,3
2022-03-15,520.0752826537188,385.0546716063951,2017-12-31,2017-12-29,2026-05-15,96.07999999999996,96.07999999999996,3.88,61,61,3
2022-03-16,544.9824498945086,393.5929436464851,2017-12-31,2017-12-29,2026-05-15,96.07999999999996,96.07999999999996,3.88,61,61,3
2022-03-17,548.7044664859887,398.51721944883974,2017-12-31,2017-12-29,2026-05-15,96.07999999999996,96.07999999999996,3.88,61,61,3
2022-03-18,546.5179984446477,402.8820403581431,2017-12-31,2017-12-29,2026-05-15,96.07999999999996,96.07999999999996,3.88,61,61,3
2022-03-21,537.0731700127835,402.7642301341313,2017-12-31,2017-12-29,2026-05-15,96.07999999999996,96.07999999999996,3.88,61,61,3
2022-03-22,541.7124521031277,407.47721377862405,2017-12-31,2017-12-29,2026-05-15,96.07999999999996,96.07999999999996,3.88,61,61,3
2022-03-23,532.7565523143312,402.2294866539215,2017-12-31,2017-12-29,2026-05-15,96.07999999999996,96.07999999999996,3.88,61,61,3
2022-03-24,536.4550722953475,408.29288196373363,2017-12-31,2017-12-29,2026-05-15,96.07999999999996,96.07999999999996,3.88,61,61,3
2022-03-25,533.3437468522731,410.28674816963144,2017-12-31,2017-12-29,2026-05-15,96.07999999999996,96.07999999999996,3.88,61,61,3
2022-03-28,532.7551952588692,413.2051851823473,2017-12-31,2017-12-29,2026-05-15,96.07999999999996,96.07999999999996,3.88,61,61,3
2022-03-29,546.8890434248714,418.31690375575164,2017-12-31,2017-12-29,2026-05-15,96.07999999999996,96.07999999999996,3.88,61,61,3
2022-03-30,539.9676547841179,415.7337948684549,2017-12-31,2017-12-29,2026-05-15,96.07999999999996,96.07999999999996,3.88,61,61,3
2022-03-31,537.9431635079973,409.33516721389356,2017-12-31,2017-12-29,2026-05-15,96.07999999999996,96.07999999999996,3.88,61,61,3
2022-04-01,534.2752170833447,410.4952626880654,2017-12-31,2017-12-29,2026-05-15,96.07999999999996,96.07999999999996,3.88,61,61,3
2022-04-04,540.6911490875476,414.0118499844836,2017-12-31,2017-12-29,2026-05-15,96.07999999999996,96.07999999999996,3.88,61,61,3
2022-04-05,535.3899052141717,408.78232118706734,2017-12-31,2017-12-29,2026-05-15,96.07999999999996,96.07999999999996,3.88,61,61,3
2022-04-06,522.791998060027,404.6946895365365,2017-12-31,2017-12-29,2026-05-15,96.07999999999996,96.07999999999996,3.88,61,61,3
2022-04-07,523.5656905214448,406.7339557799803,2017-12-31,2017-12-29,2026-05-15,96.07999999999996,96.07999999999996,3.88,61,61,3
2022-04-08,521.7960850158748,405.6463662729443,2017-12-31,2017-12-29,2026-05-15,96.07999999999996,96.07999999999996,3.88,61,61,3
2022-04-11,521.7632292495164,398.71299513817326,2017-12-31,2017-12-29,2026-05-15,96.07999999999996,96.07999999999996,3.88,61,61,3
2022-04-12,522.4551369414646,397.2356740851988,2017-12-31,2017-12-29,2026-05-15,96.07999999999996,96.07999999999996,3.88,61,61,3
2022-04-13,533.5886292314123,401.7854474681338,2017-12-31,2017-12-29,2026-05-15,96.07999999999996,96.07999999999996,3.88,61,61,3
2022-04-14,530.420433777887,396.782439955098,2017-12-31,2017-12-29,2026-05-15,96.07999999999996,96.07999999999996,3.88,61,61,3
2022-04-18,530.5035234044472,396.94565021665585,2017-12-31,2017-12-29,2026-05-15,96.07999999999996,96.07999999999996,3.88,61,61,3
2022-04-19,543.7148081073536,403.3533770348604,2017-12-31,2017-12-29,2026-05-15,96.07999999999996,96.07999999999996,3.88,61,61,3
2022-04-20,550.283444067726,403.0542540026742,2017-12-31,2017-12-29,2026-05-15,96.07999999999996,96.07999999999996,3.88,61,61,3
2022-04-21,542.6283538426668,397.0271595667649,2017-12-31,2017-12-29,2026-05-15,96.07999999999996,96.07999999999996,3.88,61,61,3
2022-04-22,531.3835580479748,386.133066169118,2017-12-31,2017-12-29,2026-05-15,96.07999999999996,96.07999999999996,3.88,61,61,3
2022-04-25,536.5185293622048,388.3717477673526,2017-12-31,2017-12-29,2026-05-15,96.07999999999996,96.07999999999996,3.88,61,61,3
2022-04-26,517.7978425904037,377.1241279170003,2017-12-31,2017-12-29,2026-05-15,96.07999999999996,96.07999999999996,3.88,61,61,3
2022-04-27,519.518202458261,378.1845157137767,2017-12-31,2017-12-29,2026-05-15,96.07999999999996,96.07999999999996,3.88,61,61,3
2022-04-28,523.7187619141072,387.73729660974743,2017-12-31,2017-12-29,2026-05-15,96.07999999999996,96.07999999999996,3.88,61,61,3
2022-04-29,512.6895515211734,373.40822104646134,2017-12-31,2017-12-29,2026-05-15,96.07999999999996,96.07999999999996,3.88,61,61,3
2022-05-02,518.6771699114498,375.6559060276691,2017-12-31,2017-12-29,2026-05-15,96.07999999999996,96.07999999999996,3.88,61,61,3
2022-05-03,516.7075159934967,377.3779466923104,2017-12-31,2017-12-29,2026-05-15,96.07999999999996,96.07999999999996,3.88,61,61,3
2022-05-04,523.8282756049982,388.87019037365957,2017-12-31,2017-12-29,2026-05-15,96.07999999999996,96.07999999999996,3.88,61,61,3
2022-05-05,508.52153701428614,375.0486565803236,2017-12-31,2017-12-29,2026-05-15,96.07999999999996,96.07999999999996,3.88,61,61,3
2022-05-06,502.98381691003823,372.80997498208905,2017-12-31,2017-12-29,2026-05-15,96.07999999999996,96.07999999999996,3.88,61,61,3
2022-05-09,485.19782605684907,360.8736921149522,2017-12-31,2017-12-29,2026-05-15,96.07999999999996,96.07999999999996,3.88,61,61,3
2022-05-10,486.0940264788513,361.70746284667814,2017-12-31,2017-12-29,2026-05-15,96.07999999999996,96.07999999999996,3.88,61,61,3
2022-05-11,478.238599136948,355.9612931156686,2017-12-31,2017-12-29,2026-05-15,96.07999999999996,96.07999999999996,3.88,61,61,3
2022-05-12,481.6575771801646,355.5897598970167,2017-12-31,2017-12-29,2026-05-15,96.07999999999996,96.07999999999996,3.88,61,61,3
2022-05-13,487.61393106279445,364.0911563791842,2017-12-31,2017-12-29,2026-05-15,96.07999999999996,96.07999999999996,3.88,61,61,3
2022-05-16,482.11377225630673,362.6138353262098,2017-12-31,2017-12-29,2026-05-15,96.07999999999996,96.07999999999996,3.88,61,61,3
2022-05-17,489.00124876977,370.07294655821744,2017-12-31,2017-12-29,2026-05-15,96.07999999999996,96.07999999999996,3.88,61,61,3
2022-05-18,467.2863887319686,355.15472409420227,2017-12-31,2017-12-29,2026-05-15,96.07999999999996,96.07999999999996,3.88,61,61,3
2022-05-19,465.5792676460279,352.9795450801301,2017-12-31,2017-12-29,2026-05-15,96.07999999999996,96.07999999999996,3.88,61,61,3
2022-05-20,461.3469508143742,353.1335603973749,2017-12-31,2017-12-29,2026-05-15,96.07999999999996,96.07999999999996,3.88,61,61,3
2022-05-23,465.1569406904205,359.7407025703701,2017-12-31,2017-12-29,2026-05-15,96.07999999999996,96.07999999999996,3.88,61,61,3
2022-05-24,457.0189704915142,356.9945749828553,2017-12-31,2017-12-29,2026-05-15,96.07999999999996,96.07999999999996,3.88,61,61,3
2022-05-25,470.98910001553725,360.14853666292487,2017-12-31,2017-12-29,2026-05-15,96.07999999999996,96.07999999999996,3.88,61,61,3
2022-05-26,482.397102536415,367.34482573664917,2017-12-31,2017-12-29,2026-05-15,96.07999999999996,96.07999999999996,3.88,61,61,3
2022-05-27,491.97462290041926,376.36286315241006,2017-12-31,2017-12-29,2026-05-15,96.07999999999996,96.07999999999996,3.88,61,61,3
2022-05-31,489.00470571380845,374.2510909418305,2017-12-31,2017-12-29,2026-05-15,96.07999999999996,96.07999999999996,3.88,61,61,3
2022-06-01,482.60561116149506,371.223942868746,2017-12-31,2017-12-29,2026-05-15,96.07999999999996,96.07999999999996,3.88,61,61,3
2022-06-02,492.1754434243218,378.2933225548153,2017-12-31,2017-12-29,2026-05-15,96.07999999999996,96.07999999999996,3.88,61,61,3
2022-06-03,488.14983050826,372.0849153107317,2017-12-31,2017-12-29,2026-05-15,96.07999999999996,96.07999999999996,3.88,61,61,3
2022-06-06,490.7418765632064,373.21790485531375,2017-12-31,2017-12-29,2026-05-15,96.07999999999996,96.07999999999996,3.88,61,61,3
2022-06-07,494.11690149691816,376.79789895522447,2017-12-31,2017-12-29,2026-05-15,96.07999999999996,96.07999999999996,3.88,61,61,3
2022-06-08,489.11732447459536,372.70126392172045,2017-12-31,2017-12-29,2026-05-15,96.07999999999996,96.07999999999996,3.88,61,61,3
2022-06-09,481.81496548733014,363.8373376038742,2017-12-31,2017-12-29,2026-05-15,96.07999999999996,96.07999999999996,3.88,61,61,3
2022-06-10,469.33148026643374,353.28767149528954,2017-12-31,2017-12-29,2026-05-15,96.07999999999996,96.07999999999996,3.88,61,61,3
2022-06-13,454.39199943643825,339.87397179450835,2017-12-31,2017-12-29,2026-05-15,96.07999999999996,96.07999999999996,3.88,61,61,3
2022-06-14,452.43768096540043,338.84978909096486,2017-12-31,2017-12-29,2026-05-15,96.07999999999996,96.07999999999996,3.88,61,61,3
2022-06-15,460.3391062408946,343.68058295946946,2017-12-31,2017-12-29,2026-05-15,96.07999999999996,96.07999999999996,3.88,61,61,3
2022-06-16,441.5630170045956,332.30614950213214,2017-12-31,2017-12-29,2026-05-15,96.07999999999996,96.07999999999996,3.88,61,61,3
2022-06-17,447.4741547671033,333.02239735185606,2017-12-31,2017-12-29,2026-05-15,96.07999999999996,96.07999999999996,3.88,61,61,3
2022-06-21,446.7726237899571,341.405696268002,2017-12-31,2017-12-29,2026-05-15,96.07999999999996,96.07999999999996,3.88,61,61,3
2022-06-22,444.1708822070381,340.7867615789252,2017-12-31,2017-12-29,2026-05-15,96.07999999999996,96.07999999999996,3.88,61,61,3
2022-06-23,449.7429059451524,344.1273040040152,2017-12-31,2017-12-29,2026-05-15,96.07999999999996,96.07999999999996,3.88,61,61,3
2022-06-24,463.1073720958927,355.0685214912667,2017-12-31,2017-12-29,2026-05-15,96.07999999999996,96.07999999999996,3.88,61,61,3
2022-06-27,461.9526212271734,353.71226720508173,2017-12-31,2017-12-29,2026-05-15,96.07999999999996,96.07999999999996,3.88,61,61,3
2022-06-28,453.62460080924785,346.48484941363074,2017-12-31,2017-12-29,2026-05-15,96.07999999999996,96.07999999999996,3.88,61,61,3
2022-06-29,449.80907222406717,346.2026795600219,2017-12-31,2017-12-29,2026-05-15,96.07999999999996,96.07999999999996,3.88,61,61,3
2022-06-30,446.877816285951,343.3900801875769,2017-12-31,2017-12-29,2026-05-15,96.07999999999996,96.07999999999996,3.88,61,61,3
2022-07-01,453.94718241435277,347.0218916299188,2017-12-31,2017-12-29,2026-05-15,96.07999999999996,96.07999999999996,3.88,61,61,3
2022-07-05,459.3725497872927,347.6773187542383,2017-12-31,2017-12-29,2026-05-15,96.07999999999996,96.07999999999996,3.88,61,61,3
2022-07-06,454.88589272427674,348.8514939868896,2017-12-31,2017-12-29,2026-05-15,96.07999999999996,96.07999999999996,3.88,61,61,3
2022-07-07,463.7702264220945,354.0763295314793,2017-12-31,2017-12-29,2026-05-15,96.07999999999996,96.07999999999996,3.88,61,61,3
2022-07-08,461.9986275005665,353.78506051422727,2017-12-31,2017-12-29,2026-05-15,96.07999999999996,96.07999999999996,3.88,61,61,3
2022-07-11,457.2699436144883,349.74359514660193,2017-12-31,2017-12-29,2026-05-15,96.07999999999996,96.07999999999996,3.88,61,61,3
2022-07-12,457.3294963468291,346.6487301398781,2017-12-31,2017-12-29,2026-05-15,96.07999999999996,96.07999999999996,3.88,61,61,3
2022-07-13,460.1910695086008,344.82822694655056,2017-12-31,2017-12-29,2026-05-15,96.07999999999996,96.07999999999996,3.88,61,61,3
2022-07-14,457.88146308169297,343.9908165493673,2017-12-31,2017-12-29,2026-05-15,96.07999999999996,96.07999999999996,3.88,61,61,3
2022-07-15,466.92402084559194,350.56280721649887,2017-12-31,2017-12-29,2026-05-15,96.07999999999996,96.07999999999996,3.88,61,61,3
2022-07-18,465.3767261341132,347.66821959059513,2017-12-31,2017-12-29,2026-05-15,96.07999999999996,96.07999999999996,3.88,61,61,3
2022-07-19,477.86918505430606,357.0619087938149,2017-12-31,2017-12-29,2026-05-15,96.07999999999996,96.07999999999996,3.88,61,61,3
2022-07-20,482.036153259426,359.3375617306418,2017-12-31,2017-12-29,2026-05-15,96.07999999999996,96.07999999999996,3.88,61,61,3
2022-07-21,481.1665710403632,362.9967664445833,2017-12-31,2017-12-29,2026-05-15,96.07999999999996,96.07999999999996,3.88,61,61,3
2022-07-22,478.67137204716335,359.6288307478938,2017-12-31,2017-12-29,2026-05-15,96.07999999999996,96.07999999999996,3.88,61,61,3
2022-07-25,476.37367489948684,360.06578216410674,2017-12-31,2017-12-29,2026-05-15,96.07999999999996,96.07999999999996,3.88,61,61,3
2022-07-26,467.0053773059632,355.80574530770497,2017-12-31,2017-12-29,2026-05-15,96.07999999999996,96.07999999999996,3.88,61,61,3
2022-07-27,478.830252961445,365.0447487289905,2017-12-31,2017-12-29,2026-05-15,96.07999999999996,96.07999999999996,3.88,61,61,3
2022-07-28,492.7183786721973,369.62335209357394,2017-12-31,2017-12-29,2026-05-15,96.07999999999996,96.07999999999996,3.88,61,61,3
2022-07-29,498.70000266072117,375.01197258374106,2017-12-31,2017-12-29,2026-05-15,96.07999999999996,96.07999999999996,3.88,61,61,3
2022-08-01,497.4710096921544,373.90149149659214,2017-12-31,2017-12-29,2026-05-15,96.07999999999996,96.07999999999996,3.88,61,61,3
2022-08-02,495.63789263954044,371.43466034258836,2017-12-31,2017-12-29,2026-05-15,96.07999999999996,96.07999999999996,3.88,61,61,3
2022-08-03,504.85704572880684,377.25113308532525,2017-12-31,2017-12-29,2026-05-15,96.07999999999996,96.07999999999996,3.88,61,61,3
2022-08-04,502.6289379804008,376.996260722646,2017-12-31,2017-12-29,2026-05-15,96.07999999999996,96.07999999999996,3.88,61,61,3
2022-08-05,503.11738177926225,376.35912770628283,2017-12-31,2017-12-29,2026-05-15,96.07999999999996,96.07999999999996,3.88,61,61,3
2022-08-08,508.4215693170092,375.9221762900699,2017-12-31,2017-12-29,2026-05-15,96.07999999999996,96.07999999999996,3.88,61,61,3
2022-08-09,502.7921489974914,374.42943454923704,2017-12-31,2017-12-29,2026-05-15,96.07999999999996,96.07999999999996,3.88,61,61,3
2022-08-10,514.1983570361249,382.29388957638133,2017-12-31,2017-12-29,2026-05-15,96.07999999999996,96.07999999999996,3.88,61,61,3
2022-08-11,513.4621493555912,382.29388957638133,2017-12-31,2017-12-29,2026-05-15,96.07999999999996,96.07999999999996,3.88,61,61,3
2022-08-12,520.5018204337995,388.7657894434377,2017-12-31,2017-12-29,2026-05-15,96.07999999999996,96.07999999999996,3.88,61,61,3
2022-08-15,520.7302927210065,390.3678169286588,2017-12-31,2017-12-29,2026-05-15,96.07999999999996,96.07999999999996,3.88,61,61,3
2022-08-16,526.3517049888571,391.1324340166965,2017-12-31,2017-12-29,2026-05-15,96.07999999999996,96.07999999999996,3.88,61,61,3
2022-08-17,520.3930061231948,388.3561355181543,2017-12-31,2017-12-29,2026-05-15,96.07999999999996,96.07999999999996,3.88,61,61,3
2022-08-18,521.1818322217702,389.4849107132595,2017-12-31,2017-12-29,2026-05-15,96.07999999999996,96.07999999999996,3.88,61,61,3
2022-08-19,511.3134943762778,384.2509760050266,2017-12-31,2017-12-29,2026-05-15,96.07999999999996,96.07999999999996,3.88,61,61,3
2022-08-22,500.5286933400479,376.2499377425646,2017-12-31,2017-12-29,2026-05-15,96.07999999999996,96.07999999999996,3.88,61,61,3
2022-08-23,503.900141579567,375.33963825556583,2017-12-31,2017-12-29,2026-05-15,96.07999999999996,96.07999999999996,3.88,61,61,3
2022-08-24,506.6049449249411,376.5412067598166,2017-12-31,2017-12-29,2026-05-15,96.07999999999996,96.07999999999996,3.88,61,61,3
2022-08-25,512.7042966128059,381.8570339408383,2017-12-31,2017-12-29,2026-05-15,96.07999999999996,96.07999999999996,3.88,61,61,3
2022-08-26,495.99958880977783,368.93152831468166,2017-12-31,2017-12-29,2026-05-15,96.07999999999996,96.07999999999996,3.88,61,61,3
2022-08-29,493.2306934214016,366.49209043227734,2017-12-31,2017-12-29,2026-05-15,96.07999999999996,96.07999999999996,3.88,61,61,3
2022-08-30,487.7303526238093,362.4688233919384,2017-12-31,2017-12-29,2026-05-15,96.07999999999996,96.07999999999996,3.88,61,61,3
2022-08-31,484.67737819095976,359.7107232206825,2017-12-31,2017-12-29,2026-05-15,96.07999999999996,96.07999999999996,3.88,61,61,3
2022-09-01,484.2351351875957,360.83940263511784,2017-12-31,2017-12-29,2026-05-15,96.07999999999996,96.07999999999996,3.88,61,61,3
2022-09-02,482.34671159220846,357.0346113028853,2017-12-31,2017-12-29,2026-05-15,96.07999999999996,96.07999999999996,3.88,61,61,3
2022-09-06,479.8192846801221,355.68745618034353,2017-12-31,2017-12-29,2026-05-15,96.07999999999996,96.07999999999996,3.88,61,61,3
2022-09-07,491.2073638691798,362.07736779394133,2017-12-31,2017-12-29,2026-05-15,96.07999999999996,96.07999999999996,3.88,61,61,3
2022-09-08,495.52400674209144,364.4440123672001,2017-12-31,2017-12-29,2026-05-15,96.07999999999996,96.07999999999996,3.88,61,61,3
2022-09-09,502.53663147922447,370.1057035473329,2017-12-31,2017-12-29,2026-05-15,96.07999999999996,96.07999999999996,3.88,61,61,3
2022-09-12,507.3888257451844,374.0834747694559,2017-12-31,2017-12-29,2026-05-15,96.07999999999996,96.07999999999996,3.88,61,61,3
2022-09-13,492.8185813297053,357.81742671820945,2017-12-31,2017-12-29,2026-05-15,96.07999999999996,96.07999999999996,3.88,61,61,3
2022-09-14,495.07326701792846,359.1827801680376,2017-12-31,2017-12-29,2026-05-15,96.07999999999996,96.07999999999996,3.88,61,61,3
2022-09-15,494.1192577380406,355.10491814583946,2017-12-31,2017-12-29,2026-05-15,96.07999999999996,96.07999999999996,3.88,61,61,3
2022-09-16,485.5130125225013,352.3962408002667,2017-12-31,2017-12-29,2026-05-15,96.07999999999996,96.07999999999996,3.88,61,61,3
2022-09-19,488.8431935745257,355.1290548746614,2017-12-31,2017-12-29,2026-05-15,96.07999999999996,96.07999999999996,3.88,61,61,3
2022-09-20,483.4506175090985,351.0526295625122,2017-12-31,2017-12-29,2026-05-15,96.07999999999996,96.07999999999996,3.88,61,61,3
2022-09-21,477.3731346942883,344.9289882113152,2017-12-31,2017-12-29,2026-05-15,96.07999999999996,96.07999999999996,3.88,61,61,3
2022-09-22,465.12554102747816,342.03162294598354,2017-12-31,2017-12-29,2026-05-15,96.07999999999996,96.07999999999996,3.88,61,61,3
2022-09-23,459.22692106168614,336.3009696835024,2017-12-31,2017-12-29,2026-05-15,96.07999999999996,96.07999999999996,3.88,61,61,3
2022-09-26,456.35388282290074,332.97402811354226,2017-12-31,2017-12-29,2026-05-15,96.07999999999996,96.07999999999996,3.88,61,61,3
2022-09-27,459.40101755911155,332.12397466792845,2017-12-31,2017-12-29,2026-05-15,96.07999999999996,96.07999999999996,3.88,61,61,3
2022-09-28,471.20520049589754,338.65899399646764,2017-12-31,2017-12-29,2026-05-15,96.07999999999996,96.07999999999996,3.88,61,61,3
2022-09-29,461.42612446672973,331.58472949623206,2017-12-31,2017-12-29,2026-05-15,96.07999999999996,96.07999999999996,3.88,61,61,3
2022-09-30,456.49847416741153,326.4573028929593,2017-12-31,2017-12-29,2026-05-15,96.07999999999996,96.07999999999996,3.88,61,61,3
2022-10-03,461.64754973291446,335.07622225712896,2017-12-31,2017-12-29,2026-05-15,96.07999999999996,96.07999999999996,3.88,61,61,3
2022-10-04,476.2020641099716,345.4590384386985,2017-12-31,2017-12-29,2026-05-15,96.07999999999996,96.07999999999996,3.88,61,61,3
2022-10-05,479.14135931007405,344.65476815331033,2017-12-31,2017-12-29,2026-05-15,96.07999999999996,96.07999999999996,3.88,61,61,3
2022-10-06,475.7284974158079,341.0993896855712,2017-12-31,2017-12-29,2026-05-15,96.07999999999996,96.07999999999996,3.88,61,61,3
2022-10-07,467.5035097882233,331.58472949623206,2017-12-31,2017-12-29,2026-05-15,96.07999999999996,96.07999999999996,3.88,61,61,3
2022-10-10,469.2220386702212,329.0530548286867,2017-12-31,2017-12-29,2026-05-15,96.07999999999996,96.07999999999996,3.88,61,61,3
2022-10-11,468.94725927603247,326.9691547930563,2017-12-31,2017-12-29,2026-05-15,96.07999999999996,96.07999999999996,3.88,61,61,3
2022-10-12,470.8720040134866,325.89066444966346,2017-12-31,2017-12-29,2026-05-15,96.07999999999996,96.07999999999996,3.88,61,61,3
2022-10-13,477.58425396880995,334.49128970587674,2017-12-31,2017-12-29,2026-05-15,96.07999999999996,96.07999999999996,3.88,61,61,3
2022-10-14,466.77945123551035,326.8685850896316,2017-12-31,2017-12-29,2026-05-15,96.07999999999996,96.07999999999996,3.88,61,61,3
2022-10-17,479.4780167717629,335.2681667196653,2017-12-31,2017-12-29,2026-05-15,96.07999999999996,96.07999999999996,3.88,61,61,3
2022-10-18,484.52866957017363,339.20743411247713,2017-12-31,2017-12-29,2026-05-15,96.07999999999996,96.07999999999996,3.88,61,61,3
2022-10-19,480.5587337805788,336.80362663928616,2017-12-31,2017-12-29,2026-05-15,96.07999999999996,96.07999999999996,3.88,61,61,3
2022-10-20,475.73290709051054,333.9794378057798,2017-12-31,2017-12-29,2026-05-15,96.07999999999996,96.07999999999996,3.88,61,61,3
2022-10-21,484.70567812399645,342.0956044334956,2017-12-31,2017-12-29,2026-05-15,96.07999999999996,96.07999999999996,3.88,61,61,3
2022-10-24,492.7773073388615,346.2816986127128,2017-12-31,2017-12-29,2026-05-15,96.07999999999996,96.07999999999996,3.88,61,61,3
2022-10-25,503.91058082885064,351.8113082490145,2017-12-31,2017-12-29,2026-05-15,96.07999999999996,96.07999999999996,3.88,61,61,3
2022-10-26,511.4881353436704,349.16067398941817,2017-12-31,2017-12-29,2026-05-15,96.07999999999996,96.07999999999996,3.88,61,61,3
2022-10-27,518.2822696147824,347.29620746859354,2017-12-31,2017-12-29,2026-05-15,96.07999999999996,96.07999999999996,3.88,61,61,3
2022-10-28,526.2331161340996,355.55863117928993,2017-12-31,2017-12-29,2026-05-15,96.07999999999996,96.07999999999996,3.88,61,61,3
2022-10-31,524.5059334100648,352.99027251516213,2017-12-31,2017-12-29,2026-05-15,96.07999999999996,96.07999999999996,3.88,61,61,3
2022-11-01,520.8674900302289,351.44571343189807,2017-12-31,2017-12-29,2026-05-15,96.07999999999996,96.07999999999996,3.88,61,61,3
2022-11-02,513.5719158998238,342.625750441549,2017-12-31,2017-12-29,2026-05-15,96.07999999999996,96.07999999999996,3.88,61,61,3
2022-11-03,516.6486579751661,339.0977652454093,2017-12-31,2017-12-29,2026-05-15,96.07999999999996,96.07999999999996,3.88,61,61,3
2022-11-04,520.5953423389622,343.9783650622766,2017-12-31,2017-12-29,2026-05-15,96.07999999999996,96.07999999999996,3.88,61,61,3
2022-11-07,521.6687271744928,347.26871841632413,2017-12-31,2017-12-29,2026-05-15,96.07999999999996,96.07999999999996,3.88,61,61,3
2022-11-08,523.880413745124,349.1424756621318,2017-12-31,2017-12-29,2026-05-15,96.07999999999996,96.07999999999996,3.88,61,61,3
2022-11-09,517.8262234896687,341.9493473505151,2017-12-31,2017-12-29,2026-05-15,96.07999999999996,96.07999999999996,3.88,61,61,3
2022-11-10,537.404281837401,360.7409401064315,2017-12-31,2017-12-29,2026-05-15,96.07999999999996,96.07999999999996,3.88,61,61,3
2022-11-11,536.938238842637,364.2323370866585,2017-12-31,2017-12-29,2026-05-15,96.07999999999996,96.07999999999996,3.88,61,61,3
2022-11-14,534.1939538366738,361.1339281951474,2017-12-31,2017-12-29,2026-05-15,96.07999999999996,96.07999999999996,3.88,61,61,3
2022-11-15,537.9332696485002,364.21404297870225,2017-12-31,2017-12-29,2026-05-15,96.07999999999996,96.07999999999996,3.88,61,61,3
2022-11-16,534.8163734763115,361.43554152475167,2017-12-31,2017-12-29,2026-05-15,96.07999999999996,96.07999999999996,3.88,61,61,3
2022-11-17,530.6959971534643,360.3296579097593,2017-12-31,2017-12-29,2026-05-15,96.07999999999996,96.07999999999996,3.88,61,61,3
2022-11-18,533.2270460309259,361.9656875328049,2017-12-31,2017-12-29,2026-05-15,96.07999999999996,96.07999999999996,3.88,61,61,3
2022-11-21,530.6805077972681,360.64946956665,2017-12-31,2017-12-29,2026-05-15,96.07999999999996,96.07999999999996,3.88,61,61,3
2022-11-22,532.4141773376808,365.50277189258776,2017-12-31,2017-12-29,2026-05-15,96.07999999999996,96.07999999999996,3.88,61,61,3
2022-11-23,532.663597535988,367.80600966235403,2017-12-31,2017-12-29,2026-05-15,96.07999999999996,96.07999999999996,3.88,61,61,3
2022-11-25,533.9122207618943,367.7237340668856,2017-12-31,2017-12-29,2026-05-15,96.07999999999996,96.07999999999996,3.88,61,61,3
2022-11-28,529.1206459979052,361.85592288506706,2017-12-31,2017-12-29,2026-05-15,96.07999999999996,96.07999999999996,3.88,61,61,3
2022-11-29,531.3668630596028,361.2344978985721,2017-12-31,2017-12-29,2026-05-15,96.07999999999996,96.07999999999996,3.88,61,61,3
2022-11-30,540.0526450391988,372.613528828066,2017-12-31,2017-12-29,2026-05-15,96.07999999999996,96.07999999999996,3.88,61,61,3
2022-12-01,537.9433480371337,372.3394045507312,2017-12-31,2017-12-29,2026-05-15,96.07999999999996,96.07999999999996,3.88,61,61,3
2022-12-02,535.4473412914937,371.90982824610273,2017-12-31,2017-12-29,2026-05-15,96.07999999999996,96.07999999999996,3.88,61,61,3
2022-12-05,525.2479754318149,365.2194526709398,2017-12-31,2017-12-29,2026-05-15,96.07999999999996,96.07999999999996,3.88,61,61,3
2022-12-06,519.6059217778328,359.95486814832975,2017-12-31,2017-12-29,2026-05-15,96.07999999999996,96.07999999999996,3.88,61,61,3
2022-12-07,519.1656649704228,359.34254232547806,2017-12-31,2017-12-29,2026-05-15,96.07999999999996,96.07999999999996,3.88,61,61,3
2022-12-08,522.5305085341693,362.1575362146713,2017-12-31,2017-12-29,2026-05-15,96.07999999999996,96.07999999999996,3.88,61,61,3
2022-12-09,519.2809512022512,359.452211192546,2017-12-31,2017-12-29,2026-05-15,96.07999999999996,96.07999999999996,3.88,61,61,3
2022-12-12,524.9062502251949,364.6345201196876,2017-12-31,2017-12-29,2026-05-15,96.07999999999996,96.07999999999996,3.88,61,61,3
2022-12-13,524.439858457881,367.39472746568185,2017-12-31,2017-12-29,2026-05-15,96.07999999999996,96.07999999999996,3.88,61,61,3
2022-12-14,526.0065275357555,365.04580231635975,2017-12-31,2017-12-29,2026-05-15,96.07999999999996,96.07999999999996,3.88,61,61,3
2022-12-15,517.5050399570041,356.1161704589427,2017-12-31,2017-12-29,2026-05-15,96.07999999999996,96.07999999999996,3.88,61,61,3
2022-12-16,512.2908908788628,351.912165294449,2017-12-31,2017-12-29,2026-05-15,96.07999999999996,96.07999999999996,3.88,61,61,3
2022-12-19,504.92314410508334,348.9280227421623,2017-12-31,2017-12-29,2026-05-15,96.07999999999996,96.07999999999996,3.88,61,61,3
2022-12-20,504.5606508423899,349.40548938175493,2017-12-31,2017-12-29,2026-05-15,96.07999999999996,96.07999999999996,3.88,61,61,3
2022-12-21,507.30225085232826,354.62994180366496,2017-12-31,2017-12-29,2026-05-15,96.07999999999996,96.07999999999996,3.88,61,61,3
2022-12-22,501.6212159380831,349.5708068180512,2017-12-31,2017-12-29,2026-05-15,96.07999999999996,96.07999999999996,3.88,61,61,3
2022-12-23,504.5323968170569,351.5816262025263,2017-12-31,2017-12-29,2026-05-15,96.07999999999996,96.07999999999996,3.88,61,61,3
2022-12-27,500.1415041740328,350.195105224644,2017-12-31,2017-12-29,2026-05-15,96.07999999999996,96.07999999999996,3.88,61,61,3
2022-12-28,495.9364250839289,345.84292736377114,2017-12-31,2017-12-29,2026-05-15,96.07999999999996,96.07999999999996,3.88,61,61,3
2022-12-29,502.3363324932789,352.06819200576217,2017-12-31,2017-12-29,2026-05-15,96.07999999999996,96.07999999999996,3.88,61,61,3
2022-12-30,499.3753234933993,351.14084355951627,2017-12-31,2017-12-29,2026-05-15,96.07999999999996,96.07999999999996,3.88,61,61,3
2023-01-03,497.5598952951332,349.66256469984256,2017-12-31,2017-12-29,2026-05-15,96.07999999999996,96.07999999999996,3.88,61,61,3
2023-01-04,505.5842158767263,352.3620471011023,2017-12-31,2017-12-29,2026-05-15,96.07999999999996,96.07999999999996,3.88,61,61,3
2023-01-05,503.0752409089917,348.34040833215204,2017-12-31,2017-12-29,2026-05-15,96.07999999999996,96.07999999999996,3.88,61,61,3
2023-01-06,511.50294167405247,356.3286119848437,2017-12-31,2017-12-29,2026-05-15,96.07999999999996,96.07999999999996,3.88,61,61,3
2023-01-09,515.2808523207368,356.12661055196486,2017-12-31,2017-12-29,2026-05-15,96.07999999999996,96.07999999999996,3.88,61,61,3
2023-01-10,521.0147082506536,358.6240915203457,2017-12-31,2017-12-29,2026-05-15,96.07999999999996,96.07999999999996,3.88,61,61,3
2023-01-11,530.198921781789,363.15988092547116,2017-12-31,2017-12-29,2026-05-15,96.07999999999996,96.07999999999996,3.88,61,61,3
2023-01-12,532.9285583291321,364.4820372931617,2017-12-31,2017-12-29,2026-05-15,96.07999999999996,96.07999999999996,3.88,61,61,3
2023-01-13,534.997331914737,365.8960473233134,2017-12-31,2017-12-29,2026-05-15,96.07999999999996,96.07999999999996,3.88,61,61,3
2023-01-17,535.7062344277522,365.22577419515505,2017-12-31,2017-12-29,2026-05-15,96.07999999999996,96.07999999999996,3.88,61,61,3
2023-01-18,531.0529344879125,359.4595863041305,2017-12-31,2017-12-29,2026-05-15,96.07999999999996,96.07999999999996,3.88,61,61,3
2023-01-19,524.5944400426905,356.84276262101895,2017-12-31,2017-12-29,2026-05-15,96.07999999999996,96.07999999999996,3.88,61,61,3
2023-01-20,533.2630448554977,363.4904200173938,2017-12-31,2017-12-29,2026-05-15,96.07999999999996,96.07999999999996,3.88,61,61,3
2023-01-23,539.3872428889562,367.85179282257974,2017-12-31,2017-12-29,2026-05-15,96.07999999999996,96.07999999999996,3.88,61,61,3
2023-01-24,535.8616010630018,367.45698490113523,2017-12-31,2017-12-29,2026-05-15,96.07999999999996,96.07999999999996,3.88,61,61,3
2023-01-25,539.1406916713718,367.59471750449217,2017-12-31,2017-12-29,2026-05-15,96.07999999999996,96.07999999999996,3.88,61,61,3
2023-01-26,543.4968765467196,371.63474616206855,2017-12-31,2017-12-29,2026-05-15,96.07999999999996,96.07999999999996,3.88,61,61,3
2023-01-27,545.373643191762,372.4886308344795,2017-12-31,2017-12-29,2026-05-15,96.07999999999996,96.07999999999996,3.88,61,61,3
2023-01-30,541.8926007368892,367.8151088259972,2017-12-31,2017-12-29,2026-05-15,96.07999999999996,96.07999999999996,3.88,61,61,3
2023-01-31,551.3590375158797,373.2231727921598,2017-12-31,2017-12-29,2026-05-15,96.07999999999996,96.07999999999996,3.88,61,61,3
2023-02-01,556.2512309446531,377.1897376759012,2017-12-31,2017-12-29,2026-05-15,96.07999999999996,96.07999999999996,3.88,61,61,3
2023-02-02,566.1258765018966,382.68046036021195,2017-12-31,2017-12-29,2026-05-15,96.07999999999996,96.07999999999996,3.88,61,61,3
2023-02-03,561.6801576471612,378.6129426503661,2017-12-31,2017-12-29,2026-05-15,96.07999999999996,96.07999999999996,3.88,61,61,3
2023-02-06,559.0515664104843,376.2990732262378,2017-12-31,2017-12-29,2026-05-15,96.07999999999996,96.07999999999996,3.88,61,61,3
2023-02-07,565.4076316004057,381.22057138916455,2017-12-31,2017-12-29,2026-05-15,96.07999999999996,96.07999999999996,3.88,61,61,3
2023-02-08,560.3637899461193,377.0520050725443,2017-12-31,2017-12-29,2026-05-15,96.07999999999996,96.07999999999996,3.88,61,61,3
2023-02-09,554.3826747954537,373.7832981499006,2017-12-31,2017-12-29,2026-05-15,96.07999999999996,96.07999999999996,3.88,61,61,3
2023-02-10,551.0118087121388,374.6555727109378,2017-12-31,2017-12-29,2026-05-15,96.07999999999996,96.07999999999996,3.88,61,61,3
2023-02-13,558.4595106858106,379.0536295127063,2017-12-31,2017-12-29,2026-05-15,96.07999999999996,96.07999999999996,3.88,61,61,3
2023-02-14,565.8486187896558,378.87921291276683,2017-12-31,2017-12-29,2026-05-15,96.07999999999996,96.07999999999996,3.88,61,61,3
2023-02-15,571.9674202254622,380.10951561799607,2017-12-31,2017-12-29,2026-05-15,96.07999999999996,96.07999999999996,3.88,61,61,3
2023-02-16,569.7003259815781,374.87586825177294,2017-12-31,2017-12-29,2026-05-15,96.07999999999996,96.07999999999996,3.88,61,61,3
2023-02-17,565.455805469507,373.9393248612139,2017-12-31,2017-12-29,2026-05-15,96.07999999999996,96.07999999999996,3.88,61,61,3
2023-02-21,553.7433705191247,366.437782792428,2017-12-31,2017-12-29,2026-05-15,96.07999999999996,96.07999999999996,3.88,61,61,3
2023-02-22,560.4877768225314,365.93282710056593,2017-12-31,2017-12-29,2026-05-15,96.07999999999996,96.07999999999996,3.88,61,61,3
2023-02-23,556.9966069230554,367.8793776555191,2017-12-31,2017-12-29,2026-05-15,96.07999999999996,96.07999999999996,3.88,61,61,3
2023-02-24,552.8969680530839,363.94949676836023,2017-12-31,2017-12-29,2026-05-15,96.07999999999996,96.07999999999996,3.88,61,61,3
2023-02-27,553.365664061968,365.1890901985725,2017-12-31,2017-12-29,2026-05-15,96.07999999999996,96.07999999999996,3.88,61,61,3
2023-02-28,551.5589883439784,363.83934899794264,2017-12-31,2017-12-29,2026-05-15,96.07999999999996,96.07999999999996,3.88,61,61,3
2023-03-01,552.1715625241982,362.4437288564172,2017-12-31,2017-12-29,2026-05-15,96.07999999999996,96.07999999999996,3.88,61,61,3
2023-03-02,557.7870964716797,365.26255397240755,2017-12-31,2017-12-29,2026-05-15,96.07999999999996,96.07999999999996,3.88,61,61,3
2023-03-03,561.6002879053656,371.12049974522347,2017-12-31,2017-12-29,2026-05-15,96.07999999999996,96.07999999999996,3.88,61,61,3
2023-03-06,559.1128687065517,371.377670843981,2017-12-31,2017-12-29,2026-05-15,96.07999999999996,96.07999999999996,3.88,61,61,3
2023-03-07,555.067023971124,365.68485094612146,2017-12-31,2017-12-29,2026-05-15,96.07999999999996,96.07999999999996,3.88,61,61,3
2023-03-08,555.7416445340668,366.28175608111474,2017-12-31,2017-12-29,2026-05-15,96.07999999999996,96.07999999999996,3.88,61,61,3
2023-03-09,543.4116551846791,359.5238551336524,2017-12-31,2017-12-29,2026-05-15,96.07999999999996,96.07999999999996,3.88,61,61,3
2023-03-10,531.7890989484821,354.33618248899484,2017-12-31,2017-12-29,2026-05-15,96.07999999999996,96.07999999999996,3.88,61,61,3
2023-03-13,525.7229946140595,353.8311310164628,2017-12-31,2017-12-29,2026-05-15,96.07999999999996,96.07999999999996,3.88,61,61,3
2023-03-14,530.3772050075108,359.67997762563556,2017-12-31,2017-12-29,2026-05-15,96.07999999999996,96.07999999999996,3.88,61,61,3
2023-03-15,528.5944503144611,357.430472811699,2017-12-31,2017-12-29,2026-05-15,96.07999999999996,96.07999999999996,3.88,61,61,3
2023-03-16,533.754100265592,363.70161639458576,2017-12-31,2017-12-29,2026-05-15,96.07999999999996,96.07999999999996,3.88,61,61,3
2023-03-17,526.1786162991215,359.44914621110826,2017-12-31,2017-12-29,2026-05-15,96.07999999999996,96.07999999999996,3.88,61,61,3
2023-03-20,531.5502510836246,362.90548746614155,2017-12-31,2017-12-29,2026-05-15,96.07999999999996,96.07999999999996,3.88,61,61,3
2023-03-21,538.5430704607611,367.67057579507537,2017-12-31,2017-12-29,2026-05-15,96.07999999999996,96.07999999999996,3.88,61,61,3
2023-03-22,532.045813212618,361.40307187764597,2017-12-31,2017-12-29,2026-05-15,96.07999999999996,96.07999999999996,3.88,61,61,3
2023-03-23,529.9092455244241,362.38013049158474,2017-12-31,2017-12-29,2026-05-15,96.07999999999996,96.07999999999996,3.88,61,61,3
2023-03-24,528.5694724508246,364.75807718389507,2017-12-31,2017-12-29,2026-05-15,96.07999999999996,96.07999999999996,3.88,61,61,3
2023-03-27,530.7404502317412,365.44013133445463,2017-12-31,2017-12-29,2026-05-15,96.07999999999996,96.07999999999996,3.88,61,61,3
2023-03-28,531.6383216287232,364.6197698965186,2017-12-31,2017-12-29,2026-05-15,96.07999999999996,96.07999999999996,3.88,61,61,3
2023-03-29,533.9164660721557,369.9195059249922,2017-12-31,2017-12-29,2026-05-15,96.07999999999996,96.07999999999996,3.88,61,61,3
2023-03-30,537.4276812942419,372.08548999475124,2017-12-31,2017-12-29,2026-05-15,96.07999999999996,96.07999999999996,3.88,61,61,3
2023-03-31,545.7422374943436,377.32986479600635,2017-12-31,2017-12-29,2026-05-15,96.07999999999996,96.07999999999996,3.88,61,61,3
2023-04-03,546.5920137408699,378.7677242129702,2017-12-31,2017-12-29,2026-05-15,96.07999999999996,96.07999999999996,3.88,61,61,3
2023-04-04,540.2005591193197,376.666296314743,2017-12-31,2017-12-29,2026-05-15,96.07999999999996,96.07999999999996,3.88,61,61,3
2023-04-05,536.861914309335,375.68004275649105,2017-12-31,2017-12-29,2026-05-15,96.07999999999996,96.07999999999996,3.88,61,61,3
2023-04-06,538.3590397245823,377.1455827870642,2017-12-31,2017-12-29,2026-05-15,96.07999999999996,96.07999999999996,3.88,61,61,3
2023-04-10,542.9280134767521,377.5326324742446,2017-12-31,2017-12-29,2026-05-15,96.07999999999996,96.07999999999996,3.88,61,61,3
2023-04-11,549.1016480341846,377.6340642036987,2017-12-31,2017-12-29,2026-05-15,96.07999999999996,96.07999999999996,3.88,61,61,3
2023-04-12,542.1854316247786,376.0947730572807,2017-12-31,2017-12-29,2026-05-15,96.07999999999996,96.07999999999996,3.88,61,61,3
2023-04-13,544.7962805974479,381.09040545873194,2017-12-31,2017-12-29,2026-05-15,96.07999999999996,96.07999999999996,3.88,61,61,3
2023-04-14,545.7552011148791,380.1594173470287,2017-12-31,2017-12-29,2026-05-15,96.07999999999996,96.07999999999996,3.88,61,61,3
2023-04-17,547.6117785014488,381.5235256481478,2017-12-31,2017-12-29,2026-05-15,96.07999999999996,96.07999999999996,3.88,61,61,3
2023-04-18,549.2333753082885,381.7724596092915,2017-12-31,2017-12-29,2026-05-15,96.07999999999996,96.07999999999996,3.88,61,61,3
2023-04-19,548.7602559354723,381.7079034377598,2017-12-31,2017-12-29,2026-05-15,96.07999999999996,96.07999999999996,3.88,61,61,3
2023-04-20,548.8710290226715,379.6248654281587,2017-12-31,2017-12-29,2026-05-15,96.07999999999996,96.07999999999996,3.88,61,61,3
2023-04-21,551.7925735078563,379.919869891538,2017-12-31,2017-12-29,2026-05-15,96.07999999999996,96.07999999999996,3.88,61,61,3
2023-04-24,551.7491013423864,380.31611452303144,2017-12-31,2017-12-29,2026-05-15,96.07999999999996,96.07999999999996,3.88,61,61,3
2023-04-25,543.8550277439642,374.27905889744954,2017-12-31,2017-12-29,2026-05-15,96.07999999999996,96.07999999999996,3.88,61,61,3
2023-04-26,543.3716118681056,372.693793029466,2017-12-31,2017-12-29,2026-05-15,96.07999999999996,96.07999999999996,3.88,61,61,3
2023-04-27,549.6876642007948,380.11334684479317,2017-12-31,2017-12-29,2026-05-15,96.07999999999996,96.07999999999996,3.88,61,61,3
2023-04-28,554.3526931146686,383.35772547727515,2017-12-31,2017-12-29,2026-05-15,96.07999999999996,96.07999999999996,3.88,61,61,3
2023-05-01,554.4760228384811,382.97058000942485,2017-12-31,2017-12-29,2026-05-15,96.07999999999996,96.07999999999996,3.88,61,61,3
2023-05-02,553.9277149436265,378.6662924835162,2017-12-31,2017-12-29,2026-05-15,96.07999999999996,96.07999999999996,3.88,61,61,3
2023-05-03,556.4312692875408,376.06718822434135,2017-12-31,2017-12-29,2026-05-15,96.07999999999996,96.07999999999996,3.88,61,61,3
2023-05-04,547.2382952348381,373.40352779363485,2017-12-31,2017-12-29,2026-05-15,96.07999999999996,96.07999999999996,3.88,61,61,3
2023-05-05,550.6906932865847,380.31611452303144,2017-12-31,2017-12-29,2026-05-15,96.07999999999996,96.07999999999996,3.88,61,61,3
2023-05-08,548.6066405941161,380.4175462524855,2017-12-31,2017-12-29,2026-05-15,96.07999999999996,96.07999999999996,3.88,61,61,3
2023-05-09,547.4174480397746,378.7492385436741,2017-12-31,2017-12-29,2026-05-15,96.07999999999996,96.07999999999996,3.88,61,61,3
2023-05-10,547.3890616770449,380.51888220126966,2017-12-31,2017-12-29,2026-05-15,96.07999999999996,96.07999999999996,3.88,61,61,3
2023-05-11,546.3481163090491,379.85531372000634,2017-12-31,2017-12-29,2026-05-15,96.07999999999996,96.07999999999996,3.88,61,61,3
2023-05-12,546.4950556680483,379.35763735905874,2017-12-31,2017-12-29,2026-05-15,96.07999999999996,96.07999999999996,3.88,61,61,3
2023-05-15,549.0297944731972,380.66638443295926,2017-12-31,2017-12-29,2026-05-15,96.07999999999996,96.07999999999996,3.88,61,61,3
2023-05-16,543.8743679172362,378.12254562033314,2017-12-31,2017-12-29,2026-05-15,96.07999999999996,96.07999999999996,3.88,61,61,3
2023-05-17,550.4088611279251,382.71254688463796,2017-12-31,2017-12-29,2026-05-15,96.07999999999996,96.07999999999996,3.88,61,61,3
2023-05-18,552.7323247253972,386.39933643151875,2017-12-31,2017-12-29,2026-05-15,96.07999999999996,96.07999999999996,3.88,61,61,3
2023-05-19,549.7036585652503,385.83710389903956,2017-12-31,2017-12-29,2026-05-15,96.07999999999996,96.07999999999996,3.88,61,61,3
2023-05-22,547.3586096444883,385.9937052943724,2017-12-31,2017-12-29,2026-05-15,96.07999999999996,96.07999999999996,3.88,61,61,3
2023-05-23,542.8982728775691,381.66183293552433,2017-12-31,2017-12-29,2026-05-15,96.07999999999996,96.07999999999996,3.88,61,61,3
2023-05-24,542.0816130386218,378.8967407753637,2017-12-31,2017-12-29,2026-05-15,96.07999999999996,96.07999999999996,3.88,61,61,3
2023-05-25,541.1841802190892,382.177994965768,2017-12-31,2017-12-29,2026-05-15,96.07999999999996,96.07999999999996,3.88,61,61,3
2023-05-26,540.3674890990524,387.12746108431384,2017-12-31,2017-12-29,2026-05-15,96.07999999999996,96.07999999999996,3.88,61,61,3
2023-05-30,536.8446658180532,387.2748675353335,2017-12-31,2017-12-29,2026-05-15,96.07999999999996,96.07999999999996,3.88,61,61,3
2023-05-31,535.0497865030138,385.1273691348707,2017-12-31,2017-12-29,2026-05-15,96.07999999999996,96.07999999999996,3.88,61,61,3
2023-06-01,539.4370744104249,388.78647806814223,2017-12-31,2017-12-29,2026-05-15,96.07999999999996,96.07999999999996,3.88,61,61,3
2023-06-02,548.8572712179015,394.4088033929345,2017-12-31,2017-12-29,2026-05-15,96.07999999999996,96.07999999999996,3.88,61,61,3
2023-06-05,547.9292116762099,393.6529981265301,2017-12-31,2017-12-29,2026-05-15,96.07999999999996,96.07999999999996,3.88,61,61,3
2023-06-06,552.0667141980546,394.5101393417186,2017-12-31,2017-12-29,2026-05-15,96.07999999999996,96.07999999999996,3.88,61,61,3
2023-06-07,555.50038712512,393.14603104059955,2017-12-31,2017-12-29,2026-05-15,96.07999999999996,96.07999999999996,3.88,61,61,3
2023-06-08,554.7094701570117,395.5239777329099,2017-12-31,2017-12-29,2026-05-15,96.07999999999996,96.07999999999996,3.88,61,61,3
2023-06-09,550.3484081285304,396.2337124970787,2017-12-31,2017-12-29,2026-05-15,96.07999999999996,96.07999999999996,3.88,61,61,3
2023-06-12,555.3468016287852,399.8282652588186,2017-12-31,2017-12-29,2026-05-15,96.07999999999996,96.07999999999996,3.88,61,61,3
2023-06-13,557.3402878385072,402.4643408565857,2017-12-31,2017-12-29,2026-05-15,96.07999999999996,96.07999999999996,3.88,61,61,3
2023-06-14,557.9812087943181,402.943627328907,2017-12-31,2017-12-29,2026-05-15,96.07999999999996,96.07999999999996,3.88,61,61,3
2023-06-15,559.1076284684065,407.93916394968835,2017-12-31,2017-12-29,2026-05-15,96.07999999999996,96.07999999999996,3.88,61,61,3
2023-06-16,557.3442119846599,406.549961113048,2017-12-31,2017-12-29,2026-05-15,96.07999999999996,96.07999999999996,3.88,61,61,3
2023-06-20,558.9429290159941,404.4406791998866,2017-12-31,2017-12-29,2026-05-15,96.07999999999996,96.07999999999996,3.88,61,61,3
2023-06-21,560.5102519028375,402.3684644059874,2017-12-31,2017-12-29,2026-05-15,96.07999999999996,96.07999999999996,3.88,61,61,3
2023-06-22,558.9307354452741,403.8208824847805,2017-12-31,2017-12-29,2026-05-15,96.07999999999996,96.07999999999996,3.88,61,61,3
2023-06-23,553.2553572638351,400.76796941148524,2017-12-31,2017-12-29,2026-05-15,96.07999999999996,96.07999999999996,3.88,61,61,3
2023-06-26,554.5127087689835,399.1305988590607,2017-12-31,2017-12-29,2026-05-15,96.07999999999996,96.07999999999996,3.88,61,61,3
2023-06-27,561.2525417783321,403.50633876473586,2017-12-31,2017-12-29,2026-05-15,96.07999999999996,96.07999999999996,3.88,61,61,3
2023-06-28,563.3076848386222,403.7098726883335,2017-12-31,2017-12-29,2026-05-15,96.07999999999996,96.07999999999996,3.88,61,61,3
2023-06-29,567.057582933589,405.3010769578527,2017-12-31,2017-12-29,2026-05-15,96.07999999999996,96.07999999999996,3.88,61,61,3
2023-06-30,568.9487860976966,410.0838847107233,2017-12-31,2017-12-29,2026-05-15,96.07999999999996,96.07999999999996,3.88,61,61,3
2023-07-03,568.594721660729,410.5557002907902,2017-12-31,2017-12-29,2026-05-15,96.07999999999996,96.07999999999996,3.88,61,61,3
2023-07-05,563.8907760274698,409.94509851999715,2017-12-31,2017-12-29,2026-05-15,96.07999999999996,96.07999999999996,3.88,61,61,3
2023-07-06,560.1696579110176,406.7350093673495,2017-12-31,2017-12-29,2026-05-15,96.07999999999996,96.07999999999996,3.88,61,61,3
2023-07-07,564.0294129388905,405.70814480504805,2017-12-31,2017-12-29,2026-05-15,96.07999999999996,96.07999999999996,3.88,61,61,3
2023-07-10,570.7977621934247,406.7350093673495,2017-12-31,2017-12-29,2026-05-15,96.07999999999996,96.07999999999996,3.88,61,61,3
2023-07-11,572.860451170117,409.32530180489096,2017-12-31,2017-12-29,2026-05-15,96.07999999999996,96.07999999999996,3.88,61,61,3
2023-07-12,576.1268814399488,412.6187201403761,2017-12-31,2017-12-29,2026-05-15,96.07999999999996,96.07999999999996,3.88,61,61,3
2023-07-13,577.3934947429422,415.89355702589523,2017-12-31,2017-12-29,2026-05-15,96.07999999999996,96.07999999999996,3.88,61,61,3
2023-07-14,575.3183923891818,415.63456609440914,2017-12-31,2017-12-29,2026-05-15,96.07999999999996,96.07999999999996,3.88,61,61,3
2023-07-17,577.0273988613916,417.077789228889,2017-12-31,2017-12-29,2026-05-15,96.07999999999996,96.07999999999996,3.88,61,61,3
2023-07-18,582.4362022859611,420.17686858508966,2017-12-31,2017-12-29,2026-05-15,96.07999999999996,96.07999999999996,3.88,61,61,3
2023-07-19,581.9652838481223,421.1112090202404,2017-12-31,2017-12-29,2026-05-15,96.07999999999996,96.07999999999996,3.88,61,61,3
2023-07-20,578.6605097389529,418.31738265910127,2017-12-31,2017-12-29,2026-05-15,96.07999999999996,96.07999999999996,3.88,61,61,3
2023-07-21,578.5308924216268,418.31738265910127,2017-12-31,2017-12-29,2026-05-15,96.07999999999996,96.07999999999996,3.88,61,61,3
2023-07-24,576.729871546626,420.1861593100727,2017-12-31,2017-12-29,2026-05-15,96.07999999999996,96.07999999999996,3.88,61,61,3
2023-07-25,577.4228546034715,421.3332286131342,2017-12-31,2017-12-29,2026-05-15,96.07999999999996,96.07999999999996,3.88,61,61,3
2023-07-26,578.9171902161571,421.3979763460058,2017-12-31,2017-12-29,2026-05-15,96.07999999999996,96.07999999999996,3.88,61,61,3
2023-07-27,572.6779844649084,418.6041499848667,2017-12-31,2017-12-29,2026-05-15,96.07999999999996,96.07999999999996,3.88,61,61,3
2023-07-28,571.2130240495264,422.70241328975953,2017-12-31,2017-12-29,2026-05-15,96.07999999999996,96.07999999999996,3.88,61,61,3
2023-07-31,573.68187391219,423.50725825916714,2017-12-31,2017-12-29,2026-05-15,96.07999999999996,96.07999999999996,3.88,61,61,3
2023-08-01,572.4523121886011,422.29534544256416,2017-12-31,2017-12-29,2026-05-15,96.07999999999996,96.07999999999996,3.88,61,61,3
2023-08-02,568.4279172377566,416.42092539452057,2017-12-31,2017-12-29,2026-05-15,96.07999999999996,96.07999999999996,3.88,61,61,3
2023-08-03,564.5755211556955,415.22749824721376,2017-12-31,2017-12-29,2026-05-15,96.07999999999996,96.07999999999996,3.88,61,61,3
2023-08-04,564.5975615516119,413.3495266519293,2017-12-31,2017-12-29,2026-05-15,96.07999999999996,96.07999999999996,3.88,61,61,3
2023-08-07,567.6743560393687,416.95748870745905,2017-12-31,2017-12-29,2026-05-15,96.07999999999996,96.07999999999996,3.88,61,61,3
2023-08-08,565.8887285871606,415.14426484504605,2017-12-31,2017-12-29,2026-05-15,96.07999999999996,96.07999999999996,3.88,61,61,3
2023-08-09,564.1038664733308,412.3689241532031,2017-12-31,2017-12-29,2026-05-15,96.07999999999996,96.07999999999996,3.88,61,61,3
2023-08-10,565.4293805547982,412.51690528824236,2017-12-31,2017-12-29,2026-05-15,96.07999999999996,96.07999999999996,3.88,61,61,3
2023-08-11,565.3806418210559,412.27640002605233,2017-12-31,2017-12-29,2026-05-15,96.07999999999996,96.07999999999996,3.88,61,61,3
2023-08-14,564.8998098115517,414.55214874354925,2017-12-31,2017-12-29,2026-05-15,96.07999999999996,96.07999999999996,3.88,61,61,3
2023-08-15,559.8610510746875,409.7230789271033,2017-12-31,2017-12-29,2026-05-15,96.07999999999996,96.07999999999996,3.88,61,61,3
2023-08-16,557.3311342077624,406.7165236980534,2017-12-31,2017-12-29,2026-05-15,96.07999999999996,96.07999999999996,3.88,61,61,3
2023-08-17,551.8956420359939,403.6173485611828,2017-12-31,2017-12-29,2026-05-15,96.07999999999996,96.07999999999996,3.88,61,61,3
2023-08-18,554.2635282634857,403.8115917597974,2017-12-31,2017-12-29,2026-05-15,96.07999999999996,96.07999999999996,3.88,61,61,3
2023-08-21,551.6019690550575,406.4389513166011,2017-12-31,2017-12-29,2026-05-15,96.07999999999996,96.07999999999996,3.88,61,61,3
2023-08-22,551.631406362597,405.33804829644504,2017-12-31,2017-12-29,2026-05-15,96.07999999999996,96.07999999999996,3.88,61,61,3
2023-08-23,553.9306337140429,409.85257439284635,2017-12-31,2017-12-29,2026-05-15,96.07999999999996,96.07999999999996,3.88,61,61,3
2023-08-24,550.0205175414553,404.17239754341733,2017-12-31,2017-12-29,2026-05-15,96.07999999999996,96.07999999999996,3.88,61,61,3
2023-08-25,547.4740834950252,407.02177669311493,2017-12-31,2017-12-29,2026-05-15,96.07999999999996,96.07999999999996,3.88,61,61,3
2023-08-28,551.4084844721241,409.60287418634323,2017-12-31,2017-12-29,2026-05-15,96.07999999999996,96.07999999999996,3.88,61,61,3
2023-08-29,554.2012412007896,415.52355629796216,2017-12-31,2017-12-29,2026-05-15,96.07999999999996,96.07999999999996,3.88,61,61,3
2023-08-30,554.6606046126586,417.2350610889113,2017-12-31,2017-12-29,2026-05-15,96.07999999999996,96.07999999999996,3.88,61,61,3
2023-08-31,550.5845154504415,416.6244593181183,2017-12-31,2017-12-29,2026-05-15,96.07999999999996,96.07999999999996,3.88,61,61,3
2023-09-01,552.1136608556309,417.40152789324674,2017-12-31,2017-12-29,2026-05-15,96.07999999999996,96.07999999999996,3.88,61,61,3
2023-09-05,543.7376924167447,415.5975947558168,2017-12-31,2017-12-29,2026-05-15,96.07999999999996,96.07999999999996,3.88,61,61,3
2023-09-06,541.3012458750579,412.8037683946777,2017-12-31,2017-12-29,2026-05-15,96.07999999999996,96.07999999999996,3.88,61,61,3
2023-09-07,540.3620582959845,411.5363027895163,2017-12-31,2017-12-29,2026-05-15,96.07999999999996,96.07999999999996,3.88,61,61,3
2023-09-08,541.1987536270842,412.15619528529237,2017-12-31,2017-12-29,2026-05-15,96.07999999999996,96.07999999999996,3.88,61,61,3
2023-09-11,542.2651241391321,414.8666924635938,2017-12-31,2017-12-29,2026-05-15,96.07999999999996,96.07999999999996,3.88,61,61,3
2023-09-12,542.3489386881902,412.59094374609697,2017-12-31,2017-12-29,2026-05-15,96.07999999999996,96.07999999999996,3.88,61,61,3
2023-09-13,541.3388894424219,413.0720500511469,2017-12-31,2017-12-29,2026-05-15,96.07999999999996,96.07999999999996,3.88,61,61,3
2023-09-14,549.0607639371487,416.6336542624314,2017-12-31,2017-12-29,2026-05-15,96.07999999999996,96.07999999999996,3.88,61,61,3
2023-09-15,543.1349940179863,411.6140766934981,2017-12-31,2017-12-29,2026-05-15,96.07999999999996,96.07999999999996,3.88,61,61,3
2023-09-18,542.8700777461738,411.8555397623873,2017-12-31,2017-12-29,2026-05-15,96.07999999999996,96.07999999999996,3.88,61,61,3
2023-09-19,539.7062042466063,411.00136774796664,2017-12-31,2017-12-29,2026-05-15,96.07999999999996,96.07999999999996,3.88,61,61,3
2023-09-20,539.8646260152119,407.2229160999644,2017-12-31,2017-12-29,2026-05-15,96.07999999999996,96.07999999999996,3.88,61,61,3
2023-09-21,531.7367666158119,400.49221686276167,2017-12-31,2017-12-29,2026-05-15,96.07999999999996,96.07999999999996,3.88,61,61,3
2023-09-22,529.4264094311126,399.5916870040956,2017-12-31,2017-12-29,2026-05-15,96.07999999999996,96.07999999999996,3.88,61,61,3
2023-09-25,529.1118664889649,401.27196729664803,2017-12-31,2017-12-29,2026-05-15,96.07999999999996,96.07999999999996,3.88,61,61,3
2023-09-26,525.7939649198883,395.3768586239,2017-12-31,2017-12-29,2026-05-15,96.07999999999996,96.07999999999996,3.88,61,61,3
2023-09-27,526.9510960255037,395.5346093872719,2017-12-31,2017-12-29,2026-05-15,96.07999999999996,96.07999999999996,3.88,61,61,3
2023-09-28,533.6484749116997,397.8276944060258,2017-12-31,2017-12-29,2026-05-15,96.07999999999996,96.07999999999996,3.88,61,61,3
2023-09-29,531.4303135109371,396.8622252531484,2017-12-31,2017-12-29,2026-05-15,96.07999999999996,96.07999999999996,3.88,61,61,3
2023-10-02,529.1480534741983,396.70437870910644,2017-12-31,2017-12-29,2026-05-15,96.07999999999996,96.07999999999996,3.88,61,61,3
2023-10-03,519.9169665061657,391.39410680694067,2017-12-31,2017-12-29,2026-05-15,96.07999999999996,96.07999999999996,3.88,61,61,3
2023-10-04,524.944987579165,394.2441564213277,2017-12-31,2017-12-29,2026-05-15,96.07999999999996,96.07999999999996,3.88,61,61,3
2023-10-05,525.3915742030573,394.0956963829388,2017-12-31,2017-12-29,2026-05-15,96.07999999999996,96.07999999999996,3.88,61,61,3
2023-10-06,523.1410867495395,398.774677889607,2017-12-31,2017-12-29,2026-05-15,96.07999999999996,96.07999999999996,3.88,61,61,3
2023-10-09,524.1912455364817,401.32771164654633,2017-12-31,2017-12-29,2026-05-15,96.07999999999996,96.07999999999996,3.88,61,61,3
2023-10-10,530.4235130156698,403.416592277013,2017-12-31,2017-12-29,2026-05-15,96.07999999999996,96.07999999999996,3.88,61,61,3
2023-10-11,530.0236813950155,405.06909617528635,2017-12-31,2017-12-29,2026-05-15,96.07999999999996,96.07999999999996,3.88,61,61,3
2023-10-12,520.416036804084,402.5995831625245,2017-12-31,2017-12-29,2026-05-15,96.07999999999996,96.07999999999996,3.88,61,61,3
2023-10-13,517.8763279462529,400.59431905690525,2017-12-31,2017-12-29,2026-05-15,96.07999999999996,96.07999999999996,3.88,61,61,3
2023-10-16,525.1042301601647,404.8091474371009,2017-12-31,2017-12-29,2026-05-15,96.07999999999996,96.07999999999996,3.88,61,61,3
2023-10-17,531.0576733026581,404.7905659871348,2017-12-31,2017-12-29,2026-05-15,96.07999999999996,96.07999999999996,3.88,61,61,3
2023-10-18,526.799652093197,399.3966775601216,2017-12-31,2017-12-29,2026-05-15,96.07999999999996,96.07999999999996,3.88,61,61,3
2023-10-19,523.5141452437806,395.88746537528783,2017-12-31,2017-12-29,2026-05-15,96.07999999999996,96.07999999999996,3.88,61,61,3
2023-10-20,520.4305100914813,391.02276514962864,2017-12-31,2017-12-29,2026-05-15,96.07999999999996,96.07999999999996,3.88,61,61,3
2023-10-23,518.8684230617312,390.3450211292158,2017-12-31,2017-12-29,2026-05-15,96.07999999999996,96.07999999999996,3.88,61,61,3
2023-10-24,521.9471963681189,393.2879779934333,2017-12-31,2017-12-29,2026-05-15,96.07999999999996,96.07999999999996,3.88,61,61,3
2023-10-25,518.9373105324552,387.6434315532177,2017-12-31,2017-12-29,2026-05-15,96.07999999999996,96.07999999999996,3.88,61,61,3
2023-10-26,517.2954456436173,383.0016129464816,2017-12-31,2017-12-29,2026-05-15,96.07999999999996,96.07999999999996,3.88,61,61,3
2023-10-27,518.158650217362,381.2654925233609,2017-12-31,2017-12-29,2026-05-15,96.07999999999996,96.07999999999996,3.88,61,61,3
2023-10-30,521.097756020698,385.82379038591955,2017-12-31,2017-12-29,2026-05-15,96.07999999999996,96.07999999999996,3.88,61,61,3
2023-10-31,523.8324448348712,388.2468497737661,2017-12-31,2017-12-29,2026-05-15,96.07999999999996,96.07999999999996,3.88,61,61,3
2023-11-01,527.8343237849028,392.3874481347673,2017-12-31,2017-12-29,2026-05-15,96.07999999999996,96.07999999999996,3.88,61,61,3
2023-11-02,537.3217463294889,399.90728431150944,2017-12-31,2017-12-29,2026-05-15,96.07999999999996,96.07999999999996,3.88,61,61,3
2023-11-03,549.0654837925435,403.55585737108885,2017-12-31,2017-12-29,2026-05-15,96.07999999999996,96.07999999999996,3.88,61,61,3
2023-11-06,546.3706350995241,404.4841636240341,2017-12-31,2017-12-29,2026-05-15,96.07999999999996,96.07999999999996,3.88,61,61,3
2023-11-07,546.5318952771802,405.6353514959025,2017-12-31,2017-12-29,2026-05-15,96.07999999999996,96.07999999999996,3.88,61,61,3
2023-11-08,544.673506890194,405.93246313402017,2017-12-31,2017-12-29,2026-05-15,96.07999999999996,96.07999999999996,3.88,61,61,3
2023-11-09,543.7426506497977,402.76672043154946,2017-12-31,2017-12-29,2026-05-15,96.07999999999996,96.07999999999996,3.88,61,61,3
2023-11-10,548.2519079885508,409.0518479922456,2017-12-31,2017-12-29,2026-05-15,96.07999999999996,96.07999999999996,3.88,61,61,3
2023-11-13,549.5663946685168,408.6619248849675,2017-12-31,2017-12-29,2026-05-15,96.07999999999996,96.07999999999996,3.88,61,61,3
2023-11-14,561.9395063912783,416.59016983828394,2017-12-31,2017-12-29,2026-05-15,96.07999999999996,96.07999999999996,3.88,61,61,3
2023-11-15,563.1860603679921,417.4722140276538,2017-12-31,2017-12-29,2026-05-15,96.07999999999996,96.07999999999996,3.88,61,61,3
2023-11-16,560.9658518235369,417.9828207790417,2017-12-31,2017-12-29,2026-05-15,96.07999999999996,96.07999999999996,3.88,61,61,3
2023-11-17,565.0642818601366,418.5027182554126,2017-12-31,2017-12-29,2026-05-15,96.07999999999996,96.07999999999996,3.88,61,61,3
2023-11-20,565.6056513352158,421.7241095271117,2017-12-31,2017-12-29,2026-05-15,96.07999999999996,96.07999999999996,3.88,61,61,3
2023-11-21,564.1703287346172,420.80499821847957,2017-12-31,2017-12-29,2026-05-15,96.07999999999996,96.07999999999996,3.88,61,61,3
2023-11-22,568.0437018757943,422.42972572247356,2017-12-31,2017-12-29,2026-05-15,96.07999999999996,96.07999999999996,3.88,61,61,3
2023-11-24,567.5587977366948,422.68967446065903,2017-12-31,2017-12-29,2026-05-15,96.07999999999996,96.07999999999996,3.88,61,61,3
2023-11-27,567.4220932402021,421.92840969606885,2017-12-31,2017-12-29,2026-05-15,96.07999999999996,96.07999999999996,3.88,61,61,3
2023-11-28,563.4469081453652,422.34610919762616,2017-12-31,2017-12-29,2026-05-15,96.07999999999996,96.07999999999996,3.88,61,61,3
2023-11-29,562.3918832844755,422.0490933401785,2017-12-31,2017-12-29,2026-05-15,96.07999999999996,96.07999999999996,3.88,61,61,3
2023-11-30,566.2843670748147,423.71088796343474,2017-12-31,2017-12-29,2026-05-15,96.07999999999996,96.07999999999996,3.88,61,61,3
2023-12-01,577.0357169596306,426.21746809545886,2017-12-31,2017-12-29,2026-05-15,96.07999999999996,96.07999999999996,3.88,61,61,3
2023-12-04,579.5575846855809,423.9801274266033,2017-12-31,2017-12-29,2026-05-15,96.07999999999996,96.07999999999996,3.88,61,61,3
2023-12-05,572.285811571158,423.8965109017559,2017-12-31,2017-12-29,2026-05-15,96.07999999999996,96.07999999999996,3.88,61,61,3
2023-12-06,576.5536214850837,422.18835843425427,2017-12-31,2017-12-29,2026-05-15,96.07999999999996,96.07999999999996,3.88,61,61,3
2023-12-07,579.2299443035209,425.4097497059534,2017-12-31,2017-12-29,2026-05-15,96.07999999999996,96.07999999999996,3.88,61,61,3
2023-12-08,579.8975140492967,427.23868159823456,2017-12-31,2017-12-29,2026-05-15,96.07999999999996,96.07999999999996,3.88,61,61,3
2023-12-11,586.7194896693809,428.9004762214909,2017-12-31,2017-12-29,2026-05-15,96.07999999999996,96.07999999999996,3.88,61,61,3
2023-12-12,588.1767842949012,430.85938248286493,2017-12-31,2017-12-29,2026-05-15,96.07999999999996,96.07999999999996,3.88,61,61,3
2023-12-13,596.1347707165073,436.80094478052814,2017-12-31,2017-12-29,2026-05-15,96.07999999999996,96.07999999999996,3.88,61,61,3
2023-12-14,597.2741085952994,438.2027906655991,2017-12-31,2017-12-29,2026-05-15,96.07999999999996,96.07999999999996,3.88,61,61,3
2023-12-15,593.242797351069,437.48137065969905,2017-12-31,2017-12-29,2026-05-15,96.07999999999996,96.07999999999996,3.88,61,61,3
2023-12-18,594.8790668298955,439.9422634121673,2017-12-31,2017-12-29,2026-05-15,96.07999999999996,96.07999999999996,3.88,61,61,3
2023-12-19,599.4692230603694,442.6175133039351,2017-12-31,2017-12-29,2026-05-15,96.07999999999996,96.07999999999996,3.88,61,61,3
2023-12-20,592.5188075919767,436.4840065437354,2017-12-31,2017-12-29,2026-05-15,96.07999999999996,96.07999999999996,3.88,61,61,3
2023-12-21,599.9647456213792,440.62268929133796,2017-12-31,2017-12-29,2026-05-15,96.07999999999996,96.07999999999996,3.88,61,61,3
2023-12-22,601.7161334076222,441.50827736549525,2017-12-31,2017-12-29,2026-05-15,96.07999999999996,96.07999999999996,3.88,61,61,3
2023-12-26,605.1307334930527,443.37255232498,2017-12-31,2017-12-29,2026-05-15,96.07999999999996,96.07999999999996,3.88,61,61,3
2023-12-27,606.2407985244862,444.17414075161014,2017-12-31,2017-12-29,2026-05-15,96.07999999999996,96.07999999999996,3.88,61,61,3
2023-12-28,603.6658861610734,444.3419484853245,2017-12-31,2017-12-29,2026-05-15,96.07999999999996,96.07999999999996,3.88,61,61,3
2023-12-29,601.6746015828782,443.05561408818727,2017-12-31,2017-12-29,2026-05-15,96.07999999999996,96.07999999999996,3.88,61,61,3
2024-01-02,597.4812752466431,440.5761398857528,2017-12-31,2017-12-29,2026-05-15,96.07999999999996,96.07999999999996,3.88,61,61,3
2024-01-03,585.9044373295632,436.97804323922566,2017-12-31,2017-12-29,2026-05-15,96.07999999999996,96.07999999999996,3.88,61,61,3
2024-01-04,586.3957971358785,435.5705462946291,2017-12-31,2017-12-29,2026-05-15,96.07999999999996,96.07999999999996,3.88,61,61,3
2024-01-05,586.0338268776492,436.1670683069426,2017-12-31,2017-12-29,2026-05-15,96.07999999999996,96.07999999999996,3.88,61,61,3
2024-01-08,593.9959685112701,442.39376965898254,2017-12-31,2017-12-29,2026-05-15,96.07999999999996,96.07999999999996,3.88,61,61,3
2024-01-09,592.1754006995669,441.72263450479477,2017-12-31,2017-12-29,2026-05-15,96.07999999999996,96.07999999999996,3.88,61,61,3
2024-01-10,594.7901331330827,444.2207859378652,2017-12-31,2017-12-29,2026-05-15,96.07999999999996,96.07999999999996,3.88,61,61,3
2024-01-11,591.6089905526543,444.0250102485317,2017-12-31,2017-12-29,2026-05-15,96.07999999999996,96.07999999999996,3.88,61,61,3
2024-01-12,587.6141643753995,444.3326577603415,2017-12-31,2017-12-29,2026-05-15,96.07999999999996,96.07999999999996,3.88,61,61,3
2024-01-16,589.3149069879175,442.7014171707923,2017-12-31,2017-12-29,2026-05-15,96.07999999999996,96.07999999999996,3.88,61,61,3
2024-01-17,589.9411777333688,440.24052441832407,2017-12-31,2017-12-29,2026-05-15,96.07999999999996,96.07999999999996,3.88,61,61,3
2024-01-18,594.7790794148589,444.15555930164396,2017-12-31,2017-12-29,2026-05-15,96.07999999999996,96.07999999999996,3.88,61,61,3
2024-01-19,596.8808770229712,449.6924482688602,2017-12-31,2017-12-29,2026-05-15,96.07999999999996,96.07999999999996,3.88,61,61,3
2024-01-22,602.330499095234,450.64326297923867,2017-12-31,2017-12-29,2026-05-15,96.07999999999996,96.07999999999996,3.88,61,61,3
2024-01-23,602.1730816793975,451.957565331995,2017-12-31,2017-12-29,2026-05-15,96.07999999999996,96.07999999999996,3.88,61,61,3
2024-01-24,598.5017315637964,452.45160202748525,2017-12-31,2017-12-29,2026-05-15,96.07999999999996,96.07999999999996,3.88,61,61,3
2024-01-25,603.4359904123233,454.9123989992836,2017-12-31,2017-12-29,2026-05-15,96.07999999999996,96.07999999999996,3.88,61,61,3
2024-01-26,601.0330170670384,454.33445843693613,2017-12-31,2017-12-29,2026-05-15,96.07999999999996,96.07999999999996,3.88,61,61,3
2024-01-29,607.7145287529805,457.9325550834633,2017-12-31,2017-12-29,2026-05-15,96.07999999999996,96.07999999999996,3.88,61,61,3
2024-01-30,606.4668071180649,457.57835816606837,2017-12-31,2017-12-29,2026-05-15,96.07999999999996,96.07999999999996,3.88,61,61,3
2024-01-31,599.7037264467392,450.1118718224763,2017-12-31,2017-12-29,2026-05-15,96.07999999999996,96.07999999999996,3.88,61,61,3
2024-02-01,607.3037762187428,456.00305348775737,2017-12-31,2017-12-29,2026-05-15,96.07999999999996,96.07999999999996,3.88,61,61,3
2024-02-02,605.4484298782885,460.80358066456466,2017-12-31,2017-12-29,2026-05-15,96.07999999999996,96.07999999999996,3.88,61,61,3
2024-02-05,598.3510837817454,459.12569488876034,2017-12-31,2017-12-29,2026-05-15,96.07999999999996,96.07999999999996,3.88,61,61,3
2024-02-06,602.6743729513732,460.4586744721527,2017-12-31,2017-12-29,2026-05-15,96.07999999999996,96.07999999999996,3.88,61,61,3
2024-02-07,605.5185335594808,464.2990962135986,2017-12-31,2017-12-29,2026-05-15,96.07999999999996,96.07999999999996,3.88,61,61,3
2024-02-08,608.6043759980599,464.5041626279151,2017-12-31,2017-12-29,2026-05-15,96.07999999999996,96.07999999999996,3.88,61,61,3
2024-02-09,609.0192781130586,467.18870324466593,2017-12-31,2017-12-29,2026-05-15,96.07999999999996,96.07999999999996,3.88,61,61,3
2024-02-12,611.2379367646904,466.98363683034944,2017-12-31,2017-12-29,2026-05-15,96.07999999999996,96.07999999999996,3.88,61,61,3
2024-02-13,594.5941508744396,460.551869063993,2017-12-31,2017-12-29,2026-05-15,96.07999999999996,96.07999999999996,3.88,61,61,3
2024-02-14,597.9971633844419,464.7371969978507,2017-12-31,2017-12-29,2026-05-15,96.07999999999996,96.07999999999996,3.88,61,61,3
2024-02-15,606.0416896377936,467.94374226571097,2017-12-31,2017-12-29,2026-05-15,96.07999999999996,96.07999999999996,3.88,61,61,3
2024-02-16,605.0456659474627,465.61339856635493,2017-12-31,2017-12-29,2026-05-15,96.07999999999996,96.07999999999996,3.88,61,61,3
2024-02-20,604.8182600764677,463.0500204970634,2017-12-31,2017-12-29,2026-05-15,96.07999999999996,96.07999999999996,3.88,61,61,3
2024-02-21,600.3285498142003,463.4694440506795,2017-12-31,2017-12-29,2026-05-15,96.07999999999996,96.07999999999996,3.88,61,61,3
2024-02-22,608.6233270923133,473.06120767931105,2017-12-31,2017-12-29,2026-05-15,96.07999999999996,96.07999999999996,3.88,61,61,3
2024-02-23,615.8385078167709,473.3874366410869,2017-12-31,2017-12-29,2026-05-15,96.07999999999996,96.07999999999996,3.88,61,61,3
2024-02-26,619.6837766372583,471.6537107347143,2017-12-31,2017-12-29,2026-05-15,96.07999999999996,96.07999999999996,3.88,61,61,3
2024-02-27,617.8818120123971,472.5299123032187,2017-12-31,2017-12-29,2026-05-15,96.07999999999996,96.07999999999996,3.88,61,61,3
2024-02-28,620.5555740325304,471.90532655461607,2017-12-31,2017-12-29,2026-05-15,96.07999999999996,96.07999999999996,3.88,61,61,3
2024-02-29,623.0487624578719,473.6017937803864,2017-12-31,2017-12-29,2026-05-15,96.07999999999996,96.07999999999996,3.88,61,61,3
2024-03-01,626.729040659661,478.0481240397988,2017-12-31,2017-12-29,2026-05-15,96.07999999999996,96.07999999999996,3.88,61,61,3
2024-03-04,627.9001772324833,477.53550589434246,2017-12-31,2017-12-29,2026-05-15,96.07999999999996,96.07999999999996,3.88,61,61,3
2024-03-05,626.0027532328519,472.76294667315415,2017-12-31,2017-12-29,2026-05-15,96.07999999999996,96.07999999999996,3.88,61,61,3
2024-03-06,628.9332715835876,475.15851700873134,2017-12-31,2017-12-29,2026-05-15,96.07999999999996,96.07999999999996,3.88,61,61,3
2024-03-07,633.111998400277,479.8751403186815,2017-12-31,2017-12-29,2026-05-15,96.07999999999996,96.07999999999996,3.88,61,61,3
2024-03-08,627.4737300677353,476.9948240125971,2017-12-31,2017-12-29,2026-05-15,96.07999999999996,96.07999999999996,3.88,61,61,3
2024-03-11,620.1244226162911,476.5846911839641,2017-12-31,2017-12-29,2026-05-15,96.07999999999996,96.07999999999996,3.88,61,61,3
2024-03-12,625.8940984282597,481.7114473225472,2017-12-31,2017-12-29,2026-05-15,96.07999999999996,96.07999999999996,3.88,61,61,3
2024-03-13,624.9968648720144,480.9564083015022,2017-12-31,2017-12-29,2026-05-15,96.07999999999996,96.07999999999996,3.88,61,61,3
2024-03-14,621.3002988858973,480.0056893717938,2017-12-31,2017-12-29,2026-05-15,96.07999999999996,96.07999999999996,3.88,61,61,3
2024-03-15,620.6300870012112,476.70958917755064,2017-12-31,2017-12-29,2026-05-15,96.07999999999996,96.07999999999996,3.88,61,61,3
2024-03-18,619.7917396556561,479.5427813940302,2017-12-31,2017-12-29,2026-05-15,96.07999999999996,96.07999999999996,3.88,61,61,3
2024-03-19,623.6050027234259,482.2075911927758,2017-12-31,2017-12-29,2026-05-15,96.07999999999996,96.07999999999996,3.88,61,61,3
2024-03-20,629.0726243663045,486.66771386865787,2017-12-31,2017-12-29,2026-05-15,96.07999999999996,96.07999999999996,3.88,61,61,3
2024-03-21,629.0594777747907,488.2759670974243,2017-12-31,2017-12-29,2026-05-15,96.07999999999996,96.07999999999996,3.88,61,61,3
2024-03-22,628.4642980926527,487.350342703237,2017-12-31,2017-12-29,2026-05-15,96.07999999999996,96.07999999999996,3.88,61,61,3
2024-03-25,627.7503515848439,486.00385804538473,2017-12-31,2017-12-29,2026-05-15,96.07999999999996,96.07999999999996,3.88,61,61,3
2024-03-26,630.3902386843017,485.1062016068165,2017-12-31,2017-12-29,2026-05-15,96.07999999999996,96.07999999999996,3.88,61,61,3
2024-03-27,637.64948982373,489.18301004164545,2017-12-31,2017-12-29,2026-05-15,96.07999999999996,96.07999999999996,3.88,61,61,3
2024-03-28,638.0621744798069,489.08943232712545,2017-12-31,2017-12-29,2026-05-15,96.07999999999996,96.07999999999996,3.88,61,61,3
2024-04-01,637.7967487881276,488.23861263615225,2017-12-31,2017-12-29,2026-05-15,96.07999999999996,96.07999999999996,3.88,61,61,3
2024-04-02,628.8764117822926,485.1342653431056,2017-12-31,2017-12-29,2026-05-15,96.07999999999996,96.07999999999996,3.88,61,61,3
2024-04-03,630.0684703556279,485.6671889905867,2017-12-31,2017-12-29,2026-05-15,96.07999999999996,96.07999999999996,3.88,61,61,3
2024-04-04,618.7949109208839,479.73913176738324,2017-12-31,2017-12-29,2026-05-15,96.07999999999996,96.07999999999996,3.88,61,61,3
2024-04-05,620.7873544089845,484.75085532138246,2017-12-31,2017-12-29,2026-05-15,96.07999999999996,96.07999999999996,3.88,61,61,3
2024-04-08,625.447284499964,485.02201039794954,2017-12-31,2017-12-29,2026-05-15,96.07999999999996,96.07999999999996,3.88,61,61,3
2024-04-09,623.2177706446064,485.58309356238965,2017-12-31,2017-12-29,2026-05-15,96.07999999999996,96.07999999999996,3.88,61,61,3
2024-04-10,621.3657671788021,480.7208836341485,2017-12-31,2017-12-29,2026-05-15,96.07999999999996,96.07999999999996,3.88,61,61,3
2024-04-11,623.0410975091717,484.3488638496933,2017-12-31,2017-12-29,2026-05-15,96.07999999999996,96.07999999999996,3.88,61,61,3
2024-04-12,614.4721057126858,477.66327730802686,2017-12-31,2017-12-29,2026-05-15,96.07999999999996,96.07999999999996,3.88,61,61,3
2024-04-15,610.9275693102288,471.67909261224537,2017-12-31,2017-12-29,2026-05-15,96.07999999999996,96.07999999999996,3.88,61,61,3
2024-04-16,612.0389924416997,470.8188864156192,2017-12-31,2017-12-29,2026-05-15,96.07999999999996,96.07999999999996,3.88,61,61,3
2024-04-17,606.3816540993128,468.03243516606454,2017-12-31,2017-12-29,2026-05-15,96.07999999999996,96.07999999999996,3.88,61,61,3
2024-04-18,603.8126023856879,467.0693605299353,2017-12-31,2017-12-29,2026-05-15,96.07999999999996,96.07999999999996,3.88,61,61,3
2024-04-19,603.2265413001519,462.9925520951065,2017-12-31,2017-12-29,2026-05-15,96.07999999999996,96.07999999999996,3.88,61,61,3
2024-04-22,607.7759063688778,467.2563243976354,2017-12-31,2017-12-29,2026-05-15,96.07999999999996,96.07999999999996,3.88,61,61,3
2024-04-23,614.2803982052576,472.80116316045564,2017-12-31,2017-12-29,2026-05-15,96.07999999999996,96.07999999999996,3.88,61,61,3
2024-04-24,615.9482019742942,472.5767490508136,2017-12-31,2017-12-29,2026-05-15,96.07999999999996,96.07999999999996,3.88,61,61,3
2024-04-25,614.8600845357928,470.7814361736772,2017-12-31,2017-12-29,2026-05-15,96.07999999999996,96.07999999999996,3.88,61,61,3
2024-04-26,619.2915441912744,475.2415588495593,2017-12-31,2017-12-29,2026-05-15,96.07999999999996,96.07999999999996,3.88,61,61,3
2024-04-29,622.60541574364,476.9246167815396,2017-12-31,2017-12-29,2026-05-15,96.07999999999996,96.07999999999996,3.88,61,61,3
2024-04-30,618.2257288182723,469.36953331826385,2017-12-31,2017-12-29,2026-05-15,96.07999999999996,96.07999999999996,3.88,61,61,3
2024-05-01,615.252235624377,467.8454712983645,2017-12-31,2017-12-29,2026-05-15,96.07999999999996,96.07999999999996,3.88,61,61,3
2024-05-02,620.4456317049209,472.2214027653796,2017-12-31,2017-12-29,2026-05-15,96.07999999999996,96.07999999999996,3.88,61,61,3
2024-05-03,625.1834702188968,478.0747510660389,2017-12-31,2017-12-29,2026-05-15,96.07999999999996,96.07999999999996,3.88,61,61,3
2024-05-06,631.5735891369687,483.01176569749407,2017-12-31,2017-12-29,2026-05-15,96.07999999999996,96.07999999999996,3.88,61,61,3
2024-05-07,632.336299698477,483.54468934497515,2017-12-31,2017-12-29,2026-05-15,96.07999999999996,96.07999999999996,3.88,61,61,3
2024-05-08,629.0883658678546,483.59143031190024,2017-12-31,2017-12-29,2026-05-15,96.07999999999996,96.07999999999996,3.88,61,61,3
2024-05-09,633.9353826569615,486.37788156145484,2017-12-31,2017-12-29,2026-05-15,96.07999999999996,96.07999999999996,3.88,61,61,3
2024-05-10,633.8322454220121,487.00428714278604,2017-12-31,2017-12-29,2026-05-15,96.07999999999996,96.07999999999996,3.88,61,61,3
2024-05-13,630.5986837957302,487.06980112101695,2017-12-31,2017-12-29,2026-05-15,96.07999999999996,96.07999999999996,3.88,61,61,3
2024-05-14,636.2051020740274,489.30455571178453,2017-12-31,2017-12-29,2026-05-15,96.07999999999996,96.07999999999996,3.88,61,61,3
2024-05-15,636.0216864090269,495.3635451107799,2017-12-31,2017-12-29,2026-05-15,96.07999999999996,96.07999999999996,3.88,61,61,3
2024-05-16,635.8519568325003,494.3443430020728,2017-12-31,2017-12-29,2026-05-15,96.07999999999996,96.07999999999996,3.88,61,61,3
2024-05-17,631.1296823731925,495.0550355729408,2017-12-31,2017-12-29,2026-05-15,96.07999999999996,96.07999999999996,3.88,61,61,3
2024-05-20,630.2431209070551,495.625409462364,2017-12-31,2017-12-29,2026-05-15,96.07999999999996,96.07999999999996,3.88,61,61,3
2024-05-21,626.4150586685821,496.8409619444243,2017-12-31,2017-12-29,2026-05-15,96.07999999999996,96.07999999999996,3.88,61,61,3
2024-05-22,623.2949725927539,495.41028607770494,2017-12-31,2017-12-29,2026-05-15,96.07999999999996,96.07999999999996,3.88,61,61,3
2024-05-23,617.1459876171255,491.79169236781314,2017-12-31,2017-12-29,2026-05-15,96.07999999999996,96.07999999999996,3.88,61,61,3
2024-05-24,621.6953603475124,495.04564906728785,2017-12-31,2017-12-29,2026-05-15,96.07999999999996,96.07999999999996,3.88,61,61,3
2024-05-28,619.9812946027473,495.391608847069,2017-12-31,2017-12-29,2026-05-15,96.07999999999996,96.07999999999996,3.88,61,61,3
2024-05-29,613.6286591436403,491.92262454360514,2017-12-31,2017-12-29,2026-05-15,96.07999999999996,96.07999999999996,3.88,61,61,3
2024-05-30,616.6287733984573,488.6593771191473,2017-12-31,2017-12-29,2026-05-15,96.07999999999996,96.07999999999996,3.88,61,61,3
2024-05-31,619.5240837286603,493.11011328937633,2017-12-31,2017-12-29,2026-05-15,96.07999999999996,96.07999999999996,3.88,61,61,3
2024-06-03,621.1334951642348,493.5122005417354,2017-12-31,2017-12-29,2026-05-15,96.07999999999996,96.07999999999996,3.88,61,61,3
2024-06-04,618.6076848763188,494.06389720052266,2017-12-31,2017-12-29,2026-05-15,96.07999999999996,96.07999999999996,3.88,61,61,3
2024-06-05,627.476196144958,499.93592273181804,2017-12-31,2017-12-29,2026-05-15,96.07999999999996,96.07999999999996,3.88,61,61,3
2024-06-06,621.5103610194047,499.926536226165,2017-12-31,2017-12-29,2026-05-15,96.07999999999996,96.07999999999996,3.88,61,61,3
2024-06-07,617.6716790719869,499.31880787546976,2017-12-31,2017-12-29,2026-05-15,96.07999999999996,96.07999999999996,3.88,61,61,3
2024-06-10,620.4645376238249,500.8615471260053,2017-12-31,2017-12-29,2026-05-15,96.07999999999996,96.07999999999996,3.88,61,61,3
2024-06-11,620.3007228946697,502.0678088830825,2017-12-31,2017-12-29,2026-05-15,96.07999999999996,96.07999999999996,3.88,61,61,3
2024-06-12,633.5443427844737,506.1912625041665,2017-12-31,2017-12-29,2026-05-15,96.07999999999996,96.07999999999996,3.88,61,61,3
2024-06-13,630.7476909899561,507.2104646128737,2017-12-31,2017-12-29,2026-05-15,96.07999999999996,96.07999999999996,3.88,61,61,3
2024-06-14,623.5287719063836,507.5190699313827,2017-12-31,2017-12-29,2026-05-15,96.07999999999996,96.07999999999996,3.88,61,61,3
2024-06-17,634.0476616876249,511.55842812426977,2017-12-31,2017-12-29,2026-05-15,96.07999999999996,96.07999999999996,3.88,61,61,3
2024-06-18,637.2893485507375,512.858076034527,2017-12-31,2017-12-29,2026-05-15,96.07999999999996,96.07999999999996,3.88,61,61,3
2024-06-20,633.9645070754196,511.4648504097498,2017-12-31,2017-12-29,2026-05-15,96.07999999999996,96.07999999999996,3.88,61,61,3
2024-06-21,635.5632509987793,510.77915659373286,2017-12-31,2017-12-29,2026-05-15,96.07999999999996,96.07999999999996,3.88,61,61,3
2024-06-24,637.9006770681586,509.1187986805256,2017-12-31,2017-12-29,2026-05-15,96.07999999999996,96.07999999999996,3.88,61,61,3
2024-06-25,638.1162223588848,511.07933321328824,2017-12-31,2017-12-29,2026-05-15,96.07999999999996,96.07999999999996,3.88,61,61,3
2024-06-26,636.9405919503153,511.71723247501086,2017-12-31,2017-12-29,2026-05-15,96.07999999999996,96.07999999999996,3.88,61,61,3
2024-06-27,637.4439296242849,512.5239930578172,2017-12-31,2017-12-29,2026-05-15,96.07999999999996,96.07999999999996,3.88,61,61,3
2024-06-28,636.9208546245407,510.50713949113646,2017-12-31,2017-12-29,2026-05-15,96.07999999999996,96.07999999999996,3.88,61,61,3
2024-07-01,631.281028781099,511.5577576595802,2017-12-31,2017-12-29,2026-05-15,96.07999999999996,96.07999999999996,3.88,61,61,3
2024-07-02,630.8095344224956,515.0004022788137,2017-12-31,2017-12-29,2026-05-15,96.07999999999996,96.07999999999996,3.88,61,61,3
2024-07-03,631.8037330355706,517.2986594537437,2017-12-31,2017-12-29,2026-05-15,96.07999999999996,96.07999999999996,3.88,61,61,3
2024-07-05,630.0080503109673,520.2816526379912,2017-12-31,2017-12-29,2026-05-15,96.07999999999996,96.07999999999996,3.88,61,61,3
2024-07-08,625.3756921029078,520.882005877102,2017-12-31,2017-12-29,2026-05-15,96.07999999999996,96.07999999999996,3.88,61,61,3
2024-07-09,618.1599114580066,521.3885898403528,2017-12-31,2017-12-29,2026-05-15,96.07999999999996,96.07999999999996,3.88,61,61,3
2024-07-10,618.2337385267839,526.5478156260416,2017-12-31,2017-12-29,2026-05-15,96.07999999999996,96.07999999999996,3.88,61,61,3
2024-07-11,626.5436105786353,522.0077160907695,2017-12-31,2017-12-29,2026-05-15,96.07999999999996,96.07999999999996,3.88,61,61,3
2024-07-12,630.0974386808958,525.3002724002254,2017-12-31,2017-12-29,2026-05-15,96.07999999999996,96.07999999999996,3.88,61,61,3
2024-07-15,633.4255360585062,526.7448364640842,2017-12-31,2017-12-29,2026-05-15,96.07999999999996,96.07999999999996,3.88,61,61,3
2024-07-16,644.046749220123,529.8685314524564,2017-12-31,2017-12-29,2026-05-15,96.07999999999996,96.07999999999996,3.88,61,61,3
2024-07-17,634.6784049330645,522.4392080087965,2017-12-31,2017-12-29,2026-05-15,96.07999999999996,96.07999999999996,3.88,61,61,3
2024-07-18,627.5045324553985,518.4242738867413,2017-12-31,2017-12-29,2026-05-15,96.07999999999996,96.07999999999996,3.88,61,61,3
2024-07-19,625.1245196182688,514.9816292675077,2017-12-31,2017-12-29,2026-05-15,96.07999999999996,96.07999999999996,3.88,61,61,3
2024-07-22,632.1245740228345,520.2910391436443,2017-12-31,2017-12-29,2026-05-15,96.07999999999996,96.07999999999996,3.88,61,61,3
2024-07-23,631.5513710349636,519.4748920551849,2017-12-31,2017-12-29,2026-05-15,96.07999999999996,96.07999999999996,3.88,61,61,3
2024-07-24,619.0143387892006,507.7023941336255,2017-12-31,2017-12-29,2026-05-15,96.07999999999996,96.07999999999996,3.88,61,61,3
2024-07-25,618.7758416133177,505.05702781087535,2017-12-31,2017-12-29,2026-05-15,96.07999999999996,96.07999999999996,3.88,61,61,3
2024-07-26,624.8260758597502,510.7135468348321,2017-12-31,2017-12-29,2026-05-15,96.07999999999996,96.07999999999996,3.88,61,61,3
2024-07-29,627.005125521066,511.0137234543874,2017-12-31,2017-12-29,2026-05-15,96.07999999999996,96.07999999999996,3.88,61,61,3
2024-07-30,631.690105195915,508.42467616555507,2017-12-31,2017-12-29,2026-05-15,96.07999999999996,96.07999999999996,3.88,61,61,3
2024-07-31,630.7429488506035,516.68891970898,2017-12-31,2017-12-29,2026-05-15,96.07999999999996,96.07999999999996,3.88,61,61,3
2024-08-01,623.8603696778202,509.372138552486,2017-12-31,2017-12-29,2026-05-15,96.07999999999996,96.07999999999996,3.88,61,61,3
2024-08-02,611.4078833712773,499.8884155195335,2017-12-31,2017-12-29,2026-05-15,96.07999999999996,96.07999999999996,3.88,61,61,3
2024-08-05,600.9099345751004,485.3298494710992,2017-12-31,2017-12-29,2026-05-15,96.07999999999996,96.07999999999996,3.88,61,61,3
2024-08-06,610.1701192495952,489.80433924747047,2017-12-31,2017-12-29,2026-05-15,96.07999999999996,96.07999999999996,3.88,61,61,3
2024-08-07,602.9943256013083,486.53055594932056,2017-12-31,2017-12-29,2026-05-15,96.07999999999996,96.07999999999996,3.88,61,61,3
2024-08-08,612.8193314152452,497.77779267699316,2017-12-31,2017-12-29,2026-05-15,96.07999999999996,96.07999999999996,3.88,61,61,3
2024-08-09,614.1234223652475,499.97279828974047,2017-12-31,2017-12-29,2026-05-15,96.07999999999996,96.07999999999996,3.88,61,61,3
2024-08-12,610.7714806876418,500.23542888668385,2017-12-31,2017-12-29,2026-05-15,96.07999999999996,96.07999999999996,3.88,61,61,3
2024-08-13,617.3639860440986,508.4622221881669,2017-12-31,2017-12-29,2026-05-15,96.07999999999996,96.07999999999996,3.88,61,61,3
2024-08-14,616.8952409106166,510.0662610674565,2017-12-31,2017-12-29,2026-05-15,96.07999999999996,96.07999999999996,3.88,61,61,3
2024-08-15,629.0523694825275,518.8089290571735,2017-12-31,2017-12-29,2026-05-15,96.07999999999996,96.07999999999996,3.88,61,61,3
2024-08-16,629.2537156535059,519.9720895127829,2017-12-31,2017-12-29,2026-05-15,96.07999999999996,96.07999999999996,3.88,61,61,3
2024-08-19,631.7165238802418,524.9437767467521,2017-12-31,2017-12-29,2026-05-15,96.07999999999996,96.07999999999996,3.88,61,61,3
2024-08-20,626.3347473739441,524.090179416351,2017-12-31,2017-12-29,2026-05-15,96.07999999999996,96.07999999999996,3.88,61,61,3
2024-08-21,633.596201332809,525.8912391336831,2017-12-31,2017-12-29,2026-05-15,96.07999999999996,96.07999999999996,3.88,61,61,3
2024-08-22,628.3337372229889,521.763762724462,2017-12-31,2017-12-29,2026-05-15,96.07999999999996,96.07999999999996,3.88,61,61,3
2024-08-23,638.6298349083637,527.307643680583,2017-12-31,2017-12-29,2026-05-15,96.07999999999996,96.07999999999996,3.88,61,61,3
2024-08-26,637.8533442310116,526.0507139491136,2017-12-31,2017-12-29,2026-05-15,96.07999999999996,96.07999999999996,3.88,61,61,3
2024-08-27,637.9569121894474,526.7729959810431,2017-12-31,2017-12-29,2026-05-15,96.07999999999996,96.07999999999996,3.88,61,61,3
2024-08-28,630.4797341942535,523.7149107515719,2017-12-31,2017-12-29,2026-05-15,96.07999999999996,96.07999999999996,3.88,61,61,3
2024-08-29,629.7903470124312,523.7618432798367,2017-12-31,2017-12-29,2026-05-15,96.07999999999996,96.07999999999996,3.88,61,61,3
2024-08-30,631.2736924487041,528.7616900307648,2017-12-31,2017-12-29,2026-05-15,96.07999999999996,96.07999999999996,3.88,61,61,3
2024-09-03,620.9078579293241,517.8802396815485,2017-12-31,2017-12-29,2026-05-15,96.07999999999996,96.07999999999996,3.88,61,61,3
2024-09-04,623.3885413630561,516.8202350074517,2017-12-31,2017-12-29,2026-05-15,96.07999999999996,96.07999999999996,3.88,61,61,3
2024-09-05,619.8115260409895,515.5632094953125,2017-12-31,2017-12-29,2026-05-15,96.07999999999996,96.07999999999996,3.88,61,61,3
2024-09-06,612.474359946462,506.8862470451664,2017-12-31,2017-12-29,2026-05-15,96.07999999999996,96.07999999999996,3.88,61,61,3
2024-09-09,613.3871773972229,512.561443299759,2017-12-31,2017-12-29,2026-05-15,96.07999999999996,96.07999999999996,3.88,61,61,3
2024-09-10,615.3134314736199,514.7940907157881,2017-12-31,2017-12-29,2026-05-15,96.07999999999996,96.07999999999996,3.88,61,61,3
2024-09-11,619.7858742257883,520.0752452942958,2017-12-31,2017-12-29,2026-05-15,96.07999999999996,96.07999999999996,3.88,61,61,3
2024-09-12,624.2696519189682,524.4559657948072,2017-12-31,2017-12-29,2026-05-15,96.07999999999996,96.07999999999996,3.88,61,61,3
2024-09-13,630.8620195051648,527.1951013934172,2017-12-31,2017-12-29,2026-05-15,96.07999999999996,96.07999999999996,3.88,61,61,3
2024-09-16,636.5673335457838,527.9737024592645,2017-12-31,2017-12-29,2026-05-15,96.07999999999996,96.07999999999996,3.88,61,61,3
2024-09-17,641.7947460237236,528.189400527943,2017-12-31,2017-12-29,2026-05-15,96.07999999999996,96.07999999999996,3.88,61,61,3
2024-09-18,640.2846201346816,526.6229076712654,2017-12-31,2017-12-29,2026-05-15,96.07999999999996,96.07999999999996,3.88,61,61,3
2024-09-19,650.9206681433817,535.60943324662,2017-12-31,2017-12-29,2026-05-15,96.07999999999996,96.07999999999996,3.88,61,61,3
2024-09-20,647.7724645973786,534.6836172910928,2017-12-31,2017-12-29,2026-05-15,96.07999999999996,96.07999999999996,3.88,61,61,3
2024-09-23,650.3634228283066,536.0196618559229,2017-12-31,2017-12-29,2026-05-15,96.07999999999996,96.07999999999996,3.88,61,61,3
2024-09-24,652.3418216839174,537.553397723485,2017-12-31,2017-12-29,2026-05-15,96.07999999999996,96.07999999999996,3.88,61,61,3
2024-09-25,648.8894724105362,536.3678245911124,2017-12-31,2017-12-29,2026-05-15,96.07999999999996,96.07999999999996,3.88,61,61,3
2024-09-26,655.8726593716384,538.4943470248609,2017-12-31,2017-12-29,2026-05-15,96.07999999999996,96.07999999999996,3.88,61,61,3
2024-09-27,652.5530799094781,537.7133514422653,2017-12-31,2017-12-29,2026-05-15,96.07999999999996,96.07999999999996,3.88,61,61,3
2024-09-30,652.7027476695787,539.8681291736427,2017-12-31,2017-12-29,2026-05-15,96.07999999999996,96.07999999999996,3.88,61,61,3
2024-10-01,652.222385917031,535.0316842456124,2017-12-31,2017-12-29,2026-05-15,96.07999999999996,96.07999999999996,3.88,61,61,3
2024-10-02,653.4594780989681,535.2575350653033,2017-12-31,2017-12-29,2026-05-15,96.07999999999996,96.07999999999996,3.88,61,61,3
2024-10-03,646.9445883475908,534.2789439606457,2017-12-31,2017-12-29,2026-05-15,96.07999999999996,96.07999999999996,3.88,61,61,3
2024-10-04,654.2284583216331,539.134161899982,2017-12-31,2017-12-29,2026-05-15,96.07999999999996,96.07999999999996,3.88,61,61,3
2024-10-07,644.2649261177897,534.2601709493397,2017-12-31,2017-12-29,2026-05-15,96.07999999999996,96.07999999999996,3.88,61,61,3
2024-10-08,647.8367332051577,539.3129844107382,2017-12-31,2017-12-29,2026-05-15,96.07999999999996,96.07999999999996,3.88,61,61,3
2024-10-09,649.7767222240268,543.0484305379426,2017-12-31,2017-12-29,2026-05-15,96.07999999999996,96.07999999999996,3.88,61,61,3
2024-10-10,645.578444058854,542.0980947309139,2017-12-31,2017-12-29,2026-05-15,96.07999999999996,96.07999999999996,3.88,61,61,3
2024-10-11,651.5854608752155,545.3442931961243,2017-12-31,2017-12-29,2026-05-15,96.07999999999996,96.07999999999996,3.88,61,61,3
2024-10-14,652.7686922586525,549.8043200913365,2017-12-31,2017-12-29,2026-05-15,96.07999999999996,96.07999999999996,3.88,61,61,3
2024-10-15,653.0177916644011,545.5325022125336,2017-12-31,2017-12-29,2026-05-15,96.07999999999996,96.07999999999996,3.88,61,61,3
2024-10-16,653.2955610527017,547.9036484772789,2017-12-31,2017-12-29,2026-05-15,96.07999999999996,96.07999999999996,3.88,61,61,3
2024-10-17,653.4200279050514,547.9506767862138,2017-12-31,2017-12-29,2026-05-15,96.07999999999996,96.07999999999996,3.88,61,61,3
2024-10-18,654.8313919409552,550.0583304279863,2017-12-31,2017-12-29,2026-05-15,96.07999999999996,96.07999999999996,3.88,61,61,3
2024-10-21,651.3094316904971,549.1551187105624,2017-12-31,2017-12-29,2026-05-15,96.07999999999996,96.07999999999996,3.88,61,61,3
2024-10-22,648.3737759280037,548.8633707899608,2017-12-31,2017-12-29,2026-05-15,96.07999999999996,96.07999999999996,3.88,61,61,3
2024-10-23,645.687313742345,543.848199131844,2017-12-31,2017-12-29,2026-05-15,96.07999999999996,96.07999999999996,3.88,61,61,3
2024-10-24,644.3659412620851,545.0243857585639,2017-12-31,2017-12-29,2026-05-15,96.07999999999996,96.07999999999996,3.88,61,61,3
2024-10-25,646.4053151648325,544.8361767421547,2017-12-31,2017-12-29,2026-05-15,96.07999999999996,96.07999999999996,3.88,61,61,3
2024-10-28,654.951390509787,546.5204798228442,2017-12-31,2017-12-29,2026-05-15,96.07999999999996,96.07999999999996,3.88,61,61,3
2024-10-29,655.0267438964775,547.4049185289622,2017-12-31,2017-12-29,2026-05-15,96.07999999999996,96.07999999999996,3.88,61,61,3
2024-10-30,636.1410470220022,545.7488707459016,2017-12-31,2017-12-29,2026-05-15,96.07999999999996,96.07999999999996,3.88,61,61,3
2024-10-31,629.0728469937236,535.0505530375882,2017-12-31,2017-12-29,2026-05-15,96.07999999999996,96.07999999999996,3.88,61,61,3
2024-11-01,635.3035304906763,537.3087738924881,2017-12-31,2017-12-29,2026-05-15,96.07999999999996,96.07999999999996,3.88,61,61,3
2024-11-04,634.0093373931496,536.1514560577443,2017-12-31,2017-12-29,2026-05-15,96.07999999999996,96.07999999999996,3.88,61,61,3
2024-11-05,642.0648166324006,542.6344664825124,2017-12-31,2017-12-29,2026-05-15,96.07999999999996,96.07999999999996,3.88,61,61,3
2024-11-06,663.9545839762926,556.1273767973244,2017-12-31,2017-12-29,2026-05-15,96.07999999999996,96.07999999999996,3.88,61,61,3
2024-11-07,667.7298470125423,560.4274499737562,2017-12-31,2017-12-29,2026-05-15,96.07999999999996,96.07999999999996,3.88,61,61,3
2024-11-08,671.4162101962154,562.8550110530894,2017-12-31,2017-12-29,2026-05-15,96.07999999999996,96.07999999999996,3.88,61,61,3
2024-11-11,675.5707349150933,563.3913828046879,2017-12-31,2017-12-29,2026-05-15,96.07999999999996,96.07999999999996,3.88,61,61,3
2024-11-12,673.2241112391517,561.6411826230877,2017-12-31,2017-12-29,2026-05-15,96.07999999999996,96.07999999999996,3.88,61,61,3
2024-11-13,674.8075896326338,561.9140617517136,2017-12-31,2017-12-29,2026-05-15,96.07999999999996,96.07999999999996,3.88,61,61,3
2024-11-14,669.6534786901644,558.3009275400077,2017-12-31,2017-12-29,2026-05-15,96.07999999999996,96.07999999999996,3.88,61,61,3
2024-11-15,660.9324520461263,551.1498469424894,2017-12-31,2017-12-29,2026-05-15,96.07999999999996,96.07999999999996,3.88,61,61,3
2024-11-18,664.483139254724,553.4080677973894,2017-12-31,2017-12-29,2026-05-15,96.07999999999996,96.07999999999996,3.88,61,61,3
2024-11-19,663.1287161378738,555.4310513269454,2017-12-31,2017-12-29,2026-05-15,96.07999999999996,96.07999999999996,3.88,61,61,3
2024-11-20,663.454474174437,555.6192603433547,2017-12-31,2017-12-29,2026-05-15,96.07999999999996,96.07999999999996,3.88,61,61,3
2024-11-21,669.536463598474,558.6020619662623,2017-12-31,2017-12-29,2026-05-15,96.07999999999996,96.07999999999996,3.88,61,61,3
2024-11-22,674.0620776972435,560.3332975752166,2017-12-31,2017-12-29,2026-05-15,96.07999999999996,96.07999999999996,3.88,61,61,3
2024-11-25,684.5854732235703,562.233969189274,2017-12-31,2017-12-29,2026-05-15,96.07999999999996,96.07999999999996,3.88,61,61,3
2024-11-26,685.0590776101103,565.169742503247,2017-12-31,2017-12-29,2026-05-15,96.07999999999996,96.07999999999996,3.88,61,61,3
2024-11-27,682.5321689025852,563.4571841249286,2017-12-31,2017-12-29,2026-05-15,96.07999999999996,96.07999999999996,3.88,61,61,3
2024-11-29,683.1211979416247,566.9574887074591,2017-12-31,2017-12-29,2026-05-15,96.07999999999996,96.07999999999996,3.88,61,61,3
2024-12-02,678.8738159062409,567.9737216153985,2017-12-31,2017-12-29,2026-05-15,96.07999999999996,96.07999999999996,3.88,61,61,3
2024-12-03,676.4675214290112,568.2371184577014,2017-12-31,2017-12-29,2026-05-15,96.07999999999996,96.07999999999996,3.88,61,61,3
2024-12-04,680.7298657015101,571.7655825571907,2017-12-31,2017-12-29,2026-05-15,96.07999999999996,96.07999999999996,3.88,61,61,3
2024-12-05,679.0350645536063,570.8247290364848,2017-12-31,2017-12-29,2026-05-15,96.07999999999996,96.07999999999996,3.88,61,61,3
2024-12-06,679.1812272098921,571.9067632646651,2017-12-31,2017-12-29,2026-05-15,96.07999999999996,96.07999999999996,3.88,61,61,3
2024-12-09,670.5495528209617,568.9616992257091,2017-12-31,2017-12-29,2026-05-15,96.07999999999996,96.07999999999996,3.88,61,61,3
2024-12-10,671.8911873074921,567.1927260328031,2017-12-31,2017-12-29,2026-05-15,96.07999999999996,96.07999999999996,3.88,61,61,3
2024-12-11,676.0722497704767,571.5774693214515,2017-12-31,2017-12-29,2026-05-15,96.07999999999996,96.07999999999996,3.88,61,61,3
2024-12-12,670.0769961330901,568.6323095018256,2017-12-31,2017-12-29,2026-05-15,96.07999999999996,96.07999999999996,3.88,61,61,3
2024-12-13,660.5807208026317,568.5193840919801,2017-12-31,2017-12-29,2026-05-15,96.07999999999996,96.07999999999996,3.88,61,61,3
2024-12-16,660.3622097517424,570.9470409519832,2017-12-31,2017-12-29,2026-05-15,96.07999999999996,96.07999999999996,3.88,61,61,3
2024-12-17,656.7134321881557,568.5946676985437,2017-12-31,2017-12-29,2026-05-15,96.07999999999996,96.07999999999996,3.88,61,61,3
2024-12-18,637.0193838097684,551.6485768908062,2017-12-31,2017-12-29,2026-05-15,96.07999999999996,96.07999999999996,3.88,61,61,3
2024-12-19,641.5047233888648,551.479140885703,2017-12-31,2017-12-29,2026-05-15,96.07999999999996,96.07999999999996,3.88,61,61,3
2024-12-20,644.3215361361372,558.1025657725861,2017-12-31,2017-12-29,2026-05-15,96.07999999999996,96.07999999999996,3.88,61,61,3
2024-12-23,643.7846696220544,561.4446406883949,2017-12-31,2017-12-29,2026-05-15,96.07999999999996,96.07999999999996,3.88,61,61,3
2024-12-24,648.4227382709153,567.6851344569045,2017-12-31,2017-12-29,2026-05-15,96.07999999999996,96.07999999999996,3.88,61,61,3
2024-12-26,649.5313969931996,567.7228720408563,2017-12-31,2017-12-29,2026-05-15,96.07999999999996,96.07999999999996,3.88,61,61,3
2024-12-27,644.097038090876,561.7467329213488,2017-12-31,2017-12-29,2026-05-15,96.07999999999996,96.07999999999996,3.88,61,61,3
2024-12-30,640.8790388832351,555.3363242443863,2017-12-31,2017-12-29,2026-05-15,96.07999999999996,96.07999999999996,3.88,61,61,3
2024-12-31,640.3979492481113,553.3159267929184,2017-12-31,2017-12-29,2026-05-15,96.07999999999996,96.07999999999996,3.88,61,61,3
2025-01-02,642.60251741027,551.9564159639558,2017-12-31,2017-12-29,2026-05-15,96.07999999999996,96.07999999999996,3.88,61,61,3
2025-01-03,647.4354164306911,558.8577963549708,2017-12-31,2017-12-29,2026-05-15,96.07999999999996,96.07999999999996,3.88,61,61,3
2025-01-06,642.7593517000322,562.0771762326015,2017-12-31,2017-12-29,2026-05-15,96.07999999999996,96.07999999999996,3.88,61,61,3
2025-01-07,636.5265327986436,555.7233739315667,2017-12-31,2017-12-29,2026-05-15,96.07999999999996,96.07999999999996,3.88,61,61,3
2025-01-08,635.7401200600303,556.535306670549,2017-12-31,2017-12-29,2026-05-15,96.07999999999996,96.07999999999996,3.88,61,61,3
2025-01-10,628.5279315375062,548.038507660538,2017-12-31,2017-12-29,2026-05-15,96.07999999999996,96.07999999999996,3.88,61,61,3
2025-01-13,631.8009869549444,548.8881779834721,2017-12-31,2017-12-29,2026-05-15,96.07999999999996,96.07999999999996,3.88,61,61,3
2025-01-14,634.3874634734647,549.6434085658569,2017-12-31,2017-12-29,2026-05-15,96.07999999999996,96.07999999999996,3.88,61,61,3
2025-01-15,637.5264591605775,559.6413780156545,2017-12-31,2017-12-29,2026-05-15,96.07999999999996,96.07999999999996,3.88,61,61,3
2025-01-16,639.3443164839921,558.56509062767,2017-12-31,2017-12-29,2026-05-15,96.07999999999996,96.07999999999996,3.88,61,61,3
2025-01-17,639.9153569538404,564.1730488519729,2017-12-31,2017-12-29,2026-05-15,96.07999999999996,96.07999999999996,3.88,61,61,3
2025-01-21,649.9702489182911,569.3372552324979,2017-12-31,2017-12-29,2026-05-15,96.07999999999996,96.07999999999996,3.88,61,61,3
2025-01-22,649.4546878430303,572.5377663181528,2017-12-31,2017-12-29,2026-05-15,96.07999999999996,96.07999999999996,3.88,61,61,3
2025-01-23,654.4296949962439,575.662706455234,2017-12-31,2017-12-29,2026-05-15,96.07999999999996,96.07999999999996,3.88,61,61,3
2025-01-24,651.408962604612,573.9822346013417,2017-12-31,2017-12-29,2026-05-15,96.07999999999996,96.07999999999996,3.88,61,61,3
2025-01-27,658.8543435150393,565.8630029921882,2017-12-31,2017-12-29,2026-05-15,96.07999999999996,96.07999999999996,3.88,61,61,3
2025-01-28,661.122052524291,570.7251171397594,2017-12-31,2017-12-29,2026-05-15,96.07999999999996,96.07999999999996,3.88,61,61,3
2025-01-29,668.0896533644767,568.1666238846342,2017-12-31,2017-12-29,2026-05-15,96.07999999999996,96.07999999999996,3.88,61,61,3
2025-01-30,672.1488184339998,571.2159930731419,2017-12-31,2017-12-29,2026-05-15,96.07999999999996,96.07999999999996,3.88,61,61,3
2025-01-31,665.9213475267226,568.176010390287,2017-12-31,2017-12-29,2026-05-15,96.07999999999996,96.07999999999996,3.88,61,61,3
2025-02-03,666.1481804485674,564.3524460467487,2017-12-31,2017-12-29,2026-05-15,96.07999999999996,96.07999999999996,3.88,61,61,3
2025-02-04,669.111848242581,568.1382728063353,2017-12-31,2017-12-29,2026-05-15,96.07999999999996,96.07999999999996,3.88,61,61,3
2025-02-05,669.0698519513213,570.4418936987813,2017-12-31,2017-12-29,2026-05-15,96.07999999999996,96.07999999999996,3.88,61,61,3
2025-02-06,675.0025307936239,572.4244577856275,2017-12-31,2017-12-29,2026-05-15,96.07999999999996,96.07999999999996,3.88,61,61,3
2025-02-07,667.006096014985,567.1847762371989,2017-12-31,2017-12-29,2026-05-15,96.07999999999996,96.07999999999996,3.88,61,61,3
2025-02-10,668.9061007754069,571.0366916590361,2017-12-31,2017-12-29,2026-05-15,96.07999999999996,96.07999999999996,3.88,61,61,3
2025-02-11,663.1348124357094,571.4709612164912,2017-12-31,2017-12-29,2026-05-15,96.07999999999996,96.07999999999996,3.88,61,61,3
2025-02-12,660.9829118247397,569.629960959799,2017-12-31,2017-12-29,2026-05-15,96.07999999999996,96.07999999999996,3.88,61,61,3
2025-02-13,668.4500984282,575.6438376632582,2017-12-31,2017-12-29,2026-05-15,96.07999999999996,96.07999999999996,3.88,61,61,3
2025-02-14,661.5357765003662,575.6154865849593,2017-12-31,2017-12-29,2026-05-15,96.07999999999996,96.07999999999996,3.88,61,61,3
2025-02-18,667.415383149452,577.3054407251747,2017-12-31,2017-12-29,2026-05-15,96.07999999999996,96.07999999999996,3.88,61,61,3
2025-02-19,655.6245330253545,578.6649515541372,2017-12-31,2017-12-29,2026-05-15,96.07999999999996,96.07999999999996,3.88,61,61,3
2025-02-20,648.7124433879268,576.2575044154888,2017-12-31,2017-12-29,2026-05-15,96.07999999999996,96.07999999999996,3.88,61,61,3
2025-02-21,631.6819825600711,566.4010987958454,2017-12-31,2017-12-29,2026-05-15,96.07999999999996,96.07999999999996,3.88,61,61,3
2025-02-24,636.1693437802674,563.8237367487443,2017-12-31,2017-12-29,2026-05-15,96.07999999999996,96.07999999999996,3.88,61,61,3
2025-02-25,636.066551823154,561.0197576365929,2017-12-31,2017-12-29,2026-05-15,96.07999999999996,96.07999999999996,3.88,61,61,3
2025-02-26,632.601599674309,561.3029810775708,2017-12-31,2017-12-29,2026-05-15,96.07999999999996,96.07999999999996,3.88,61,61,3
2025-02-27,631.5245631416699,552.343561431806,2017-12-31,2017-12-29,2026-05-15,96.07999999999996,96.07999999999996,3.88,61,61,3
2025-02-28,639.4263728840524,560.9631512606652,2017-12-31,2017-12-29,2026-05-15,96.07999999999996,96.07999999999996,3.88,61,61,3
2025-03-03,627.8253623848692,551.1350967193205,2017-12-31,2017-12-29,2026-05-15,96.07999999999996,96.07999999999996,3.88,61,61,3
2025-03-04,624.812618490741,544.6113795098329,2017-12-31,2017-12-29,2026-05-15,96.07999999999996,96.07999999999996,3.88,61,61,3
2025-03-05,625.8832640100011,550.4648235911621,2017-12-31,2017-12-29,2026-05-15,96.07999999999996,96.07999999999996,3.88,61,61,3
2025-03-06,615.6311939273799,540.6933754257451,2017-12-31,2017-12-29,2026-05-15,96.07999999999996,96.07999999999996,3.88,61,61,3
2025-03-07,620.396700348221,543.723971602947,2017-12-31,2017-12-29,2026-05-15,96.07999999999996,96.07999999999996,3.88,61,61,3
2025-03-10,608.1290315705559,529.2415511871056,2017-12-31,2017-12-29,2026-05-15,96.07999999999996,96.07999999999996,3.88,61,61,3
2025-03-11,599.7753981089359,524.8420576752882,2017-12-31,2017-12-29,2026-05-15,96.07999999999996,96.07999999999996,3.88,61,61,3
2025-03-12,598.6710592166003,527.6270722147939,2017-12-31,2017-12-29,2026-05-15,96.07999999999996,96.07999999999996,3.88,61,61,3
2025-03-13,584.9275771248858,520.5936102799478,2017-12-31,2017-12-29,2026-05-15,96.07999999999996,96.07999999999996,3.88,61,61,3
2025-03-14,594.6501879798657,531.3468103121301,2017-12-31,2017-12-29,2026-05-15,96.07999999999996,96.07999999999996,3.88,61,61,3
2025-03-17,599.8952897604609,535.4442115909936,2017-12-31,2017-12-29,2026-05-15,96.07999999999996,96.07999999999996,3.88,61,61,3
2025-03-18,593.3838154577942,529.6569519525848,2017-12-31,2017-12-29,2026-05-15,96.07999999999996,96.07999999999996,3.88,61,61,3
2025-03-19,602.9630200828669,535.4253427990177,2017-12-31,2017-12-29,2026-05-15,96.07999999999996,96.07999999999996,3.88,61,61,3
2025-03-20,602.3812774733018,533.8770482696265,2017-12-31,2017-12-29,2026-05-15,96.07999999999996,96.07999999999996,3.88,61,61,3
2025-03-21,599.1089160945983,534.052710018275,2017-12-31,2017-12-29,2026-05-15,96.07999999999996,96.07999999999996,3.88,61,61,3
2025-03-24,610.0717807815779,543.6167930332973,2017-12-31,2017-12-29,2026-05-15,96.07999999999996,96.07999999999996,3.88,61,61,3
2025-03-25,608.2253179657991,544.9235287131293,2017-12-31,2017-12-29,2026-05-15,96.07999999999996,96.07999999999996,3.88,61,61,3
2025-03-26,609.8410671420494,538.4181056115979,2017-12-31,2017-12-29,2026-05-15,96.07999999999996,96.07999999999996,3.88,61,61,3
2025-03-27,615.2531889879115,536.9881959902381,2017-12-31,2017-12-29,2026-05-15,96.07999999999996,96.07999999999996,3.88,61,61,3
2025-03-28,603.5283820937342,526.1741752326512,2017-12-31,2017-12-29,2026-05-15,96.07999999999996,96.07999999999996,3.88,61,61,3
2025-03-31,606.8955578921291,529.7062789975978,2017-12-31,2017-12-29,2026-05-15,96.07999999999996,96.07999999999996,3.88,61,61,3
2025-04-01,612.3882961535163,531.202468842548,2017-12-31,2017-12-29,2026-05-15,96.07999999999996,96.07999999999996,3.88,61,61,3
2025-04-02,618.3086039654092,534.5640830150222,2017-12-31,2017-12-29,2026-05-15,96.07999999999996,96.07999999999996,3.88,61,61,3
2025-04-03,603.2793441800217,508.2202802159279,2017-12-31,2017-12-29,2026-05-15,96.07999999999996,96.07999999999996,3.88,61,61,3
2025-04-04,582.5407158071815,478.4675475934149,2017-12-31,2017-12-29,2026-05-15,96.07999999999996,96.07999999999996,3.88,61,61,3
2025-04-07,574.8960686599438,477.6153869730627,2017-12-31,2017-12-29,2026-05-15,96.07999999999996,96.07999999999996,3.88,61,61,3
2025-04-08,567.4347834633851,470.13453352898136,2017-12-31,2017-12-29,2026-05-15,96.07999999999996,96.07999999999996,3.88,61,61,3
2025-04-09,601.463367831758,519.5077448249705,2017-12-31,2017-12-29,2026-05-15,96.07999999999996,96.07999999999996,3.88,61,61,3
2025-04-10,591.2616747897487,496.7434572224372,2017-12-31,2017-12-29,2026-05-15,96.07999999999996,96.07999999999996,3.88,61,61,3
2025-04-11,596.3345413618732,505.6067130755939,2017-12-31,2017-12-29,2026-05-15,96.07999999999996,96.07999999999996,3.88,61,61,3
2025-04-14,598.7251346455326,510.5119285246329,2017-12-31,2017-12-29,2026-05-15,96.07999999999996,96.07999999999996,3.88,61,61,3
2025-04-15,595.4759531931595,509.0820189032731,2017-12-31,2017-12-29,2026-05-15,96.07999999999996,96.07999999999996,3.88,61,61,3
2025-04-16,589.5867411985337,497.766107435262,2017-12-31,2017-12-29,2026-05-15,96.07999999999996,96.07999999999996,3.88,61,61,3
2025-04-17,595.1220002789203,498.47632110278033,2017-12-31,2017-12-29,2026-05-15,96.07999999999996,96.07999999999996,3.88,61,61,3
2025-04-21,586.0101028158178,486.6112032734002,2017-12-31,2017-12-29,2026-05-15,96.07999999999996,96.07999999999996,3.88,61,61,3
2025-04-22,596.5866482122931,499.27177956653503,2017-12-31,2017-12-29,2026-05-15,96.07999999999996,96.07999999999996,3.88,61,61,3
2025-04-23,601.5423478630803,507.00827161865504,2017-12-31,2017-12-29,2026-05-15,96.07999999999996,96.07999999999996,3.88,61,61,3
2025-04-24,603.3334004198094,517.6801538620682,2017-12-31,2017-12-29,2026-05-15,96.07999999999996,96.07999999999996,3.88,61,61,3
2025-04-25,606.9655727076523,521.420580584109,2017-12-31,2017-12-29,2026-05-15,96.07999999999996,96.07999999999996,3.88,61,61,3
2025-04-28,609.6185555458161,521.6194212548801,2017-12-31,2017-12-29,2026-05-15,96.07999999999996,96.07999999999996,3.88,61,61,3
2025-04-29,607.6054087154685,524.9052729174409,2017-12-31,2017-12-29,2026-05-15,96.07999999999996,96.07999999999996,3.88,61,61,3
2025-04-30,615.3803178941304,525.113595874535,2017-12-31,2017-12-29,2026-05-15,96.07999999999996,96.07999999999996,3.88,61,61,3
2025-05-01,615.2665673793127,528.8350580239298,2017-12-31,2017-12-29,2026-05-15,96.07999999999996,96.07999999999996,3.88,61,61,3
2025-05-02,626.1887944479447,536.6851459505848,2017-12-31,2017-12-29,2026-05-15,96.07999999999996,96.07999999999996,3.88,61,61,3
2025-05-05,624.8614309817729,533.607617245118,2017-12-31,2017-12-29,2026-05-15,96.07999999999996,96.07999999999996,3.88,61,61,3
2025-05-06,625.4378194998704,529.147590349906,2017-12-31,2017-12-29,2026-05-15,96.07999999999996,96.07999999999996,3.88,61,61,3
2025-05-07,630.7744460090419,531.3728626543506,2017-12-31,2017-12-29,2026-05-15,96.07999999999996,96.07999999999996,3.88,61,61,3
2025-05-08,633.002425042985,535.0753602310996,2017-12-31,2017-12-29,2026-05-15,96.07999999999996,96.07999999999996,3.88,61,61,3
2025-05-09,630.3411555209263,534.3935934225499,2017-12-31,2017-12-29,2026-05-15,96.07999999999996,96.07999999999996,3.88,61,61,3
2025-05-12,647.7382650256299,552.0539206859429,2017-12-31,2017-12-29,2026-05-15,96.07999999999996,96.07999999999996,3.88,61,61,3
2025-05-13,649.0972158536196,555.6996203254245,2017-12-31,2017-12-29,2026-05-15,96.07999999999996,96.07999999999996,3.88,61,61,3
2025-05-14,653.5914082654784,556.4098339929429,2017-12-31,2017-12-29,2026-05-15,96.07999999999996,96.07999999999996,3.88,61,61,3
2025-05-15,656.6114894730687,559.127514721489,2017-12-31,2017-12-29,2026-05-15,96.07999999999996,96.07999999999996,3.88,61,61,3
2025-05-16,665.2382128137992,562.6691007727584,2017-12-31,2017-12-29,2026-05-15,96.07999999999996,96.07999999999996,3.88,61,61,3
2025-05-19,669.1307673555641,563.2845873577178,2017-12-31,2017-12-29,2026-05-15,96.07999999999996,96.07999999999996,3.88,61,61,3
2025-05-20,665.788269386815,561.3907161712252,2017-12-31,2017-12-29,2026-05-15,96.07999999999996,96.07999999999996,3.88,61,61,3
2025-05-21,654.3841431497575,551.930842525085,2017-12-31,2017-12-29,2026-05-15,96.07999999999996,96.07999999999996,3.88,61,61,3
2025-05-22,657.6346913303527,552.148647768502,2017-12-31,2017-12-29,2026-05-15,96.07999999999996,96.07999999999996,3.88,61,61,3
2025-05-23,659.1795770663226,548.3798699681626,2017-12-31,2017-12-29,2026-05-15,96.07999999999996,96.07999999999996,3.88,61,61,3
2025-05-27,673.0925704818277,559.78093045174,2017-12-31,2017-12-29,2026-05-15,96.07999999999996,96.07999999999996,3.88,61,61,3
2025-05-28,670.5583366246647,556.5423944401238,2017-12-31,2017-12-29,2026-05-15,96.07999999999996,96.07999999999996,3.88,61,61,3
2025-05-29,670.0869891270602,558.7393156662695,2017-12-31,2017-12-29,2026-05-15,96.07999999999996,96.07999999999996,3.88,61,61,3
2025-05-30,672.5887581499181,558.1143467949871,2017-12-31,2017-12-29,2026-05-15,96.07999999999996,96.07999999999996,3.88,61,61,3
2025-06-02,674.5117868859884,561.2581557240444,2017-12-31,2017-12-29,2026-05-15,96.07999999999996,96.07999999999996,3.88,61,61,3
2025-06-03,674.8587943552931,564.4587625903691,2017-12-31,2017-12-29,2026-05-15,96.07999999999996,96.07999999999996,3.88,61,61,3
2025-06-04,678.4114743279475,564.3073333512124,2017-12-31,2017-12-29,2026-05-15,96.07999999999996,96.07999999999996,3.88,61,61,3
2025-06-05,678.1413063029631,561.5800745556736,2017-12-31,2017-12-29,2026-05-15,96.07999999999996,96.07999999999996,3.88,61,61,3
2025-06-06,685.2414082241309,567.3469329113875,2017-12-31,2017-12-29,2026-05-15,96.07999999999996,96.07999999999996,3.88,61,61,3
2025-06-09,683.2723324046242,567.858305908135,2017-12-31,2017-12-29,2026-05-15,96.07999999999996,96.07999999999996,3.88,61,61,3
2025-06-10,686.8965412656954,571.0778773471054,2017-12-31,2017-12-29,2026-05-15,96.07999999999996,96.07999999999996,3.88,61,61,3
2025-06-11,687.4178337995944,569.4491270549743,2017-12-31,2017-12-29,2026-05-15,96.07999999999996,96.07999999999996,3.88,61,61,3
2025-06-12,682.3134439319592,571.7123285047105,2017-12-31,2017-12-29,2026-05-15,96.07999999999996,96.07999999999996,3.88,61,61,3
2025-06-13,673.2376731213603,565.3205012777141,2017-12-31,2017-12-29,2026-05-15,96.07999999999996,96.07999999999996,3.88,61,61,3
2025-06-16,680.4050448023829,570.6990647975389,2017-12-31,2017-12-29,2026-05-15,96.07999999999996,96.07999999999996,3.88,61,61,3
2025-06-17,677.0637799639296,565.8223919881385,2017-12-31,2017-12-29,2026-05-15,96.07999999999996,96.07999999999996,3.88,61,61,3
2025-06-18,679.1806533363064,565.7371471919023,2017-12-31,2017-12-29,2026-05-15,96.07999999999996,96.07999999999996,3.88,61,61,3
2025-06-20,681.8147182600904,564.41748112163,2017-12-31,2017-12-29,2026-05-15,96.07999999999996,96.07999999999996,3.88,61,61,3
2025-06-23,688.765992299875,569.9924907954777,2017-12-31,2017-12-29,2026-05-15,96.07999999999996,96.07999999999996,3.88,61,61,3
2025-06-24,695.7571371087355,576.2893035979051,2017-12-31,2017-12-29,2026-05-15,96.07999999999996,96.07999999999996,3.88,61,61,3
2025-06-25,690.1519814702369,576.6122760169034,2017-12-31,2017-12-29,2026-05-15,96.07999999999996,96.07999999999996,3.88,61,61,3
2025-06-26,691.3025112434389,581.1235455705272,2017-12-31,2017-12-29,2026-05-15,96.07999999999996,96.07999999999996,3.88,61,61,3
2025-06-27,693.9012385144603,584.0108538655163,2017-12-31,2017-12-29,2026-05-15,96.07999999999996,96.07999999999996,3.88,61,61,3
2025-06-30,689.411524753938,586.8030519552667,2017-12-31,2017-12-29,2026-05-15,96.07999999999996,96.07999999999996,3.88,61,61,3
2025-07-01,695.908396210907,586.6131188867988,2017-12-31,2017-12-29,2026-05-15,96.07999999999996,96.07999999999996,3.88,61,61,3
2025-07-02,695.2126571787984,589.2724691873584,2017-12-31,2017-12-29,2026-05-15,96.07999999999996,96.07999999999996,3.88,61,61,3
2025-07-03,699.6039573138733,593.9166823108428,2017-12-31,2017-12-29,2026-05-15,96.07999999999996,96.07999999999996,3.88,61,61,3
2025-07-07,693.2791863269639,589.4908491147951,2017-12-31,2017-12-29,2026-05-15,96.07999999999996,96.07999999999996,3.88,61,61,3
2025-07-08,693.0508954868626,589.1679724764667,2017-12-31,2017-12-29,2026-05-15,96.07999999999996,96.07999999999996,3.88,61,61,3
2025-07-09,696.0757415271823,592.7010340481127,2017-12-31,2017-12-29,2026-05-15,96.07999999999996,96.07999999999996,3.88,61,61,3
2025-07-10,701.1918984086494,594.3725982997015,2017-12-31,2017-12-29,2026-05-15,96.07999999999996,96.07999999999996,3.88,61,61,3
2025-07-11,697.558227074579,592.2831429852154,2017-12-31,2017-12-29,2026-05-15,96.07999999999996,96.07999999999996,3.88,61,61,3
2025-07-14,697.0488205509098,593.4133548903695,2017-12-31,2017-12-29,2026-05-15,96.07999999999996,96.07999999999996,3.88,61,61,3
2025-07-15,687.5412031148259,590.8774658733473,2017-12-31,2017-12-29,2026-05-15,96.07999999999996,96.07999999999996,3.88,61,61,3
2025-07-16,689.8134566776616,592.8530379712888,2017-12-31,2017-12-29,2026-05-15,96.07999999999996,96.07999999999996,3.88,61,61,3
2025-07-17,693.0393235373291,596.4810181868336,2017-12-31,2017-12-29,2026-05-15,96.07999999999996,96.07999999999996,3.88,61,61,3
2025-07-18,691.5417863003255,596.0441625512906,2017-12-31,2017-12-29,2026-05-15,96.07999999999996,96.07999999999996,3.88,61,61,3
2025-07-21,687.3643430411888,597.1743744564448,2017-12-31,2017-12-29,2026-05-15,96.07999999999996,96.07999999999996,3.88,61,61,3
2025-07-22,696.5246895412898,597.2598108140207,2017-12-31,2017-12-29,2026-05-15,96.07999999999996,96.07999999999996,3.88,61,61,3
2025-07-23,699.2081867035889,602.3409753537181,2017-12-31,2017-12-29,2026-05-15,96.07999999999996,96.07999999999996,3.88,61,61,3
2025-07-24,687.7010128628594,602.5404864891788,2017-12-31,2017-12-29,2026-05-15,96.07999999999996,96.07999999999996,3.88,61,61,3
2025-07-25,692.8098246055647,605.0857620118538,2017-12-31,2017-12-29,2026-05-15,96.07999999999996,96.07999999999996,3.88,61,61,3
2025-07-28,686.5778322024511,604.9338538693476,2017-12-31,2017-12-29,2026-05-15,96.07999999999996,96.07999999999996,3.88,61,61,3
2025-07-29,683.8034066330514,603.3382436890117,2017-12-31,2017-12-29,2026-05-15,96.07999999999996,96.07999999999996,3.88,61,61,3
2025-07-30,695.7321281351473,602.5784156344703,2017-12-31,2017-12-29,2026-05-15,96.07999999999996,96.07999999999996,3.88,61,61,3
2025-07-31,686.8894782110415,600.317991824162,2017-12-31,2017-12-29,2026-05-15,96.07999999999996,96.07999999999996,3.88,61,61,3
2025-08-01,675.8988062728037,590.4786351637658,2017-12-31,2017-12-29,2026-05-15,96.07999999999996,96.07999999999996,3.88,61,61,3
2025-08-04,677.737743393816,599.4537628393989,2017-12-31,2017-12-29,2026-05-15,96.07999999999996,96.07999999999996,3.88,61,61,3
2025-08-05,671.5831588895971,596.4145464019034,2017-12-31,2017-12-29,2026-05-15,96.07999999999996,96.07999999999996,3.88,61,61,3
2025-08-06,672.1453012217343,600.9828054541346,2017-12-31,2017-12-29,2026-05-15,96.07999999999996,96.07999999999996,3.88,61,61,3
2025-08-07,671.5889843684403,600.4794780336612,2017-12-31,2017-12-29,2026-05-15,96.07999999999996,96.07999999999996,3.88,61,61,3
2025-08-08,661.8590476997302,605.161716083107,2017-12-31,2017-12-29,2026-05-15,96.07999999999996,96.07999999999996,3.88,61,61,3
2025-08-11,664.6816489305287,603.9650323930226,2017-12-31,2017-12-29,2026-05-15,96.07999999999996,96.07999999999996,3.88,61,61,3
2025-08-12,675.8906661751124,610.3948845459805,2017-12-31,2017-12-29,2026-05-15,96.07999999999996,96.07999999999996,3.88,61,61,3
2025-08-13,680.6176466871965,612.4843398604668,2017-12-31,2017-12-29,2026-05-15,96.07999999999996,96.07999999999996,3.88,61,61,3
2025-08-14,673.0844985501432,612.5413293590741,2017-12-31,2017-12-29,2026-05-15,96.07999999999996,96.07999999999996,3.88,61,61,3
2025-08-15,676.1784378148086,611.1072053882374,2017-12-31,2017-12-29,2026-05-15,96.07999999999996,96.07999999999996,3.88,61,61,3
2025-08-18,676.9117899820213,610.9742618183769,2017-12-31,2017-12-29,2026-05-15,96.07999999999996,96.07999999999996,3.88,61,61,3
2025-08-19,676.6042354895715,607.6595801741676,2017-12-31,2017-12-29,2026-05-15,96.07999999999996,96.07999999999996,3.88,61,61,3
2025-08-20,670.2628188163986,606.0450054211859,2017-12-31,2017-12-29,2026-05-15,96.07999999999996,96.07999999999996,3.88,61,61,3
2025-08-21,667.2987417765995,603.6136131150555,2017-12-31,2017-12-29,2026-05-15,96.07999999999996,96.07999999999996,3.88,61,61,3
2025-08-22,679.2789891587076,612.8832663507181,2017-12-31,2017-12-29,2026-05-15,96.07999999999996,96.07999999999996,3.88,61,61,3
2025-08-25,672.8186757140959,610.1858911241969,2017-12-31,2017-12-29,2026-05-15,96.07999999999996,96.07999999999996,3.88,61,61,3
2025-08-26,675.4720463480971,612.7407447138648,2017-12-31,2017-12-29,2026-05-15,96.07999999999996,96.07999999999996,3.88,61,61,3
2025-08-27,681.1399429185445,614.13684375874,2017-12-31,2017-12-29,2026-05-15,96.07999999999996,96.07999999999996,3.88,61,61,3
2025-08-28,679.9920204923258,616.3118312114723,2017-12-31,2017-12-29,2026-05-15,96.07999999999996,96.07999999999996,3.88,61,61,3
2025-08-29,677.6216259444816,612.636248002973,2017-12-31,2017-12-29,2026-05-15,96.07999999999996,96.07999999999996,3.88,61,61,3
2025-09-02,673.362828021811,608.0964358097108,2017-12-31,2017-12-29,2026-05-15,96.07999999999996,96.07999999999996,3.88,61,61,3
2025-09-03,673.1059692001644,611.3921528812741,2017-12-31,2017-12-29,2026-05-15,96.07999999999996,96.07999999999996,3.88,61,61,3
2025-09-04,672.8286516317823,616.5017642799401,2017-12-31,2017-12-29,2026-05-15,96.07999999999996,96.07999999999996,3.88,61,61,3
2025-09-05,671.7330611721837,614.7162210311365,2017-12-31,2017-12-29,2026-05-15,96.07999999999996,96.07999999999996,3.88,61,61,3
2025-09-08,672.5977785656244,616.2262990732263,2017-12-31,2017-12-29,2026-05-15,96.07999999999996,96.07999999999996,3.88,61,61,3
2025-09-09,667.6761292605306,617.65094075774,2017-12-31,2017-12-29,2026-05-15,96.07999999999996,96.07999999999996,3.88,61,61,3
2025-09-10,664.7626420949312,619.4364840065437,2017-12-31,2017-12-29,2026-05-15,96.07999999999996,96.07999999999996,3.88,61,61,3
2025-09-11,674.1161552343237,624.5841203311713,2017-12-31,2017-12-29,2026-05-15,96.07999999999996,96.07999999999996,3.88,61,61,3
2025-09-12,664.8513550857028,624.3752226900575,2017-12-31,2017-12-29,2026-05-15,96.07999999999996,96.07999999999996,3.88,61,61,3
2025-09-15,663.3023126964453,627.6992908399199,2017-12-31,2017-12-29,2026-05-15,96.07999999999996,96.07999999999996,3.88,61,61,3
2025-09-16,661.2350948409879,626.8350618551566,2017-12-31,2017-12-29,2026-05-15,96.07999999999996,96.07999999999996,3.88,61,61,3
2025-09-17,657.0728327308015,626.0562692279696,2017-12-31,2017-12-29,2026-05-15,96.07999999999996,96.07999999999996,3.88,61,61,3
2025-09-18,656.6752205892616,628.9815066682503,2017-12-31,2017-12-29,2026-05-15,96.07999999999996,96.07999999999996,3.88,61,61,3
2025-09-19,654.9287272992294,632.0968687383387,2017-12-31,2017-12-29,2026-05-15,96.07999999999996,96.07999999999996,3.88,61,61,3
2025-09-22,655.519370893348,635.0873328148407,2017-12-31,2017-12-29,2026-05-15,96.07999999999996,96.07999999999996,3.88,61,61,3
2025-09-23,654.1351706441426,631.630129533778,2017-12-31,2017-12-29,2026-05-15,96.07999999999996,96.07999999999996,3.88,61,61,3
2025-09-24,655.0577270867218,629.6206510786819,2017-12-31,2017-12-29,2026-05-15,96.07999999999996,96.07999999999996,3.88,61,61,3
2025-09-25,652.4535598784745,626.7159107017658,2017-12-31,2017-12-29,2026-05-15,96.07999999999996,96.07999999999996,3.88,61,61,3
2025-09-26,656.5701165048669,630.3063448946987,2017-12-31,2017-12-29,2026-05-15,96.07999999999996,96.07999999999996,3.88,61,61,3
2025-09-29,660.3840419595904,632.077808385023,2017-12-31,2017-12-29,2026-05-15,96.07999999999996,96.07999999999996,3.88,61,61,3
2025-09-30,656.1210284191396,634.4587242781012,2017-12-31,2017-12-29,2026-05-15,96.07999999999996,96.07999999999996,3.88,61,61,3
2025-10-01,657.3558727092174,636.6206855597231,2017-12-31,2017-12-29,2026-05-15,96.07999999999996,96.07999999999996,3.88,61,61,3
2025-10-02,661.4973610065556,637.3539823686943,2017-12-31,2017-12-29,2026-05-15,96.07999999999996,96.07999999999996,3.88,61,61,3
2025-10-03,658.0439704819375,637.3445000823714,2017-12-31,2017-12-29,2026-05-15,96.07999999999996,96.07999999999996,3.88,61,61,3
2025-10-06,651.1484526862272,639.6302099895408,2017-12-31,2017-12-29,2026-05-15,96.07999999999996,96.07999999999996,3.88,61,61,3
2025-10-07,647.3033088235438,637.2587763827856,2017-12-31,2017-12-29,2026-05-15,96.07999999999996,96.07999999999996,3.88,61,61,3
2025-10-08,645.6083930471493,641.0587786815217,2017-12-31,2017-12-29,2026-05-15,96.07999999999996,96.07999999999996,3.88,61,61,3
2025-10-09,641.1193503175765,639.2015914916115,2017-12-31,2017-12-29,2026-05-15,96.07999999999996,96.07999999999996,3.88,61,61,3
2025-10-10,632.3384865659395,621.9253447146311,2017-12-31,2017-12-29,2026-05-15,96.07999999999996,96.07999999999996,3.88,61,61,3
2025-10-13,643.1427553141166,631.4682602015992,2017-12-31,2017-12-29,2026-05-15,96.07999999999996,96.07999999999996,3.88,61,61,3
2025-10-14,651.25045902124,630.6968426859966,2017-12-31,2017-12-29,2026-05-15,96.07999999999996,96.07999999999996,3.88,61,61,3
2025-10-15,648.5872882893588,633.496799010011,2017-12-31,2017-12-29,2026-05-15,96.07999999999996,96.07999999999996,3.88,61,61,3
2025-10-16,642.3009118937408,629.1825502944299,2017-12-31,2017-12-29,2026-05-15,96.07999999999996,96.07999999999996,3.88,61,61,3
2025-10-17,647.8241044027618,632.754019914717,2017-12-31,2017-12-29,2026-05-15,96.07999999999996,96.07999999999996,3.88,61,61,3
2025-10-20,648.7954243797095,639.3349181841519,2017-12-31,2017-12-29,2026-05-15,96.07999999999996,96.07999999999996,3.88,61,61,3
2025-10-21,655.0526812521123,639.3254358978289,2017-12-31,2017-12-29,2026-05-15,96.07999999999996,96.07999999999996,3.88,61,61,3
2025-10-22,655.0016644105131,636.0015593093065,2017-12-31,2017-12-29,2026-05-15,96.07999999999996,96.07999999999996,3.88,61,61,3
2025-10-23,649.9459705321195,639.7730189684039,2017-12-31,2017-12-29,2026-05-15,96.07999999999996,96.07999999999996,3.88,61,61,3
2025-10-24,650.5688242325646,645.0015899591209,2017-12-31,2017-12-29,2026-05-15,96.07999999999996,96.07999999999996,3.88,61,61,3
2025-10-27,647.4408985353303,652.6111726235858,2017-12-31,2017-12-29,2026-05-15,96.07999999999996,96.07999999999996,3.88,61,61,3
2025-10-28,638.6310569164442,654.3445154072787,2017-12-31,2017-12-29,2026-05-15,96.07999999999996,96.07999999999996,3.88,61,61,3
2025-10-29,630.1081240623874,654.6587717853134,2017-12-31,2017-12-29,2026-05-15,96.07999999999996,96.07999999999996,3.88,61,61,3
2025-10-30,618.5078850946223,647.4587472654619,2017-12-31,2017-12-29,2026-05-15,96.07999999999996,96.07999999999996,3.88,61,61,3
2025-10-31,617.7010128453605,649.5825878404524,2017-12-31,2017-12-29,2026-05-15,96.07999999999996,96.07999999999996,3.88,61,61,3
2025-11-03,616.0756244986228,650.8016842073001,2017-12-31,2017-12-29,2026-05-15,96.07999999999996,96.07999999999996,3.88,61,61,3
2025-11-04,626.167046633219,643.0873174899335,2017-12-31,2017-12-29,2026-05-15,96.07999999999996,96.07999999999996,3.88,61,61,3
2025-11-05,635.668443244174,645.3159421178256,2017-12-31,2017-12-29,2026-05-15,96.07999999999996,96.07999999999996,3.88,61,61,3
2025-11-06,632.7032901210014,638.3920532693775,2017-12-31,2017-12-29,2026-05-15,96.07999999999996,96.07999999999996,3.88,61,61,3
2025-11-07,637.886365399725,639.0206618061169,2017-12-31,2017-12-29,2026-05-15,96.07999999999996,96.07999999999996,3.88,61,61,3
2025-11-10,637.0966225766033,648.9921000103443,2017-12-31,2017-12-29,2026-05-15,96.07999999999996,96.07999999999996,3.88,61,61,3
2025-11-11,639.3580284586818,650.4778497622724,2017-12-31,2017-12-29,2026-05-15,96.07999999999996,96.07999999999996,3.88,61,61,3
2025-11-12,639.5564957364725,650.8397091332615,2017-12-31,2017-12-29,2026-05-15,96.07999999999996,96.07999999999996,3.88,61,61,3
2025-11-13,634.6577604887156,640.0396723534843,2017-12-31,2017-12-29,2026-05-15,96.07999999999996,96.07999999999996,3.88,61,61,3
2025-11-14,632.3389821752231,639.9349840812528,2017-12-31,2017-12-29,2026-05-15,96.07999999999996,96.07999999999996,3.88,61,61,3
2025-11-17,624.9243774882394,633.9730205008946,2017-12-31,2017-12-29,2026-05-15,96.07999999999996,96.07999999999996,3.88,61,61,3
2025-11-18,626.8258229376188,628.6492435242689,2017-12-31,2017-12-29,2026-05-15,96.07999999999996,96.07999999999996,3.88,61,61,3
2025-11-19,628.6938435660776,631.0777624103015,2017-12-31,2017-12-29,2026-05-15,96.07999999999996,96.07999999999996,3.88,61,61,3
2025-11-20,624.2651936157669,621.4587012907404,2017-12-31,2017-12-29,2026-05-15,96.07999999999996,96.07999999999996,3.88,61,61,3
2025-11-21,643.7200126005856,627.6491975495474,2017-12-31,2017-12-29,2026-05-15,96.07999999999996,96.07999999999996,3.88,61,61,3
2025-11-24,639.4547953382685,636.8873389448036,2017-12-31,2017-12-29,2026-05-15,96.07999999999996,96.07999999999996,3.88,61,61,3
2025-11-25,657.4156175012982,642.8778451648003,2017-12-31,2017-12-29,2026-05-15,96.07999999999996,96.07999999999996,3.88,61,61,3
2025-11-26,658.6080366904803,647.3159382865988,2017-12-31,2017-12-29,2026-05-15,96.07999999999996,96.07999999999996,3.88,61,61,3
2025-11-28,659.2035299607955,650.8492872002545,2017-12-31,2017-12-29,2026-05-15,96.07999999999996,96.07999999999996,3.88,61,61,3
2025-12-01,655.4471290178094,647.8777876963983,2017-12-31,2017-12-29,2026-05-15,96.07999999999996,96.07999999999996,3.88,61,61,3
2025-12-02,655.9289924568662,649.0778237099303,2017-12-31,2017-12-29,2026-05-15,96.07999999999996,96.07999999999996,3.88,61,61,3
2025-12-03,657.1362010407362,651.3254129104681,2017-12-31,2017-12-29,2026-05-15,96.07999999999996,96.07999999999996,3.88,61,61,3
2025-12-04,652.4263217542208,651.8016344013517,2017-12-31,2017-12-29,2026-05-15,96.07999999999996,96.07999999999996,3.88,61,61,3
2025-12-05,650.4425724509024,653.039791121515,2017-12-31,2017-12-29,2026-05-15,96.07999999999996,96.07999999999996,3.88,61,61,3
2025-12-08,644.9927075012222,651.0778198787034,2017-12-31,2017-12-29,2026-05-15,96.07999999999996,96.07999999999996,3.88,61,61,3
2025-12-09,644.448128063899,650.5159704689039,2017-12-31,2017-12-29,2026-05-15,96.07999999999996,96.07999999999996,3.88,61,61,3
2025-12-10,645.6562837151243,654.830219184485,2017-12-31,2017-12-29,2026-05-15,96.07999999999996,96.07999999999996,3.88,61,61,3
2025-12-11,650.2401525537857,656.3539938623748,2017-12-31,2017-12-29,2026-05-15,96.07999999999996,96.07999999999996,3.88,61,61,3
2025-12-12,652.0926241791396,649.2968741020563,2017-12-31,2017-12-29,2026-05-15,96.07999999999996,96.07999999999996,3.88,61,61,3
2025-12-15,654.6742122773153,648.3158884806504,2017-12-31,2017-12-29,2026-05-15,96.07999999999996,96.07999999999996,3.88,61,61,3
2025-12-16,655.2727738855149,646.5445207709962,2017-12-31,2017-12-29,2026-05-15,96.07999999999996,96.07999999999996,3.88,61,61,3
2025-12-17,658.2160040081658,639.4302199507305,2017-12-31,2017-12-29,2026-05-15,96.07999999999996,96.07999999999996,3.88,61,61,3
2025-12-18,658.9638520025061,644.2588108638267,2017-12-31,2017-12-29,2026-05-15,96.07999999999996,96.07999999999996,3.88,61,61,3
2025-12-19,661.8035938036113,650.0982709673465,2017-12-31,2017-12-29,2026-05-15,96.07999999999996,96.07999999999996,3.88,61,61,3
2025-12-22,662.0075850132711,654.1482608145955,2017-12-31,2017-12-29,2026-05-15,96.07999999999996,96.07999999999996,3.88,61,61,3
2025-12-23,659.7329288311657,657.138054426408,2017-12-31,2017-12-29,2026-05-15,96.07999999999996,96.07999999999996,3.88,61,61,3
2025-12-24,661.677659232858,659.449625114458,2017-12-31,2017-12-29,2026-05-15,96.07999999999996,96.07999999999996,3.88,61,61,3
2025-12-26,661.7304695652267,659.382770206848,2017-12-31,2017-12-29,2026-05-15,96.07999999999996,96.07999999999996,3.88,61,61,3
2025-12-29,654.1651972365017,657.0329830314965,2017-12-31,2017-12-29,2026-05-15,96.07999999999996,96.07999999999996,3.88,61,61,3
2025-12-30,650.6626845377458,656.230628359507,2017-12-31,2017-12-29,2026-05-15,96.07999999999996,96.07999999999996,3.88,61,61,3
2025-12-31,647.1858106888715,651.3687057732757,2017-12-31,2017-12-29,2026-05-15,96.07999999999996,96.07999999999996,3.88,61,61,3
2026-01-02,655.4269408657993,652.5627076046021,2017-12-31,2017-12-29,2026-05-15,96.07999999999996,96.07999999999996,3.88,61,61,3
2026-01-05,657.2580935420112,656.9088512832694,2017-12-31,2017-12-29,2026-05-15,96.07999999999996,96.07999999999996,3.88,61,61,3
2026-01-06,668.1249909226556,660.8155532483057,2017-12-31,2017-12-29,2026-05-15,96.07999999999996,96.07999999999996,3.88,61,61,3
2026-01-07,663.0467025552829,658.6854869297698,2017-12-31,2017-12-29,2026-05-15,96.07999999999996,96.07999999999996,3.88,61,61,3
2026-01-08,673.9196693269286,658.6186320221599,2017-12-31,2017-12-29,2026-05-15,96.07999999999996,96.07999999999996,3.88,61,61,3
2026-01-09,677.9870051976685,662.97435376782,2017-12-31,2017-12-29,2026-05-15,96.07999999999996,96.07999999999996,3.88,61,61,3
2026-01-12,681.4018519266069,664.0154896499408,2017-12-31,2017-12-29,2026-05-15,96.07999999999996,96.07999999999996,3.88,61,61,3
2026-01-13,678.5072992372797,662.6877780033946,2017-12-31,2017-12-29,2026-05-15,96.07999999999996,96.07999999999996,3.88,61,61,3
2026-01-14,680.5042789453037,659.4305647611421,2017-12-31,2017-12-29,2026-05-15,96.07999999999996,96.07999999999996,3.88,61,61,3
2026-01-15,685.3808720497229,661.2262607609583,2017-12-31,2017-12-29,2026-05-15,96.07999999999996,96.07999999999996,3.88,61,61,3
2026-01-16,682.7062702732643,660.6722653660929,2017-12-31,2017-12-29,2026-05-15,96.07999999999996,96.07999999999996,3.88,61,61,3
2026-01-20,673.0743369651509,647.2231268174382,2017-12-31,2017-12-29,2026-05-15,96.07999999999996,96.07999999999996,3.88,61,61,3
2026-01-21,678.2143911830218,654.692773923138,2017-12-31,2017-12-29,2026-05-15,96.07999999999996,96.07999999999996,3.88,61,61,3
2026-01-22,679.0496770837249,658.1123354009188,2017-12-31,2017-12-29,2026-05-15,96.07999999999996,96.07999999999996,3.88,61,61,3
2026-01-23,676.7299872718448,658.3511166110501,2017-12-31,2017-12-29,2026-05-15,96.07999999999996,96.07999999999996,3.88,61,61,3
2026-01-26,672.1461878139032,661.694340894898,2017-12-31,2017-12-29,2026-05-15,96.07999999999996,96.07999999999996,3.88,61,61,3
2026-01-27,669.7778109656596,664.330703834675,2017-12-31,2017-12-29,2026-05-15,96.07999999999996,96.07999999999996,3.88,61,61,3
2026-01-28,665.752217651873,664.2638489270649,2017-12-31,2017-12-29,2026-05-15,96.07999999999996,96.07999999999996,3.88,61,61,3
2026-01-29,668.4498382391293,662.9456195668416,2017-12-31,2017-12-29,2026-05-15,96.07999999999996,96.07999999999996,3.88,61,61,3
2026-01-30,664.9418579993311,660.9684191975113,2017-12-31,2017-12-29,2026-05-15,96.07999999999996,96.07999999999996,3.88,61,61,3
2026-02-02,671.6904325721931,664.2542708600721,2017-12-31,2017-12-29,2026-05-15,96.07999999999996,96.07999999999996,3.88,61,61,3
2026-02-03,674.2498292784126,658.6376923754757,2017-12-31,2017-12-29,2026-05-15,96.07999999999996,96.07999999999996,3.88,61,61,3
2026-02-04,682.5479839507659,655.4473340408332,2017-12-31,2017-12-29,2026-05-15,96.07999999999996,96.07999999999996,3.88,61,61,3
2026-02-05,675.754165373649,647.2613433047396,2017-12-31,2017-12-29,2026-05-15,96.07999999999996,96.07999999999996,3.88,61,61,3
2026-02-06,684.5380217985405,659.6789240382664,2017-12-31,2017-12-29,2026-05-15,96.07999999999996,96.07999999999996,3.88,61,61,3
2026-02-09,685.9299510140212,662.8597043059158,2017-12-31,2017-12-29,2026-05-15,96.07999999999996,96.07999999999996,3.88,61,61,3
2026-02-10,680.1530099707735,661.111707079724,2017-12-31,2017-12-29,2026-05-15,96.07999999999996,96.07999999999996,3.88,61,61,3
2026-02-11,674.912352406152,660.9588411305184,2017-12-31,2017-12-29,2026-05-15,96.07999999999996,96.07999999999996,3.88,61,61,3
2026-02-12,662.6711654007923,650.7477596901305,2017-12-31,2017-12-29,2026-05-15,96.07999999999996,96.07999999999996,3.88,61,61,3
2026-02-13,663.4217624679366,651.2062617570773,2017-12-31,2017-12-29,2026-05-15,96.07999999999996,96.07999999999996,3.88,61,61,3
2026-02-17,674.8801685662767,652.2569757061909,2017-12-31,2017-12-29,2026-05-15,96.07999999999996,96.07999999999996,3.88,61,61,3
2026-02-18,681.0914762277654,655.5429231494217,2017-12-31,2017-12-29,2026-05-15,96.07999999999996,96.07999999999996,3.88,61,61,3
2026-02-19,668.809033445628,653.8139862765456,2017-12-31,2017-12-29,2026-05-15,96.07999999999996,96.07999999999996,3.88,61,61,3
2026-02-20,668.3518019808745,658.542199047557,2017-12-31,2017-12-29,2026-05-15,96.07999999999996,96.07999999999996,3.88,61,61,3
2026-02-23,656.8734805043439,651.8176297732298,2017-12-31,2017-12-29,2026-05-15,96.07999999999996,96.07999999999996,3.88,61,61,3
2026-02-24,658.6940060286247,656.5554206112339,2017-12-31,2017-12-29,2026-05-15,96.07999999999996,96.07999999999996,3.88,61,61,3
2026-02-25,660.12469575423,662.0955661212278,2017-12-31,2017-12-29,2026-05-15,96.07999999999996,96.07999999999996,3.88,61,61,3
2026-02-26,670.978109287253,658.4180672993299,2017-12-31,2017-12-29,2026-05-15,96.07999999999996,96.07999999999996,3.88,61,61,3
2026-02-27,664.1495929902994,655.2563473849962,2017-12-31,2017-12-29,2026-05-15,96.07999999999996,96.07999999999996,3.88,61,61,3
2026-03-02,655.2676741025523,655.6288384103474,2017-12-31,2017-12-29,2026-05-15,96.07999999999996,96.07999999999996,3.88,61,61,3
2026-03-03,657.4702440480571,649.8499116902223,2017-12-31,2017-12-29,2026-05-15,96.07999999999996,96.07999999999996,3.88,61,61,3
2026-03-04,652.9412881998359,654.434836579021,2017-12-31,2017-12-29,2026-05-15,96.07999999999996,96.07999999999996,3.88,61,61,3
2026-03-05,649.6954774782222,650.7859761774318,2017-12-31,2017-12-29,2026-05-15,96.07999999999996,96.07999999999996,3.88,61,61,3
2026-03-06,639.1482138825025,642.2560370556257,2017-12-31,2017-12-29,2026-05-15,96.07999999999996,96.07999999999996,3.88,61,61,3
2026-03-09,639.0799396840076,647.882193607215,2017-12-31,2017-12-29,2026-05-15,96.07999999999996,96.07999999999996,3.88,61,61,3
2026-03-10,635.7751774867158,646.8410577250942,2017-12-31,2017-12-29,2026-05-15,96.07999999999996,96.07999999999996,3.88,61,61,3
2026-03-11,635.6446009732995,646.0291249861119,2017-12-31,2017-12-29,2026-05-15,96.07999999999996,96.07999999999996,3.88,61,61,3
2026-03-12,623.5901217257,636.2192687720535,2017-12-31,2017-12-29,2026-05-15,96.07999999999996,96.07999999999996,3.88,61,61,3
2026-03-13,626.3128177957311,632.6181071440888,2017-12-31,2017-12-29,2026-05-15,96.07999999999996,96.07999999999996,3.88,61,61,3
2026-03-16,628.005468449326,639.0561964346604,2017-12-31,2017-12-29,2026-05-15,96.07999999999996,96.07999999999996,3.88,61,61,3
2026-03-17,631.8398951855361,640.7373387532423,2017-12-31,2017-12-29,2026-05-15,96.07999999999996,96.07999999999996,3.88,61,61,3
2026-03-18,620.9047152630319,631.7966921187834,2017-12-31,2017-12-29,2026-05-15,96.07999999999996,96.07999999999996,3.88,61,61,3
2026-03-19,621.6915629275251,630.2396815484287,2017-12-31,2017-12-29,2026-05-15,96.07999999999996,96.07999999999996,3.88,61,61,3
2026-03-20,617.881280368271,621.2046909540904,2017-12-31,2017-12-29,2026-05-15,96.07999999999996,96.07999999999996,3.88,61,61,3
2026-03-23,623.7241327529789,627.7273545762089,2017-12-31,2017-12-29,2026-05-15,96.07999999999996,96.07999999999996,3.88,61,61,3
2026-03-24,625.1910931520218,625.6201798377858,2017-12-31,2017-12-29,2026-05-15,96.07999999999996,96.07999999999996,3.88,61,61,3
2026-03-25,627.7037497883532,629.1065962231767,2017-12-31,2017-12-29,2026-05-15,96.07999999999996,96.07999999999996,3.88,61,61,3
2026-03-26,624.4918982473747,617.871523640585,2017-12-31,2017-12-29,2026-05-15,96.07999999999996,96.07999999999996,3.88,61,61,3
2026-03-27,617.730123276656,607.3356499484701,2017-12-31,2017-12-29,2026-05-15,96.07999999999996,96.07999999999996,3.88,61,61,3
2026-03-30,617.0925398633377,605.3050997459898,2017-12-31,2017-12-29,2026-05-15,96.07999999999996,96.07999999999996,3.88,61,61,3
2026-03-31,627.7293379486491,622.9000088118216,2017-12-31,2017-12-29,2026-05-15,96.07999999999996,96.07999999999996,3.88,61,61,3
2026-04-01,632.0733693987452,627.5932616383092,2017-12-31,2017-12-29,2026-05-15,96.07999999999996,96.07999999999996,3.88,61,61,3
2026-04-02,638.746658154446,628.1583675908863,2017-12-31,2017-12-29,2026-05-15,96.07999999999996,96.07999999999996,3.88,61,61,3
2026-04-06,650.8252939414205,631.1275683586641,2017-12-31,2017-12-29,2026-05-15,96.07999999999996,96.07999999999996,3.88,61,61,3
2026-04-07,656.9251665366004,631.4053323014563,2017-12-31,2017-12-29,2026-05-15,96.07999999999996,96.07999999999996,3.88,61,61,3
2026-04-08,671.9280173749465,647.4869067824209,2017-12-31,2017-12-29,2026-05-15,96.07999999999996,96.07999999999996,3.88,61,61,3
2026-04-09,684.868031195528,651.2223529096252,2017-12-31,2017-12-29,2026-05-15,96.07999999999996,96.07999999999996,3.88,61,61,3
2026-04-10,680.3462190648244,650.7913398949478,2017-12-31,2017-12-29,2026-05-15,96.07999999999996,96.07999999999996,3.88,61,61,3
2026-04-13,698.4514485561996,657.1511763781881,2017-12-31,2017-12-29,2026-05-15,96.07999999999996,96.07999999999996,3.88,61,61,3
2026-04-14,714.2930021134414,665.1584403841955,2017-12-31,2017-12-29,2026-05-15,96.07999999999996,96.07999999999996,3.88,61,61,3
2026-04-15,706.3493621094243,670.4072210962673,2017-12-31,2017-12-29,2026-05-15,96.07999999999996,96.07999999999996,3.88,61,61,3
2026-04-16,714.4335905120116,672.0546486190343,2017-12-31,2017-12-29,2026-05-15,96.07999999999996,96.07999999999996,3.88,61,61,3
2026-04-17,737.8138341479835,680.1768494289557,2017-12-31,2017-12-29,2026-05-15,96.07999999999996,96.07999999999996,3.88,61,61,3
2026-04-20,765.221564154569,678.8167639159736,2017-12-31,2017-12-29,2026-05-15,96.07999999999996,96.07999999999996,3.88,61,61,3
2026-04-21,782.2503177704435,674.3725408312996,2017-12-31,2017-12-29,2026-05-15,96.07999999999996,96.07999999999996,3.88,61,61,3
2026-04-22,720.8392827637176,681.2017025971887,2017-12-31,2017-12-29,2026-05-15,96.07999999999996,96.07999999999996,3.88,61,61,3
2026-04-23,672.9457726019324,678.5581561071672,2017-12-31,2017-12-29,2026-05-15,96.07999999999996,96.07999999999996,3.88,61,61,3
2026-04-24,669.6967681849511,683.8165148862319,2017-12-31,2017-12-29,2026-05-15,96.07999999999996,96.07999999999996,3.88,61,61,3
2026-04-27,658.9687137343757,684.99461712635,2017-12-31,2017-12-29,2026-05-15,96.07999999999996,96.07999999999996,3.88,61,61,3
2026-04-28,652.0736499476383,681.6614498128447,2017-12-31,2017-12-29,2026-05-15,96.07999999999996,96.07999999999996,3.88,61,61,3
2026-04-29,651.6512430162143,681.5560910759235,2017-12-31,2017-12-29,2026-05-15,96.07999999999996,96.07999999999996,3.88,61,61,3
2026-04-30,657.070864881148,688.3373625068483,2017-12-31,2017-12-29,2026-05-15,96.07999999999996,96.07999999999996,3.88,61,61,3
2026-05-01,651.8110571061134,690.2433978384219,2017-12-31,2017-12-29,2026-05-15,96.07999999999996,96.07999999999996,3.88,61,61,3
2026-05-04,639.272961411301,687.7147881523143,2017-12-31,2017-12-29,2026-05-15,96.07999999999996,96.07999999999996,3.88,61,61,3
2026-05-05,641.9546073063852,693.2317547401854,2017-12-31,2017-12-29,2026-05-15,96.07999999999996,96.07999999999996,3.88,61,61,3
2026-05-06,646.6211296772411,702.8672901349742,2017-12-31,2017-12-29,2026-05-15,96.07999999999996,96.07999999999996,3.88,61,61,3
2026-05-07,633.7050600941739,700.712225061587,2017-12-31,2017-12-29,2026-05-15,96.07999999999996,96.07999999999996,3.88,61,61,3
2026-05-08,633.0609125643393,706.4973775252574,2017-12-31,2017-12-29,2026-05-15,96.07999999999996,96.07999999999996,3.88,61,61,3
2026-05-11,630.019930437115,708.1064927800531,2017-12-31,2017-12-29,2026-05-15,96.07999999999996,96.07999999999996,3.88,61,61,3
2026-05-12,629.3618336117603,707.0337492768559,2017-12-31,2017-12-29,2026-05-15,96.07999999999996,96.07999999999996,3.88,61,61,3
2026-05-13,625.1410948205823,710.9894909448955,2017-12-31,2017-12-29,2026-05-15,96.07999999999996,96.07999999999996,3.88,61,61,3
2026-05-14,627.6966796281723,716.6022382026948,2017-12-31,2017-12-29,2026-05-15,96.07999999999996,96.07999999999996,3.88,61,61,3
2026-05-15,628.0616514860061,707.9819779091463,2017-12-31,2017-12-29,2026-05-15,96.07999999999996,96.07999999999996,3.88,61,61,3
