snapshot_file,snapshot_label,as_of_date,identifier_raw,ticker,security_name,reason,source
Holdings 06-30-08.xls,2008-06-30,,QSR US Equity,QSR,RESTAURANT BRANDS INTERN,Price not available or security matured/called,Portfolio
Holdings 06-30-08.xls,2008-06-30,,PBPB US Equity,PBPB,POTBELLY CORP,Price not available or security matured/called,Portfolio
Holdings 06-30-08.xls,2008-06-30,,TACO US Equity,TACO,DEL TACO RESTAURANTS INC,Price not available or security matured/called,Portfolio
Holdings 06-30-08.xls,2008-06-30,,TAX US Equity,TAX,LIBERTY TAX INC,Price not available or security matured/called,Portfolio
Holdings 06-30-08.xls,2008-06-30,,SHAK US Equity,SHAK,SHAKE SHACK INC - CLASS A,Price not available or security matured/called,Portfolio
Holdings 06-30-08.xls,2008-06-30,,RMAX US Equity,RMAX,RE/MAX HOLDINGS INC-CL A,Price not available or security matured/called,Portfolio
Holdings 06-30-08.xls,2008-06-30,,DNKN US Equity,DNKN,DUNKIN' BRANDS GROUP INC,Price not available or security matured/called,Portfolio
Holdings 06-30-08.xls,2008-06-30,,BOJA US Equity,BOJA,BOJANGLES' INC,Price not available or security matured/called,Portfolio
Holdings 06-30-08.xls,2008-06-30,,FRGI US Equity,FRGI,FIESTA RESTAURANT GROUP,Price not available or security matured/called,Portfolio
Holdings 06-30-08.xls,2008-06-30,,WING US Equity,WING,WINGSTOP INC,Price not available or security matured/called,Portfolio
Holdings 06-30-08.xls,2008-06-30,,LQ US Equity,LQ,LA QUINTA HOLDINGS INC,Price not available or security matured/called,Portfolio
Holdings 06-30-08.xls,2008-06-30,,BLMN US Equity,BLMN,BLOOMIN' BRANDS INC,Price not available or security matured/called,Portfolio
Holdings 06-30-08.xls,2008-06-30,,GNC US Equity,GNC,GNC HOLDINGS INC-CL A,Price not available or security matured/called,Portfolio
Holdings 06-30-08.xls,2008-06-30,,LOCO US Equity,LOCO,EL POLLO LOCO HOLDINGS INC,Price not available or security matured/called,Portfolio
Holdings 06-30-08.xls,2008-06-30,,H US Equity,H,HYATT HOTELS CORP - CL A,Price not available or security matured/called,Portfolio
Holdings 06-30-08.xls,2008-06-30,,HLT US Equity,HLT,HILTON WORLDWIDE HOLDINGS IN,Price not available or security matured/called,Portfolio
Holdings 06-30-08.xls,2008-06-30,,VVV US Equity,VVV,VALVOLINE INC,Price not available or security matured/called,Portfolio
Holdings 06-30-08.xls,2008-06-30,,NDLS US Equity,NDLS,NOODLES & CO,Price not available or security matured/called,Portfolio
Holdings 06-30-08.xls,2008-06-30,,SERV US Equity,SERV,SERVICEMASTER GLOBAL HOLDING,Price not available or security matured/called,Portfolio
Holdings 06-30-08.xls,2008-06-30,,FRSH US Equity,FRSH,PAPA MURPHY'S HOLDINGS INC,Price not available or security matured/called,Portfolio
Holdings 06-30-08.xls,2008-06-30,,PLNT US Equity,PLNT,PLANET FITNESS INC - CL A,Price not available or security matured/called,Portfolio
Holdings 06-30-08.xls,2008-06-30,,"The BLOOMBERG PROFESSIONAL service, BLOOMBERG Data and BLOOMBERG Order Management Systems (the 'Services') are owned and distributed locally by Bloomberg Finance L.P. ('BFLP') and its subsidiaries in all jurisdictions other than Argentina, Bermuda, China, India, Japan and Korea (the 'BLP Countries'). BFLP is a wholly-owned subsidiary of Bloomberg L.P. ('BLP'). BLP provides BFLP with all global marketing and operational support and service for the Services and distributes the Services either directly or through a non-BFLP subsidiary in the BLP Countries. The Services include electronic trading and order-routing services, which are available only to sophisticated institutional investors and only where necessary legal clearances have been obtained. BFLP, BLP and their affiliates do not provide investment advice or guarantee the accuracy of prices or information in the Services. Nothing on the Services shall constitute an offering of financial instruments by BFLP, BLP or their affiliates. BLOOMBERG, BLOOMBERG PROFESSIONAL, BLOOMBERG MARKET, BLOOMBERG NEWS, BLOOMBERG ANYWHERE, BLOOMBERG TRADEBOOK, BLOOMBERG BONDTRADER, BLOOMBERG TELEVISION, BLOOMBERG RADIO, BLOOMBERG PRESS and BLOOMBERG.COM are trademarks and service marks of BFLP, a Delaware limited partnership, or its subsidiaries.","The BLOOMBERG PROFESSIONAL service, BLOOMBERG Data and BLOOMBERG Order Management Systems (the 'Services') are owned and distributed locally by Bloomberg Finance L.P. ('BFLP') and its subsidiaries in all jurisdictions other than Argentina, Bermuda, China, India, Japan and Korea (the 'BLP Countries'). BFLP is a wholly-owned subsidiary of Bloomberg L.P. ('BLP'). BLP provides BFLP with all global marketing and operational support and service for the Services and distributes the Services either directly or through a non-BFLP subsidiary in the BLP Countries. The Services include electronic trading and order-routing services, which are available only to sophisticated institutional investors and only where necessary legal clearances have been obtained. BFLP, BLP and their affiliates do not provide investment advice or guarantee the accuracy of prices or information in the Services. Nothing on the Services shall constitute an offering of financial instruments by BFLP, BLP or their affiliates. BLOOMBERG, BLOOMBERG PROFESSIONAL, BLOOMBERG MARKET, BLOOMBERG NEWS, BLOOMBERG ANYWHERE, BLOOMBERG TRADEBOOK, BLOOMBERG BONDTRADER, BLOOMBERG TELEVISION, BLOOMBERG RADIO, BLOOMBERG PRESS and BLOOMBERG.COM are trademarks and service marks of BFLP, a Delaware limited partnership, or its subsidiaries.",,,
Holdings 06-30-09.xls,2009-06-30,,QSR US Equity,QSR,RESTAURANT BRANDS INTERN,Price not available or security matured/called,Portfolio
Holdings 06-30-09.xls,2009-06-30,,PBPB US Equity,PBPB,POTBELLY CORP,Price not available or security matured/called,Portfolio
Holdings 06-30-09.xls,2009-06-30,,TACO US Equity,TACO,DEL TACO RESTAURANTS INC,Price not available or security matured/called,Portfolio
Holdings 06-30-09.xls,2009-06-30,,TAX US Equity,TAX,LIBERTY TAX INC,Price not available or security matured/called,Portfolio
Holdings 06-30-09.xls,2009-06-30,,SHAK US Equity,SHAK,SHAKE SHACK INC - CLASS A,Price not available or security matured/called,Portfolio
Holdings 06-30-09.xls,2009-06-30,,RMAX US Equity,RMAX,RE/MAX HOLDINGS INC-CL A,Price not available or security matured/called,Portfolio
Holdings 06-30-09.xls,2009-06-30,,DNKN US Equity,DNKN,DUNKIN' BRANDS GROUP INC,Price not available or security matured/called,Portfolio
Holdings 06-30-09.xls,2009-06-30,,BOJA US Equity,BOJA,BOJANGLES' INC,Price not available or security matured/called,Portfolio
Holdings 06-30-09.xls,2009-06-30,,FRGI US Equity,FRGI,FIESTA RESTAURANT GROUP,Price not available or security matured/called,Portfolio
Holdings 06-30-09.xls,2009-06-30,,WING US Equity,WING,WINGSTOP INC,Price not available or security matured/called,Portfolio
Holdings 06-30-09.xls,2009-06-30,,LQ US Equity,LQ,LA QUINTA HOLDINGS INC,Price not available or security matured/called,Portfolio
Holdings 06-30-09.xls,2009-06-30,,BLMN US Equity,BLMN,BLOOMIN' BRANDS INC,Price not available or security matured/called,Portfolio
Holdings 06-30-09.xls,2009-06-30,,GNC US Equity,GNC,GNC HOLDINGS INC-CL A,Price not available or security matured/called,Portfolio
Holdings 06-30-09.xls,2009-06-30,,LOCO US Equity,LOCO,EL POLLO LOCO HOLDINGS INC,Price not available or security matured/called,Portfolio
Holdings 06-30-09.xls,2009-06-30,,H US Equity,H,HYATT HOTELS CORP - CL A,Price not available or security matured/called,Portfolio
Holdings 06-30-09.xls,2009-06-30,,HLT US Equity,HLT,HILTON WORLDWIDE HOLDINGS IN,Price not available or security matured/called,Portfolio
Holdings 06-30-09.xls,2009-06-30,,VVV US Equity,VVV,VALVOLINE INC,Price not available or security matured/called,Portfolio
Holdings 06-30-09.xls,2009-06-30,,NDLS US Equity,NDLS,NOODLES & CO,Price not available or security matured/called,Portfolio
Holdings 06-30-09.xls,2009-06-30,,SERV US Equity,SERV,SERVICEMASTER GLOBAL HOLDING,Price not available or security matured/called,Portfolio
Holdings 06-30-09.xls,2009-06-30,,FRSH US Equity,FRSH,PAPA MURPHY'S HOLDINGS INC,Price not available or security matured/called,Portfolio
Holdings 06-30-09.xls,2009-06-30,,PLNT US Equity,PLNT,PLANET FITNESS INC - CL A,Price not available or security matured/called,Portfolio
Holdings 06-30-09.xls,2009-06-30,,"The BLOOMBERG PROFESSIONAL service, BLOOMBERG Data and BLOOMBERG Order Management Systems (the 'Services') are owned and distributed locally by Bloomberg Finance L.P. ('BFLP') and its subsidiaries in all jurisdictions other than Argentina, Bermuda, China, India, Japan and Korea (the 'BLP Countries'). BFLP is a wholly-owned subsidiary of Bloomberg L.P. ('BLP'). BLP provides BFLP with all global marketing and operational support and service for the Services and distributes the Services either directly or through a non-BFLP subsidiary in the BLP Countries. The Services include electronic trading and order-routing services, which are available only to sophisticated institutional investors and only where necessary legal clearances have been obtained. BFLP, BLP and their affiliates do not provide investment advice or guarantee the accuracy of prices or information in the Services. Nothing on the Services shall constitute an offering of financial instruments by BFLP, BLP or their affiliates. BLOOMBERG, BLOOMBERG PROFESSIONAL, BLOOMBERG MARKET, BLOOMBERG NEWS, BLOOMBERG ANYWHERE, BLOOMBERG TRADEBOOK, BLOOMBERG BONDTRADER, BLOOMBERG TELEVISION, BLOOMBERG RADIO, BLOOMBERG PRESS and BLOOMBERG.COM are trademarks and service marks of BFLP, a Delaware limited partnership, or its subsidiaries.","The BLOOMBERG PROFESSIONAL service, BLOOMBERG Data and BLOOMBERG Order Management Systems (the 'Services') are owned and distributed locally by Bloomberg Finance L.P. ('BFLP') and its subsidiaries in all jurisdictions other than Argentina, Bermuda, China, India, Japan and Korea (the 'BLP Countries'). BFLP is a wholly-owned subsidiary of Bloomberg L.P. ('BLP'). BLP provides BFLP with all global marketing and operational support and service for the Services and distributes the Services either directly or through a non-BFLP subsidiary in the BLP Countries. The Services include electronic trading and order-routing services, which are available only to sophisticated institutional investors and only where necessary legal clearances have been obtained. BFLP, BLP and their affiliates do not provide investment advice or guarantee the accuracy of prices or information in the Services. Nothing on the Services shall constitute an offering of financial instruments by BFLP, BLP or their affiliates. BLOOMBERG, BLOOMBERG PROFESSIONAL, BLOOMBERG MARKET, BLOOMBERG NEWS, BLOOMBERG ANYWHERE, BLOOMBERG TRADEBOOK, BLOOMBERG BONDTRADER, BLOOMBERG TELEVISION, BLOOMBERG RADIO, BLOOMBERG PRESS and BLOOMBERG.COM are trademarks and service marks of BFLP, a Delaware limited partnership, or its subsidiaries.",,,
Holdings 06-30-10.xls,2010-06-30,,QSR US Equity,QSR,RESTAURANT BRANDS INTERN,Price not available or security matured/called,Portfolio
Holdings 06-30-10.xls,2010-06-30,,PBPB US Equity,PBPB,POTBELLY CORP,Price not available or security matured/called,Portfolio
Holdings 06-30-10.xls,2010-06-30,,TACO US Equity,TACO,DEL TACO RESTAURANTS INC,Price not available or security matured/called,Portfolio
Holdings 06-30-10.xls,2010-06-30,,TAX US Equity,TAX,LIBERTY TAX INC,Price not available or security matured/called,Portfolio
Holdings 06-30-10.xls,2010-06-30,,SHAK US Equity,SHAK,SHAKE SHACK INC - CLASS A,Price not available or security matured/called,Portfolio
Holdings 06-30-10.xls,2010-06-30,,RMAX US Equity,RMAX,RE/MAX HOLDINGS INC-CL A,Price not available or security matured/called,Portfolio
Holdings 06-30-10.xls,2010-06-30,,DNKN US Equity,DNKN,DUNKIN' BRANDS GROUP INC,Price not available or security matured/called,Portfolio
Holdings 06-30-10.xls,2010-06-30,,BOJA US Equity,BOJA,BOJANGLES' INC,Price not available or security matured/called,Portfolio
Holdings 06-30-10.xls,2010-06-30,,FRGI US Equity,FRGI,FIESTA RESTAURANT GROUP,Price not available or security matured/called,Portfolio
Holdings 06-30-10.xls,2010-06-30,,WING US Equity,WING,WINGSTOP INC,Price not available or security matured/called,Portfolio
Holdings 06-30-10.xls,2010-06-30,,LQ US Equity,LQ,LA QUINTA HOLDINGS INC,Price not available or security matured/called,Portfolio
Holdings 06-30-10.xls,2010-06-30,,BLMN US Equity,BLMN,BLOOMIN' BRANDS INC,Price not available or security matured/called,Portfolio
Holdings 06-30-10.xls,2010-06-30,,GNC US Equity,GNC,GNC HOLDINGS INC-CL A,Price not available or security matured/called,Portfolio
Holdings 06-30-10.xls,2010-06-30,,LOCO US Equity,LOCO,EL POLLO LOCO HOLDINGS INC,Price not available or security matured/called,Portfolio
Holdings 06-30-10.xls,2010-06-30,,H US Equity,H,HYATT HOTELS CORP - CL A,Price not available or security matured/called,Portfolio
Holdings 06-30-10.xls,2010-06-30,,HLT US Equity,HLT,HILTON WORLDWIDE HOLDINGS IN,Price not available or security matured/called,Portfolio
Holdings 06-30-10.xls,2010-06-30,,VVV US Equity,VVV,VALVOLINE INC,Price not available or security matured/called,Portfolio
Holdings 06-30-10.xls,2010-06-30,,NDLS US Equity,NDLS,NOODLES & CO,Price not available or security matured/called,Portfolio
Holdings 06-30-10.xls,2010-06-30,,SERV US Equity,SERV,SERVICEMASTER GLOBAL HOLDING,Price not available or security matured/called,Portfolio
Holdings 06-30-10.xls,2010-06-30,,FRSH US Equity,FRSH,PAPA MURPHY'S HOLDINGS INC,Price not available or security matured/called,Portfolio
Holdings 06-30-10.xls,2010-06-30,,PLNT US Equity,PLNT,PLANET FITNESS INC - CL A,Price not available or security matured/called,Portfolio
Holdings 06-30-10.xls,2010-06-30,,"The BLOOMBERG PROFESSIONAL service, BLOOMBERG Data and BLOOMBERG Order Management Systems (the 'Services') are owned and distributed locally by Bloomberg Finance L.P. ('BFLP') and its subsidiaries in all jurisdictions other than Argentina, Bermuda, China, India, Japan and Korea (the 'BLP Countries'). BFLP is a wholly-owned subsidiary of Bloomberg L.P. ('BLP'). BLP provides BFLP with all global marketing and operational support and service for the Services and distributes the Services either directly or through a non-BFLP subsidiary in the BLP Countries. The Services include electronic trading and order-routing services, which are available only to sophisticated institutional investors and only where necessary legal clearances have been obtained. BFLP, BLP and their affiliates do not provide investment advice or guarantee the accuracy of prices or information in the Services. Nothing on the Services shall constitute an offering of financial instruments by BFLP, BLP or their affiliates. BLOOMBERG, BLOOMBERG PROFESSIONAL, BLOOMBERG MARKET, BLOOMBERG NEWS, BLOOMBERG ANYWHERE, BLOOMBERG TRADEBOOK, BLOOMBERG BONDTRADER, BLOOMBERG TELEVISION, BLOOMBERG RADIO, BLOOMBERG PRESS and BLOOMBERG.COM are trademarks and service marks of BFLP, a Delaware limited partnership, or its subsidiaries.","The BLOOMBERG PROFESSIONAL service, BLOOMBERG Data and BLOOMBERG Order Management Systems (the 'Services') are owned and distributed locally by Bloomberg Finance L.P. ('BFLP') and its subsidiaries in all jurisdictions other than Argentina, Bermuda, China, India, Japan and Korea (the 'BLP Countries'). BFLP is a wholly-owned subsidiary of Bloomberg L.P. ('BLP'). BLP provides BFLP with all global marketing and operational support and service for the Services and distributes the Services either directly or through a non-BFLP subsidiary in the BLP Countries. The Services include electronic trading and order-routing services, which are available only to sophisticated institutional investors and only where necessary legal clearances have been obtained. BFLP, BLP and their affiliates do not provide investment advice or guarantee the accuracy of prices or information in the Services. Nothing on the Services shall constitute an offering of financial instruments by BFLP, BLP or their affiliates. BLOOMBERG, BLOOMBERG PROFESSIONAL, BLOOMBERG MARKET, BLOOMBERG NEWS, BLOOMBERG ANYWHERE, BLOOMBERG TRADEBOOK, BLOOMBERG BONDTRADER, BLOOMBERG TELEVISION, BLOOMBERG RADIO, BLOOMBERG PRESS and BLOOMBERG.COM are trademarks and service marks of BFLP, a Delaware limited partnership, or its subsidiaries.",,,
Holdings 06-30-11.xls,2011-06-30,,QSR US Equity,QSR,RESTAURANT BRANDS INTERN,Price not available or security matured/called,Portfolio
Holdings 06-30-11.xls,2011-06-30,,PBPB US Equity,PBPB,POTBELLY CORP,Price not available or security matured/called,Portfolio
Holdings 06-30-11.xls,2011-06-30,,TACO US Equity,TACO,DEL TACO RESTAURANTS INC,Price not available or security matured/called,Portfolio
Holdings 06-30-11.xls,2011-06-30,,TAX US Equity,TAX,LIBERTY TAX INC,Price not available or security matured/called,Portfolio
Holdings 06-30-11.xls,2011-06-30,,SHAK US Equity,SHAK,SHAKE SHACK INC - CLASS A,Price not available or security matured/called,Portfolio
Holdings 06-30-11.xls,2011-06-30,,CKR US Equity,CKR,CKE RESTAURANTS INC,This instrument is not active.,Portfolio
Holdings 06-30-11.xls,2011-06-30,,RMAX US Equity,RMAX,RE/MAX HOLDINGS INC-CL A,Price not available or security matured/called,Portfolio
Holdings 06-30-11.xls,2011-06-30,,DNKN US Equity,DNKN,DUNKIN' BRANDS GROUP INC,Price not available or security matured/called,Portfolio
Holdings 06-30-11.xls,2011-06-30,,BOJA US Equity,BOJA,BOJANGLES' INC,Price not available or security matured/called,Portfolio
Holdings 06-30-11.xls,2011-06-30,,FRGI US Equity,FRGI,FIESTA RESTAURANT GROUP,Price not available or security matured/called,Portfolio
Holdings 06-30-11.xls,2011-06-30,,BKC US Equity,BKC,BURGER KING HOLDINGS INC,This instrument is not active.,Portfolio
Holdings 06-30-11.xls,2011-06-30,,WING US Equity,WING,WINGSTOP INC,Price not available or security matured/called,Portfolio
Holdings 06-30-11.xls,2011-06-30,,LQ US Equity,LQ,LA QUINTA HOLDINGS INC,Price not available or security matured/called,Portfolio
Holdings 06-30-11.xls,2011-06-30,,BLMN US Equity,BLMN,BLOOMIN' BRANDS INC,Price not available or security matured/called,Portfolio
Holdings 06-30-11.xls,2011-06-30,,GNC US Equity,GNC,GNC HOLDINGS INC-CL A,Price not available or security matured/called,Portfolio
Holdings 06-30-11.xls,2011-06-30,,LOCO US Equity,LOCO,EL POLLO LOCO HOLDINGS INC,Price not available or security matured/called,Portfolio
Holdings 06-30-11.xls,2011-06-30,,HLT US Equity,HLT,HILTON WORLDWIDE HOLDINGS IN,Price not available or security matured/called,Portfolio
Holdings 06-30-11.xls,2011-06-30,,VVV US Equity,VVV,VALVOLINE INC,Price not available or security matured/called,Portfolio
Holdings 06-30-11.xls,2011-06-30,,NDLS US Equity,NDLS,NOODLES & CO,Price not available or security matured/called,Portfolio
Holdings 06-30-11.xls,2011-06-30,,SERV US Equity,SERV,SERVICEMASTER GLOBAL HOLDING,Price not available or security matured/called,Portfolio
Holdings 06-30-11.xls,2011-06-30,,FRSH US Equity,FRSH,PAPA MURPHY'S HOLDINGS INC,Price not available or security matured/called,Portfolio
Holdings 06-30-11.xls,2011-06-30,,PLNT US Equity,PLNT,PLANET FITNESS INC - CL A,Price not available or security matured/called,Portfolio
Holdings 06-30-11.xls,2011-06-30,,"The BLOOMBERG PROFESSIONAL service, BLOOMBERG Data and BLOOMBERG Order Management Systems (the 'Services') are owned and distributed locally by Bloomberg Finance L.P. ('BFLP') and its subsidiaries in all jurisdictions other than Argentina, Bermuda, China, India, Japan and Korea (the 'BLP Countries'). BFLP is a wholly-owned subsidiary of Bloomberg L.P. ('BLP'). BLP provides BFLP with all global marketing and operational support and service for the Services and distributes the Services either directly or through a non-BFLP subsidiary in the BLP Countries. The Services include electronic trading and order-routing services, which are available only to sophisticated institutional investors and only where necessary legal clearances have been obtained. BFLP, BLP and their affiliates do not provide investment advice or guarantee the accuracy of prices or information in the Services. Nothing on the Services shall constitute an offering of financial instruments by BFLP, BLP or their affiliates. BLOOMBERG, BLOOMBERG PROFESSIONAL, BLOOMBERG MARKET, BLOOMBERG NEWS, BLOOMBERG ANYWHERE, BLOOMBERG TRADEBOOK, BLOOMBERG BONDTRADER, BLOOMBERG TELEVISION, BLOOMBERG RADIO, BLOOMBERG PRESS and BLOOMBERG.COM are trademarks and service marks of BFLP, a Delaware limited partnership, or its subsidiaries.","The BLOOMBERG PROFESSIONAL service, BLOOMBERG Data and BLOOMBERG Order Management Systems (the 'Services') are owned and distributed locally by Bloomberg Finance L.P. ('BFLP') and its subsidiaries in all jurisdictions other than Argentina, Bermuda, China, India, Japan and Korea (the 'BLP Countries'). BFLP is a wholly-owned subsidiary of Bloomberg L.P. ('BLP'). BLP provides BFLP with all global marketing and operational support and service for the Services and distributes the Services either directly or through a non-BFLP subsidiary in the BLP Countries. The Services include electronic trading and order-routing services, which are available only to sophisticated institutional investors and only where necessary legal clearances have been obtained. BFLP, BLP and their affiliates do not provide investment advice or guarantee the accuracy of prices or information in the Services. Nothing on the Services shall constitute an offering of financial instruments by BFLP, BLP or their affiliates. BLOOMBERG, BLOOMBERG PROFESSIONAL, BLOOMBERG MARKET, BLOOMBERG NEWS, BLOOMBERG ANYWHERE, BLOOMBERG TRADEBOOK, BLOOMBERG BONDTRADER, BLOOMBERG TELEVISION, BLOOMBERG RADIO, BLOOMBERG PRESS and BLOOMBERG.COM are trademarks and service marks of BFLP, a Delaware limited partnership, or its subsidiaries.",,,
Holdings 06-30-12.xls,2012-06-30,,QSR US Equity,QSR,RESTAURANT BRANDS INTERN,Price not available or security matured/called,Portfolio
Holdings 06-30-12.xls,2012-06-30,,PBPB US Equity,PBPB,POTBELLY CORP,Price not available or security matured/called,Portfolio
Holdings 06-30-12.xls,2012-06-30,,TACO US Equity,TACO,DEL TACO RESTAURANTS INC,Price not available or security matured/called,Portfolio
Holdings 06-30-12.xls,2012-06-30,,TAX US Equity,TAX,LIBERTY TAX INC,Price not available or security matured/called,Portfolio
Holdings 06-30-12.xls,2012-06-30,,SHAK US Equity,SHAK,SHAKE SHACK INC - CLASS A,Price not available or security matured/called,Portfolio
Holdings 06-30-12.xls,2012-06-30,,CKR US Equity,CKR,CKE RESTAURANTS INC,This instrument is not active.,Portfolio
Holdings 06-30-12.xls,2012-06-30,,RMAX US Equity,RMAX,RE/MAX HOLDINGS INC-CL A,Price not available or security matured/called,Portfolio
Holdings 06-30-12.xls,2012-06-30,,DNKN US Equity,DNKN,DUNKIN' BRANDS GROUP INC,Price not available or security matured/called,Portfolio
Holdings 06-30-12.xls,2012-06-30,,BOJA US Equity,BOJA,BOJANGLES' INC,Price not available or security matured/called,Portfolio
Holdings 06-30-12.xls,2012-06-30,,FRGI US Equity,FRGI,FIESTA RESTAURANT GROUP,Price not available or security matured/called,Portfolio
Holdings 06-30-12.xls,2012-06-30,,BKC US Equity,BKC,BURGER KING HOLDINGS INC,This instrument is not active.,Portfolio
Holdings 06-30-12.xls,2012-06-30,,WING US Equity,WING,WINGSTOP INC,Price not available or security matured/called,Portfolio
Holdings 06-30-12.xls,2012-06-30,,LQ US Equity,LQ,LA QUINTA HOLDINGS INC,Price not available or security matured/called,Portfolio
Holdings 06-30-12.xls,2012-06-30,,BLMN US Equity,BLMN,BLOOMIN' BRANDS INC,Price not available or security matured/called,Portfolio
Holdings 06-30-12.xls,2012-06-30,,GNC US Equity,GNC,GNC HOLDINGS INC-CL A,Price not available or security matured/called,Portfolio
Holdings 06-30-12.xls,2012-06-30,,LOCO US Equity,LOCO,EL POLLO LOCO HOLDINGS INC,Price not available or security matured/called,Portfolio
Holdings 06-30-12.xls,2012-06-30,,HLT US Equity,HLT,HILTON WORLDWIDE HOLDINGS IN,Price not available or security matured/called,Portfolio
Holdings 06-30-12.xls,2012-06-30,,VVV US Equity,VVV,VALVOLINE INC,Price not available or security matured/called,Portfolio
Holdings 06-30-12.xls,2012-06-30,,NDLS US Equity,NDLS,NOODLES & CO,Price not available or security matured/called,Portfolio
Holdings 06-30-12.xls,2012-06-30,,SERV US Equity,SERV,SERVICEMASTER GLOBAL HOLDING,Price not available or security matured/called,Portfolio
Holdings 06-30-12.xls,2012-06-30,,FRSH US Equity,FRSH,PAPA MURPHY'S HOLDINGS INC,Price not available or security matured/called,Portfolio
Holdings 06-30-12.xls,2012-06-30,,PLNT US Equity,PLNT,PLANET FITNESS INC - CL A,Price not available or security matured/called,Portfolio
Holdings 06-30-12.xls,2012-06-30,,"The BLOOMBERG PROFESSIONAL service, BLOOMBERG Data and BLOOMBERG Order Management Systems (the 'Services') are owned and distributed locally by Bloomberg Finance L.P. ('BFLP') and its subsidiaries in all jurisdictions other than Argentina, Bermuda, China, India, Japan and Korea (the 'BLP Countries'). BFLP is a wholly-owned subsidiary of Bloomberg L.P. ('BLP'). BLP provides BFLP with all global marketing and operational support and service for the Services and distributes the Services either directly or through a non-BFLP subsidiary in the BLP Countries. The Services include electronic trading and order-routing services, which are available only to sophisticated institutional investors and only where necessary legal clearances have been obtained. BFLP, BLP and their affiliates do not provide investment advice or guarantee the accuracy of prices or information in the Services. Nothing on the Services shall constitute an offering of financial instruments by BFLP, BLP or their affiliates. BLOOMBERG, BLOOMBERG PROFESSIONAL, BLOOMBERG MARKET, BLOOMBERG NEWS, BLOOMBERG ANYWHERE, BLOOMBERG TRADEBOOK, BLOOMBERG BONDTRADER, BLOOMBERG TELEVISION, BLOOMBERG RADIO, BLOOMBERG PRESS and BLOOMBERG.COM are trademarks and service marks of BFLP, a Delaware limited partnership, or its subsidiaries.","The BLOOMBERG PROFESSIONAL service, BLOOMBERG Data and BLOOMBERG Order Management Systems (the 'Services') are owned and distributed locally by Bloomberg Finance L.P. ('BFLP') and its subsidiaries in all jurisdictions other than Argentina, Bermuda, China, India, Japan and Korea (the 'BLP Countries'). BFLP is a wholly-owned subsidiary of Bloomberg L.P. ('BLP'). BLP provides BFLP with all global marketing and operational support and service for the Services and distributes the Services either directly or through a non-BFLP subsidiary in the BLP Countries. The Services include electronic trading and order-routing services, which are available only to sophisticated institutional investors and only where necessary legal clearances have been obtained. BFLP, BLP and their affiliates do not provide investment advice or guarantee the accuracy of prices or information in the Services. Nothing on the Services shall constitute an offering of financial instruments by BFLP, BLP or their affiliates. BLOOMBERG, BLOOMBERG PROFESSIONAL, BLOOMBERG MARKET, BLOOMBERG NEWS, BLOOMBERG ANYWHERE, BLOOMBERG TRADEBOOK, BLOOMBERG BONDTRADER, BLOOMBERG TELEVISION, BLOOMBERG RADIO, BLOOMBERG PRESS and BLOOMBERG.COM are trademarks and service marks of BFLP, a Delaware limited partnership, or its subsidiaries.",,,
Holdings 06-30-13.xls,2013-06-30,,MDS US Equity,MDS,MIDAS INC,This instrument is not active.,Portfolio
Holdings 06-30-13.xls,2013-06-30,,QSR US Equity,QSR,RESTAURANT BRANDS INTERN,Price not available or security matured/called,Portfolio
Holdings 06-30-13.xls,2013-06-30,,PBPB US Equity,PBPB,POTBELLY CORP,Price not available or security matured/called,Portfolio
Holdings 06-30-13.xls,2013-06-30,,TACO US Equity,TACO,DEL TACO RESTAURANTS INC,Price not available or security matured/called,Portfolio
Holdings 06-30-13.xls,2013-06-30,,DTGF US Equity,DTGF,DOLLAR THRIFTY AUTOMOTIVE GP,This instrument is not active.,Portfolio
Holdings 06-30-13.xls,2013-06-30,,TAX US Equity,TAX,LIBERTY TAX INC,Price not available or security matured/called,Portfolio
Holdings 06-30-13.xls,2013-06-30,,CHUX US Equity,CHUX,O'CHARLEYS INC,This instrument is not active.,Portfolio
Holdings 06-30-13.xls,2013-06-30,,SHAK US Equity,SHAK,SHAKE SHACK INC - CLASS A,Price not available or security matured/called,Portfolio
Holdings 06-30-13.xls,2013-06-30,,CKR US Equity,CKR,CKE RESTAURANTS INC,This instrument is not active.,Portfolio
Holdings 06-30-13.xls,2013-06-30,,RMAX US Equity,RMAX,RE/MAX HOLDINGS INC-CL A,Price not available or security matured/called,Portfolio
Holdings 06-30-13.xls,2013-06-30,,DNKN US Equity,DNKN,DUNKIN' BRANDS GROUP INC,Price not available or security matured/called,Portfolio
Holdings 06-30-13.xls,2013-06-30,,BOJA US Equity,BOJA,BOJANGLES' INC,Price not available or security matured/called,Portfolio
Holdings 06-30-13.xls,2013-06-30,,FRGI US Equity,FRGI,FIESTA RESTAURANT GROUP,Price not available or security matured/called,Portfolio
Holdings 06-30-13.xls,2013-06-30,,BKC US Equity,BKC,BURGER KING HOLDINGS INC,This instrument is not active.,Portfolio
Holdings 06-30-13.xls,2013-06-30,,WING US Equity,WING,WINGSTOP INC,Price not available or security matured/called,Portfolio
Holdings 06-30-13.xls,2013-06-30,,LQ US Equity,LQ,LA QUINTA HOLDINGS INC,Price not available or security matured/called,Portfolio
Holdings 06-30-13.xls,2013-06-30,,BLMN US Equity,BLMN,BLOOMIN' BRANDS INC,Price not available or security matured/called,Portfolio
Holdings 06-30-13.xls,2013-06-30,,LOCO US Equity,LOCO,EL POLLO LOCO HOLDINGS INC,Price not available or security matured/called,Portfolio
Holdings 06-30-13.xls,2013-06-30,,HLT US Equity,HLT,HILTON WORLDWIDE HOLDINGS IN,Price not available or security matured/called,Portfolio
Holdings 06-30-13.xls,2013-06-30,,VVV US Equity,VVV,VALVOLINE INC,Price not available or security matured/called,Portfolio
Holdings 06-30-13.xls,2013-06-30,,NDLS US Equity,NDLS,NOODLES & CO,Price not available or security matured/called,Portfolio
Holdings 06-30-13.xls,2013-06-30,,SERV US Equity,SERV,SERVICEMASTER GLOBAL HOLDING,Price not available or security matured/called,Portfolio
Holdings 06-30-13.xls,2013-06-30,,BNHN US Equity,BNHN,BENIHANA INC,This instrument is not active.,Portfolio
Holdings 06-30-13.xls,2013-06-30,,FRSH US Equity,FRSH,PAPA MURPHY'S HOLDINGS INC,Price not available or security matured/called,Portfolio
Holdings 06-30-13.xls,2013-06-30,,PLNT US Equity,PLNT,PLANET FITNESS INC - CL A,Price not available or security matured/called,Portfolio
Holdings 06-30-13.xls,2013-06-30,,"The BLOOMBERG PROFESSIONAL service, BLOOMBERG Data and BLOOMBERG Order Management Systems (the 'Services') are owned and distributed locally by Bloomberg Finance L.P. ('BFLP') and its subsidiaries in all jurisdictions other than Argentina, Bermuda, China, India, Japan and Korea (the 'BLP Countries'). BFLP is a wholly-owned subsidiary of Bloomberg L.P. ('BLP'). BLP provides BFLP with all global marketing and operational support and service for the Services and distributes the Services either directly or through a non-BFLP subsidiary in the BLP Countries. The Services include electronic trading and order-routing services, which are available only to sophisticated institutional investors and only where necessary legal clearances have been obtained. BFLP, BLP and their affiliates do not provide investment advice or guarantee the accuracy of prices or information in the Services. Nothing on the Services shall constitute an offering of financial instruments by BFLP, BLP or their affiliates. BLOOMBERG, BLOOMBERG PROFESSIONAL, BLOOMBERG MARKET, BLOOMBERG NEWS, BLOOMBERG ANYWHERE, BLOOMBERG TRADEBOOK, BLOOMBERG BONDTRADER, BLOOMBERG TELEVISION, BLOOMBERG RADIO, BLOOMBERG PRESS and BLOOMBERG.COM are trademarks and service marks of BFLP, a Delaware limited partnership, or its subsidiaries.","The BLOOMBERG PROFESSIONAL service, BLOOMBERG Data and BLOOMBERG Order Management Systems (the 'Services') are owned and distributed locally by Bloomberg Finance L.P. ('BFLP') and its subsidiaries in all jurisdictions other than Argentina, Bermuda, China, India, Japan and Korea (the 'BLP Countries'). BFLP is a wholly-owned subsidiary of Bloomberg L.P. ('BLP'). BLP provides BFLP with all global marketing and operational support and service for the Services and distributes the Services either directly or through a non-BFLP subsidiary in the BLP Countries. The Services include electronic trading and order-routing services, which are available only to sophisticated institutional investors and only where necessary legal clearances have been obtained. BFLP, BLP and their affiliates do not provide investment advice or guarantee the accuracy of prices or information in the Services. Nothing on the Services shall constitute an offering of financial instruments by BFLP, BLP or their affiliates. BLOOMBERG, BLOOMBERG PROFESSIONAL, BLOOMBERG MARKET, BLOOMBERG NEWS, BLOOMBERG ANYWHERE, BLOOMBERG TRADEBOOK, BLOOMBERG BONDTRADER, BLOOMBERG TELEVISION, BLOOMBERG RADIO, BLOOMBERG PRESS and BLOOMBERG.COM are trademarks and service marks of BFLP, a Delaware limited partnership, or its subsidiaries.",,,
Holdings 06-30-14.xls,2014-06-30,,MDS US Equity,MDS,MIDAS INC,This instrument is not active.,Portfolio
Holdings 06-30-14.xls,2014-06-30,,QSR US Equity,QSR,RESTAURANT BRANDS INTERN,Price not available or security matured/called,Portfolio
Holdings 06-30-14.xls,2014-06-30,,PBPB US Equity,PBPB,POTBELLY CORP,Price not available or security matured/called,Portfolio
Holdings 06-30-14.xls,2014-06-30,,TACO US Equity,TACO,DEL TACO RESTAURANTS INC,Price not available or security matured/called,Portfolio
Holdings 06-30-14.xls,2014-06-30,,DTGF US Equity,DTGF,DOLLAR THRIFTY AUTOMOTIVE GP,This instrument is not active.,Portfolio
Holdings 06-30-14.xls,2014-06-30,,TAX US Equity,TAX,LIBERTY TAX INC,Price not available or security matured/called,Portfolio
Holdings 06-30-14.xls,2014-06-30,,CHUX US Equity,CHUX,O'CHARLEYS INC,This instrument is not active.,Portfolio
Holdings 06-30-14.xls,2014-06-30,,SHAK US Equity,SHAK,SHAKE SHACK INC - CLASS A,Price not available or security matured/called,Portfolio
Holdings 06-30-14.xls,2014-06-30,,CKR US Equity,CKR,CKE RESTAURANTS INC,This instrument is not active.,Portfolio
Holdings 06-30-14.xls,2014-06-30,,RMAX US Equity,RMAX,RE/MAX HOLDINGS INC-CL A,Price not available or security matured/called,Portfolio
Holdings 06-30-14.xls,2014-06-30,,DNKN US Equity,DNKN,DUNKIN' BRANDS GROUP INC,Price not available or security matured/called,Portfolio
Holdings 06-30-14.xls,2014-06-30,,BOJA US Equity,BOJA,BOJANGLES' INC,Price not available or security matured/called,Portfolio
Holdings 06-30-14.xls,2014-06-30,,FRGI US Equity,FRGI,FIESTA RESTAURANT GROUP,Price not available or security matured/called,Portfolio
Holdings 06-30-14.xls,2014-06-30,,BKC US Equity,BKC,BURGER KING HOLDINGS INC,This instrument is not active.,Portfolio
Holdings 06-30-14.xls,2014-06-30,,WING US Equity,WING,WINGSTOP INC,Price not available or security matured/called,Portfolio
Holdings 06-30-14.xls,2014-06-30,,LQ US Equity,LQ,LA QUINTA HOLDINGS INC,Price not available or security matured/called,Portfolio
Holdings 06-30-14.xls,2014-06-30,,BLMN US Equity,BLMN,BLOOMIN' BRANDS INC,Price not available or security matured/called,Portfolio
Holdings 06-30-14.xls,2014-06-30,,CEC US Equity,CEC,CEC ENTERTAINMENT INC,This instrument is not active.,Portfolio
Holdings 06-30-14.xls,2014-06-30,,LOCO US Equity,LOCO,EL POLLO LOCO HOLDINGS INC,Price not available or security matured/called,Portfolio
Holdings 06-30-14.xls,2014-06-30,,HLT US Equity,HLT,HILTON WORLDWIDE HOLDINGS IN,Price not available or security matured/called,Portfolio
Holdings 06-30-14.xls,2014-06-30,,VVV US Equity,VVV,VALVOLINE INC,Price not available or security matured/called,Portfolio
Holdings 06-30-14.xls,2014-06-30,,NDLS US Equity,NDLS,NOODLES & CO,Price not available or security matured/called,Portfolio
Holdings 06-30-14.xls,2014-06-30,,SERV US Equity,SERV,SERVICEMASTER GLOBAL HOLDING,Price not available or security matured/called,Portfolio
Holdings 06-30-14.xls,2014-06-30,,BNHN US Equity,BNHN,BENIHANA INC,This instrument is not active.,Portfolio
Holdings 06-30-14.xls,2014-06-30,,FRSH US Equity,FRSH,PAPA MURPHY'S HOLDINGS INC,Price not available or security matured/called,Portfolio
Holdings 06-30-14.xls,2014-06-30,,PLNT US Equity,PLNT,PLANET FITNESS INC - CL A,Price not available or security matured/called,Portfolio
Holdings 06-30-14.xls,2014-06-30,,"The BLOOMBERG PROFESSIONAL service, BLOOMBERG Data and BLOOMBERG Order Management Systems (the 'Services') are owned and distributed locally by Bloomberg Finance L.P. ('BFLP') and its subsidiaries in all jurisdictions other than Argentina, Bermuda, China, India, Japan and Korea (the 'BLP Countries'). BFLP is a wholly-owned subsidiary of Bloomberg L.P. ('BLP'). BLP provides BFLP with all global marketing and operational support and service for the Services and distributes the Services either directly or through a non-BFLP subsidiary in the BLP Countries. The Services include electronic trading and order-routing services, which are available only to sophisticated institutional investors and only where necessary legal clearances have been obtained. BFLP, BLP and their affiliates do not provide investment advice or guarantee the accuracy of prices or information in the Services. Nothing on the Services shall constitute an offering of financial instruments by BFLP, BLP or their affiliates. BLOOMBERG, BLOOMBERG PROFESSIONAL, BLOOMBERG MARKET, BLOOMBERG NEWS, BLOOMBERG ANYWHERE, BLOOMBERG TRADEBOOK, BLOOMBERG BONDTRADER, BLOOMBERG TELEVISION, BLOOMBERG RADIO, BLOOMBERG PRESS and BLOOMBERG.COM are trademarks and service marks of BFLP, a Delaware limited partnership, or its subsidiaries.","The BLOOMBERG PROFESSIONAL service, BLOOMBERG Data and BLOOMBERG Order Management Systems (the 'Services') are owned and distributed locally by Bloomberg Finance L.P. ('BFLP') and its subsidiaries in all jurisdictions other than Argentina, Bermuda, China, India, Japan and Korea (the 'BLP Countries'). BFLP is a wholly-owned subsidiary of Bloomberg L.P. ('BLP'). BLP provides BFLP with all global marketing and operational support and service for the Services and distributes the Services either directly or through a non-BFLP subsidiary in the BLP Countries. The Services include electronic trading and order-routing services, which are available only to sophisticated institutional investors and only where necessary legal clearances have been obtained. BFLP, BLP and their affiliates do not provide investment advice or guarantee the accuracy of prices or information in the Services. Nothing on the Services shall constitute an offering of financial instruments by BFLP, BLP or their affiliates. BLOOMBERG, BLOOMBERG PROFESSIONAL, BLOOMBERG MARKET, BLOOMBERG NEWS, BLOOMBERG ANYWHERE, BLOOMBERG TRADEBOOK, BLOOMBERG BONDTRADER, BLOOMBERG TELEVISION, BLOOMBERG RADIO, BLOOMBERG PRESS and BLOOMBERG.COM are trademarks and service marks of BFLP, a Delaware limited partnership, or its subsidiaries.",,,
Holdings 06-30-15.xls,2015-06-30,,MDS US Equity,MDS,MIDAS INC,This instrument is not active.,Portfolio
Holdings 06-30-15.xls,2015-06-30,,QSR US Equity,QSR,RESTAURANT BRANDS INTERN,Price not available or security matured/called,Portfolio
Holdings 06-30-15.xls,2015-06-30,,PBPB US Equity,PBPB,POTBELLY CORP,Price not available or security matured/called,Portfolio
Holdings 06-30-15.xls,2015-06-30,,TACO US Equity,TACO,DEL TACO RESTAURANTS INC,Price not available or security matured/called,Portfolio
Holdings 06-30-15.xls,2015-06-30,,DTGF US Equity,DTGF,DOLLAR THRIFTY AUTOMOTIVE GP,This instrument is not active.,Portfolio
Holdings 06-30-15.xls,2015-06-30,,TAX US Equity,TAX,LIBERTY TAX INC,Price not available or security matured/called,Portfolio
Holdings 06-30-15.xls,2015-06-30,,CHUX US Equity,CHUX,O'CHARLEYS INC,This instrument is not active.,Portfolio
Holdings 06-30-15.xls,2015-06-30,,SHAK US Equity,SHAK,SHAKE SHACK INC - CLASS A,Price not available or security matured/called,Portfolio
Holdings 06-30-15.xls,2015-06-30,,CKR US Equity,CKR,CKE RESTAURANTS INC,This instrument is not active.,Portfolio
Holdings 06-30-15.xls,2015-06-30,,RMAX US Equity,RMAX,RE/MAX HOLDINGS INC-CL A,Price not available or security matured/called,Portfolio
Holdings 06-30-15.xls,2015-06-30,,DNKN US Equity,DNKN,DUNKIN' BRANDS GROUP INC,Price not available or security matured/called,Portfolio
Holdings 06-30-15.xls,2015-06-30,,BOJA US Equity,BOJA,BOJANGLES' INC,Price not available or security matured/called,Portfolio
Holdings 06-30-15.xls,2015-06-30,,FRGI US Equity,FRGI,FIESTA RESTAURANT GROUP,Price not available or security matured/called,Portfolio
Holdings 06-30-15.xls,2015-06-30,,BKC US Equity,BKC,BURGER KING HOLDINGS INC,This instrument is not active.,Portfolio
Holdings 06-30-15.xls,2015-06-30,,WING US Equity,WING,WINGSTOP INC,Price not available or security matured/called,Portfolio
Holdings 06-30-15.xls,2015-06-30,,LQ US Equity,LQ,LA QUINTA HOLDINGS INC,Price not available or security matured/called,Portfolio
Holdings 06-30-15.xls,2015-06-30,,BLMN US Equity,BLMN,BLOOMIN' BRANDS INC,Price not available or security matured/called,Portfolio
Holdings 06-30-15.xls,2015-06-30,,THI US Equity,THI,TIM HORTONS INC,This instrument is not active.,Portfolio
Holdings 06-30-15.xls,2015-06-30,,CEC US Equity,CEC,CEC ENTERTAINMENT INC,This instrument is not active.,Portfolio
Holdings 06-30-15.xls,2015-06-30,,LOCO US Equity,LOCO,EL POLLO LOCO HOLDINGS INC,Price not available or security matured/called,Portfolio
Holdings 06-30-15.xls,2015-06-30,,HLT US Equity,HLT,HILTON WORLDWIDE HOLDINGS IN,Price not available or security matured/called,Portfolio
Holdings 06-30-15.xls,2015-06-30,,BAGL US Equity,BAGL,EINSTEIN NOAH RESTAURANT GRO,This instrument is not active.,Portfolio
Holdings 06-30-15.xls,2015-06-30,,VVV US Equity,VVV,VALVOLINE INC,Price not available or security matured/called,Portfolio
Holdings 06-30-15.xls,2015-06-30,,NDLS US Equity,NDLS,NOODLES & CO,Price not available or security matured/called,Portfolio
Holdings 06-30-15.xls,2015-06-30,,SERV US Equity,SERV,SERVICEMASTER GLOBAL HOLDING,Price not available or security matured/called,Portfolio
Holdings 06-30-15.xls,2015-06-30,,BNHN US Equity,BNHN,BENIHANA INC,This instrument is not active.,Portfolio
Holdings 06-30-15.xls,2015-06-30,,FRSH US Equity,FRSH,PAPA MURPHY'S HOLDINGS INC,Price not available or security matured/called,Portfolio
Holdings 06-30-15.xls,2015-06-30,,PLNT US Equity,PLNT,PLANET FITNESS INC - CL A,Price not available or security matured/called,Portfolio
Holdings 06-30-15.xls,2015-06-30,,"The BLOOMBERG PROFESSIONAL service, BLOOMBERG Data and BLOOMBERG Order Management Systems (the 'Services') are owned and distributed locally by Bloomberg Finance L.P. ('BFLP') and its subsidiaries in all jurisdictions other than Argentina, Bermuda, China, India, Japan and Korea (the 'BLP Countries'). BFLP is a wholly-owned subsidiary of Bloomberg L.P. ('BLP'). BLP provides BFLP with all global marketing and operational support and service for the Services and distributes the Services either directly or through a non-BFLP subsidiary in the BLP Countries. The Services include electronic trading and order-routing services, which are available only to sophisticated institutional investors and only where necessary legal clearances have been obtained. BFLP, BLP and their affiliates do not provide investment advice or guarantee the accuracy of prices or information in the Services. Nothing on the Services shall constitute an offering of financial instruments by BFLP, BLP or their affiliates. BLOOMBERG, BLOOMBERG PROFESSIONAL, BLOOMBERG MARKET, BLOOMBERG NEWS, BLOOMBERG ANYWHERE, BLOOMBERG TRADEBOOK, BLOOMBERG BONDTRADER, BLOOMBERG TELEVISION, BLOOMBERG RADIO, BLOOMBERG PRESS and BLOOMBERG.COM are trademarks and service marks of BFLP, a Delaware limited partnership, or its subsidiaries.","The BLOOMBERG PROFESSIONAL service, BLOOMBERG Data and BLOOMBERG Order Management Systems (the 'Services') are owned and distributed locally by Bloomberg Finance L.P. ('BFLP') and its subsidiaries in all jurisdictions other than Argentina, Bermuda, China, India, Japan and Korea (the 'BLP Countries'). BFLP is a wholly-owned subsidiary of Bloomberg L.P. ('BLP'). BLP provides BFLP with all global marketing and operational support and service for the Services and distributes the Services either directly or through a non-BFLP subsidiary in the BLP Countries. The Services include electronic trading and order-routing services, which are available only to sophisticated institutional investors and only where necessary legal clearances have been obtained. BFLP, BLP and their affiliates do not provide investment advice or guarantee the accuracy of prices or information in the Services. Nothing on the Services shall constitute an offering of financial instruments by BFLP, BLP or their affiliates. BLOOMBERG, BLOOMBERG PROFESSIONAL, BLOOMBERG MARKET, BLOOMBERG NEWS, BLOOMBERG ANYWHERE, BLOOMBERG TRADEBOOK, BLOOMBERG BONDTRADER, BLOOMBERG TELEVISION, BLOOMBERG RADIO, BLOOMBERG PRESS and BLOOMBERG.COM are trademarks and service marks of BFLP, a Delaware limited partnership, or its subsidiaries.",,,
Holdings 06-30-16.xls,2016-06-30,,MDS US Equity,MDS,MIDAS INC,This instrument is not active.,Portfolio
Holdings 06-30-16.xls,2016-06-30,,QSR US Equity,QSR,RESTAURANT BRANDS INTERN,Price not available or security matured/called,Portfolio
Holdings 06-30-16.xls,2016-06-30,,PBPB US Equity,PBPB,POTBELLY CORP,Price not available or security matured/called,Portfolio
Holdings 06-30-16.xls,2016-06-30,,TACO US Equity,TACO,DEL TACO RESTAURANTS INC,Price not available or security matured/called,Portfolio
Holdings 06-30-16.xls,2016-06-30,,DTGF US Equity,DTGF,DOLLAR THRIFTY AUTOMOTIVE GP,This instrument is not active.,Portfolio
Holdings 06-30-16.xls,2016-06-30,,TAX US Equity,TAX,LIBERTY TAX INC,Price not available or security matured/called,Portfolio
Holdings 06-30-16.xls,2016-06-30,,FRS US Equity,FRS,FRISCH'S RESTAURANTS INC,This instrument is not active.,Portfolio
Holdings 06-30-16.xls,2016-06-30,,CHUX US Equity,CHUX,O'CHARLEYS INC,This instrument is not active.,Portfolio
Holdings 06-30-16.xls,2016-06-30,,SHAK US Equity,SHAK,SHAKE SHACK INC - CLASS A,Price not available or security matured/called,Portfolio
Holdings 06-30-16.xls,2016-06-30,,CKR US Equity,CKR,CKE RESTAURANTS INC,This instrument is not active.,Portfolio
Holdings 06-30-16.xls,2016-06-30,,RMAX US Equity,RMAX,RE/MAX HOLDINGS INC-CL A,Price not available or security matured/called,Portfolio
Holdings 06-30-16.xls,2016-06-30,,DNKN US Equity,DNKN,DUNKIN' BRANDS GROUP INC,Price not available or security matured/called,Portfolio
Holdings 06-30-16.xls,2016-06-30,,BOJA US Equity,BOJA,BOJANGLES' INC,Price not available or security matured/called,Portfolio
Holdings 06-30-16.xls,2016-06-30,,FRGI US Equity,FRGI,FIESTA RESTAURANT GROUP,Price not available or security matured/called,Portfolio
Holdings 06-30-16.xls,2016-06-30,,BKC US Equity,BKC,BURGER KING HOLDINGS INC,This instrument is not active.,Portfolio
Holdings 06-30-16.xls,2016-06-30,,WING US Equity,WING,WINGSTOP INC,Price not available or security matured/called,Portfolio
Holdings 06-30-16.xls,2016-06-30,,LQ US Equity,LQ,LA QUINTA HOLDINGS INC,Price not available or security matured/called,Portfolio
Holdings 06-30-16.xls,2016-06-30,,BLMN US Equity,BLMN,BLOOMIN' BRANDS INC,Price not available or security matured/called,Portfolio
Holdings 06-30-16.xls,2016-06-30,,THI US Equity,THI,TIM HORTONS INC,This instrument is not active.,Portfolio
Holdings 06-30-16.xls,2016-06-30,,CEC US Equity,CEC,CEC ENTERTAINMENT INC,This instrument is not active.,Portfolio
Holdings 06-30-16.xls,2016-06-30,,LOCO US Equity,LOCO,EL POLLO LOCO HOLDINGS INC,Price not available or security matured/called,Portfolio
Holdings 06-30-16.xls,2016-06-30,,RSHCQ US Equity,RSHCQ,RS LEGACY CORP,This instrument is not active.,Portfolio
Holdings 06-30-16.xls,2016-06-30,,HLT US Equity,HLT,HILTON WORLDWIDE HOLDINGS IN,Price not available or security matured/called,Portfolio
Holdings 06-30-16.xls,2016-06-30,,BAGL US Equity,BAGL,EINSTEIN NOAH RESTAURANT GRO,This instrument is not active.,Portfolio
Holdings 06-30-16.xls,2016-06-30,,VVV US Equity,VVV,VALVOLINE INC,Price not available or security matured/called,Portfolio
Holdings 06-30-16.xls,2016-06-30,,NDLS US Equity,NDLS,NOODLES & CO,Price not available or security matured/called,Portfolio
Holdings 06-30-16.xls,2016-06-30,,SERV US Equity,SERV,SERVICEMASTER GLOBAL HOLDING,Price not available or security matured/called,Portfolio
Holdings 06-30-16.xls,2016-06-30,,BNHN US Equity,BNHN,BENIHANA INC,This instrument is not active.,Portfolio
Holdings 06-30-16.xls,2016-06-30,,FRSH US Equity,FRSH,PAPA MURPHY'S HOLDINGS INC,Price not available or security matured/called,Portfolio
Holdings 06-30-16.xls,2016-06-30,,PLNT US Equity,PLNT,PLANET FITNESS INC - CL A,Price not available or security matured/called,Portfolio
Holdings 06-30-16.xls,2016-06-30,,"The BLOOMBERG PROFESSIONAL service, BLOOMBERG Data and BLOOMBERG Order Management Systems (the 'Services') are owned and distributed locally by Bloomberg Finance L.P. ('BFLP') and its subsidiaries in all jurisdictions other than Argentina, Bermuda, China, India, Japan and Korea (the 'BLP Countries'). BFLP is a wholly-owned subsidiary of Bloomberg L.P. ('BLP'). BLP provides BFLP with all global marketing and operational support and service for the Services and distributes the Services either directly or through a non-BFLP subsidiary in the BLP Countries. The Services include electronic trading and order-routing services, which are available only to sophisticated institutional investors and only where necessary legal clearances have been obtained. BFLP, BLP and their affiliates do not provide investment advice or guarantee the accuracy of prices or information in the Services. Nothing on the Services shall constitute an offering of financial instruments by BFLP, BLP or their affiliates. BLOOMBERG, BLOOMBERG PROFESSIONAL, BLOOMBERG MARKET, BLOOMBERG NEWS, BLOOMBERG ANYWHERE, BLOOMBERG TRADEBOOK, BLOOMBERG BONDTRADER, BLOOMBERG TELEVISION, BLOOMBERG RADIO, BLOOMBERG PRESS and BLOOMBERG.COM are trademarks and service marks of BFLP, a Delaware limited partnership, or its subsidiaries.","The BLOOMBERG PROFESSIONAL service, BLOOMBERG Data and BLOOMBERG Order Management Systems (the 'Services') are owned and distributed locally by Bloomberg Finance L.P. ('BFLP') and its subsidiaries in all jurisdictions other than Argentina, Bermuda, China, India, Japan and Korea (the 'BLP Countries'). BFLP is a wholly-owned subsidiary of Bloomberg L.P. ('BLP'). BLP provides BFLP with all global marketing and operational support and service for the Services and distributes the Services either directly or through a non-BFLP subsidiary in the BLP Countries. The Services include electronic trading and order-routing services, which are available only to sophisticated institutional investors and only where necessary legal clearances have been obtained. BFLP, BLP and their affiliates do not provide investment advice or guarantee the accuracy of prices or information in the Services. Nothing on the Services shall constitute an offering of financial instruments by BFLP, BLP or their affiliates. BLOOMBERG, BLOOMBERG PROFESSIONAL, BLOOMBERG MARKET, BLOOMBERG NEWS, BLOOMBERG ANYWHERE, BLOOMBERG TRADEBOOK, BLOOMBERG BONDTRADER, BLOOMBERG TELEVISION, BLOOMBERG RADIO, BLOOMBERG PRESS and BLOOMBERG.COM are trademarks and service marks of BFLP, a Delaware limited partnership, or its subsidiaries.",,,
Holdings 06-30-17.xls,2017-06-30,,MDS US Equity,MDS,MIDAS INC,This instrument is not active.,Portfolio
Holdings 06-30-17.xls,2017-06-30,,QSR US Equity,QSR,RESTAURANT BRANDS INTERN,Price not available or security matured/called,Portfolio
Holdings 06-30-17.xls,2017-06-30,,PBPB US Equity,PBPB,POTBELLY CORP,Price not available or security matured/called,Portfolio
Holdings 06-30-17.xls,2017-06-30,,TACO US Equity,TACO,DEL TACO RESTAURANTS INC,Price not available or security matured/called,Portfolio
Holdings 06-30-17.xls,2017-06-30,,DTGF US Equity,DTGF,DOLLAR THRIFTY AUTOMOTIVE GP,This instrument is not active.,Portfolio
Holdings 06-30-17.xls,2017-06-30,,TAX US Equity,TAX,LIBERTY TAX INC,Price not available or security matured/called,Portfolio
Holdings 06-30-17.xls,2017-06-30,,FRS US Equity,FRS,FRISCH'S RESTAURANTS INC,This instrument is not active.,Portfolio
Holdings 06-30-17.xls,2017-06-30,,CHUX US Equity,CHUX,O'CHARLEYS INC,This instrument is not active.,Portfolio
Holdings 06-30-17.xls,2017-06-30,,CSH US Equity,CSH,CASH AMERICA INTL INC,This instrument is not active.,Portfolio
Holdings 06-30-17.xls,2017-06-30,,SHAK US Equity,SHAK,SHAKE SHACK INC - CLASS A,Price not available or security matured/called,Portfolio
Holdings 06-30-17.xls,2017-06-30,,KKD US Equity,KKD,KRISPY KREME DOUGHNUTS INC,This instrument is not active.,Portfolio
Holdings 06-30-17.xls,2017-06-30,,CKR US Equity,CKR,CKE RESTAURANTS INC,This instrument is not active.,Portfolio
Holdings 06-30-17.xls,2017-06-30,,RMAX US Equity,RMAX,RE/MAX HOLDINGS INC-CL A,Price not available or security matured/called,Portfolio
Holdings 06-30-17.xls,2017-06-30,,DNKN US Equity,DNKN,DUNKIN' BRANDS GROUP INC,Price not available or security matured/called,Portfolio
Holdings 06-30-17.xls,2017-06-30,,BOJA US Equity,BOJA,BOJANGLES' INC,Price not available or security matured/called,Portfolio
Holdings 06-30-17.xls,2017-06-30,,FRGI US Equity,FRGI,FIESTA RESTAURANT GROUP,Price not available or security matured/called,Portfolio
Holdings 06-30-17.xls,2017-06-30,,BKC US Equity,BKC,BURGER KING HOLDINGS INC,This instrument is not active.,Portfolio
Holdings 06-30-17.xls,2017-06-30,,WING US Equity,WING,WINGSTOP INC,Price not available or security matured/called,Portfolio
Holdings 06-30-17.xls,2017-06-30,,LQ US Equity,LQ,LA QUINTA HOLDINGS INC,Price not available or security matured/called,Portfolio
Holdings 06-30-17.xls,2017-06-30,,BLMN US Equity,BLMN,BLOOMIN' BRANDS INC,Price not available or security matured/called,Portfolio
Holdings 06-30-17.xls,2017-06-30,,THI US Equity,THI,TIM HORTONS INC,This instrument is not active.,Portfolio
Holdings 06-30-17.xls,2017-06-30,,CEC US Equity,CEC,CEC ENTERTAINMENT INC,This instrument is not active.,Portfolio
Holdings 06-30-17.xls,2017-06-30,,PLKI US Equity,PLKI,POPEYES LOUISIANA KITCHEN IN,This instrument is not active.,Portfolio
Holdings 06-30-17.xls,2017-06-30,,HOT US Equity,HOT,STARWOOD HOTELS & RESORTS WO,This instrument is not active.,Portfolio
Holdings 06-30-17.xls,2017-06-30,,LOCO US Equity,LOCO,EL POLLO LOCO HOLDINGS INC,Price not available or security matured/called,Portfolio
Holdings 06-30-17.xls,2017-06-30,,RSHCQ US Equity,RSHCQ,RS LEGACY CORP,This instrument is not active.,Portfolio
Holdings 06-30-17.xls,2017-06-30,,HLT US Equity,HLT,HILTON WORLDWIDE HOLDINGS IN,Price not available or security matured/called,Portfolio
Holdings 06-30-17.xls,2017-06-30,,BAGL US Equity,BAGL,EINSTEIN NOAH RESTAURANT GRO,This instrument is not active.,Portfolio
Holdings 06-30-17.xls,2017-06-30,,VVV US Equity,VVV,VALVOLINE INC,Price not available or security matured/called,Portfolio
Holdings 06-30-17.xls,2017-06-30,,NDLS US Equity,NDLS,NOODLES & CO,Price not available or security matured/called,Portfolio
Holdings 06-30-17.xls,2017-06-30,,SERV US Equity,SERV,SERVICEMASTER GLOBAL HOLDING,Price not available or security matured/called,Portfolio
Holdings 06-30-17.xls,2017-06-30,,BNHN US Equity,BNHN,BENIHANA INC,This instrument is not active.,Portfolio
Holdings 06-30-17.xls,2017-06-30,,FRSH US Equity,FRSH,PAPA MURPHY'S HOLDINGS INC,Price not available or security matured/called,Portfolio
Holdings 06-30-17.xls,2017-06-30,,PLNT US Equity,PLNT,PLANET FITNESS INC - CL A,Price not available or security matured/called,Portfolio
Holdings 06-30-17.xls,2017-06-30,,"The BLOOMBERG PROFESSIONAL service, BLOOMBERG Data and BLOOMBERG Order Management Systems (the 'Services') are owned and distributed locally by Bloomberg Finance L.P. ('BFLP') and its subsidiaries in all jurisdictions other than Argentina, Bermuda, China, India, Japan and Korea (the 'BLP Countries'). BFLP is a wholly-owned subsidiary of Bloomberg L.P. ('BLP'). BLP provides BFLP with all global marketing and operational support and service for the Services and distributes the Services either directly or through a non-BFLP subsidiary in the BLP Countries. The Services include electronic trading and order-routing services, which are available only to sophisticated institutional investors and only where necessary legal clearances have been obtained. BFLP, BLP and their affiliates do not provide investment advice or guarantee the accuracy of prices or information in the Services. Nothing on the Services shall constitute an offering of financial instruments by BFLP, BLP or their affiliates. BLOOMBERG, BLOOMBERG PROFESSIONAL, BLOOMBERG MARKET, BLOOMBERG NEWS, BLOOMBERG ANYWHERE, BLOOMBERG TRADEBOOK, BLOOMBERG BONDTRADER, BLOOMBERG TELEVISION, BLOOMBERG RADIO, BLOOMBERG PRESS and BLOOMBERG.COM are trademarks and service marks of BFLP, a Delaware limited partnership, or its subsidiaries.","The BLOOMBERG PROFESSIONAL service, BLOOMBERG Data and BLOOMBERG Order Management Systems (the 'Services') are owned and distributed locally by Bloomberg Finance L.P. ('BFLP') and its subsidiaries in all jurisdictions other than Argentina, Bermuda, China, India, Japan and Korea (the 'BLP Countries'). BFLP is a wholly-owned subsidiary of Bloomberg L.P. ('BLP'). BLP provides BFLP with all global marketing and operational support and service for the Services and distributes the Services either directly or through a non-BFLP subsidiary in the BLP Countries. The Services include electronic trading and order-routing services, which are available only to sophisticated institutional investors and only where necessary legal clearances have been obtained. BFLP, BLP and their affiliates do not provide investment advice or guarantee the accuracy of prices or information in the Services. Nothing on the Services shall constitute an offering of financial instruments by BFLP, BLP or their affiliates. BLOOMBERG, BLOOMBERG PROFESSIONAL, BLOOMBERG MARKET, BLOOMBERG NEWS, BLOOMBERG ANYWHERE, BLOOMBERG TRADEBOOK, BLOOMBERG BONDTRADER, BLOOMBERG TELEVISION, BLOOMBERG RADIO, BLOOMBERG PRESS and BLOOMBERG.COM are trademarks and service marks of BFLP, a Delaware limited partnership, or its subsidiaries.",,,
Holdings 12-31-07.xls,2007-12-31,,QSR US Equity,QSR,RESTAURANT BRANDS INTERN,Price not available or security matured/called,Portfolio
Holdings 12-31-07.xls,2007-12-31,,PBPB US Equity,PBPB,POTBELLY CORP,Price not available or security matured/called,Portfolio
Holdings 12-31-07.xls,2007-12-31,,TACO US Equity,TACO,DEL TACO RESTAURANTS INC,Price not available or security matured/called,Portfolio
Holdings 12-31-07.xls,2007-12-31,,TAX US Equity,TAX,LIBERTY TAX INC,Price not available or security matured/called,Portfolio
Holdings 12-31-07.xls,2007-12-31,,SHAK US Equity,SHAK,SHAKE SHACK INC - CLASS A,Price not available or security matured/called,Portfolio
Holdings 12-31-07.xls,2007-12-31,,RMAX US Equity,RMAX,RE/MAX HOLDINGS INC-CL A,Price not available or security matured/called,Portfolio
Holdings 12-31-07.xls,2007-12-31,,DNKN US Equity,DNKN,DUNKIN' BRANDS GROUP INC,Price not available or security matured/called,Portfolio
Holdings 12-31-07.xls,2007-12-31,,BOJA US Equity,BOJA,BOJANGLES' INC,Price not available or security matured/called,Portfolio
Holdings 12-31-07.xls,2007-12-31,,FRGI US Equity,FRGI,FIESTA RESTAURANT GROUP,Price not available or security matured/called,Portfolio
Holdings 12-31-07.xls,2007-12-31,,WING US Equity,WING,WINGSTOP INC,Price not available or security matured/called,Portfolio
Holdings 12-31-07.xls,2007-12-31,,LQ US Equity,LQ,LA QUINTA HOLDINGS INC,Price not available or security matured/called,Portfolio
Holdings 12-31-07.xls,2007-12-31,,BLMN US Equity,BLMN,BLOOMIN' BRANDS INC,Price not available or security matured/called,Portfolio
Holdings 12-31-07.xls,2007-12-31,,GNC US Equity,GNC,GNC HOLDINGS INC-CL A,Price not available or security matured/called,Portfolio
Holdings 12-31-07.xls,2007-12-31,,LOCO US Equity,LOCO,EL POLLO LOCO HOLDINGS INC,Price not available or security matured/called,Portfolio
Holdings 12-31-07.xls,2007-12-31,,H US Equity,H,HYATT HOTELS CORP - CL A,Price not available or security matured/called,Portfolio
Holdings 12-31-07.xls,2007-12-31,,HLT US Equity,HLT,HILTON WORLDWIDE HOLDINGS IN,Price not available or security matured/called,Portfolio
Holdings 12-31-07.xls,2007-12-31,,VVV US Equity,VVV,VALVOLINE INC,Price not available or security matured/called,Portfolio
Holdings 12-31-07.xls,2007-12-31,,NDLS US Equity,NDLS,NOODLES & CO,Price not available or security matured/called,Portfolio
Holdings 12-31-07.xls,2007-12-31,,SERV US Equity,SERV,SERVICEMASTER GLOBAL HOLDING,Price not available or security matured/called,Portfolio
Holdings 12-31-07.xls,2007-12-31,,FRSH US Equity,FRSH,PAPA MURPHY'S HOLDINGS INC,Price not available or security matured/called,Portfolio
Holdings 12-31-07.xls,2007-12-31,,PLNT US Equity,PLNT,PLANET FITNESS INC - CL A,Price not available or security matured/called,Portfolio
Holdings 12-31-07.xls,2007-12-31,,"The BLOOMBERG PROFESSIONAL service, BLOOMBERG Data and BLOOMBERG Order Management Systems (the 'Services') are owned and distributed locally by Bloomberg Finance L.P. ('BFLP') and its subsidiaries in all jurisdictions other than Argentina, Bermuda, China, India, Japan and Korea (the 'BLP Countries'). BFLP is a wholly-owned subsidiary of Bloomberg L.P. ('BLP'). BLP provides BFLP with all global marketing and operational support and service for the Services and distributes the Services either directly or through a non-BFLP subsidiary in the BLP Countries. The Services include electronic trading and order-routing services, which are available only to sophisticated institutional investors and only where necessary legal clearances have been obtained. BFLP, BLP and their affiliates do not provide investment advice or guarantee the accuracy of prices or information in the Services. Nothing on the Services shall constitute an offering of financial instruments by BFLP, BLP or their affiliates. BLOOMBERG, BLOOMBERG PROFESSIONAL, BLOOMBERG MARKET, BLOOMBERG NEWS, BLOOMBERG ANYWHERE, BLOOMBERG TRADEBOOK, BLOOMBERG BONDTRADER, BLOOMBERG TELEVISION, BLOOMBERG RADIO, BLOOMBERG PRESS and BLOOMBERG.COM are trademarks and service marks of BFLP, a Delaware limited partnership, or its subsidiaries.","The BLOOMBERG PROFESSIONAL service, BLOOMBERG Data and BLOOMBERG Order Management Systems (the 'Services') are owned and distributed locally by Bloomberg Finance L.P. ('BFLP') and its subsidiaries in all jurisdictions other than Argentina, Bermuda, China, India, Japan and Korea (the 'BLP Countries'). BFLP is a wholly-owned subsidiary of Bloomberg L.P. ('BLP'). BLP provides BFLP with all global marketing and operational support and service for the Services and distributes the Services either directly or through a non-BFLP subsidiary in the BLP Countries. The Services include electronic trading and order-routing services, which are available only to sophisticated institutional investors and only where necessary legal clearances have been obtained. BFLP, BLP and their affiliates do not provide investment advice or guarantee the accuracy of prices or information in the Services. Nothing on the Services shall constitute an offering of financial instruments by BFLP, BLP or their affiliates. BLOOMBERG, BLOOMBERG PROFESSIONAL, BLOOMBERG MARKET, BLOOMBERG NEWS, BLOOMBERG ANYWHERE, BLOOMBERG TRADEBOOK, BLOOMBERG BONDTRADER, BLOOMBERG TELEVISION, BLOOMBERG RADIO, BLOOMBERG PRESS and BLOOMBERG.COM are trademarks and service marks of BFLP, a Delaware limited partnership, or its subsidiaries.",,,
Holdings 12-31-08.xls,2008-12-31,,QSR US Equity,QSR,RESTAURANT BRANDS INTERN,Price not available or security matured/called,Portfolio
Holdings 12-31-08.xls,2008-12-31,,PBPB US Equity,PBPB,POTBELLY CORP,Price not available or security matured/called,Portfolio
Holdings 12-31-08.xls,2008-12-31,,TACO US Equity,TACO,DEL TACO RESTAURANTS INC,Price not available or security matured/called,Portfolio
Holdings 12-31-08.xls,2008-12-31,,TAX US Equity,TAX,LIBERTY TAX INC,Price not available or security matured/called,Portfolio
Holdings 12-31-08.xls,2008-12-31,,SHAK US Equity,SHAK,SHAKE SHACK INC - CLASS A,Price not available or security matured/called,Portfolio
Holdings 12-31-08.xls,2008-12-31,,RMAX US Equity,RMAX,RE/MAX HOLDINGS INC-CL A,Price not available or security matured/called,Portfolio
Holdings 12-31-08.xls,2008-12-31,,DNKN US Equity,DNKN,DUNKIN' BRANDS GROUP INC,Price not available or security matured/called,Portfolio
Holdings 12-31-08.xls,2008-12-31,,BOJA US Equity,BOJA,BOJANGLES' INC,Price not available or security matured/called,Portfolio
Holdings 12-31-08.xls,2008-12-31,,FRGI US Equity,FRGI,FIESTA RESTAURANT GROUP,Price not available or security matured/called,Portfolio
Holdings 12-31-08.xls,2008-12-31,,WING US Equity,WING,WINGSTOP INC,Price not available or security matured/called,Portfolio
Holdings 12-31-08.xls,2008-12-31,,LQ US Equity,LQ,LA QUINTA HOLDINGS INC,Price not available or security matured/called,Portfolio
Holdings 12-31-08.xls,2008-12-31,,BLMN US Equity,BLMN,BLOOMIN' BRANDS INC,Price not available or security matured/called,Portfolio
Holdings 12-31-08.xls,2008-12-31,,GNC US Equity,GNC,GNC HOLDINGS INC-CL A,Price not available or security matured/called,Portfolio
Holdings 12-31-08.xls,2008-12-31,,LOCO US Equity,LOCO,EL POLLO LOCO HOLDINGS INC,Price not available or security matured/called,Portfolio
Holdings 12-31-08.xls,2008-12-31,,H US Equity,H,HYATT HOTELS CORP - CL A,Price not available or security matured/called,Portfolio
Holdings 12-31-08.xls,2008-12-31,,HLT US Equity,HLT,HILTON WORLDWIDE HOLDINGS IN,Price not available or security matured/called,Portfolio
Holdings 12-31-08.xls,2008-12-31,,VVV US Equity,VVV,VALVOLINE INC,Price not available or security matured/called,Portfolio
Holdings 12-31-08.xls,2008-12-31,,NDLS US Equity,NDLS,NOODLES & CO,Price not available or security matured/called,Portfolio
Holdings 12-31-08.xls,2008-12-31,,SERV US Equity,SERV,SERVICEMASTER GLOBAL HOLDING,Price not available or security matured/called,Portfolio
Holdings 12-31-08.xls,2008-12-31,,FRSH US Equity,FRSH,PAPA MURPHY'S HOLDINGS INC,Price not available or security matured/called,Portfolio
Holdings 12-31-08.xls,2008-12-31,,PLNT US Equity,PLNT,PLANET FITNESS INC - CL A,Price not available or security matured/called,Portfolio
Holdings 12-31-08.xls,2008-12-31,,"The BLOOMBERG PROFESSIONAL service, BLOOMBERG Data and BLOOMBERG Order Management Systems (the 'Services') are owned and distributed locally by Bloomberg Finance L.P. ('BFLP') and its subsidiaries in all jurisdictions other than Argentina, Bermuda, China, India, Japan and Korea (the 'BLP Countries'). BFLP is a wholly-owned subsidiary of Bloomberg L.P. ('BLP'). BLP provides BFLP with all global marketing and operational support and service for the Services and distributes the Services either directly or through a non-BFLP subsidiary in the BLP Countries. The Services include electronic trading and order-routing services, which are available only to sophisticated institutional investors and only where necessary legal clearances have been obtained. BFLP, BLP and their affiliates do not provide investment advice or guarantee the accuracy of prices or information in the Services. Nothing on the Services shall constitute an offering of financial instruments by BFLP, BLP or their affiliates. BLOOMBERG, BLOOMBERG PROFESSIONAL, BLOOMBERG MARKET, BLOOMBERG NEWS, BLOOMBERG ANYWHERE, BLOOMBERG TRADEBOOK, BLOOMBERG BONDTRADER, BLOOMBERG TELEVISION, BLOOMBERG RADIO, BLOOMBERG PRESS and BLOOMBERG.COM are trademarks and service marks of BFLP, a Delaware limited partnership, or its subsidiaries.","The BLOOMBERG PROFESSIONAL service, BLOOMBERG Data and BLOOMBERG Order Management Systems (the 'Services') are owned and distributed locally by Bloomberg Finance L.P. ('BFLP') and its subsidiaries in all jurisdictions other than Argentina, Bermuda, China, India, Japan and Korea (the 'BLP Countries'). BFLP is a wholly-owned subsidiary of Bloomberg L.P. ('BLP'). BLP provides BFLP with all global marketing and operational support and service for the Services and distributes the Services either directly or through a non-BFLP subsidiary in the BLP Countries. The Services include electronic trading and order-routing services, which are available only to sophisticated institutional investors and only where necessary legal clearances have been obtained. BFLP, BLP and their affiliates do not provide investment advice or guarantee the accuracy of prices or information in the Services. Nothing on the Services shall constitute an offering of financial instruments by BFLP, BLP or their affiliates. BLOOMBERG, BLOOMBERG PROFESSIONAL, BLOOMBERG MARKET, BLOOMBERG NEWS, BLOOMBERG ANYWHERE, BLOOMBERG TRADEBOOK, BLOOMBERG BONDTRADER, BLOOMBERG TELEVISION, BLOOMBERG RADIO, BLOOMBERG PRESS and BLOOMBERG.COM are trademarks and service marks of BFLP, a Delaware limited partnership, or its subsidiaries.",,,
Holdings 12-31-09.xls,2009-12-31,,QSR US Equity,QSR,RESTAURANT BRANDS INTERN,Price not available or security matured/called,Portfolio
Holdings 12-31-09.xls,2009-12-31,,PBPB US Equity,PBPB,POTBELLY CORP,Price not available or security matured/called,Portfolio
Holdings 12-31-09.xls,2009-12-31,,TACO US Equity,TACO,DEL TACO RESTAURANTS INC,Price not available or security matured/called,Portfolio
Holdings 12-31-09.xls,2009-12-31,,TAX US Equity,TAX,LIBERTY TAX INC,Price not available or security matured/called,Portfolio
Holdings 12-31-09.xls,2009-12-31,,SHAK US Equity,SHAK,SHAKE SHACK INC - CLASS A,Price not available or security matured/called,Portfolio
Holdings 12-31-09.xls,2009-12-31,,RMAX US Equity,RMAX,RE/MAX HOLDINGS INC-CL A,Price not available or security matured/called,Portfolio
Holdings 12-31-09.xls,2009-12-31,,DNKN US Equity,DNKN,DUNKIN' BRANDS GROUP INC,Price not available or security matured/called,Portfolio
Holdings 12-31-09.xls,2009-12-31,,BOJA US Equity,BOJA,BOJANGLES' INC,Price not available or security matured/called,Portfolio
Holdings 12-31-09.xls,2009-12-31,,FRGI US Equity,FRGI,FIESTA RESTAURANT GROUP,Price not available or security matured/called,Portfolio
Holdings 12-31-09.xls,2009-12-31,,WING US Equity,WING,WINGSTOP INC,Price not available or security matured/called,Portfolio
Holdings 12-31-09.xls,2009-12-31,,LQ US Equity,LQ,LA QUINTA HOLDINGS INC,Price not available or security matured/called,Portfolio
Holdings 12-31-09.xls,2009-12-31,,BLMN US Equity,BLMN,BLOOMIN' BRANDS INC,Price not available or security matured/called,Portfolio
Holdings 12-31-09.xls,2009-12-31,,GNC US Equity,GNC,GNC HOLDINGS INC-CL A,Price not available or security matured/called,Portfolio
Holdings 12-31-09.xls,2009-12-31,,LOCO US Equity,LOCO,EL POLLO LOCO HOLDINGS INC,Price not available or security matured/called,Portfolio
Holdings 12-31-09.xls,2009-12-31,,H US Equity,H,HYATT HOTELS CORP - CL A,Price not available or security matured/called,Portfolio
Holdings 12-31-09.xls,2009-12-31,,HLT US Equity,HLT,HILTON WORLDWIDE HOLDINGS IN,Price not available or security matured/called,Portfolio
Holdings 12-31-09.xls,2009-12-31,,VVV US Equity,VVV,VALVOLINE INC,Price not available or security matured/called,Portfolio
Holdings 12-31-09.xls,2009-12-31,,NDLS US Equity,NDLS,NOODLES & CO,Price not available or security matured/called,Portfolio
Holdings 12-31-09.xls,2009-12-31,,SERV US Equity,SERV,SERVICEMASTER GLOBAL HOLDING,Price not available or security matured/called,Portfolio
Holdings 12-31-09.xls,2009-12-31,,FRSH US Equity,FRSH,PAPA MURPHY'S HOLDINGS INC,Price not available or security matured/called,Portfolio
Holdings 12-31-09.xls,2009-12-31,,PLNT US Equity,PLNT,PLANET FITNESS INC - CL A,Price not available or security matured/called,Portfolio
Holdings 12-31-09.xls,2009-12-31,,"The BLOOMBERG PROFESSIONAL service, BLOOMBERG Data and BLOOMBERG Order Management Systems (the 'Services') are owned and distributed locally by Bloomberg Finance L.P. ('BFLP') and its subsidiaries in all jurisdictions other than Argentina, Bermuda, China, India, Japan and Korea (the 'BLP Countries'). BFLP is a wholly-owned subsidiary of Bloomberg L.P. ('BLP'). BLP provides BFLP with all global marketing and operational support and service for the Services and distributes the Services either directly or through a non-BFLP subsidiary in the BLP Countries. The Services include electronic trading and order-routing services, which are available only to sophisticated institutional investors and only where necessary legal clearances have been obtained. BFLP, BLP and their affiliates do not provide investment advice or guarantee the accuracy of prices or information in the Services. Nothing on the Services shall constitute an offering of financial instruments by BFLP, BLP or their affiliates. BLOOMBERG, BLOOMBERG PROFESSIONAL, BLOOMBERG MARKET, BLOOMBERG NEWS, BLOOMBERG ANYWHERE, BLOOMBERG TRADEBOOK, BLOOMBERG BONDTRADER, BLOOMBERG TELEVISION, BLOOMBERG RADIO, BLOOMBERG PRESS and BLOOMBERG.COM are trademarks and service marks of BFLP, a Delaware limited partnership, or its subsidiaries.","The BLOOMBERG PROFESSIONAL service, BLOOMBERG Data and BLOOMBERG Order Management Systems (the 'Services') are owned and distributed locally by Bloomberg Finance L.P. ('BFLP') and its subsidiaries in all jurisdictions other than Argentina, Bermuda, China, India, Japan and Korea (the 'BLP Countries'). BFLP is a wholly-owned subsidiary of Bloomberg L.P. ('BLP'). BLP provides BFLP with all global marketing and operational support and service for the Services and distributes the Services either directly or through a non-BFLP subsidiary in the BLP Countries. The Services include electronic trading and order-routing services, which are available only to sophisticated institutional investors and only where necessary legal clearances have been obtained. BFLP, BLP and their affiliates do not provide investment advice or guarantee the accuracy of prices or information in the Services. Nothing on the Services shall constitute an offering of financial instruments by BFLP, BLP or their affiliates. BLOOMBERG, BLOOMBERG PROFESSIONAL, BLOOMBERG MARKET, BLOOMBERG NEWS, BLOOMBERG ANYWHERE, BLOOMBERG TRADEBOOK, BLOOMBERG BONDTRADER, BLOOMBERG TELEVISION, BLOOMBERG RADIO, BLOOMBERG PRESS and BLOOMBERG.COM are trademarks and service marks of BFLP, a Delaware limited partnership, or its subsidiaries.",,,
Holdings 12-31-10.xls,2010-12-31,,QSR US Equity,QSR,RESTAURANT BRANDS INTERN,Price not available or security matured/called,Portfolio
Holdings 12-31-10.xls,2010-12-31,,PBPB US Equity,PBPB,POTBELLY CORP,Price not available or security matured/called,Portfolio
Holdings 12-31-10.xls,2010-12-31,,TACO US Equity,TACO,DEL TACO RESTAURANTS INC,Price not available or security matured/called,Portfolio
Holdings 12-31-10.xls,2010-12-31,,TAX US Equity,TAX,LIBERTY TAX INC,Price not available or security matured/called,Portfolio
Holdings 12-31-10.xls,2010-12-31,,SHAK US Equity,SHAK,SHAKE SHACK INC - CLASS A,Price not available or security matured/called,Portfolio
Holdings 12-31-10.xls,2010-12-31,,CKR US Equity,CKR,CKE RESTAURANTS INC,This instrument is not active.,Portfolio
Holdings 12-31-10.xls,2010-12-31,,RMAX US Equity,RMAX,RE/MAX HOLDINGS INC-CL A,Price not available or security matured/called,Portfolio
Holdings 12-31-10.xls,2010-12-31,,DNKN US Equity,DNKN,DUNKIN' BRANDS GROUP INC,Price not available or security matured/called,Portfolio
Holdings 12-31-10.xls,2010-12-31,,BOJA US Equity,BOJA,BOJANGLES' INC,Price not available or security matured/called,Portfolio
Holdings 12-31-10.xls,2010-12-31,,FRGI US Equity,FRGI,FIESTA RESTAURANT GROUP,Price not available or security matured/called,Portfolio
Holdings 12-31-10.xls,2010-12-31,,BKC US Equity,BKC,BURGER KING HOLDINGS INC,This instrument is not active.,Portfolio
Holdings 12-31-10.xls,2010-12-31,,WING US Equity,WING,WINGSTOP INC,Price not available or security matured/called,Portfolio
Holdings 12-31-10.xls,2010-12-31,,LQ US Equity,LQ,LA QUINTA HOLDINGS INC,Price not available or security matured/called,Portfolio
Holdings 12-31-10.xls,2010-12-31,,BLMN US Equity,BLMN,BLOOMIN' BRANDS INC,Price not available or security matured/called,Portfolio
Holdings 12-31-10.xls,2010-12-31,,GNC US Equity,GNC,GNC HOLDINGS INC-CL A,Price not available or security matured/called,Portfolio
Holdings 12-31-10.xls,2010-12-31,,LOCO US Equity,LOCO,EL POLLO LOCO HOLDINGS INC,Price not available or security matured/called,Portfolio
Holdings 12-31-10.xls,2010-12-31,,H US Equity,H,HYATT HOTELS CORP - CL A,Price not available or security matured/called,Portfolio
Holdings 12-31-10.xls,2010-12-31,,HLT US Equity,HLT,HILTON WORLDWIDE HOLDINGS IN,Price not available or security matured/called,Portfolio
Holdings 12-31-10.xls,2010-12-31,,VVV US Equity,VVV,VALVOLINE INC,Price not available or security matured/called,Portfolio
Holdings 12-31-10.xls,2010-12-31,,NDLS US Equity,NDLS,NOODLES & CO,Price not available or security matured/called,Portfolio
Holdings 12-31-10.xls,2010-12-31,,SERV US Equity,SERV,SERVICEMASTER GLOBAL HOLDING,Price not available or security matured/called,Portfolio
Holdings 12-31-10.xls,2010-12-31,,FRSH US Equity,FRSH,PAPA MURPHY'S HOLDINGS INC,Price not available or security matured/called,Portfolio
Holdings 12-31-10.xls,2010-12-31,,PLNT US Equity,PLNT,PLANET FITNESS INC - CL A,Price not available or security matured/called,Portfolio
Holdings 12-31-10.xls,2010-12-31,,"The BLOOMBERG PROFESSIONAL service, BLOOMBERG Data and BLOOMBERG Order Management Systems (the 'Services') are owned and distributed locally by Bloomberg Finance L.P. ('BFLP') and its subsidiaries in all jurisdictions other than Argentina, Bermuda, China, India, Japan and Korea (the 'BLP Countries'). BFLP is a wholly-owned subsidiary of Bloomberg L.P. ('BLP'). BLP provides BFLP with all global marketing and operational support and service for the Services and distributes the Services either directly or through a non-BFLP subsidiary in the BLP Countries. The Services include electronic trading and order-routing services, which are available only to sophisticated institutional investors and only where necessary legal clearances have been obtained. BFLP, BLP and their affiliates do not provide investment advice or guarantee the accuracy of prices or information in the Services. Nothing on the Services shall constitute an offering of financial instruments by BFLP, BLP or their affiliates. BLOOMBERG, BLOOMBERG PROFESSIONAL, BLOOMBERG MARKET, BLOOMBERG NEWS, BLOOMBERG ANYWHERE, BLOOMBERG TRADEBOOK, BLOOMBERG BONDTRADER, BLOOMBERG TELEVISION, BLOOMBERG RADIO, BLOOMBERG PRESS and BLOOMBERG.COM are trademarks and service marks of BFLP, a Delaware limited partnership, or its subsidiaries.","The BLOOMBERG PROFESSIONAL service, BLOOMBERG Data and BLOOMBERG Order Management Systems (the 'Services') are owned and distributed locally by Bloomberg Finance L.P. ('BFLP') and its subsidiaries in all jurisdictions other than Argentina, Bermuda, China, India, Japan and Korea (the 'BLP Countries'). BFLP is a wholly-owned subsidiary of Bloomberg L.P. ('BLP'). BLP provides BFLP with all global marketing and operational support and service for the Services and distributes the Services either directly or through a non-BFLP subsidiary in the BLP Countries. The Services include electronic trading and order-routing services, which are available only to sophisticated institutional investors and only where necessary legal clearances have been obtained. BFLP, BLP and their affiliates do not provide investment advice or guarantee the accuracy of prices or information in the Services. Nothing on the Services shall constitute an offering of financial instruments by BFLP, BLP or their affiliates. BLOOMBERG, BLOOMBERG PROFESSIONAL, BLOOMBERG MARKET, BLOOMBERG NEWS, BLOOMBERG ANYWHERE, BLOOMBERG TRADEBOOK, BLOOMBERG BONDTRADER, BLOOMBERG TELEVISION, BLOOMBERG RADIO, BLOOMBERG PRESS and BLOOMBERG.COM are trademarks and service marks of BFLP, a Delaware limited partnership, or its subsidiaries.",,,
Holdings 12-31-11.xls,2011-12-31,,QSR US Equity,QSR,RESTAURANT BRANDS INTERN,Price not available or security matured/called,Portfolio
Holdings 12-31-11.xls,2011-12-31,,PBPB US Equity,PBPB,POTBELLY CORP,Price not available or security matured/called,Portfolio
Holdings 12-31-11.xls,2011-12-31,,TACO US Equity,TACO,DEL TACO RESTAURANTS INC,Price not available or security matured/called,Portfolio
Holdings 12-31-11.xls,2011-12-31,,TAX US Equity,TAX,LIBERTY TAX INC,Price not available or security matured/called,Portfolio
Holdings 12-31-11.xls,2011-12-31,,SHAK US Equity,SHAK,SHAKE SHACK INC - CLASS A,Price not available or security matured/called,Portfolio
Holdings 12-31-11.xls,2011-12-31,,CKR US Equity,CKR,CKE RESTAURANTS INC,This instrument is not active.,Portfolio
Holdings 12-31-11.xls,2011-12-31,,RMAX US Equity,RMAX,RE/MAX HOLDINGS INC-CL A,Price not available or security matured/called,Portfolio
Holdings 12-31-11.xls,2011-12-31,,DNKN US Equity,DNKN,DUNKIN' BRANDS GROUP INC,Price not available or security matured/called,Portfolio
Holdings 12-31-11.xls,2011-12-31,,BOJA US Equity,BOJA,BOJANGLES' INC,Price not available or security matured/called,Portfolio
Holdings 12-31-11.xls,2011-12-31,,FRGI US Equity,FRGI,FIESTA RESTAURANT GROUP,Price not available or security matured/called,Portfolio
Holdings 12-31-11.xls,2011-12-31,,BKC US Equity,BKC,BURGER KING HOLDINGS INC,This instrument is not active.,Portfolio
Holdings 12-31-11.xls,2011-12-31,,WING US Equity,WING,WINGSTOP INC,Price not available or security matured/called,Portfolio
Holdings 12-31-11.xls,2011-12-31,,LQ US Equity,LQ,LA QUINTA HOLDINGS INC,Price not available or security matured/called,Portfolio
Holdings 12-31-11.xls,2011-12-31,,BLMN US Equity,BLMN,BLOOMIN' BRANDS INC,Price not available or security matured/called,Portfolio
Holdings 12-31-11.xls,2011-12-31,,GNC US Equity,GNC,GNC HOLDINGS INC-CL A,Price not available or security matured/called,Portfolio
Holdings 12-31-11.xls,2011-12-31,,LOCO US Equity,LOCO,EL POLLO LOCO HOLDINGS INC,Price not available or security matured/called,Portfolio
Holdings 12-31-11.xls,2011-12-31,,HLT US Equity,HLT,HILTON WORLDWIDE HOLDINGS IN,Price not available or security matured/called,Portfolio
Holdings 12-31-11.xls,2011-12-31,,VVV US Equity,VVV,VALVOLINE INC,Price not available or security matured/called,Portfolio
Holdings 12-31-11.xls,2011-12-31,,NDLS US Equity,NDLS,NOODLES & CO,Price not available or security matured/called,Portfolio
Holdings 12-31-11.xls,2011-12-31,,SERV US Equity,SERV,SERVICEMASTER GLOBAL HOLDING,Price not available or security matured/called,Portfolio
Holdings 12-31-11.xls,2011-12-31,,FRSH US Equity,FRSH,PAPA MURPHY'S HOLDINGS INC,Price not available or security matured/called,Portfolio
Holdings 12-31-11.xls,2011-12-31,,PLNT US Equity,PLNT,PLANET FITNESS INC - CL A,Price not available or security matured/called,Portfolio
Holdings 12-31-11.xls,2011-12-31,,"The BLOOMBERG PROFESSIONAL service, BLOOMBERG Data and BLOOMBERG Order Management Systems (the 'Services') are owned and distributed locally by Bloomberg Finance L.P. ('BFLP') and its subsidiaries in all jurisdictions other than Argentina, Bermuda, China, India, Japan and Korea (the 'BLP Countries'). BFLP is a wholly-owned subsidiary of Bloomberg L.P. ('BLP'). BLP provides BFLP with all global marketing and operational support and service for the Services and distributes the Services either directly or through a non-BFLP subsidiary in the BLP Countries. The Services include electronic trading and order-routing services, which are available only to sophisticated institutional investors and only where necessary legal clearances have been obtained. BFLP, BLP and their affiliates do not provide investment advice or guarantee the accuracy of prices or information in the Services. Nothing on the Services shall constitute an offering of financial instruments by BFLP, BLP or their affiliates. BLOOMBERG, BLOOMBERG PROFESSIONAL, BLOOMBERG MARKET, BLOOMBERG NEWS, BLOOMBERG ANYWHERE, BLOOMBERG TRADEBOOK, BLOOMBERG BONDTRADER, BLOOMBERG TELEVISION, BLOOMBERG RADIO, BLOOMBERG PRESS and BLOOMBERG.COM are trademarks and service marks of BFLP, a Delaware limited partnership, or its subsidiaries.","The BLOOMBERG PROFESSIONAL service, BLOOMBERG Data and BLOOMBERG Order Management Systems (the 'Services') are owned and distributed locally by Bloomberg Finance L.P. ('BFLP') and its subsidiaries in all jurisdictions other than Argentina, Bermuda, China, India, Japan and Korea (the 'BLP Countries'). BFLP is a wholly-owned subsidiary of Bloomberg L.P. ('BLP'). BLP provides BFLP with all global marketing and operational support and service for the Services and distributes the Services either directly or through a non-BFLP subsidiary in the BLP Countries. The Services include electronic trading and order-routing services, which are available only to sophisticated institutional investors and only where necessary legal clearances have been obtained. BFLP, BLP and their affiliates do not provide investment advice or guarantee the accuracy of prices or information in the Services. Nothing on the Services shall constitute an offering of financial instruments by BFLP, BLP or their affiliates. BLOOMBERG, BLOOMBERG PROFESSIONAL, BLOOMBERG MARKET, BLOOMBERG NEWS, BLOOMBERG ANYWHERE, BLOOMBERG TRADEBOOK, BLOOMBERG BONDTRADER, BLOOMBERG TELEVISION, BLOOMBERG RADIO, BLOOMBERG PRESS and BLOOMBERG.COM are trademarks and service marks of BFLP, a Delaware limited partnership, or its subsidiaries.",,,
Holdings 12-31-12.xls,2012-12-31,,MDS US Equity,MDS,MIDAS INC,This instrument is not active.,Portfolio
Holdings 12-31-12.xls,2012-12-31,,QSR US Equity,QSR,RESTAURANT BRANDS INTERN,Price not available or security matured/called,Portfolio
Holdings 12-31-12.xls,2012-12-31,,PBPB US Equity,PBPB,POTBELLY CORP,Price not available or security matured/called,Portfolio
Holdings 12-31-12.xls,2012-12-31,,TACO US Equity,TACO,DEL TACO RESTAURANTS INC,Price not available or security matured/called,Portfolio
Holdings 12-31-12.xls,2012-12-31,,TAX US Equity,TAX,LIBERTY TAX INC,Price not available or security matured/called,Portfolio
Holdings 12-31-12.xls,2012-12-31,,CHUX US Equity,CHUX,O'CHARLEYS INC,This instrument is not active.,Portfolio
Holdings 12-31-12.xls,2012-12-31,,SHAK US Equity,SHAK,SHAKE SHACK INC - CLASS A,Price not available or security matured/called,Portfolio
Holdings 12-31-12.xls,2012-12-31,,CKR US Equity,CKR,CKE RESTAURANTS INC,This instrument is not active.,Portfolio
Holdings 12-31-12.xls,2012-12-31,,RMAX US Equity,RMAX,RE/MAX HOLDINGS INC-CL A,Price not available or security matured/called,Portfolio
Holdings 12-31-12.xls,2012-12-31,,DNKN US Equity,DNKN,DUNKIN' BRANDS GROUP INC,Price not available or security matured/called,Portfolio
Holdings 12-31-12.xls,2012-12-31,,BOJA US Equity,BOJA,BOJANGLES' INC,Price not available or security matured/called,Portfolio
Holdings 12-31-12.xls,2012-12-31,,FRGI US Equity,FRGI,FIESTA RESTAURANT GROUP,Price not available or security matured/called,Portfolio
Holdings 12-31-12.xls,2012-12-31,,BKC US Equity,BKC,BURGER KING HOLDINGS INC,This instrument is not active.,Portfolio
Holdings 12-31-12.xls,2012-12-31,,WING US Equity,WING,WINGSTOP INC,Price not available or security matured/called,Portfolio
Holdings 12-31-12.xls,2012-12-31,,LQ US Equity,LQ,LA QUINTA HOLDINGS INC,Price not available or security matured/called,Portfolio
Holdings 12-31-12.xls,2012-12-31,,BLMN US Equity,BLMN,BLOOMIN' BRANDS INC,Price not available or security matured/called,Portfolio
Holdings 12-31-12.xls,2012-12-31,,LOCO US Equity,LOCO,EL POLLO LOCO HOLDINGS INC,Price not available or security matured/called,Portfolio
Holdings 12-31-12.xls,2012-12-31,,HLT US Equity,HLT,HILTON WORLDWIDE HOLDINGS IN,Price not available or security matured/called,Portfolio
Holdings 12-31-12.xls,2012-12-31,,VVV US Equity,VVV,VALVOLINE INC,Price not available or security matured/called,Portfolio
Holdings 12-31-12.xls,2012-12-31,,NDLS US Equity,NDLS,NOODLES & CO,Price not available or security matured/called,Portfolio
Holdings 12-31-12.xls,2012-12-31,,SERV US Equity,SERV,SERVICEMASTER GLOBAL HOLDING,Price not available or security matured/called,Portfolio
Holdings 12-31-12.xls,2012-12-31,,FRSH US Equity,FRSH,PAPA MURPHY'S HOLDINGS INC,Price not available or security matured/called,Portfolio
Holdings 12-31-12.xls,2012-12-31,,PLNT US Equity,PLNT,PLANET FITNESS INC - CL A,Price not available or security matured/called,Portfolio
Holdings 12-31-12.xls,2012-12-31,,"The BLOOMBERG PROFESSIONAL service, BLOOMBERG Data and BLOOMBERG Order Management Systems (the 'Services') are owned and distributed locally by Bloomberg Finance L.P. ('BFLP') and its subsidiaries in all jurisdictions other than Argentina, Bermuda, China, India, Japan and Korea (the 'BLP Countries'). BFLP is a wholly-owned subsidiary of Bloomberg L.P. ('BLP'). BLP provides BFLP with all global marketing and operational support and service for the Services and distributes the Services either directly or through a non-BFLP subsidiary in the BLP Countries. The Services include electronic trading and order-routing services, which are available only to sophisticated institutional investors and only where necessary legal clearances have been obtained. BFLP, BLP and their affiliates do not provide investment advice or guarantee the accuracy of prices or information in the Services. Nothing on the Services shall constitute an offering of financial instruments by BFLP, BLP or their affiliates. BLOOMBERG, BLOOMBERG PROFESSIONAL, BLOOMBERG MARKET, BLOOMBERG NEWS, BLOOMBERG ANYWHERE, BLOOMBERG TRADEBOOK, BLOOMBERG BONDTRADER, BLOOMBERG TELEVISION, BLOOMBERG RADIO, BLOOMBERG PRESS and BLOOMBERG.COM are trademarks and service marks of BFLP, a Delaware limited partnership, or its subsidiaries.","The BLOOMBERG PROFESSIONAL service, BLOOMBERG Data and BLOOMBERG Order Management Systems (the 'Services') are owned and distributed locally by Bloomberg Finance L.P. ('BFLP') and its subsidiaries in all jurisdictions other than Argentina, Bermuda, China, India, Japan and Korea (the 'BLP Countries'). BFLP is a wholly-owned subsidiary of Bloomberg L.P. ('BLP'). BLP provides BFLP with all global marketing and operational support and service for the Services and distributes the Services either directly or through a non-BFLP subsidiary in the BLP Countries. The Services include electronic trading and order-routing services, which are available only to sophisticated institutional investors and only where necessary legal clearances have been obtained. BFLP, BLP and their affiliates do not provide investment advice or guarantee the accuracy of prices or information in the Services. Nothing on the Services shall constitute an offering of financial instruments by BFLP, BLP or their affiliates. BLOOMBERG, BLOOMBERG PROFESSIONAL, BLOOMBERG MARKET, BLOOMBERG NEWS, BLOOMBERG ANYWHERE, BLOOMBERG TRADEBOOK, BLOOMBERG BONDTRADER, BLOOMBERG TELEVISION, BLOOMBERG RADIO, BLOOMBERG PRESS and BLOOMBERG.COM are trademarks and service marks of BFLP, a Delaware limited partnership, or its subsidiaries.",,,
Holdings 12-31-13.xls,2013-12-31,,MDS US Equity,MDS,MIDAS INC,This instrument is not active.,Portfolio
Holdings 12-31-13.xls,2013-12-31,,QSR US Equity,QSR,RESTAURANT BRANDS INTERN,Price not available or security matured/called,Portfolio
Holdings 12-31-13.xls,2013-12-31,,PBPB US Equity,PBPB,POTBELLY CORP,Price not available or security matured/called,Portfolio
Holdings 12-31-13.xls,2013-12-31,,TACO US Equity,TACO,DEL TACO RESTAURANTS INC,Price not available or security matured/called,Portfolio
Holdings 12-31-13.xls,2013-12-31,,DTGF US Equity,DTGF,DOLLAR THRIFTY AUTOMOTIVE GP,This instrument is not active.,Portfolio
Holdings 12-31-13.xls,2013-12-31,,TAX US Equity,TAX,LIBERTY TAX INC,Price not available or security matured/called,Portfolio
Holdings 12-31-13.xls,2013-12-31,,CHUX US Equity,CHUX,O'CHARLEYS INC,This instrument is not active.,Portfolio
Holdings 12-31-13.xls,2013-12-31,,SHAK US Equity,SHAK,SHAKE SHACK INC - CLASS A,Price not available or security matured/called,Portfolio
Holdings 12-31-13.xls,2013-12-31,,CKR US Equity,CKR,CKE RESTAURANTS INC,This instrument is not active.,Portfolio
Holdings 12-31-13.xls,2013-12-31,,RMAX US Equity,RMAX,RE/MAX HOLDINGS INC-CL A,Price not available or security matured/called,Portfolio
Holdings 12-31-13.xls,2013-12-31,,DNKN US Equity,DNKN,DUNKIN' BRANDS GROUP INC,Price not available or security matured/called,Portfolio
Holdings 12-31-13.xls,2013-12-31,,BOJA US Equity,BOJA,BOJANGLES' INC,Price not available or security matured/called,Portfolio
Holdings 12-31-13.xls,2013-12-31,,FRGI US Equity,FRGI,FIESTA RESTAURANT GROUP,Price not available or security matured/called,Portfolio
Holdings 12-31-13.xls,2013-12-31,,BKC US Equity,BKC,BURGER KING HOLDINGS INC,This instrument is not active.,Portfolio
Holdings 12-31-13.xls,2013-12-31,,WING US Equity,WING,WINGSTOP INC,Price not available or security matured/called,Portfolio
Holdings 12-31-13.xls,2013-12-31,,LQ US Equity,LQ,LA QUINTA HOLDINGS INC,Price not available or security matured/called,Portfolio
Holdings 12-31-13.xls,2013-12-31,,BLMN US Equity,BLMN,BLOOMIN' BRANDS INC,Price not available or security matured/called,Portfolio
Holdings 12-31-13.xls,2013-12-31,,LOCO US Equity,LOCO,EL POLLO LOCO HOLDINGS INC,Price not available or security matured/called,Portfolio
Holdings 12-31-13.xls,2013-12-31,,HLT US Equity,HLT,HILTON WORLDWIDE HOLDINGS IN,Price not available or security matured/called,Portfolio
Holdings 12-31-13.xls,2013-12-31,,VVV US Equity,VVV,VALVOLINE INC,Price not available or security matured/called,Portfolio
Holdings 12-31-13.xls,2013-12-31,,NDLS US Equity,NDLS,NOODLES & CO,Price not available or security matured/called,Portfolio
Holdings 12-31-13.xls,2013-12-31,,SERV US Equity,SERV,SERVICEMASTER GLOBAL HOLDING,Price not available or security matured/called,Portfolio
Holdings 12-31-13.xls,2013-12-31,,BNHN US Equity,BNHN,BENIHANA INC,This instrument is not active.,Portfolio
Holdings 12-31-13.xls,2013-12-31,,FRSH US Equity,FRSH,PAPA MURPHY'S HOLDINGS INC,Price not available or security matured/called,Portfolio
Holdings 12-31-13.xls,2013-12-31,,PLNT US Equity,PLNT,PLANET FITNESS INC - CL A,Price not available or security matured/called,Portfolio
Holdings 12-31-13.xls,2013-12-31,,"The BLOOMBERG PROFESSIONAL service, BLOOMBERG Data and BLOOMBERG Order Management Systems (the 'Services') are owned and distributed locally by Bloomberg Finance L.P. ('BFLP') and its subsidiaries in all jurisdictions other than Argentina, Bermuda, China, India, Japan and Korea (the 'BLP Countries'). BFLP is a wholly-owned subsidiary of Bloomberg L.P. ('BLP'). BLP provides BFLP with all global marketing and operational support and service for the Services and distributes the Services either directly or through a non-BFLP subsidiary in the BLP Countries. The Services include electronic trading and order-routing services, which are available only to sophisticated institutional investors and only where necessary legal clearances have been obtained. BFLP, BLP and their affiliates do not provide investment advice or guarantee the accuracy of prices or information in the Services. Nothing on the Services shall constitute an offering of financial instruments by BFLP, BLP or their affiliates. BLOOMBERG, BLOOMBERG PROFESSIONAL, BLOOMBERG MARKET, BLOOMBERG NEWS, BLOOMBERG ANYWHERE, BLOOMBERG TRADEBOOK, BLOOMBERG BONDTRADER, BLOOMBERG TELEVISION, BLOOMBERG RADIO, BLOOMBERG PRESS and BLOOMBERG.COM are trademarks and service marks of BFLP, a Delaware limited partnership, or its subsidiaries.","The BLOOMBERG PROFESSIONAL service, BLOOMBERG Data and BLOOMBERG Order Management Systems (the 'Services') are owned and distributed locally by Bloomberg Finance L.P. ('BFLP') and its subsidiaries in all jurisdictions other than Argentina, Bermuda, China, India, Japan and Korea (the 'BLP Countries'). BFLP is a wholly-owned subsidiary of Bloomberg L.P. ('BLP'). BLP provides BFLP with all global marketing and operational support and service for the Services and distributes the Services either directly or through a non-BFLP subsidiary in the BLP Countries. The Services include electronic trading and order-routing services, which are available only to sophisticated institutional investors and only where necessary legal clearances have been obtained. BFLP, BLP and their affiliates do not provide investment advice or guarantee the accuracy of prices or information in the Services. Nothing on the Services shall constitute an offering of financial instruments by BFLP, BLP or their affiliates. BLOOMBERG, BLOOMBERG PROFESSIONAL, BLOOMBERG MARKET, BLOOMBERG NEWS, BLOOMBERG ANYWHERE, BLOOMBERG TRADEBOOK, BLOOMBERG BONDTRADER, BLOOMBERG TELEVISION, BLOOMBERG RADIO, BLOOMBERG PRESS and BLOOMBERG.COM are trademarks and service marks of BFLP, a Delaware limited partnership, or its subsidiaries.",,,
Holdings 12-31-14.xls,2014-12-31,,MDS US Equity,MDS,MIDAS INC,This instrument is not active.,Portfolio
Holdings 12-31-14.xls,2014-12-31,,QSR US Equity,QSR,RESTAURANT BRANDS INTERN,Price not available or security matured/called,Portfolio
Holdings 12-31-14.xls,2014-12-31,,PBPB US Equity,PBPB,POTBELLY CORP,Price not available or security matured/called,Portfolio
Holdings 12-31-14.xls,2014-12-31,,TACO US Equity,TACO,DEL TACO RESTAURANTS INC,Price not available or security matured/called,Portfolio
Holdings 12-31-14.xls,2014-12-31,,DTGF US Equity,DTGF,DOLLAR THRIFTY AUTOMOTIVE GP,This instrument is not active.,Portfolio
Holdings 12-31-14.xls,2014-12-31,,TAX US Equity,TAX,LIBERTY TAX INC,Price not available or security matured/called,Portfolio
Holdings 12-31-14.xls,2014-12-31,,CHUX US Equity,CHUX,O'CHARLEYS INC,This instrument is not active.,Portfolio
Holdings 12-31-14.xls,2014-12-31,,SHAK US Equity,SHAK,SHAKE SHACK INC - CLASS A,Price not available or security matured/called,Portfolio
Holdings 12-31-14.xls,2014-12-31,,CKR US Equity,CKR,CKE RESTAURANTS INC,This instrument is not active.,Portfolio
Holdings 12-31-14.xls,2014-12-31,,RMAX US Equity,RMAX,RE/MAX HOLDINGS INC-CL A,Price not available or security matured/called,Portfolio
Holdings 12-31-14.xls,2014-12-31,,DNKN US Equity,DNKN,DUNKIN' BRANDS GROUP INC,Price not available or security matured/called,Portfolio
Holdings 12-31-14.xls,2014-12-31,,BOJA US Equity,BOJA,BOJANGLES' INC,Price not available or security matured/called,Portfolio
Holdings 12-31-14.xls,2014-12-31,,FRGI US Equity,FRGI,FIESTA RESTAURANT GROUP,Price not available or security matured/called,Portfolio
Holdings 12-31-14.xls,2014-12-31,,BKC US Equity,BKC,BURGER KING HOLDINGS INC,This instrument is not active.,Portfolio
Holdings 12-31-14.xls,2014-12-31,,WING US Equity,WING,WINGSTOP INC,Price not available or security matured/called,Portfolio
Holdings 12-31-14.xls,2014-12-31,,LQ US Equity,LQ,LA QUINTA HOLDINGS INC,Price not available or security matured/called,Portfolio
Holdings 12-31-14.xls,2014-12-31,,BLMN US Equity,BLMN,BLOOMIN' BRANDS INC,Price not available or security matured/called,Portfolio
Holdings 12-31-14.xls,2014-12-31,,THI US Equity,THI,TIM HORTONS INC,This instrument is not active.,Portfolio
Holdings 12-31-14.xls,2014-12-31,,CEC US Equity,CEC,CEC ENTERTAINMENT INC,This instrument is not active.,Portfolio
Holdings 12-31-14.xls,2014-12-31,,LOCO US Equity,LOCO,EL POLLO LOCO HOLDINGS INC,Price not available or security matured/called,Portfolio
Holdings 12-31-14.xls,2014-12-31,,HLT US Equity,HLT,HILTON WORLDWIDE HOLDINGS IN,Price not available or security matured/called,Portfolio
Holdings 12-31-14.xls,2014-12-31,,BAGL US Equity,BAGL,EINSTEIN NOAH RESTAURANT GRO,This instrument is not active.,Portfolio
Holdings 12-31-14.xls,2014-12-31,,VVV US Equity,VVV,VALVOLINE INC,Price not available or security matured/called,Portfolio
Holdings 12-31-14.xls,2014-12-31,,NDLS US Equity,NDLS,NOODLES & CO,Price not available or security matured/called,Portfolio
Holdings 12-31-14.xls,2014-12-31,,SERV US Equity,SERV,SERVICEMASTER GLOBAL HOLDING,Price not available or security matured/called,Portfolio
Holdings 12-31-14.xls,2014-12-31,,BNHN US Equity,BNHN,BENIHANA INC,This instrument is not active.,Portfolio
Holdings 12-31-14.xls,2014-12-31,,FRSH US Equity,FRSH,PAPA MURPHY'S HOLDINGS INC,Price not available or security matured/called,Portfolio
Holdings 12-31-14.xls,2014-12-31,,PLNT US Equity,PLNT,PLANET FITNESS INC - CL A,Price not available or security matured/called,Portfolio
Holdings 12-31-14.xls,2014-12-31,,"The BLOOMBERG PROFESSIONAL service, BLOOMBERG Data and BLOOMBERG Order Management Systems (the 'Services') are owned and distributed locally by Bloomberg Finance L.P. ('BFLP') and its subsidiaries in all jurisdictions other than Argentina, Bermuda, China, India, Japan and Korea (the 'BLP Countries'). BFLP is a wholly-owned subsidiary of Bloomberg L.P. ('BLP'). BLP provides BFLP with all global marketing and operational support and service for the Services and distributes the Services either directly or through a non-BFLP subsidiary in the BLP Countries. The Services include electronic trading and order-routing services, which are available only to sophisticated institutional investors and only where necessary legal clearances have been obtained. BFLP, BLP and their affiliates do not provide investment advice or guarantee the accuracy of prices or information in the Services. Nothing on the Services shall constitute an offering of financial instruments by BFLP, BLP or their affiliates. BLOOMBERG, BLOOMBERG PROFESSIONAL, BLOOMBERG MARKET, BLOOMBERG NEWS, BLOOMBERG ANYWHERE, BLOOMBERG TRADEBOOK, BLOOMBERG BONDTRADER, BLOOMBERG TELEVISION, BLOOMBERG RADIO, BLOOMBERG PRESS and BLOOMBERG.COM are trademarks and service marks of BFLP, a Delaware limited partnership, or its subsidiaries.","The BLOOMBERG PROFESSIONAL service, BLOOMBERG Data and BLOOMBERG Order Management Systems (the 'Services') are owned and distributed locally by Bloomberg Finance L.P. ('BFLP') and its subsidiaries in all jurisdictions other than Argentina, Bermuda, China, India, Japan and Korea (the 'BLP Countries'). BFLP is a wholly-owned subsidiary of Bloomberg L.P. ('BLP'). BLP provides BFLP with all global marketing and operational support and service for the Services and distributes the Services either directly or through a non-BFLP subsidiary in the BLP Countries. The Services include electronic trading and order-routing services, which are available only to sophisticated institutional investors and only where necessary legal clearances have been obtained. BFLP, BLP and their affiliates do not provide investment advice or guarantee the accuracy of prices or information in the Services. Nothing on the Services shall constitute an offering of financial instruments by BFLP, BLP or their affiliates. BLOOMBERG, BLOOMBERG PROFESSIONAL, BLOOMBERG MARKET, BLOOMBERG NEWS, BLOOMBERG ANYWHERE, BLOOMBERG TRADEBOOK, BLOOMBERG BONDTRADER, BLOOMBERG TELEVISION, BLOOMBERG RADIO, BLOOMBERG PRESS and BLOOMBERG.COM are trademarks and service marks of BFLP, a Delaware limited partnership, or its subsidiaries.",,,
Holdings 12-31-15.xls,2015-12-31,,MDS US Equity,MDS,MIDAS INC,This instrument is not active.,Portfolio
Holdings 12-31-15.xls,2015-12-31,,QSR US Equity,QSR,RESTAURANT BRANDS INTERN,Price not available or security matured/called,Portfolio
Holdings 12-31-15.xls,2015-12-31,,PBPB US Equity,PBPB,POTBELLY CORP,Price not available or security matured/called,Portfolio
Holdings 12-31-15.xls,2015-12-31,,TACO US Equity,TACO,DEL TACO RESTAURANTS INC,Price not available or security matured/called,Portfolio
Holdings 12-31-15.xls,2015-12-31,,DTGF US Equity,DTGF,DOLLAR THRIFTY AUTOMOTIVE GP,This instrument is not active.,Portfolio
Holdings 12-31-15.xls,2015-12-31,,TAX US Equity,TAX,LIBERTY TAX INC,Price not available or security matured/called,Portfolio
Holdings 12-31-15.xls,2015-12-31,,FRS US Equity,FRS,FRISCH'S RESTAURANTS INC,This instrument is not active.,Portfolio
Holdings 12-31-15.xls,2015-12-31,,CHUX US Equity,CHUX,O'CHARLEYS INC,This instrument is not active.,Portfolio
Holdings 12-31-15.xls,2015-12-31,,SHAK US Equity,SHAK,SHAKE SHACK INC - CLASS A,Price not available or security matured/called,Portfolio
Holdings 12-31-15.xls,2015-12-31,,CKR US Equity,CKR,CKE RESTAURANTS INC,This instrument is not active.,Portfolio
Holdings 12-31-15.xls,2015-12-31,,RMAX US Equity,RMAX,RE/MAX HOLDINGS INC-CL A,Price not available or security matured/called,Portfolio
Holdings 12-31-15.xls,2015-12-31,,DNKN US Equity,DNKN,DUNKIN' BRANDS GROUP INC,Price not available or security matured/called,Portfolio
Holdings 12-31-15.xls,2015-12-31,,BOJA US Equity,BOJA,BOJANGLES' INC,Price not available or security matured/called,Portfolio
Holdings 12-31-15.xls,2015-12-31,,FRGI US Equity,FRGI,FIESTA RESTAURANT GROUP,Price not available or security matured/called,Portfolio
Holdings 12-31-15.xls,2015-12-31,,BKC US Equity,BKC,BURGER KING HOLDINGS INC,This instrument is not active.,Portfolio
Holdings 12-31-15.xls,2015-12-31,,WING US Equity,WING,WINGSTOP INC,Price not available or security matured/called,Portfolio
Holdings 12-31-15.xls,2015-12-31,,LQ US Equity,LQ,LA QUINTA HOLDINGS INC,Price not available or security matured/called,Portfolio
Holdings 12-31-15.xls,2015-12-31,,BLMN US Equity,BLMN,BLOOMIN' BRANDS INC,Price not available or security matured/called,Portfolio
Holdings 12-31-15.xls,2015-12-31,,THI US Equity,THI,TIM HORTONS INC,This instrument is not active.,Portfolio
Holdings 12-31-15.xls,2015-12-31,,CEC US Equity,CEC,CEC ENTERTAINMENT INC,This instrument is not active.,Portfolio
Holdings 12-31-15.xls,2015-12-31,,LOCO US Equity,LOCO,EL POLLO LOCO HOLDINGS INC,Price not available or security matured/called,Portfolio
Holdings 12-31-15.xls,2015-12-31,,RSHCQ US Equity,RSHCQ,RS LEGACY CORP,This instrument is not active.,Portfolio
Holdings 12-31-15.xls,2015-12-31,,HLT US Equity,HLT,HILTON WORLDWIDE HOLDINGS IN,Price not available or security matured/called,Portfolio
Holdings 12-31-15.xls,2015-12-31,,BAGL US Equity,BAGL,EINSTEIN NOAH RESTAURANT GRO,This instrument is not active.,Portfolio
Holdings 12-31-15.xls,2015-12-31,,VVV US Equity,VVV,VALVOLINE INC,Price not available or security matured/called,Portfolio
Holdings 12-31-15.xls,2015-12-31,,NDLS US Equity,NDLS,NOODLES & CO,Price not available or security matured/called,Portfolio
Holdings 12-31-15.xls,2015-12-31,,SERV US Equity,SERV,SERVICEMASTER GLOBAL HOLDING,Price not available or security matured/called,Portfolio
Holdings 12-31-15.xls,2015-12-31,,BNHN US Equity,BNHN,BENIHANA INC,This instrument is not active.,Portfolio
Holdings 12-31-15.xls,2015-12-31,,FRSH US Equity,FRSH,PAPA MURPHY'S HOLDINGS INC,Price not available or security matured/called,Portfolio
Holdings 12-31-15.xls,2015-12-31,,PLNT US Equity,PLNT,PLANET FITNESS INC - CL A,Price not available or security matured/called,Portfolio
Holdings 12-31-15.xls,2015-12-31,,"The BLOOMBERG PROFESSIONAL service, BLOOMBERG Data and BLOOMBERG Order Management Systems (the 'Services') are owned and distributed locally by Bloomberg Finance L.P. ('BFLP') and its subsidiaries in all jurisdictions other than Argentina, Bermuda, China, India, Japan and Korea (the 'BLP Countries'). BFLP is a wholly-owned subsidiary of Bloomberg L.P. ('BLP'). BLP provides BFLP with all global marketing and operational support and service for the Services and distributes the Services either directly or through a non-BFLP subsidiary in the BLP Countries. The Services include electronic trading and order-routing services, which are available only to sophisticated institutional investors and only where necessary legal clearances have been obtained. BFLP, BLP and their affiliates do not provide investment advice or guarantee the accuracy of prices or information in the Services. Nothing on the Services shall constitute an offering of financial instruments by BFLP, BLP or their affiliates. BLOOMBERG, BLOOMBERG PROFESSIONAL, BLOOMBERG MARKET, BLOOMBERG NEWS, BLOOMBERG ANYWHERE, BLOOMBERG TRADEBOOK, BLOOMBERG BONDTRADER, BLOOMBERG TELEVISION, BLOOMBERG RADIO, BLOOMBERG PRESS and BLOOMBERG.COM are trademarks and service marks of BFLP, a Delaware limited partnership, or its subsidiaries.","The BLOOMBERG PROFESSIONAL service, BLOOMBERG Data and BLOOMBERG Order Management Systems (the 'Services') are owned and distributed locally by Bloomberg Finance L.P. ('BFLP') and its subsidiaries in all jurisdictions other than Argentina, Bermuda, China, India, Japan and Korea (the 'BLP Countries'). BFLP is a wholly-owned subsidiary of Bloomberg L.P. ('BLP'). BLP provides BFLP with all global marketing and operational support and service for the Services and distributes the Services either directly or through a non-BFLP subsidiary in the BLP Countries. The Services include electronic trading and order-routing services, which are available only to sophisticated institutional investors and only where necessary legal clearances have been obtained. BFLP, BLP and their affiliates do not provide investment advice or guarantee the accuracy of prices or information in the Services. Nothing on the Services shall constitute an offering of financial instruments by BFLP, BLP or their affiliates. BLOOMBERG, BLOOMBERG PROFESSIONAL, BLOOMBERG MARKET, BLOOMBERG NEWS, BLOOMBERG ANYWHERE, BLOOMBERG TRADEBOOK, BLOOMBERG BONDTRADER, BLOOMBERG TELEVISION, BLOOMBERG RADIO, BLOOMBERG PRESS and BLOOMBERG.COM are trademarks and service marks of BFLP, a Delaware limited partnership, or its subsidiaries.",,,
Holdings 12-31-16.xls,2016-12-31,,MDS US Equity,MDS,MIDAS INC,This instrument is not active.,Portfolio
Holdings 12-31-16.xls,2016-12-31,,QSR US Equity,QSR,RESTAURANT BRANDS INTERN,Price not available or security matured/called,Portfolio
Holdings 12-31-16.xls,2016-12-31,,PBPB US Equity,PBPB,POTBELLY CORP,Price not available or security matured/called,Portfolio
Holdings 12-31-16.xls,2016-12-31,,TACO US Equity,TACO,DEL TACO RESTAURANTS INC,Price not available or security matured/called,Portfolio
Holdings 12-31-16.xls,2016-12-31,,DTGF US Equity,DTGF,DOLLAR THRIFTY AUTOMOTIVE GP,This instrument is not active.,Portfolio
Holdings 12-31-16.xls,2016-12-31,,TAX US Equity,TAX,LIBERTY TAX INC,Price not available or security matured/called,Portfolio
Holdings 12-31-16.xls,2016-12-31,,FRS US Equity,FRS,FRISCH'S RESTAURANTS INC,This instrument is not active.,Portfolio
Holdings 12-31-16.xls,2016-12-31,,CHUX US Equity,CHUX,O'CHARLEYS INC,This instrument is not active.,Portfolio
Holdings 12-31-16.xls,2016-12-31,,SHAK US Equity,SHAK,SHAKE SHACK INC - CLASS A,Price not available or security matured/called,Portfolio
Holdings 12-31-16.xls,2016-12-31,,CKR US Equity,CKR,CKE RESTAURANTS INC,This instrument is not active.,Portfolio
Holdings 12-31-16.xls,2016-12-31,,RMAX US Equity,RMAX,RE/MAX HOLDINGS INC-CL A,Price not available or security matured/called,Portfolio
Holdings 12-31-16.xls,2016-12-31,,DNKN US Equity,DNKN,DUNKIN' BRANDS GROUP INC,Price not available or security matured/called,Portfolio
Holdings 12-31-16.xls,2016-12-31,,BOJA US Equity,BOJA,BOJANGLES' INC,Price not available or security matured/called,Portfolio
Holdings 12-31-16.xls,2016-12-31,,FRGI US Equity,FRGI,FIESTA RESTAURANT GROUP,Price not available or security matured/called,Portfolio
Holdings 12-31-16.xls,2016-12-31,,BKC US Equity,BKC,BURGER KING HOLDINGS INC,This instrument is not active.,Portfolio
Holdings 12-31-16.xls,2016-12-31,,WING US Equity,WING,WINGSTOP INC,Price not available or security matured/called,Portfolio
Holdings 12-31-16.xls,2016-12-31,,LQ US Equity,LQ,LA QUINTA HOLDINGS INC,Price not available or security matured/called,Portfolio
Holdings 12-31-16.xls,2016-12-31,,BLMN US Equity,BLMN,BLOOMIN' BRANDS INC,Price not available or security matured/called,Portfolio
Holdings 12-31-16.xls,2016-12-31,,THI US Equity,THI,TIM HORTONS INC,This instrument is not active.,Portfolio
Holdings 12-31-16.xls,2016-12-31,,CEC US Equity,CEC,CEC ENTERTAINMENT INC,This instrument is not active.,Portfolio
Holdings 12-31-16.xls,2016-12-31,,LOCO US Equity,LOCO,EL POLLO LOCO HOLDINGS INC,Price not available or security matured/called,Portfolio
Holdings 12-31-16.xls,2016-12-31,,RSHCQ US Equity,RSHCQ,RS LEGACY CORP,This instrument is not active.,Portfolio
Holdings 12-31-16.xls,2016-12-31,,HLT US Equity,HLT,HILTON WORLDWIDE HOLDINGS IN,Price not available or security matured/called,Portfolio
Holdings 12-31-16.xls,2016-12-31,,BAGL US Equity,BAGL,EINSTEIN NOAH RESTAURANT GRO,This instrument is not active.,Portfolio
Holdings 12-31-16.xls,2016-12-31,,VVV US Equity,VVV,VALVOLINE INC,Price not available or security matured/called,Portfolio
Holdings 12-31-16.xls,2016-12-31,,NDLS US Equity,NDLS,NOODLES & CO,Price not available or security matured/called,Portfolio
Holdings 12-31-16.xls,2016-12-31,,SERV US Equity,SERV,SERVICEMASTER GLOBAL HOLDING,Price not available or security matured/called,Portfolio
Holdings 12-31-16.xls,2016-12-31,,BNHN US Equity,BNHN,BENIHANA INC,This instrument is not active.,Portfolio
Holdings 12-31-16.xls,2016-12-31,,FRSH US Equity,FRSH,PAPA MURPHY'S HOLDINGS INC,Price not available or security matured/called,Portfolio
Holdings 12-31-16.xls,2016-12-31,,PLNT US Equity,PLNT,PLANET FITNESS INC - CL A,Price not available or security matured/called,Portfolio
Holdings 12-31-16.xls,2016-12-31,,"The BLOOMBERG PROFESSIONAL service, BLOOMBERG Data and BLOOMBERG Order Management Systems (the 'Services') are owned and distributed locally by Bloomberg Finance L.P. ('BFLP') and its subsidiaries in all jurisdictions other than Argentina, Bermuda, China, India, Japan and Korea (the 'BLP Countries'). BFLP is a wholly-owned subsidiary of Bloomberg L.P. ('BLP'). BLP provides BFLP with all global marketing and operational support and service for the Services and distributes the Services either directly or through a non-BFLP subsidiary in the BLP Countries. The Services include electronic trading and order-routing services, which are available only to sophisticated institutional investors and only where necessary legal clearances have been obtained. BFLP, BLP and their affiliates do not provide investment advice or guarantee the accuracy of prices or information in the Services. Nothing on the Services shall constitute an offering of financial instruments by BFLP, BLP or their affiliates. BLOOMBERG, BLOOMBERG PROFESSIONAL, BLOOMBERG MARKET, BLOOMBERG NEWS, BLOOMBERG ANYWHERE, BLOOMBERG TRADEBOOK, BLOOMBERG BONDTRADER, BLOOMBERG TELEVISION, BLOOMBERG RADIO, BLOOMBERG PRESS and BLOOMBERG.COM are trademarks and service marks of BFLP, a Delaware limited partnership, or its subsidiaries.","The BLOOMBERG PROFESSIONAL service, BLOOMBERG Data and BLOOMBERG Order Management Systems (the 'Services') are owned and distributed locally by Bloomberg Finance L.P. ('BFLP') and its subsidiaries in all jurisdictions other than Argentina, Bermuda, China, India, Japan and Korea (the 'BLP Countries'). BFLP is a wholly-owned subsidiary of Bloomberg L.P. ('BLP'). BLP provides BFLP with all global marketing and operational support and service for the Services and distributes the Services either directly or through a non-BFLP subsidiary in the BLP Countries. The Services include electronic trading and order-routing services, which are available only to sophisticated institutional investors and only where necessary legal clearances have been obtained. BFLP, BLP and their affiliates do not provide investment advice or guarantee the accuracy of prices or information in the Services. Nothing on the Services shall constitute an offering of financial instruments by BFLP, BLP or their affiliates. BLOOMBERG, BLOOMBERG PROFESSIONAL, BLOOMBERG MARKET, BLOOMBERG NEWS, BLOOMBERG ANYWHERE, BLOOMBERG TRADEBOOK, BLOOMBERG BONDTRADER, BLOOMBERG TELEVISION, BLOOMBERG RADIO, BLOOMBERG PRESS and BLOOMBERG.COM are trademarks and service marks of BFLP, a Delaware limited partnership, or its subsidiaries.",,,
Holdings 12-31-17.xls,2017-12-31,,MDS US Equity,MDS,MIDAS INC,This instrument is not active.,Portfolio
Holdings 12-31-17.xls,2017-12-31,,QSR US Equity,QSR,RESTAURANT BRANDS INTERN,Price not available or security matured/called,Portfolio
Holdings 12-31-17.xls,2017-12-31,,PBPB US Equity,PBPB,POTBELLY CORP,Price not available or security matured/called,Portfolio
Holdings 12-31-17.xls,2017-12-31,,TACO US Equity,TACO,DEL TACO RESTAURANTS INC,Price not available or security matured/called,Portfolio
Holdings 12-31-17.xls,2017-12-31,,DTGF US Equity,DTGF,DOLLAR THRIFTY AUTOMOTIVE GP,This instrument is not active.,Portfolio
Holdings 12-31-17.xls,2017-12-31,,TAX US Equity,TAX,LIBERTY TAX INC,Price not available or security matured/called,Portfolio
Holdings 12-31-17.xls,2017-12-31,,FRS US Equity,FRS,FRISCH'S RESTAURANTS INC,This instrument is not active.,Portfolio
Holdings 12-31-17.xls,2017-12-31,,CHUX US Equity,CHUX,O'CHARLEYS INC,This instrument is not active.,Portfolio
Holdings 12-31-17.xls,2017-12-31,,CSH US Equity,CSH,CASH AMERICA INTL INC,This instrument is not active.,Portfolio
Holdings 12-31-17.xls,2017-12-31,,SHAK US Equity,SHAK,SHAKE SHACK INC - CLASS A,Price not available or security matured/called,Portfolio
Holdings 12-31-17.xls,2017-12-31,,KKD US Equity,KKD,KRISPY KREME DOUGHNUTS INC,This instrument is not active.,Portfolio
Holdings 12-31-17.xls,2017-12-31,,CKR US Equity,CKR,CKE RESTAURANTS INC,This instrument is not active.,Portfolio
Holdings 12-31-17.xls,2017-12-31,,RMAX US Equity,RMAX,RE/MAX HOLDINGS INC-CL A,Price not available or security matured/called,Portfolio
Holdings 12-31-17.xls,2017-12-31,,DNKN US Equity,DNKN,DUNKIN' BRANDS GROUP INC,Price not available or security matured/called,Portfolio
Holdings 12-31-17.xls,2017-12-31,,BOJA US Equity,BOJA,BOJANGLES' INC,Price not available or security matured/called,Portfolio
Holdings 12-31-17.xls,2017-12-31,,FRGI US Equity,FRGI,FIESTA RESTAURANT GROUP,Price not available or security matured/called,Portfolio
Holdings 12-31-17.xls,2017-12-31,,BKC US Equity,BKC,BURGER KING HOLDINGS INC,This instrument is not active.,Portfolio
Holdings 12-31-17.xls,2017-12-31,,WING US Equity,WING,WINGSTOP INC,Price not available or security matured/called,Portfolio
Holdings 12-31-17.xls,2017-12-31,,LQ US Equity,LQ,LA QUINTA HOLDINGS INC,Price not available or security matured/called,Portfolio
Holdings 12-31-17.xls,2017-12-31,,BLMN US Equity,BLMN,BLOOMIN' BRANDS INC,Price not available or security matured/called,Portfolio
Holdings 12-31-17.xls,2017-12-31,,THI US Equity,THI,TIM HORTONS INC,This instrument is not active.,Portfolio
Holdings 12-31-17.xls,2017-12-31,,CEC US Equity,CEC,CEC ENTERTAINMENT INC,This instrument is not active.,Portfolio
Holdings 12-31-17.xls,2017-12-31,,PLKI US Equity,PLKI,POPEYES LOUISIANA KITCHEN IN,This instrument is not active.,Portfolio
Holdings 12-31-17.xls,2017-12-31,,HOT US Equity,HOT,STARWOOD HOTELS & RESORTS WO,This instrument is not active.,Portfolio
Holdings 12-31-17.xls,2017-12-31,,LOCO US Equity,LOCO,EL POLLO LOCO HOLDINGS INC,Price not available or security matured/called,Portfolio
Holdings 12-31-17.xls,2017-12-31,,RSHCQ US Equity,RSHCQ,RS LEGACY CORP,This instrument is not active.,Portfolio
Holdings 12-31-17.xls,2017-12-31,,HLT US Equity,HLT,HILTON WORLDWIDE HOLDINGS IN,Price not available or security matured/called,Portfolio
Holdings 12-31-17.xls,2017-12-31,,BAGL US Equity,BAGL,EINSTEIN NOAH RESTAURANT GRO,This instrument is not active.,Portfolio
Holdings 12-31-17.xls,2017-12-31,,VVV US Equity,VVV,VALVOLINE INC,Price not available or security matured/called,Portfolio
Holdings 12-31-17.xls,2017-12-31,,NDLS US Equity,NDLS,NOODLES & CO,Price not available or security matured/called,Portfolio
Holdings 12-31-17.xls,2017-12-31,,SERV US Equity,SERV,SERVICEMASTER GLOBAL HOLDING,Price not available or security matured/called,Portfolio
Holdings 12-31-17.xls,2017-12-31,,BNHN US Equity,BNHN,BENIHANA INC,This instrument is not active.,Portfolio
Holdings 12-31-17.xls,2017-12-31,,FRSH US Equity,FRSH,PAPA MURPHY'S HOLDINGS INC,Price not available or security matured/called,Portfolio
Holdings 12-31-17.xls,2017-12-31,,PLNT US Equity,PLNT,PLANET FITNESS INC - CL A,Price not available or security matured/called,Portfolio
Holdings 12-31-17.xls,2017-12-31,,"The BLOOMBERG PROFESSIONAL service, BLOOMBERG Data and BLOOMBERG Order Management Systems (the 'Services') are owned and distributed locally by Bloomberg Finance L.P. ('BFLP') and its subsidiaries in all jurisdictions other than Argentina, Bermuda, China, India, Japan and Korea (the 'BLP Countries'). BFLP is a wholly-owned subsidiary of Bloomberg L.P. ('BLP'). BLP provides BFLP with all global marketing and operational support and service for the Services and distributes the Services either directly or through a non-BFLP subsidiary in the BLP Countries. The Services include electronic trading and order-routing services, which are available only to sophisticated institutional investors and only where necessary legal clearances have been obtained. BFLP, BLP and their affiliates do not provide investment advice or guarantee the accuracy of prices or information in the Services. Nothing on the Services shall constitute an offering of financial instruments by BFLP, BLP or their affiliates. BLOOMBERG, BLOOMBERG PROFESSIONAL, BLOOMBERG MARKET, BLOOMBERG NEWS, BLOOMBERG ANYWHERE, BLOOMBERG TRADEBOOK, BLOOMBERG BONDTRADER, BLOOMBERG TELEVISION, BLOOMBERG RADIO, BLOOMBERG PRESS and BLOOMBERG.COM are trademarks and service marks of BFLP, a Delaware limited partnership, or its subsidiaries.","The BLOOMBERG PROFESSIONAL service, BLOOMBERG Data and BLOOMBERG Order Management Systems (the 'Services') are owned and distributed locally by Bloomberg Finance L.P. ('BFLP') and its subsidiaries in all jurisdictions other than Argentina, Bermuda, China, India, Japan and Korea (the 'BLP Countries'). BFLP is a wholly-owned subsidiary of Bloomberg L.P. ('BLP'). BLP provides BFLP with all global marketing and operational support and service for the Services and distributes the Services either directly or through a non-BFLP subsidiary in the BLP Countries. The Services include electronic trading and order-routing services, which are available only to sophisticated institutional investors and only where necessary legal clearances have been obtained. BFLP, BLP and their affiliates do not provide investment advice or guarantee the accuracy of prices or information in the Services. Nothing on the Services shall constitute an offering of financial instruments by BFLP, BLP or their affiliates. BLOOMBERG, BLOOMBERG PROFESSIONAL, BLOOMBERG MARKET, BLOOMBERG NEWS, BLOOMBERG ANYWHERE, BLOOMBERG TRADEBOOK, BLOOMBERG BONDTRADER, BLOOMBERG TELEVISION, BLOOMBERG RADIO, BLOOMBERG PRESS and BLOOMBERG.COM are trademarks and service marks of BFLP, a Delaware limited partnership, or its subsidiaries.",,,
