snapshot_file,snapshot_label,as_of_date,index_name,reported_instruments,reported_weight_pct,reported_market_value,security_name,ticker_raw,ticker,weight_pct,market_value,position,closing_price,currency
Holdings 06-30-08.xls,2008-06-30,6/30/2008,US FRANCHISE INDEX,60,100,83331195,1-800-FLOWERS.COM INC-CL A,FLWS US,FLWS,1.67,1388853,215326.09,6.45,USD
Holdings 06-30-08.xls,2008-06-30,6/30/2008,US FRANCHISE INDEX,60,100,83331195,AARON'S INC,AAN US,AAN,1.67,1388853,62196.74,22.33,USD
Holdings 06-30-08.xls,2008-06-30,6/30/2008,US FRANCHISE INDEX,60,100,83331195,AMERIPRISE FINANCIAL INC,AMP US,AMP,1.67,1388853,34149.33,40.67,USD
Holdings 06-30-08.xls,2008-06-30,6/30/2008,US FRANCHISE INDEX,60,100,83331195,AVIS BUDGET GROUP INC,CAR US,CAR,1.67,1388853,165932.29,8.37,USD
Holdings 06-30-08.xls,2008-06-30,6/30/2008,US FRANCHISE INDEX,60,100,83331195,BB LIQUIDATING INC,BLIAQ US,BLIAQ,1.67,1388853,555541.3,2.5,USD
Holdings 06-30-08.xls,2008-06-30,6/30/2008,US FRANCHISE INDEX,60,100,83331195,BENIHANA INC,BNHN US,BNHN,1.67,1388853,221861.54,6.26,USD
Holdings 06-30-08.xls,2008-06-30,6/30/2008,US FRANCHISE INDEX,60,100,83331195,BIGLARI HOLDINGS INC,BH US,BH,1.67,1388853,219408.1,6.33,USD
Holdings 06-30-08.xls,2008-06-30,6/30/2008,US FRANCHISE INDEX,60,100,83331195,BRINKER INTERNATIONAL INC,EAT US,EAT,1.67,1388853,73484.3,18.9,USD
Holdings 06-30-08.xls,2008-06-30,6/30/2008,US FRANCHISE INDEX,60,100,83331195,BUFFALO WILD WINGS INC,BWLD US,BWLD,1.67,1388853,55934.48,24.83,USD
Holdings 06-30-08.xls,2008-06-30,6/30/2008,US FRANCHISE INDEX,60,100,83331195,BURGER KING HOLDINGS INC,BKC US,BKC,1.67,1388853,51842.23,26.79,USD
Holdings 06-30-08.xls,2008-06-30,6/30/2008,US FRANCHISE INDEX,60,100,83331195,CASEY'S GENERAL STORES INC,CASY US,CASY,1.67,1388853,59941.88,23.17,USD
Holdings 06-30-08.xls,2008-06-30,6/30/2008,US FRANCHISE INDEX,60,100,83331195,CASH AMERICA INTL INC,CSH US,CSH,1.67,1388853,44801.72,31,USD
Holdings 06-30-08.xls,2008-06-30,6/30/2008,US FRANCHISE INDEX,60,100,83331195,CEC ENTERTAINMENT INC,CEC US,CEC,1.67,1388853,49584.19,28.01,USD
Holdings 06-30-08.xls,2008-06-30,6/30/2008,US FRANCHISE INDEX,60,100,83331195,CHEMED CORP,CHE US,CHE,1.67,1388853,37936.44,36.61,USD
Holdings 06-30-08.xls,2008-06-30,6/30/2008,US FRANCHISE INDEX,60,100,83331195,CHOICE HOTELS INTL INC,CHH US,CHH,1.67,1388853,52409.56,26.5,USD
Holdings 06-30-08.xls,2008-06-30,6/30/2008,US FRANCHISE INDEX,60,100,83331195,CKE RESTAURANTS INC,CKR US,CKR,1.67,1388853,111375.56,12.47,USD
Holdings 06-30-08.xls,2008-06-30,6/30/2008,US FRANCHISE INDEX,60,100,83331195,DENNY'S CORP,DENN US,DENN,1.67,1388853,489032.83,2.84,USD
Holdings 06-30-08.xls,2008-06-30,6/30/2008,US FRANCHISE INDEX,60,100,83331195,DINEEQUITY INC,DIN US,DIN,1.67,1388853,37174.87,37.36,USD
Holdings 06-30-08.xls,2008-06-30,6/30/2008,US FRANCHISE INDEX,60,100,83331195,DOLLAR THRIFTY AUTOMOTIVE GP,DTGF US,DTGF,1.67,1388853,146968.6,9.45,USD
Holdings 06-30-08.xls,2008-06-30,6/30/2008,US FRANCHISE INDEX,60,100,83331195,DOMINO'S PIZZA INC,DPZ US,DPZ,1.67,1388853,120769.85,11.5,USD
Holdings 06-30-08.xls,2008-06-30,6/30/2008,US FRANCHISE INDEX,60,100,83331195,EINSTEIN NOAH RESTAURANT GRO,BAGL US,BAGL,1.67,1388853,125461,11.07,USD
Holdings 06-30-08.xls,2008-06-30,6/30/2008,US FRANCHISE INDEX,60,100,83331195,FAMOUS DAVE'S OF AMERICA,DAVE US,DAVE,1.67,1388853,180370.55,7.7,USD
Holdings 06-30-08.xls,2008-06-30,6/30/2008,US FRANCHISE INDEX,60,100,83331195,FRISCH'S RESTAURANTS INC,FRS US,FRS,1.67,1388853,59787.05,23.23,USD
Holdings 06-30-08.xls,2008-06-30,6/30/2008,US FRANCHISE INDEX,60,100,83331195,H&R BLOCK INC,HRB US,HRB,1.67,1388853,64899.68,21.4,USD
Holdings 06-30-08.xls,2008-06-30,6/30/2008,US FRANCHISE INDEX,60,100,83331195,HERTZ GLOBAL HOLDINGS INC,HTZ US,HTZ,1.67,1388853,144672.21,9.6,USD
Holdings 06-30-08.xls,2008-06-30,6/30/2008,US FRANCHISE INDEX,60,100,83331195,INTERCONTINENTAL HOTELS-ADR,IHG US,IHG,1.67,1388853,104190.04,13.33,USD
Holdings 06-30-08.xls,2008-06-30,6/30/2008,US FRANCHISE INDEX,60,100,83331195,JACK IN THE BOX INC,JACK US,JACK,1.67,1388853,61974.71,22.41,USD
Holdings 06-30-08.xls,2008-06-30,6/30/2008,US FRANCHISE INDEX,60,100,83331195,JAMBA INC,JMBA US,JMBA,1.67,1388853,750731.49,1.85,USD
Holdings 06-30-08.xls,2008-06-30,6/30/2008,US FRANCHISE INDEX,60,100,83331195,KRISPY KREME DOUGHNUTS INC,KKD US,KKD,1.67,1388853,278327.3,4.99,USD
Holdings 06-30-08.xls,2008-06-30,6/30/2008,US FRANCHISE INDEX,60,100,83331195,LA-Z-BOY INC,LZB US,LZB,1.67,1388853,181549.44,7.65,USD
Holdings 06-30-08.xls,2008-06-30,6/30/2008,US FRANCHISE INDEX,60,100,83331195,LUBY'S INC,LUB US,LUB,1.67,1388853,227680.86,6.1,USD
Holdings 06-30-08.xls,2008-06-30,6/30/2008,US FRANCHISE INDEX,60,100,83331195,MARRIOTT INTERNATIONAL -CL A,MAR US,MAR,1.67,1388853,52928.86,26.24,USD
Holdings 06-30-08.xls,2008-06-30,6/30/2008,US FRANCHISE INDEX,60,100,83331195,MCDONALD'S CORP,MCD US,MCD,1.67,1388853,24703.9,56.22,USD
Holdings 06-30-08.xls,2008-06-30,6/30/2008,US FRANCHISE INDEX,60,100,83331195,MIDAS INC,MDS US,MDS,1.67,1388853,102878.02,13.5,USD
Holdings 06-30-08.xls,2008-06-30,6/30/2008,US FRANCHISE INDEX,60,100,83331195,MTY FOOD GROUP INC,MTYFF US,MTYFF,1.67,1388853,151291.2,9.18,USD
Holdings 06-30-08.xls,2008-06-30,6/30/2008,US FRANCHISE INDEX,60,100,83331195,NATHAN'S FAMOUS INC,NATH US,NATH,1.67,1388853,91311.85,15.21,USD
Holdings 06-30-08.xls,2008-06-30,6/30/2008,US FRANCHISE INDEX,60,100,83331195,O'CHARLEYS INC,CHUX US,CHUX,1.67,1388853,138056.98,10.06,USD
Holdings 06-30-08.xls,2008-06-30,6/30/2008,US FRANCHISE INDEX,60,100,83331195,PANERA BREAD COMPANY-CLASS A,PNRA US,PNRA,1.67,1388853,30022.77,46.26,USD
Holdings 06-30-08.xls,2008-06-30,6/30/2008,US FRANCHISE INDEX,60,100,83331195,PAPA JOHN'S INTL INC,PZZA US,PZZA,1.67,1388853,52232.16,26.59,USD
Holdings 06-30-08.xls,2008-06-30,6/30/2008,US FRANCHISE INDEX,60,100,83331195,POPEYES LOUISIANA KITCHEN IN,PLKI US,PLKI,1.67,1388853,173823.94,7.99,USD
Holdings 06-30-08.xls,2008-06-30,6/30/2008,US FRANCHISE INDEX,60,100,83331195,RED LION HOTELS CORP,RLH US,RLH,1.67,1388853,174260.13,7.97,USD
Holdings 06-30-08.xls,2008-06-30,6/30/2008,US FRANCHISE INDEX,60,100,83331195,RED ROBIN GOURMET BURGERS,RRGB US,RRGB,1.67,1388853,50066.81,27.74,USD
Holdings 06-30-08.xls,2008-06-30,6/30/2008,US FRANCHISE INDEX,60,100,83331195,REGIS CORP,RGS US,RGS,1.67,1388853,52707.9,26.35,USD
Holdings 06-30-08.xls,2008-06-30,6/30/2008,US FRANCHISE INDEX,60,100,83331195,RENT-A-CENTER INC,RCII US,RCII,1.67,1388853,67518.39,20.57,USD
Holdings 06-30-08.xls,2008-06-30,6/30/2008,US FRANCHISE INDEX,60,100,83331195,ROCKY MOUNTAIN CHOC FACT INC,RMCF US,RMCF,1.67,1388853,144221.52,9.63,USD
Holdings 06-30-08.xls,2008-06-30,6/30/2008,US FRANCHISE INDEX,60,100,83331195,ROLLINS INC,ROL US,ROL,1.67,1388853,93714.79,14.82,USD
Holdings 06-30-08.xls,2008-06-30,6/30/2008,US FRANCHISE INDEX,60,100,83331195,RS LEGACY CORP,RSHCQ US,RSHCQ,1.67,1388853,113190.97,12.27,USD
Holdings 06-30-08.xls,2008-06-30,6/30/2008,US FRANCHISE INDEX,60,100,83331195,RUBY TUESDAY INC,RT US,RT,1.67,1388853,257195.05,5.4,USD
Holdings 06-30-08.xls,2008-06-30,6/30/2008,US FRANCHISE INDEX,60,100,83331195,RUTH'S HOSPITALITY GROUP INC,RUTH US,RUTH,1.67,1388853,268118.39,5.18,USD
Holdings 06-30-08.xls,2008-06-30,6/30/2008,US FRANCHISE INDEX,60,100,83331195,SALLY BEAUTY HOLDINGS INC,SBH US,SBH,1.67,1388853,214992.76,6.46,USD
Holdings 06-30-08.xls,2008-06-30,6/30/2008,US FRANCHISE INDEX,60,100,83331195,SNAP-ON INC,SNA US,SNA,1.67,1388853,26703.58,52.01,USD
Holdings 06-30-08.xls,2008-06-30,6/30/2008,US FRANCHISE INDEX,60,100,83331195,SONIC CORP,SONC US,SONC,1.67,1388853,93841.44,14.8,USD
Holdings 06-30-08.xls,2008-06-30,6/30/2008,US FRANCHISE INDEX,60,100,83331195,STARWOOD HOTELS & RESORTS WO,HOT US,HOT,1.67,1388853,34660.68,40.07,USD
Holdings 06-30-08.xls,2008-06-30,6/30/2008,US FRANCHISE INDEX,60,100,83331195,TEXAS ROADHOUSE INC,TXRH US,TXRH,1.67,1388853,154833.14,8.97,USD
Holdings 06-30-08.xls,2008-06-30,6/30/2008,US FRANCHISE INDEX,60,100,83331195,TIM HORTONS INC,THI US,THI,1.67,1388853,48408.97,28.69,USD
Holdings 06-30-08.xls,2008-06-30,6/30/2008,US FRANCHISE INDEX,60,100,83331195,WEIGHT WATCHERS INTL INC,WTW US,WTW,1.67,1388853,39001.78,35.61,USD
Holdings 06-30-08.xls,2008-06-30,6/30/2008,US FRANCHISE INDEX,60,100,83331195,WENDY'S CO/THE,WEN US,WEN,1.67,1388853,217008.32,6.4,USD
Holdings 06-30-08.xls,2008-06-30,6/30/2008,US FRANCHISE INDEX,60,100,83331195,WINMARK CORP,WINA US,WINA,1.67,1388853,77158.51,18,USD
Holdings 06-30-08.xls,2008-06-30,6/30/2008,US FRANCHISE INDEX,60,100,83331195,WYNDHAM WORLDWIDE CORP,WYN US,WYN,1.67,1388853,77546.25,17.91,USD
Holdings 06-30-08.xls,2008-06-30,6/30/2008,US FRANCHISE INDEX,60,100,83331195,YUM! BRANDS INC,YUM US,YUM,1.67,1388853,39579.74,35.09,USD
Holdings 06-30-09.xls,2009-06-30,6/30/2009,US FRANCHISE INDEX,60,100,98731909,1-800-FLOWERS.COM INC-CL A,FLWS US,FLWS,1.67,1645532,857047.82,1.92,USD
Holdings 06-30-09.xls,2009-06-30,6/30/2009,US FRANCHISE INDEX,60,100,98731909,AARON'S INC,AAN US,AAN,1.67,1645532,55182.15,29.82,USD
Holdings 06-30-09.xls,2009-06-30,6/30/2009,US FRANCHISE INDEX,60,100,98731909,AMERIPRISE FINANCIAL INC,AMP US,AMP,1.67,1645532,67801.06,24.27,USD
Holdings 06-30-09.xls,2009-06-30,6/30/2009,US FRANCHISE INDEX,60,100,98731909,AVIS BUDGET GROUP INC,CAR US,CAR,1.67,1645532,291244.57,5.65,USD
Holdings 06-30-09.xls,2009-06-30,6/30/2009,US FRANCHISE INDEX,60,100,98731909,BB LIQUIDATING INC,BLIAQ US,BLIAQ,1.67,1645532,2493229.93,0.66,USD
Holdings 06-30-09.xls,2009-06-30,6/30/2009,US FRANCHISE INDEX,60,100,98731909,BENIHANA INC,BNHN US,BNHN,1.67,1645532,241634.63,6.81,USD
Holdings 06-30-09.xls,2009-06-30,6/30/2009,US FRANCHISE INDEX,60,100,98731909,BIGLARI HOLDINGS INC,BH US,BH,1.67,1645532,188275.95,8.74,USD
Holdings 06-30-09.xls,2009-06-30,6/30/2009,US FRANCHISE INDEX,60,100,98731909,BRINKER INTERNATIONAL INC,EAT US,EAT,1.67,1645532,96625.47,17.03,USD
Holdings 06-30-09.xls,2009-06-30,6/30/2009,US FRANCHISE INDEX,60,100,98731909,BUFFALO WILD WINGS INC,BWLD US,BWLD,1.67,1645532,50600.61,32.52,USD
Holdings 06-30-09.xls,2009-06-30,6/30/2009,US FRANCHISE INDEX,60,100,98731909,BURGER KING HOLDINGS INC,BKC US,BKC,1.67,1645532,95282.68,17.27,USD
Holdings 06-30-09.xls,2009-06-30,6/30/2009,US FRANCHISE INDEX,60,100,98731909,CASEY'S GENERAL STORES INC,CASY US,CASY,1.67,1645532,64053.4,25.69,USD
Holdings 06-30-09.xls,2009-06-30,6/30/2009,US FRANCHISE INDEX,60,100,98731909,CASH AMERICA INTL INC,CSH US,CSH,1.67,1645532,70351.94,23.39,USD
Holdings 06-30-09.xls,2009-06-30,6/30/2009,US FRANCHISE INDEX,60,100,98731909,CEC ENTERTAINMENT INC,CEC US,CEC,1.67,1645532,55818.58,29.48,USD
Holdings 06-30-09.xls,2009-06-30,6/30/2009,US FRANCHISE INDEX,60,100,98731909,CHEMED CORP,CHE US,CHE,1.67,1645532,41680.14,39.48,USD
Holdings 06-30-09.xls,2009-06-30,6/30/2009,US FRANCHISE INDEX,60,100,98731909,CHOICE HOTELS INTL INC,CHH US,CHH,1.67,1645532,61838.85,26.61,USD
Holdings 06-30-09.xls,2009-06-30,6/30/2009,US FRANCHISE INDEX,60,100,98731909,CKE RESTAURANTS INC,CKR US,CKR,1.67,1645532,194048.56,8.48,USD
Holdings 06-30-09.xls,2009-06-30,6/30/2009,US FRANCHISE INDEX,60,100,98731909,DENNY'S CORP,DENN US,DENN,1.67,1645532,765363.64,2.15,USD
Holdings 06-30-09.xls,2009-06-30,6/30/2009,US FRANCHISE INDEX,60,100,98731909,DINEEQUITY INC,DIN US,DIN,1.67,1645532,52758.31,31.19,USD
Holdings 06-30-09.xls,2009-06-30,6/30/2009,US FRANCHISE INDEX,60,100,98731909,DOLLAR THRIFTY AUTOMOTIVE GP,DTGF US,DTGF,1.67,1645532,117959.27,13.95,USD
Holdings 06-30-09.xls,2009-06-30,6/30/2009,US FRANCHISE INDEX,60,100,98731909,DOMINO'S PIZZA INC,DPZ US,DPZ,1.67,1645532,219697.17,7.49,USD
Holdings 06-30-09.xls,2009-06-30,6/30/2009,US FRANCHISE INDEX,60,100,98731909,EINSTEIN NOAH RESTAURANT GRO,BAGL US,BAGL,1.67,1645532,190234.89,8.65,USD
Holdings 06-30-09.xls,2009-06-30,6/30/2009,US FRANCHISE INDEX,60,100,98731909,FAMOUS DAVE'S OF AMERICA,DAVE US,DAVE,1.67,1645532,268001.92,6.14,USD
Holdings 06-30-09.xls,2009-06-30,6/30/2009,US FRANCHISE INDEX,60,100,98731909,FRISCH'S RESTAURANTS INC,FRS US,FRS,1.67,1645532,55705.21,29.54,USD
Holdings 06-30-09.xls,2009-06-30,6/30/2009,US FRANCHISE INDEX,60,100,98731909,H&R BLOCK INC,HRB US,HRB,1.67,1645532,95503.88,17.23,USD
Holdings 06-30-09.xls,2009-06-30,6/30/2009,US FRANCHISE INDEX,60,100,98731909,HERTZ GLOBAL HOLDINGS INC,HTZ US,HTZ,1.67,1645532,205948.91,7.99,USD
Holdings 06-30-09.xls,2009-06-30,6/30/2009,US FRANCHISE INDEX,60,100,98731909,INTERCONTINENTAL HOTELS-ADR,IHG US,IHG,1.67,1645532,159605.41,10.31,USD
Holdings 06-30-09.xls,2009-06-30,6/30/2009,US FRANCHISE INDEX,60,100,98731909,JACK IN THE BOX INC,JACK US,JACK,1.67,1645532,73297.63,22.45,USD
Holdings 06-30-09.xls,2009-06-30,6/30/2009,US FRANCHISE INDEX,60,100,98731909,JAMBA INC,JMBA US,JMBA,1.67,1645532,1371276.51,1.2,USD
Holdings 06-30-09.xls,2009-06-30,6/30/2009,US FRANCHISE INDEX,60,100,98731909,KRISPY KREME DOUGHNUTS INC,KKD US,KKD,1.67,1645532,548510.61,3,USD
Holdings 06-30-09.xls,2009-06-30,6/30/2009,US FRANCHISE INDEX,60,100,98731909,LA-Z-BOY INC,LZB US,LZB,1.67,1645532,348629.62,4.72,USD
Holdings 06-30-09.xls,2009-06-30,6/30/2009,US FRANCHISE INDEX,60,100,98731909,LUBY'S INC,LUB US,LUB,1.67,1645532,405303.4,4.06,USD
Holdings 06-30-09.xls,2009-06-30,6/30/2009,US FRANCHISE INDEX,60,100,98731909,MARRIOTT INTERNATIONAL -CL A,MAR US,MAR,1.67,1645532,74559.67,22.07,USD
Holdings 06-30-09.xls,2009-06-30,6/30/2009,US FRANCHISE INDEX,60,100,98731909,MCDONALD'S CORP,MCD US,MCD,1.67,1645532,28622.92,57.49,USD
Holdings 06-30-09.xls,2009-06-30,6/30/2009,US FRANCHISE INDEX,60,100,98731909,MIDAS INC,MDS US,MDS,1.67,1645532,157016.39,10.48,USD
Holdings 06-30-09.xls,2009-06-30,6/30/2009,US FRANCHISE INDEX,60,100,98731909,MTY FOOD GROUP INC,MTYFF US,MTYFF,1.67,1645532,217074.31,7.58,USD
Holdings 06-30-09.xls,2009-06-30,6/30/2009,US FRANCHISE INDEX,60,100,98731909,NATHAN'S FAMOUS INC,NATH US,NATH,1.67,1645532,122800.88,13.4,USD
Holdings 06-30-09.xls,2009-06-30,6/30/2009,US FRANCHISE INDEX,60,100,98731909,O'CHARLEYS INC,CHUX US,CHUX,1.67,1645532,177895.33,9.25,USD
Holdings 06-30-09.xls,2009-06-30,6/30/2009,US FRANCHISE INDEX,60,100,98731909,PANERA BREAD COMPANY-CLASS A,PNRA US,PNRA,1.67,1645532,33003.04,49.86,USD
Holdings 06-30-09.xls,2009-06-30,6/30/2009,US FRANCHISE INDEX,60,100,98731909,PAPA JOHN'S INTL INC,PZZA US,PZZA,1.67,1645532,66378.86,24.79,USD
Holdings 06-30-09.xls,2009-06-30,6/30/2009,US FRANCHISE INDEX,60,100,98731909,POPEYES LOUISIANA KITCHEN IN,PLKI US,PLKI,1.67,1645532,243782.49,6.75,USD
Holdings 06-30-09.xls,2009-06-30,6/30/2009,US FRANCHISE INDEX,60,100,98731909,RED LION HOTELS CORP,RLH US,RLH,1.67,1645532,342819.13,4.8,USD
Holdings 06-30-09.xls,2009-06-30,6/30/2009,US FRANCHISE INDEX,60,100,98731909,RED ROBIN GOURMET BURGERS,RRGB US,RRGB,1.67,1645532,87761.7,18.75,USD
Holdings 06-30-09.xls,2009-06-30,6/30/2009,US FRANCHISE INDEX,60,100,98731909,REGIS CORP,RGS US,RGS,1.67,1645532,94516.47,17.41,USD
Holdings 06-30-09.xls,2009-06-30,6/30/2009,US FRANCHISE INDEX,60,100,98731909,RENT-A-CENTER INC,RCII US,RCII,1.67,1645532,92290.06,17.83,USD
Holdings 06-30-09.xls,2009-06-30,6/30/2009,US FRANCHISE INDEX,60,100,98731909,ROCKY MOUNTAIN CHOC FACT INC,RMCF US,RMCF,1.67,1645532,213705.43,7.7,USD
Holdings 06-30-09.xls,2009-06-30,6/30/2009,US FRANCHISE INDEX,60,100,98731909,ROLLINS INC,ROL US,ROL,1.67,1645532,95062.5,17.31,USD
Holdings 06-30-09.xls,2009-06-30,6/30/2009,US FRANCHISE INDEX,60,100,98731909,RS LEGACY CORP,RSHCQ US,RSHCQ,1.67,1645532,117874.77,13.96,USD
Holdings 06-30-09.xls,2009-06-30,6/30/2009,US FRANCHISE INDEX,60,100,98731909,RUBY TUESDAY INC,RT US,RT,1.67,1645532,247076.85,6.66,USD
Holdings 06-30-09.xls,2009-06-30,6/30/2009,US FRANCHISE INDEX,60,100,98731909,RUTH'S HOSPITALITY GROUP INC,RUTH US,RUTH,1.67,1645532,448373.79,3.67,USD
Holdings 06-30-09.xls,2009-06-30,6/30/2009,US FRANCHISE INDEX,60,100,98731909,SALLY BEAUTY HOLDINGS INC,SBH US,SBH,1.67,1645532,258731.42,6.36,USD
Holdings 06-30-09.xls,2009-06-30,6/30/2009,US FRANCHISE INDEX,60,100,98731909,SNAP-ON INC,SNA US,SNA,1.67,1645532,57255.8,28.74,USD
Holdings 06-30-09.xls,2009-06-30,6/30/2009,US FRANCHISE INDEX,60,100,98731909,SONIC CORP,SONC US,SONC,1.67,1645532,164061,10.03,USD
Holdings 06-30-09.xls,2009-06-30,6/30/2009,US FRANCHISE INDEX,60,100,98731909,STARWOOD HOTELS & RESORTS WO,HOT US,HOT,1.67,1645532,74123.05,22.2,USD
Holdings 06-30-09.xls,2009-06-30,6/30/2009,US FRANCHISE INDEX,60,100,98731909,TEXAS ROADHOUSE INC,TXRH US,TXRH,1.67,1645532,150827.85,10.91,USD
Holdings 06-30-09.xls,2009-06-30,6/30/2009,US FRANCHISE INDEX,60,100,98731909,TIM HORTONS INC,THI US,THI,1.67,1645532,67055.09,24.54,USD
Holdings 06-30-09.xls,2009-06-30,6/30/2009,US FRANCHISE INDEX,60,100,98731909,WEIGHT WATCHERS INTL INC,WTW US,WTW,1.67,1645532,63854.55,25.77,USD
Holdings 06-30-09.xls,2009-06-30,6/30/2009,US FRANCHISE INDEX,60,100,98731909,WENDY'S CO/THE,WEN US,WEN,1.67,1645532,411382.95,4,USD
Holdings 06-30-09.xls,2009-06-30,6/30/2009,US FRANCHISE INDEX,60,100,98731909,WINMARK CORP,WINA US,WINA,1.67,1645532,94030.39,17.5,USD
Holdings 06-30-09.xls,2009-06-30,6/30/2009,US FRANCHISE INDEX,60,100,98731909,WYNDHAM WORLDWIDE CORP,WYN US,WYN,1.67,1645532,135769.95,12.12,USD
Holdings 06-30-09.xls,2009-06-30,6/30/2009,US FRANCHISE INDEX,60,100,98731909,YUM! BRANDS INC,YUM US,YUM,1.67,1645532,49356.08,33.34,USD
Holdings 06-30-10.xls,2010-06-30,6/30/2010,US FRANCHISE INDEX,61,100,218671512,1-800-FLOWERS.COM INC-CL A,FLWS US,FLWS,1.64,3584779,1740183.93,2.06,USD
Holdings 06-30-10.xls,2010-06-30,6/30/2010,US FRANCHISE INDEX,61,100,218671512,AARON'S INC,AAN US,AAN,1.64,3584779,210004.62,17.07,USD
Holdings 06-30-10.xls,2010-06-30,6/30/2010,US FRANCHISE INDEX,61,100,218671512,AMERIPRISE FINANCIAL INC,AMP US,AMP,1.64,3584779,99218.9,36.13,USD
Holdings 06-30-10.xls,2010-06-30,6/30/2010,US FRANCHISE INDEX,61,100,218671512,AVIS BUDGET GROUP INC,CAR US,CAR,1.64,3584779,365048.77,9.82,USD
Holdings 06-30-10.xls,2010-06-30,6/30/2010,US FRANCHISE INDEX,61,100,218671512,BB LIQUIDATING INC,BLIAQ US,BLIAQ,1.64,3584779,15054189.78,0.24,USD
Holdings 06-30-10.xls,2010-06-30,6/30/2010,US FRANCHISE INDEX,61,100,218671512,BENIHANA INC,BNHN US,BNHN,1.64,3584779,563644.48,6.36,USD
Holdings 06-30-10.xls,2010-06-30,6/30/2010,US FRANCHISE INDEX,61,100,218671512,BIGLARI HOLDINGS INC,BH US,BH,1.64,3584779,12494.87,286.9,USD
Holdings 06-30-10.xls,2010-06-30,6/30/2010,US FRANCHISE INDEX,61,100,218671512,BRINKER INTERNATIONAL INC,EAT US,EAT,1.64,3584779,247910.02,14.46,USD
Holdings 06-30-10.xls,2010-06-30,6/30/2010,US FRANCHISE INDEX,61,100,218671512,BUFFALO WILD WINGS INC,BWLD US,BWLD,1.64,3584779,97998.33,36.58,USD
Holdings 06-30-10.xls,2010-06-30,6/30/2010,US FRANCHISE INDEX,61,100,218671512,BURGER KING HOLDINGS INC,BKC US,BKC,1.64,3584779,212872.86,16.84,USD
Holdings 06-30-10.xls,2010-06-30,6/30/2010,US FRANCHISE INDEX,61,100,218671512,CASEY'S GENERAL STORES INC,CASY US,CASY,1.64,3584779,102715.73,34.9,USD
Holdings 06-30-10.xls,2010-06-30,6/30/2010,US FRANCHISE INDEX,61,100,218671512,CASH AMERICA INTL INC,CSH US,CSH,1.64,3584779,104603.99,34.27,USD
Holdings 06-30-10.xls,2010-06-30,6/30/2010,US FRANCHISE INDEX,61,100,218671512,CEC ENTERTAINMENT INC,CEC US,CEC,1.64,3584779,101667.01,35.26,USD
Holdings 06-30-10.xls,2010-06-30,6/30/2010,US FRANCHISE INDEX,61,100,218671512,CHEMED CORP,CHE US,CHE,1.64,3584779,65607.23,54.64,USD
Holdings 06-30-10.xls,2010-06-30,6/30/2010,US FRANCHISE INDEX,61,100,218671512,CHOICE HOTELS INTL INC,CHH US,CHH,1.64,3584779,118662,30.21,USD
Holdings 06-30-10.xls,2010-06-30,6/30/2010,US FRANCHISE INDEX,61,100,218671512,CKE RESTAURANTS INC,CKR US,CKR,1.64,3584779,286095.68,12.53,USD
Holdings 06-30-10.xls,2010-06-30,6/30/2010,US FRANCHISE INDEX,61,100,218671512,DENNY'S CORP,DENN US,DENN,1.64,3584779,1378761.11,2.6,USD
Holdings 06-30-10.xls,2010-06-30,6/30/2010,US FRANCHISE INDEX,61,100,218671512,DINEEQUITY INC,DIN US,DIN,1.64,3584779,128394.66,27.92,USD
Holdings 06-30-10.xls,2010-06-30,6/30/2010,US FRANCHISE INDEX,61,100,218671512,DOLLAR THRIFTY AUTOMOTIVE GP,DTGF US,DTGF,1.64,3584779,84129.99,42.61,USD
Holdings 06-30-10.xls,2010-06-30,6/30/2010,US FRANCHISE INDEX,61,100,218671512,DOMINO'S PIZZA INC,DPZ US,DPZ,1.64,3584779,317237.07,11.3,USD
Holdings 06-30-10.xls,2010-06-30,6/30/2010,US FRANCHISE INDEX,61,100,218671512,EINSTEIN NOAH RESTAURANT GRO,BAGL US,BAGL,1.64,3584779,332231.59,10.79,USD
Holdings 06-30-10.xls,2010-06-30,6/30/2010,US FRANCHISE INDEX,61,100,218671512,FAMOUS DAVE'S OF AMERICA,DAVE US,DAVE,1.64,3584779,430862.85,8.32,USD
Holdings 06-30-10.xls,2010-06-30,6/30/2010,US FRANCHISE INDEX,61,100,218671512,FRISCH'S RESTAURANTS INC,FRS US,FRS,1.64,3584779,178169.92,20.12,USD
Holdings 06-30-10.xls,2010-06-30,6/30/2010,US FRANCHISE INDEX,61,100,218671512,H&R BLOCK INC,HRB US,HRB,1.64,3584779,228475.39,15.69,USD
Holdings 06-30-10.xls,2010-06-30,6/30/2010,US FRANCHISE INDEX,61,100,218671512,HERTZ GLOBAL HOLDINGS INC,HTZ US,HTZ,1.64,3584779,378940.69,9.46,USD
Holdings 06-30-10.xls,2010-06-30,6/30/2010,US FRANCHISE INDEX,61,100,218671512,HYATT HOTELS CORP - CL A,H US,H,1.64,3584779,96650.82,37.09,USD
Holdings 06-30-10.xls,2010-06-30,6/30/2010,US FRANCHISE INDEX,61,100,218671512,INTERCONTINENTAL HOTELS-ADR,IHG US,IHG,1.64,3584779,228621.1,15.68,USD
Holdings 06-30-10.xls,2010-06-30,6/30/2010,US FRANCHISE INDEX,61,100,218671512,JACK IN THE BOX INC,JACK US,JACK,1.64,3584779,184307.4,19.45,USD
Holdings 06-30-10.xls,2010-06-30,6/30/2010,US FRANCHISE INDEX,61,100,218671512,JAMBA INC,JMBA US,JMBA,1.64,3584779,1682994.78,2.13,USD
Holdings 06-30-10.xls,2010-06-30,6/30/2010,US FRANCHISE INDEX,61,100,218671512,KRISPY KREME DOUGHNUTS INC,KKD US,KKD,1.64,3584779,1063732.61,3.37,USD
Holdings 06-30-10.xls,2010-06-30,6/30/2010,US FRANCHISE INDEX,61,100,218671512,LA-Z-BOY INC,LZB US,LZB,1.64,3584779,482473.61,7.43,USD
Holdings 06-30-10.xls,2010-06-30,6/30/2010,US FRANCHISE INDEX,61,100,218671512,LUBY'S INC,LUB US,LUB,1.64,3584779,931111.4,3.85,USD
Holdings 06-30-10.xls,2010-06-30,6/30/2010,US FRANCHISE INDEX,61,100,218671512,MARRIOTT INTERNATIONAL -CL A,MAR US,MAR,1.64,3584779,119732.09,29.94,USD
Holdings 06-30-10.xls,2010-06-30,6/30/2010,US FRANCHISE INDEX,61,100,218671512,MCDONALD'S CORP,MCD US,MCD,1.64,3584779,54422.03,65.87,USD
Holdings 06-30-10.xls,2010-06-30,6/30/2010,US FRANCHISE INDEX,61,100,218671512,MIDAS INC,MDS US,MDS,1.64,3584779,467376.65,7.67,USD
Holdings 06-30-10.xls,2010-06-30,6/30/2010,US FRANCHISE INDEX,61,100,218671512,MTY FOOD GROUP INC,MTYFF US,MTYFF,1.64,3584779,344706.85,10.4,USD
Holdings 06-30-10.xls,2010-06-30,6/30/2010,US FRANCHISE INDEX,61,100,218671512,NATHAN'S FAMOUS INC,NATH US,NATH,1.64,3584779,230680.75,15.54,USD
Holdings 06-30-10.xls,2010-06-30,6/30/2010,US FRANCHISE INDEX,61,100,218671512,O'CHARLEYS INC,CHUX US,CHUX,1.64,3584779,676373.38,5.3,USD
Holdings 06-30-10.xls,2010-06-30,6/30/2010,US FRANCHISE INDEX,61,100,218671512,PANERA BREAD COMPANY-CLASS A,PNRA US,PNRA,1.64,3584779,47612.95,75.29,USD
Holdings 06-30-10.xls,2010-06-30,6/30/2010,US FRANCHISE INDEX,61,100,218671512,PAPA JOHN'S INTL INC,PZZA US,PZZA,1.64,3584779,155050.99,23.12,USD
Holdings 06-30-10.xls,2010-06-30,6/30/2010,US FRANCHISE INDEX,61,100,218671512,POPEYES LOUISIANA KITCHEN IN,PLKI US,PLKI,1.64,3584779,393931.75,9.1,USD
Holdings 06-30-10.xls,2010-06-30,6/30/2010,US FRANCHISE INDEX,61,100,218671512,RED LION HOTELS CORP,RLH US,RLH,1.64,3584779,600465.48,5.97,USD
Holdings 06-30-10.xls,2010-06-30,6/30/2010,US FRANCHISE INDEX,61,100,218671512,RED ROBIN GOURMET BURGERS,RRGB US,RRGB,1.64,3584779,208903.2,17.16,USD
Holdings 06-30-10.xls,2010-06-30,6/30/2010,US FRANCHISE INDEX,61,100,218671512,REGIS CORP,RGS US,RGS,1.64,3584779,230236.28,15.57,USD
Holdings 06-30-10.xls,2010-06-30,6/30/2010,US FRANCHISE INDEX,61,100,218671512,RENT-A-CENTER INC,RCII US,RCII,1.64,3584779,176938.74,20.26,USD
Holdings 06-30-10.xls,2010-06-30,6/30/2010,US FRANCHISE INDEX,61,100,218671512,ROCKY MOUNTAIN CHOC FACT INC,RMCF US,RMCF,1.64,3584779,385460.1,9.3,USD
Holdings 06-30-10.xls,2010-06-30,6/30/2010,US FRANCHISE INDEX,61,100,218671512,ROLLINS INC,ROL US,ROL,1.64,3584779,173261.43,20.69,USD
Holdings 06-30-10.xls,2010-06-30,6/30/2010,US FRANCHISE INDEX,61,100,218671512,RS LEGACY CORP,RSHCQ US,RSHCQ,1.64,3584779,183740.59,19.51,USD
Holdings 06-30-10.xls,2010-06-30,6/30/2010,US FRANCHISE INDEX,61,100,218671512,RUBY TUESDAY INC,RT US,RT,1.64,3584779,421738.69,8.5,USD
Holdings 06-30-10.xls,2010-06-30,6/30/2010,US FRANCHISE INDEX,61,100,218671512,RUTH'S HOSPITALITY GROUP INC,RUTH US,RUTH,1.64,3584779,857602.6,4.18,USD
Holdings 06-30-10.xls,2010-06-30,6/30/2010,US FRANCHISE INDEX,61,100,218671512,SALLY BEAUTY HOLDINGS INC,SBH US,SBH,1.64,3584779,437168.16,8.2,USD
Holdings 06-30-10.xls,2010-06-30,6/30/2010,US FRANCHISE INDEX,61,100,218671512,SNAP-ON INC,SNA US,SNA,1.64,3584779,87625.98,40.91,USD
Holdings 06-30-10.xls,2010-06-30,6/30/2010,US FRANCHISE INDEX,61,100,218671512,SONIC CORP,SONC US,SONC,1.64,3584779,462552.11,7.75,USD
Holdings 06-30-10.xls,2010-06-30,6/30/2010,US FRANCHISE INDEX,61,100,218671512,STARWOOD HOTELS & RESORTS WO,HOT US,HOT,1.64,3584779,86526.16,41.43,USD
Holdings 06-30-10.xls,2010-06-30,6/30/2010,US FRANCHISE INDEX,61,100,218671512,TEXAS ROADHOUSE INC,TXRH US,TXRH,1.64,3584779,284055.38,12.62,USD
Holdings 06-30-10.xls,2010-06-30,6/30/2010,US FRANCHISE INDEX,61,100,218671512,TIM HORTONS INC,THI US,THI,1.64,3584779,112024.34,32,USD
Holdings 06-30-10.xls,2010-06-30,6/30/2010,US FRANCHISE INDEX,61,100,218671512,WEIGHT WATCHERS INTL INC,WTW US,WTW,1.64,3584779,139539.86,25.69,USD
Holdings 06-30-10.xls,2010-06-30,6/30/2010,US FRANCHISE INDEX,61,100,218671512,WENDY'S CO/THE,WEN US,WEN,1.64,3584779,896194.72,4,USD
Holdings 06-30-10.xls,2010-06-30,6/30/2010,US FRANCHISE INDEX,61,100,218671512,WINMARK CORP,WINA US,WINA,1.64,3584779,107104.24,33.47,USD
Holdings 06-30-10.xls,2010-06-30,6/30/2010,US FRANCHISE INDEX,61,100,218671512,WYNDHAM WORLDWIDE CORP,WYN US,WYN,1.64,3584779,177992.99,20.14,USD
Holdings 06-30-10.xls,2010-06-30,6/30/2010,US FRANCHISE INDEX,61,100,218671512,YUM! BRANDS INC,YUM US,YUM,1.64,3584779,91823.23,39.04,USD
Holdings 06-30-11.xls,2011-06-30,6/30/2011,US FRANCHISE INDEX,60,100,150037592,1-800-FLOWERS.COM INC-CL A,FLWS US,FLWS,1.67,2500627,806653.72,3.1,USD
Holdings 06-30-11.xls,2011-06-30,6/30/2011,US FRANCHISE INDEX,60,100,150037592,AARON'S INC,AAN US,AAN,1.67,2500627,88486.43,28.26,USD
Holdings 06-30-11.xls,2011-06-30,6/30/2011,US FRANCHISE INDEX,60,100,150037592,AMERIPRISE FINANCIAL INC,AMP US,AMP,1.67,2500627,43353.44,57.68,USD
Holdings 06-30-11.xls,2011-06-30,6/30/2011,US FRANCHISE INDEX,60,100,150037592,AVIS BUDGET GROUP INC,CAR US,CAR,1.67,2500627,146321.04,17.09,USD
Holdings 06-30-11.xls,2011-06-30,6/30/2011,US FRANCHISE INDEX,60,100,150037592,BB LIQUIDATING INC,BLIAQ US,BLIAQ,1.67,2500627,53776913.29,0.05,USD
Holdings 06-30-11.xls,2011-06-30,6/30/2011,US FRANCHISE INDEX,60,100,150037592,BENIHANA INC,BNHN US,BNHN,1.67,2500627,239983.35,10.42,USD
Holdings 06-30-11.xls,2011-06-30,6/30/2011,US FRANCHISE INDEX,60,100,150037592,BIGLARI HOLDINGS INC,BH US,BH,1.67,2500627,6394.65,391.05,USD
Holdings 06-30-11.xls,2011-06-30,6/30/2011,US FRANCHISE INDEX,60,100,150037592,BRINKER INTERNATIONAL INC,EAT US,EAT,1.67,2500627,102233.3,24.46,USD
Holdings 06-30-11.xls,2011-06-30,6/30/2011,US FRANCHISE INDEX,60,100,150037592,BUFFALO WILD WINGS INC,BWLD US,BWLD,1.67,2500627,37711.15,66.31,USD
Holdings 06-30-11.xls,2011-06-30,6/30/2011,US FRANCHISE INDEX,60,100,150037592,CASEY'S GENERAL STORES INC,CASY US,CASY,1.67,2500627,56832.42,44,USD
Holdings 06-30-11.xls,2011-06-30,6/30/2011,US FRANCHISE INDEX,60,100,150037592,CASH AMERICA INTL INC,CSH US,CSH,1.67,2500627,43211.1,57.87,USD
Holdings 06-30-11.xls,2011-06-30,6/30/2011,US FRANCHISE INDEX,60,100,150037592,CEC ENTERTAINMENT INC,CEC US,CEC,1.67,2500627,62344.22,40.11,USD
Holdings 06-30-11.xls,2011-06-30,6/30/2011,US FRANCHISE INDEX,60,100,150037592,CHEMED CORP,CHE US,CHE,1.67,2500627,38165.85,65.52,USD
Holdings 06-30-11.xls,2011-06-30,6/30/2011,US FRANCHISE INDEX,60,100,150037592,CHOICE HOTELS INTL INC,CHH US,CHH,1.67,2500627,74958.83,33.36,USD
Holdings 06-30-11.xls,2011-06-30,6/30/2011,US FRANCHISE INDEX,60,100,150037592,DENNY'S CORP,DENN US,DENN,1.67,2500627,644491.37,3.88,USD
Holdings 06-30-11.xls,2011-06-30,6/30/2011,US FRANCHISE INDEX,60,100,150037592,DINEEQUITY INC,DIN US,DIN,1.67,2500627,47840.57,52.27,USD
Holdings 06-30-11.xls,2011-06-30,6/30/2011,US FRANCHISE INDEX,60,100,150037592,DOLLAR THRIFTY AUTOMOTIVE GP,DTGF US,DTGF,1.67,2500627,33911.4,73.74,USD
Holdings 06-30-11.xls,2011-06-30,6/30/2011,US FRANCHISE INDEX,60,100,150037592,DOMINO'S PIZZA INC,DPZ US,DPZ,1.67,2500627,99073.95,25.24,USD
Holdings 06-30-11.xls,2011-06-30,6/30/2011,US FRANCHISE INDEX,60,100,150037592,EINSTEIN NOAH RESTAURANT GRO,BAGL US,BAGL,1.67,2500627,167042.52,14.97,USD
Holdings 06-30-11.xls,2011-06-30,6/30/2011,US FRANCHISE INDEX,60,100,150037592,FAMOUS DAVE'S OF AMERICA,DAVE US,DAVE,1.67,2500627,249812.84,10.01,USD
Holdings 06-30-11.xls,2011-06-30,6/30/2011,US FRANCHISE INDEX,60,100,150037592,FRISCH'S RESTAURANTS INC,FRS US,FRS,1.67,2500627,107093.21,23.35,USD
Holdings 06-30-11.xls,2011-06-30,6/30/2011,US FRANCHISE INDEX,60,100,150037592,GNC HOLDINGS INC-CL A,GNC US,GNC,1.67,2500627,114655.04,21.81,USD
Holdings 06-30-11.xls,2011-06-30,6/30/2011,US FRANCHISE INDEX,60,100,150037592,H&R BLOCK INC,HRB US,HRB,1.67,2500627,155899.41,16.04,USD
Holdings 06-30-11.xls,2011-06-30,6/30/2011,US FRANCHISE INDEX,60,100,150037592,HERTZ GLOBAL HOLDINGS INC,HTZ US,HTZ,1.67,2500627,157470.18,15.88,USD
Holdings 06-30-11.xls,2011-06-30,6/30/2011,US FRANCHISE INDEX,60,100,150037592,HYATT HOTELS CORP - CL A,H US,H,1.67,2500627,61259.84,40.82,USD
Holdings 06-30-11.xls,2011-06-30,6/30/2011,US FRANCHISE INDEX,60,100,150037592,INTERCONTINENTAL HOTELS-ADR,IHG US,IHG,1.67,2500627,120978.55,20.67,USD
Holdings 06-30-11.xls,2011-06-30,6/30/2011,US FRANCHISE INDEX,60,100,150037592,JACK IN THE BOX INC,JACK US,JACK,1.67,2500627,109772.89,22.78,USD
Holdings 06-30-11.xls,2011-06-30,6/30/2011,US FRANCHISE INDEX,60,100,150037592,JAMBA INC,JMBA US,JMBA,1.67,2500627,1168517.07,2.14,USD
Holdings 06-30-11.xls,2011-06-30,6/30/2011,US FRANCHISE INDEX,60,100,150037592,KRISPY KREME DOUGHNUTS INC,KKD US,KKD,1.67,2500627,262947.06,9.51,USD
Holdings 06-30-11.xls,2011-06-30,6/30/2011,US FRANCHISE INDEX,60,100,150037592,LA-Z-BOY INC,LZB US,LZB,1.67,2500627,253356.28,9.87,USD
Holdings 06-30-11.xls,2011-06-30,6/30/2011,US FRANCHISE INDEX,60,100,150037592,LUBY'S INC,LUB US,LUB,1.67,2500627,453012.05,5.52,USD
Holdings 06-30-11.xls,2011-06-30,6/30/2011,US FRANCHISE INDEX,60,100,150037592,MARRIOTT INTERNATIONAL -CL A,MAR US,MAR,1.67,2500627,70460.03,35.49,USD
Holdings 06-30-11.xls,2011-06-30,6/30/2011,US FRANCHISE INDEX,60,100,150037592,MCDONALD'S CORP,MCD US,MCD,1.67,2500627,29656.39,84.32,USD
Holdings 06-30-11.xls,2011-06-30,6/30/2011,US FRANCHISE INDEX,60,100,150037592,MIDAS INC,MDS US,MDS,1.67,2500627,395668.75,6.32,USD
Holdings 06-30-11.xls,2011-06-30,6/30/2011,US FRANCHISE INDEX,60,100,150037592,MTY FOOD GROUP INC,MTYFF US,MTYFF,1.67,2500627,167669.74,14.91,USD
Holdings 06-30-11.xls,2011-06-30,6/30/2011,US FRANCHISE INDEX,60,100,150037592,NATHAN'S FAMOUS INC,NATH US,NATH,1.67,2500627,132518.63,18.87,USD
Holdings 06-30-11.xls,2011-06-30,6/30/2011,US FRANCHISE INDEX,60,100,150037592,O'CHARLEYS INC,CHUX US,CHUX,1.67,2500627,342082.97,7.31,USD
Holdings 06-30-11.xls,2011-06-30,6/30/2011,US FRANCHISE INDEX,60,100,150037592,PANERA BREAD COMPANY-CLASS A,PNRA US,PNRA,1.67,2500627,19899.94,125.66,USD
Holdings 06-30-11.xls,2011-06-30,6/30/2011,US FRANCHISE INDEX,60,100,150037592,PAPA JOHN'S INTL INC,PZZA US,PZZA,1.67,2500627,75184.2,33.26,USD
Holdings 06-30-11.xls,2011-06-30,6/30/2011,US FRANCHISE INDEX,60,100,150037592,POPEYES LOUISIANA KITCHEN IN,PLKI US,PLKI,1.67,2500627,152013.77,16.45,USD
Holdings 06-30-11.xls,2011-06-30,6/30/2011,US FRANCHISE INDEX,60,100,150037592,RED LION HOTELS CORP,RLH US,RLH,1.67,2500627,316535,7.9,USD
Holdings 06-30-11.xls,2011-06-30,6/30/2011,US FRANCHISE INDEX,60,100,150037592,RED ROBIN GOURMET BURGERS,RRGB US,RRGB,1.67,2500627,68736.3,36.38,USD
Holdings 06-30-11.xls,2011-06-30,6/30/2011,US FRANCHISE INDEX,60,100,150037592,REGIS CORP,RGS US,RGS,1.67,2500627,163226.27,15.32,USD
Holdings 06-30-11.xls,2011-06-30,6/30/2011,US FRANCHISE INDEX,60,100,150037592,RENT-A-CENTER INC,RCII US,RCII,1.67,2500627,81826.78,30.56,USD
Holdings 06-30-11.xls,2011-06-30,6/30/2011,US FRANCHISE INDEX,60,100,150037592,ROCKY MOUNTAIN CHOC FACT INC,RMCF US,RMCF,1.67,2500627,253099.85,9.88,USD
Holdings 06-30-11.xls,2011-06-30,6/30/2011,US FRANCHISE INDEX,60,100,150037592,ROLLINS INC,ROL US,ROL,1.67,2500627,122700.03,20.38,USD
Holdings 06-30-11.xls,2011-06-30,6/30/2011,US FRANCHISE INDEX,60,100,150037592,RS LEGACY CORP,RSHCQ US,RSHCQ,1.67,2500627,187875.77,13.31,USD
Holdings 06-30-11.xls,2011-06-30,6/30/2011,US FRANCHISE INDEX,60,100,150037592,RUBY TUESDAY INC,RT US,RT,1.67,2500627,231969.07,10.78,USD
Holdings 06-30-11.xls,2011-06-30,6/30/2011,US FRANCHISE INDEX,60,100,150037592,RUTH'S HOSPITALITY GROUP INC,RUTH US,RUTH,1.67,2500627,445744.48,5.61,USD
Holdings 06-30-11.xls,2011-06-30,6/30/2011,US FRANCHISE INDEX,60,100,150037592,SALLY BEAUTY HOLDINGS INC,SBH US,SBH,1.67,2500627,146235.47,17.1,USD
Holdings 06-30-11.xls,2011-06-30,6/30/2011,US FRANCHISE INDEX,60,100,150037592,SNAP-ON INC,SNA US,SNA,1.67,2500627,40022.83,62.48,USD
Holdings 06-30-11.xls,2011-06-30,6/30/2011,US FRANCHISE INDEX,60,100,150037592,SONIC CORP,SONC US,SONC,1.67,2500627,235242.38,10.63,USD
Holdings 06-30-11.xls,2011-06-30,6/30/2011,US FRANCHISE INDEX,60,100,150037592,STARWOOD HOTELS & RESORTS WO,HOT US,HOT,1.67,2500627,44622.17,56.04,USD
Holdings 06-30-11.xls,2011-06-30,6/30/2011,US FRANCHISE INDEX,60,100,150037592,TEXAS ROADHOUSE INC,TXRH US,TXRH,1.67,2500627,142607.73,17.54,USD
Holdings 06-30-11.xls,2011-06-30,6/30/2011,US FRANCHISE INDEX,60,100,150037592,TIM HORTONS INC,THI US,THI,1.67,2500627,51231.85,48.81,USD
Holdings 06-30-11.xls,2011-06-30,6/30/2011,US FRANCHISE INDEX,60,100,150037592,WEIGHT WATCHERS INTL INC,WTW US,WTW,1.67,2500627,33134.05,75.47,USD
Holdings 06-30-11.xls,2011-06-30,6/30/2011,US FRANCHISE INDEX,60,100,150037592,WENDY'S CO/THE,WEN US,WEN,1.67,2500627,493220.22,5.07,USD
Holdings 06-30-11.xls,2011-06-30,6/30/2011,US FRANCHISE INDEX,60,100,150037592,WINMARK CORP,WINA US,WINA,1.67,2500627,57711.21,43.33,USD
Holdings 06-30-11.xls,2011-06-30,6/30/2011,US FRANCHISE INDEX,60,100,150037592,WYNDHAM WORLDWIDE CORP,WYN US,WYN,1.67,2500627,74312.82,33.65,USD
Holdings 06-30-11.xls,2011-06-30,6/30/2011,US FRANCHISE INDEX,60,100,150037592,YUM! BRANDS INC,YUM US,YUM,1.67,2500627,45268.4,55.24,USD
Holdings 06-30-12.xls,2012-06-30,6/29/2012,US FRANCHISE INDEX,59,100,120810533,1-800-FLOWERS.COM INC-CL A,FLWS US,FLWS,2.27,2741997,785672.48,3.49,USD
Holdings 06-30-12.xls,2012-06-30,6/29/2012,US FRANCHISE INDEX,59,100,120810533,AARON'S INC,AAN US,AAN,1.52,1836131,64858.05,28.31,USD
Holdings 06-30-12.xls,2012-06-30,6/29/2012,US FRANCHISE INDEX,59,100,120810533,AMERIPRISE FINANCIAL INC,AMP US,AMP,1.52,1841023,35228.15,52.26,USD
Holdings 06-30-12.xls,2012-06-30,6/29/2012,US FRANCHISE INDEX,59,100,120810533,AVIS BUDGET GROUP INC,CAR US,CAR,2.03,2450829,161238.76,15.2,USD
Holdings 06-30-12.xls,2012-06-30,6/29/2012,US FRANCHISE INDEX,59,100,120810533,BB LIQUIDATING INC,BLIAQ US,BLIAQ,2.42,2929436,179582283.91,0.02,USD
Holdings 06-30-12.xls,2012-06-30,6/29/2012,US FRANCHISE INDEX,59,100,120810533,BENIHANA INC,BNHN US,BNHN,2.28,2758801,171247.72,16.11,USD
Holdings 06-30-12.xls,2012-06-30,6/29/2012,US FRANCHISE INDEX,59,100,120810533,BIGLARI HOLDINGS INC,BH US,BH,1.5,1813674,4693.89,386.39,USD
Holdings 06-30-12.xls,2012-06-30,6/29/2012,US FRANCHISE INDEX,59,100,120810533,BRINKER INTERNATIONAL INC,EAT US,EAT,1.72,2081047,65297.98,31.87,USD
Holdings 06-30-12.xls,2012-06-30,6/29/2012,US FRANCHISE INDEX,59,100,120810533,BUFFALO WILD WINGS INC,BWLD US,BWLD,1.84,2218271,25603.31,86.64,USD
Holdings 06-30-12.xls,2012-06-30,6/29/2012,US FRANCHISE INDEX,59,100,120810533,CASEY'S GENERAL STORES INC,CASY US,CASY,1.65,1990482,33742.71,58.99,USD
Holdings 06-30-12.xls,2012-06-30,6/29/2012,US FRANCHISE INDEX,59,100,120810533,CASH AMERICA INTL INC,CSH US,CSH,1.35,1634959,37124.41,44.04,USD
Holdings 06-30-12.xls,2012-06-30,6/29/2012,US FRANCHISE INDEX,59,100,120810533,CEC ENTERTAINMENT INC,CEC US,CEC,1.53,1846941,50781.99,36.37,USD
Holdings 06-30-12.xls,2012-06-30,6/29/2012,US FRANCHISE INDEX,59,100,120810533,CHEMED CORP,CHE US,CHE,1.7,2051032,33935.01,60.44,USD
Holdings 06-30-12.xls,2012-06-30,6/29/2012,US FRANCHISE INDEX,59,100,120810533,CHOICE HOTELS INTL INC,CHH US,CHH,1.52,1831436,45866.16,39.93,USD
Holdings 06-30-12.xls,2012-06-30,6/29/2012,US FRANCHISE INDEX,59,100,120810533,DENNY'S CORP,DENN US,DENN,1.69,2041077,459701.99,4.44,USD
Holdings 06-30-12.xls,2012-06-30,6/29/2012,US FRANCHISE INDEX,59,100,120810533,DINEEQUITY INC,DIN US,DIN,1.51,1827987,40949.53,44.64,USD
Holdings 06-30-12.xls,2012-06-30,6/29/2012,US FRANCHISE INDEX,59,100,120810533,DOLLAR THRIFTY AUTOMOTIVE GP,DTGF US,DTGF,1.65,1991712,24601.19,80.96,USD
Holdings 06-30-12.xls,2012-06-30,6/29/2012,US FRANCHISE INDEX,59,100,120810533,DOMINO'S PIZZA INC,DPZ US,DPZ,1.41,1702381,55075.42,30.91,USD
Holdings 06-30-12.xls,2012-06-30,6/29/2012,US FRANCHISE INDEX,59,100,120810533,DUNKIN' BRANDS GROUP INC,DNKN US,DNKN,1.99,2398249,69838.35,34.34,USD
Holdings 06-30-12.xls,2012-06-30,6/29/2012,US FRANCHISE INDEX,59,100,120810533,EINSTEIN NOAH RESTAURANT GRO,BAGL US,BAGL,1.61,1949264,111005.93,17.56,USD
Holdings 06-30-12.xls,2012-06-30,6/29/2012,US FRANCHISE INDEX,59,100,120810533,FAMOUS DAVE'S OF AMERICA,DAVE US,DAVE,1.52,1840048,166520.18,11.05,USD
Holdings 06-30-12.xls,2012-06-30,6/29/2012,US FRANCHISE INDEX,59,100,120810533,FRISCH'S RESTAURANTS INC,FRS US,FRS,2.1,2540778,89653.43,28.34,USD
Holdings 06-30-12.xls,2012-06-30,6/29/2012,US FRANCHISE INDEX,59,100,120810533,GNC HOLDINGS INC-CL A,GNC US,GNC,1.95,2355091,60078.86,39.2,USD
Holdings 06-30-12.xls,2012-06-30,6/29/2012,US FRANCHISE INDEX,59,100,120810533,H&R BLOCK INC,HRB US,HRB,1.44,1734829,108562.49,15.98,USD
Holdings 06-30-12.xls,2012-06-30,6/29/2012,US FRANCHISE INDEX,59,100,120810533,HERTZ GLOBAL HOLDINGS INC,HTZ US,HTZ,1.56,1887759,147481.18,12.8,USD
Holdings 06-30-12.xls,2012-06-30,6/29/2012,US FRANCHISE INDEX,59,100,120810533,HYATT HOTELS CORP - CL A,H US,H,1.41,1706437,45921.35,37.16,USD
Holdings 06-30-12.xls,2012-06-30,6/29/2012,US FRANCHISE INDEX,59,100,120810533,INTERCONTINENTAL HOTELS-ADR,IHG US,IHG,1.95,2355241,97727.82,24.1,USD
Holdings 06-30-12.xls,2012-06-30,6/29/2012,US FRANCHISE INDEX,59,100,120810533,JACK IN THE BOX INC,JACK US,JACK,1.91,2305742,82702.37,27.88,USD
Holdings 06-30-12.xls,2012-06-30,6/29/2012,US FRANCHISE INDEX,59,100,120810533,JAMBA INC,JMBA US,JMBA,2.14,2586122,1319449.97,1.96,USD
Holdings 06-30-12.xls,2012-06-30,6/29/2012,US FRANCHISE INDEX,59,100,120810533,KRISPY KREME DOUGHNUTS INC,KKD US,KKD,1.4,1688835,264293.5,6.39,USD
Holdings 06-30-12.xls,2012-06-30,6/29/2012,US FRANCHISE INDEX,59,100,120810533,LA-Z-BOY INC,LZB US,LZB,1.48,1785127,145250.38,12.29,USD
Holdings 06-30-12.xls,2012-06-30,6/29/2012,US FRANCHISE INDEX,59,100,120810533,LUBY'S INC,LUB US,LUB,2.13,2567808,383254.87,6.7,USD
Holdings 06-30-12.xls,2012-06-30,6/29/2012,US FRANCHISE INDEX,59,100,120810533,MARRIOTT INTERNATIONAL -CL A,MAR US,MAR,1.93,2337407,59627.73,39.2,USD
Holdings 06-30-12.xls,2012-06-30,6/29/2012,US FRANCHISE INDEX,59,100,120810533,MCDONALD'S CORP,MCD US,MCD,1.28,1547924,17484.74,88.53,USD
Holdings 06-30-12.xls,2012-06-30,6/29/2012,US FRANCHISE INDEX,59,100,120810533,MTY FOOD GROUP INC,MTYFF US,MTYFF,1.65,1996131,119477.85,16.71,USD
Holdings 06-30-12.xls,2012-06-30,6/29/2012,US FRANCHISE INDEX,59,100,120810533,NATHAN'S FAMOUS INC,NATH US,NATH,2.01,2425792,82230.23,29.5,USD
Holdings 06-30-12.xls,2012-06-30,6/29/2012,US FRANCHISE INDEX,59,100,120810533,PANERA BREAD COMPANY-CLASS A,PNRA US,PNRA,1.41,1703918,12219.72,139.44,USD
Holdings 06-30-12.xls,2012-06-30,6/29/2012,US FRANCHISE INDEX,59,100,120810533,PAPA JOHN'S INTL INC,PZZA US,PZZA,1.81,2182159,45872.6,47.57,USD
Holdings 06-30-12.xls,2012-06-30,6/29/2012,US FRANCHISE INDEX,59,100,120810533,POPEYES LOUISIANA KITCHEN IN,PLKI US,PLKI,2.25,2720885,117583.64,23.14,USD
Holdings 06-30-12.xls,2012-06-30,6/29/2012,US FRANCHISE INDEX,59,100,120810533,RED LION HOTELS CORP,RLH US,RLH,1.79,2157482,249419.84,8.65,USD
Holdings 06-30-12.xls,2012-06-30,6/29/2012,US FRANCHISE INDEX,59,100,120810533,RED ROBIN GOURMET BURGERS,RRGB US,RRGB,1.58,1903823,62399.98,30.51,USD
Holdings 06-30-12.xls,2012-06-30,6/29/2012,US FRANCHISE INDEX,59,100,120810533,REGIS CORP,RGS US,RGS,1.56,1888443,105147.15,17.96,USD
Holdings 06-30-12.xls,2012-06-30,6/29/2012,US FRANCHISE INDEX,59,100,120810533,RENT-A-CENTER INC,RCII US,RCII,1.32,1590573,47142.06,33.74,USD
Holdings 06-30-12.xls,2012-06-30,6/29/2012,US FRANCHISE INDEX,59,100,120810533,ROCKY MOUNTAIN CHOC FACT INC,RMCF US,RMCF,1.99,2400058,206723.33,11.61,USD
Holdings 06-30-12.xls,2012-06-30,6/29/2012,US FRANCHISE INDEX,59,100,120810533,ROLLINS INC,ROL US,ROL,1.45,1753207,78373.14,22.37,USD
Holdings 06-30-12.xls,2012-06-30,6/29/2012,US FRANCHISE INDEX,59,100,120810533,RS LEGACY CORP,RSHCQ US,RSHCQ,0.59,714969,186189.97,3.84,USD
Holdings 06-30-12.xls,2012-06-30,6/29/2012,US FRANCHISE INDEX,59,100,120810533,RUBY TUESDAY INC,RT US,RT,1.41,1705934,250504.27,6.81,USD
Holdings 06-30-12.xls,2012-06-30,6/29/2012,US FRANCHISE INDEX,59,100,120810533,RUTH'S HOSPITALITY GROUP INC,RUTH US,RUTH,1.9,2295365,347782.59,6.6,USD
Holdings 06-30-12.xls,2012-06-30,6/29/2012,US FRANCHISE INDEX,59,100,120810533,SALLY BEAUTY HOLDINGS INC,SBH US,SBH,1.74,2105587,81802.15,25.74,USD
Holdings 06-30-12.xls,2012-06-30,6/29/2012,US FRANCHISE INDEX,59,100,120810533,SNAP-ON INC,SNA US,SNA,1.78,2149918,34536.83,62.25,USD
Holdings 06-30-12.xls,2012-06-30,6/29/2012,US FRANCHISE INDEX,59,100,120810533,SONIC CORP,SONC US,SONC,2.13,2573457,256832.02,10.02,USD
Holdings 06-30-12.xls,2012-06-30,6/29/2012,US FRANCHISE INDEX,59,100,120810533,STARWOOD HOTELS & RESORTS WO,HOT US,HOT,1.58,1911164,36032.51,53.04,USD
Holdings 06-30-12.xls,2012-06-30,6/29/2012,US FRANCHISE INDEX,59,100,120810533,TEXAS ROADHOUSE INC,TXRH US,TXRH,1.79,2160638,117234.83,18.43,USD
Holdings 06-30-12.xls,2012-06-30,6/29/2012,US FRANCHISE INDEX,59,100,120810533,TIM HORTONS INC,THI US,THI,1.57,1893906,35978.45,52.64,USD
Holdings 06-30-12.xls,2012-06-30,6/29/2012,US FRANCHISE INDEX,59,100,120810533,WEIGHT WATCHERS INTL INC,WTW US,WTW,1.35,1629687,31607.59,51.56,USD
Holdings 06-30-12.xls,2012-06-30,6/29/2012,US FRANCHISE INDEX,59,100,120810533,WENDY'S CO/THE,WEN US,WEN,1.27,1534732,325155,4.72,USD
Holdings 06-30-12.xls,2012-06-30,6/29/2012,US FRANCHISE INDEX,59,100,120810533,WINMARK CORP,WINA US,WINA,1.57,1900237,32454.95,58.55,USD
Holdings 06-30-12.xls,2012-06-30,6/29/2012,US FRANCHISE INDEX,59,100,120810533,WYNDHAM WORLDWIDE CORP,WYN US,WYN,2.01,2433111,46134.08,52.74,USD
Holdings 06-30-12.xls,2012-06-30,6/29/2012,US FRANCHISE INDEX,59,100,120810533,YUM! BRANDS INC,YUM US,YUM,1.58,1903479,29547.96,64.42,USD
Holdings 06-30-13.xls,2013-06-30,6/28/2013,US FRANCHISE INDEX,60,100,140464735,1-800-FLOWERS.COM INC-CL A,FLWS US,FLWS,2.22,3120184,504068.5,6.19,USD
Holdings 06-30-13.xls,2013-06-30,6/28/2013,US FRANCHISE INDEX,60,100,140464735,AARON'S INC,AAN US,AAN,1.31,1834536,65495.76,28.01,USD
Holdings 06-30-13.xls,2013-06-30,6/28/2013,US FRANCHISE INDEX,60,100,140464735,AMERIPRISE FINANCIAL INC,AMP US,AMP,1.72,2422250,29948.68,80.88,USD
Holdings 06-30-13.xls,2013-06-30,6/28/2013,US FRANCHISE INDEX,60,100,140464735,AVIS BUDGET GROUP INC,CAR US,CAR,1.91,2683427,93336.6,28.75,USD
Holdings 06-30-13.xls,2013-06-30,6/28/2013,US FRANCHISE INDEX,60,100,140464735,BB LIQUIDATING INC,BLIAQ US,BLIAQ,1.22,1707629,142302412.36,0.01,USD
Holdings 06-30-13.xls,2013-06-30,6/28/2013,US FRANCHISE INDEX,60,100,140464735,BIGLARI HOLDINGS INC,BH US,BH,1.39,1946597,4743.17,410.4,USD
Holdings 06-30-13.xls,2013-06-30,6/28/2013,US FRANCHISE INDEX,60,100,140464735,BLOOMIN' BRANDS INC,BLMN US,BLMN,2.1,2942858,118282.06,24.88,USD
Holdings 06-30-13.xls,2013-06-30,6/28/2013,US FRANCHISE INDEX,60,100,140464735,BRINKER INTERNATIONAL INC,EAT US,EAT,1.69,2378883,60331.8,39.43,USD
Holdings 06-30-13.xls,2013-06-30,6/28/2013,US FRANCHISE INDEX,60,100,140464735,BUFFALO WILD WINGS INC,BWLD US,BWLD,1.78,2493673,25404.17,98.16,USD
Holdings 06-30-13.xls,2013-06-30,6/28/2013,US FRANCHISE INDEX,60,100,140464735,CASEY'S GENERAL STORES INC,CASY US,CASY,1.5,2108218,35043.52,60.16,USD
Holdings 06-30-13.xls,2013-06-30,6/28/2013,US FRANCHISE INDEX,60,100,140464735,CASH AMERICA INTL INC,CSH US,CSH,1.51,2123142,46703.52,45.46,USD
Holdings 06-30-13.xls,2013-06-30,6/28/2013,US FRANCHISE INDEX,60,100,140464735,CEC ENTERTAINMENT INC,CEC US,CEC,1.65,2318115,56484.27,41.04,USD
Holdings 06-30-13.xls,2013-06-30,6/28/2013,US FRANCHISE INDEX,60,100,140464735,CHEMED CORP,CHE US,CHE,1.4,1963204,27104.84,72.43,USD
Holdings 06-30-13.xls,2013-06-30,6/28/2013,US FRANCHISE INDEX,60,100,140464735,CHOICE HOTELS INTL INC,CHH US,CHH,1.57,2203533,55518.58,39.69,USD
Holdings 06-30-13.xls,2013-06-30,6/28/2013,US FRANCHISE INDEX,60,100,140464735,DENNY'S CORP,DENN US,DENN,1.52,2130454,379084.3,5.62,USD
Holdings 06-30-13.xls,2013-06-30,6/28/2013,US FRANCHISE INDEX,60,100,140464735,DINEEQUITY INC,DIN US,DIN,1.38,1941749,28194.41,68.87,USD
Holdings 06-30-13.xls,2013-06-30,6/28/2013,US FRANCHISE INDEX,60,100,140464735,DOMINO'S PIZZA INC,DPZ US,DPZ,1.77,2488377,42792.39,58.15,USD
Holdings 06-30-13.xls,2013-06-30,6/28/2013,US FRANCHISE INDEX,60,100,140464735,DUNKIN' BRANDS GROUP INC,DNKN US,DNKN,1.72,2411042,56306.45,42.82,USD
Holdings 06-30-13.xls,2013-06-30,6/28/2013,US FRANCHISE INDEX,60,100,140464735,EINSTEIN NOAH RESTAURANT GRO,BAGL US,BAGL,1.56,2190453,154257.28,14.2,USD
Holdings 06-30-13.xls,2013-06-30,6/28/2013,US FRANCHISE INDEX,60,100,140464735,FAMOUS DAVE'S OF AMERICA,DAVE US,DAVE,2.23,3138241,201298.3,15.59,USD
Holdings 06-30-13.xls,2013-06-30,6/28/2013,US FRANCHISE INDEX,60,100,140464735,FIESTA RESTAURANT GROUP,FRGI US,FRGI,2.96,4152685,120752.7,34.39,USD
Holdings 06-30-13.xls,2013-06-30,6/28/2013,US FRANCHISE INDEX,60,100,140464735,FRISCH'S RESTAURANTS INC,FRS US,FRS,1.35,1900169,101831.15,18.66,USD
Holdings 06-30-13.xls,2013-06-30,6/28/2013,US FRANCHISE INDEX,60,100,140464735,GNC HOLDINGS INC-CL A,GNC US,GNC,1.76,2474760,55977.39,44.21,USD
Holdings 06-30-13.xls,2013-06-30,6/28/2013,US FRANCHISE INDEX,60,100,140464735,H&R BLOCK INC,HRB US,HRB,2,2803494,101026.81,27.75,USD
Holdings 06-30-13.xls,2013-06-30,6/28/2013,US FRANCHISE INDEX,60,100,140464735,HERTZ GLOBAL HOLDINGS INC,HTZ US,HTZ,2.01,2819809,113701.99,24.8,USD
Holdings 06-30-13.xls,2013-06-30,6/28/2013,US FRANCHISE INDEX,60,100,140464735,HYATT HOTELS CORP - CL A,H US,H,1.38,1935785,47962.96,40.36,USD
Holdings 06-30-13.xls,2013-06-30,6/28/2013,US FRANCHISE INDEX,60,100,140464735,INTERCONTINENTAL HOTELS-ADR,IHG US,IHG,1.32,1853131,67460.17,27.47,USD
Holdings 06-30-13.xls,2013-06-30,6/28/2013,US FRANCHISE INDEX,60,100,140464735,JACK IN THE BOX INC,JACK US,JACK,1.81,2541392,64682.92,39.29,USD
Holdings 06-30-13.xls,2013-06-30,6/28/2013,US FRANCHISE INDEX,60,100,140464735,JAMBA INC,JMBA US,JMBA,1.76,2466025,165172.45,14.93,USD
Holdings 06-30-13.xls,2013-06-30,6/28/2013,US FRANCHISE INDEX,60,100,140464735,KRISPY KREME DOUGHNUTS INC,KKD US,KKD,2.45,3441504,197220.83,17.45,USD
Holdings 06-30-13.xls,2013-06-30,6/28/2013,US FRANCHISE INDEX,60,100,140464735,LA-Z-BOY INC,LZB US,LZB,1.89,2661466,131300.72,20.27,USD
Holdings 06-30-13.xls,2013-06-30,6/28/2013,US FRANCHISE INDEX,60,100,140464735,LIBERTY TAX INC,TAX US,TAX,1.55,2181523,134247.56,16.25,USD
Holdings 06-30-13.xls,2013-06-30,6/28/2013,US FRANCHISE INDEX,60,100,140464735,LUBY'S INC,LUB US,LUB,1.66,2336610,276521.88,8.45,USD
Holdings 06-30-13.xls,2013-06-30,6/28/2013,US FRANCHISE INDEX,60,100,140464735,MARRIOTT INTERNATIONAL -CL A,MAR US,MAR,1.44,2018422,49998.07,40.37,USD
Holdings 06-30-13.xls,2013-06-30,6/28/2013,US FRANCHISE INDEX,60,100,140464735,MCDONALD'S CORP,MCD US,MCD,1.5,2109520,21308.28,99,USD
Holdings 06-30-13.xls,2013-06-30,6/28/2013,US FRANCHISE INDEX,60,100,140464735,MTY FOOD GROUP INC,MTYFF US,MTYFF,1.32,1855328,84341.93,22,USD
Holdings 06-30-13.xls,2013-06-30,6/28/2013,US FRANCHISE INDEX,60,100,140464735,NATHAN'S FAMOUS INC,NATH US,NATH,2.04,2868217,54894.11,52.25,USD
Holdings 06-30-13.xls,2013-06-30,6/28/2013,US FRANCHISE INDEX,60,100,140464735,PANERA BREAD COMPANY-CLASS A,PNRA US,PNRA,1.54,2165688,11647.24,185.94,USD
Holdings 06-30-13.xls,2013-06-30,6/28/2013,US FRANCHISE INDEX,60,100,140464735,PAPA JOHN'S INTL INC,PZZA US,PZZA,1.57,2201129,33671.85,65.37,USD
Holdings 06-30-13.xls,2013-06-30,6/28/2013,US FRANCHISE INDEX,60,100,140464735,POPEYES LOUISIANA KITCHEN IN,PLKI US,PLKI,1.81,2544452,70797.22,35.94,USD
Holdings 06-30-13.xls,2013-06-30,6/28/2013,US FRANCHISE INDEX,60,100,140464735,RED LION HOTELS CORP,RLH US,RLH,1.02,1432583,234465.32,6.11,USD
Holdings 06-30-13.xls,2013-06-30,6/28/2013,US FRANCHISE INDEX,60,100,140464735,RED ROBIN GOURMET BURGERS,RRGB US,RRGB,2.06,2892582,52420.84,55.18,USD
Holdings 06-30-13.xls,2013-06-30,6/28/2013,US FRANCHISE INDEX,60,100,140464735,REGIS CORP,RGS US,RGS,1.29,1806917,110043.68,16.42,USD
Holdings 06-30-13.xls,2013-06-30,6/28/2013,US FRANCHISE INDEX,60,100,140464735,RENT-A-CENTER INC,RCII US,RCII,1.46,2044806,54455.55,37.55,USD
Holdings 06-30-13.xls,2013-06-30,6/28/2013,US FRANCHISE INDEX,60,100,140464735,ROCKY MOUNTAIN CHOC FACT INC,RMCF US,RMCF,1.53,2154979,178244.73,12.09,USD
Holdings 06-30-13.xls,2013-06-30,6/28/2013,US FRANCHISE INDEX,60,100,140464735,ROLLINS INC,ROL US,ROL,1.56,2189765,84546.92,25.9,USD
Holdings 06-30-13.xls,2013-06-30,6/28/2013,US FRANCHISE INDEX,60,100,140464735,RS LEGACY CORP,RSHCQ US,RSHCQ,1.96,2757445,872609.15,3.16,USD
Holdings 06-30-13.xls,2013-06-30,6/28/2013,US FRANCHISE INDEX,60,100,140464735,RUBY TUESDAY INC,RT US,RT,1.55,2172375,235360.23,9.23,USD
Holdings 06-30-13.xls,2013-06-30,6/28/2013,US FRANCHISE INDEX,60,100,140464735,RUTH'S HOSPITALITY GROUP INC,RUTH US,RUTH,2.19,3081818,255328.72,12.07,USD
Holdings 06-30-13.xls,2013-06-30,6/28/2013,US FRANCHISE INDEX,60,100,140464735,SALLY BEAUTY HOLDINGS INC,SBH US,SBH,1.74,2440936,78486.7,31.1,USD
Holdings 06-30-13.xls,2013-06-30,6/28/2013,US FRANCHISE INDEX,60,100,140464735,SNAP-ON INC,SNA US,SNA,1.5,2112289,23632.68,89.38,USD
Holdings 06-30-13.xls,2013-06-30,6/28/2013,US FRANCHISE INDEX,60,100,140464735,SONIC CORP,SONC US,SONC,1.84,2587416,177707.15,14.56,USD
Holdings 06-30-13.xls,2013-06-30,6/28/2013,US FRANCHISE INDEX,60,100,140464735,STARWOOD HOTELS & RESORTS WO,HOT US,HOT,1.45,2037956,32251.24,63.19,USD
Holdings 06-30-13.xls,2013-06-30,6/28/2013,US FRANCHISE INDEX,60,100,140464735,TEXAS ROADHOUSE INC,TXRH US,TXRH,1.98,2785766,111341.55,25.02,USD
Holdings 06-30-13.xls,2013-06-30,6/28/2013,US FRANCHISE INDEX,60,100,140464735,TIM HORTONS INC,THI US,THI,1.46,2055956,37981.82,54.13,USD
Holdings 06-30-13.xls,2013-06-30,6/28/2013,US FRANCHISE INDEX,60,100,140464735,WEIGHT WATCHERS INTL INC,WTW US,WTW,1.17,1638332,35615.91,46,USD
Holdings 06-30-13.xls,2013-06-30,6/28/2013,US FRANCHISE INDEX,60,100,140464735,WENDY'S CO/THE,WEN US,WEN,1.66,2326698,399090.59,5.83,USD
Holdings 06-30-13.xls,2013-06-30,6/28/2013,US FRANCHISE INDEX,60,100,140464735,WINMARK CORP,WINA US,WINA,1.5,2108370,32501.46,64.87,USD
Holdings 06-30-13.xls,2013-06-30,6/28/2013,US FRANCHISE INDEX,60,100,140464735,WYNDHAM WORLDWIDE CORP,WYN US,WYN,1.43,2008505,35095.32,57.23,USD
Holdings 06-30-13.xls,2013-06-30,6/28/2013,US FRANCHISE INDEX,60,100,140464735,YUM! BRANDS INC,YUM US,YUM,1.39,1951569,28144.93,69.34,USD
Holdings 06-30-14.xls,2014-06-30,6/30/2014,US FRANCHISE INDEX,67,100,172810418,1-800-FLOWERS.COM INC-CL A,FLWS US,FLWS,1.49,2579260,444699.99,5.8,USD
Holdings 06-30-14.xls,2014-06-30,6/30/2014,US FRANCHISE INDEX,67,100,172810418,AARON'S INC,AAN US,AAN,1.49,2579260,72369.81,35.64,USD
Holdings 06-30-14.xls,2014-06-30,6/30/2014,US FRANCHISE INDEX,67,100,172810418,AMERIPRISE FINANCIAL INC,AMP US,AMP,1.49,2579260,21493.83,120,USD
Holdings 06-30-14.xls,2014-06-30,6/30/2014,US FRANCHISE INDEX,67,100,172810418,AVIS BUDGET GROUP INC,CAR US,CAR,1.49,2579260,43210.92,59.69,USD
Holdings 06-30-14.xls,2014-06-30,6/30/2014,US FRANCHISE INDEX,67,100,172810418,BB LIQUIDATING INC,BLIAQ US,BLIAQ,1.49,2579260,98727651.13,0.03,USD
Holdings 06-30-14.xls,2014-06-30,6/30/2014,US FRANCHISE INDEX,67,100,172810418,BIGLARI HOLDINGS INC,BH US,BH,1.49,2579260,6097.97,422.97,USD
Holdings 06-30-14.xls,2014-06-30,6/30/2014,US FRANCHISE INDEX,67,100,172810418,BLOOMIN' BRANDS INC,BLMN US,BLMN,1.49,2579260,114991.53,22.43,USD
Holdings 06-30-14.xls,2014-06-30,6/30/2014,US FRANCHISE INDEX,67,100,172810418,BRINKER INTERNATIONAL INC,EAT US,EAT,1.49,2579260,53016.65,48.65,USD
Holdings 06-30-14.xls,2014-06-30,6/30/2014,US FRANCHISE INDEX,67,100,172810418,BUFFALO WILD WINGS INC,BWLD US,BWLD,1.49,2579260,15564.9,165.71,USD
Holdings 06-30-14.xls,2014-06-30,6/30/2014,US FRANCHISE INDEX,67,100,172810418,CASEY'S GENERAL STORES INC,CASY US,CASY,1.49,2579260,36694.55,70.29,USD
Holdings 06-30-14.xls,2014-06-30,6/30/2014,US FRANCHISE INDEX,67,100,172810418,CASH AMERICA INTL INC,CSH US,CSH,1.49,2579260,58052.22,44.43,USD
Holdings 06-30-14.xls,2014-06-30,6/30/2014,US FRANCHISE INDEX,67,100,172810418,CHEMED CORP,CHE US,CHE,1.49,2579260,27520.91,93.72,USD
Holdings 06-30-14.xls,2014-06-30,6/30/2014,US FRANCHISE INDEX,67,100,172810418,CHOICE HOTELS INTL INC,CHH US,CHH,1.49,2579260,54749.73,47.11,USD
Holdings 06-30-14.xls,2014-06-30,6/30/2014,US FRANCHISE INDEX,67,100,172810418,DEL TACO RESTAURANTS INC,TACO US,TACO,1.49,2579260,264811.08,9.74,USD
Holdings 06-30-14.xls,2014-06-30,6/30/2014,US FRANCHISE INDEX,67,100,172810418,DENNY'S CORP,DENN US,DENN,1.49,2579260,395592.02,6.52,USD
Holdings 06-30-14.xls,2014-06-30,6/30/2014,US FRANCHISE INDEX,67,100,172810418,DINEEQUITY INC,DIN US,DIN,1.49,2579260,32447.6,79.49,USD
Holdings 06-30-14.xls,2014-06-30,6/30/2014,US FRANCHISE INDEX,67,100,172810418,DOMINO'S PIZZA INC,DPZ US,DPZ,1.49,2579260,35288.82,73.09,USD
Holdings 06-30-14.xls,2014-06-30,6/30/2014,US FRANCHISE INDEX,67,100,172810418,DUNKIN' BRANDS GROUP INC,DNKN US,DNKN,1.49,2579260,56303.43,45.81,USD
Holdings 06-30-14.xls,2014-06-30,6/30/2014,US FRANCHISE INDEX,67,100,172810418,EINSTEIN NOAH RESTAURANT GRO,BAGL US,BAGL,1.49,2579260,160601.49,16.06,USD
Holdings 06-30-14.xls,2014-06-30,6/30/2014,US FRANCHISE INDEX,67,100,172810418,FAMOUS DAVE'S OF AMERICA,DAVE US,DAVE,1.49,2579260,89869.69,28.7,USD
Holdings 06-30-14.xls,2014-06-30,6/30/2014,US FRANCHISE INDEX,67,100,172810418,FIESTA RESTAURANT GROUP,FRGI US,FRGI,1.49,2579260,55575.52,46.41,USD
Holdings 06-30-14.xls,2014-06-30,6/30/2014,US FRANCHISE INDEX,67,100,172810418,FRISCH'S RESTAURANTS INC,FRS US,FRS,1.49,2579260,109290.68,23.6,USD
Holdings 06-30-14.xls,2014-06-30,6/30/2014,US FRANCHISE INDEX,67,100,172810418,GNC HOLDINGS INC-CL A,GNC US,GNC,1.49,2579260,75638.12,34.1,USD
Holdings 06-30-14.xls,2014-06-30,6/30/2014,US FRANCHISE INDEX,67,100,172810418,H&R BLOCK INC,HRB US,HRB,1.49,2579260,76946.9,33.52,USD
Holdings 06-30-14.xls,2014-06-30,6/30/2014,US FRANCHISE INDEX,67,100,172810418,HERTZ GLOBAL HOLDINGS INC,HTZ US,HTZ,1.49,2579260,92017.84,28.03,USD
Holdings 06-30-14.xls,2014-06-30,6/30/2014,US FRANCHISE INDEX,67,100,172810418,HILTON WORLDWIDE HOLDINGS IN,HLT US,HLT,1.49,2579260,110697.85,23.3,USD
Holdings 06-30-14.xls,2014-06-30,6/30/2014,US FRANCHISE INDEX,67,100,172810418,HYATT HOTELS CORP - CL A,H US,H,1.49,2579260,42296.82,60.98,USD
Holdings 06-30-14.xls,2014-06-30,6/30/2014,US FRANCHISE INDEX,67,100,172810418,INTERCONTINENTAL HOTELS-ADR,IHG US,IHG,1.49,2579260,62135.87,41.51,USD
Holdings 06-30-14.xls,2014-06-30,6/30/2014,US FRANCHISE INDEX,67,100,172810418,JACK IN THE BOX INC,JACK US,JACK,1.49,2579260,43102.61,59.84,USD
Holdings 06-30-14.xls,2014-06-30,6/30/2014,US FRANCHISE INDEX,67,100,172810418,JAMBA INC,JMBA US,JMBA,1.49,2579260,213161.98,12.1,USD
Holdings 06-30-14.xls,2014-06-30,6/30/2014,US FRANCHISE INDEX,67,100,172810418,KRISPY KREME DOUGHNUTS INC,KKD US,KKD,1.49,2579260,161405.5,15.98,USD
Holdings 06-30-14.xls,2014-06-30,6/30/2014,US FRANCHISE INDEX,67,100,172810418,LA QUINTA HOLDINGS INC,LQ US,LQ,1.49,2579260,134757.57,19.14,USD
Holdings 06-30-14.xls,2014-06-30,6/30/2014,US FRANCHISE INDEX,67,100,172810418,LA-Z-BOY INC,LZB US,LZB,1.49,2579260,111318.95,23.17,USD
Holdings 06-30-14.xls,2014-06-30,6/30/2014,US FRANCHISE INDEX,67,100,172810418,LIBERTY TAX INC,TAX US,TAX,1.49,2579260,77432,33.31,USD
Holdings 06-30-14.xls,2014-06-30,6/30/2014,US FRANCHISE INDEX,67,100,172810418,LUBY'S INC,LUB US,LUB,1.49,2579260,438649.65,5.88,USD
Holdings 06-30-14.xls,2014-06-30,6/30/2014,US FRANCHISE INDEX,67,100,172810418,MARRIOTT INTERNATIONAL -CL A,MAR US,MAR,1.49,2579260,40238.06,64.1,USD
Holdings 06-30-14.xls,2014-06-30,6/30/2014,US FRANCHISE INDEX,67,100,172810418,MCDONALD'S CORP,MCD US,MCD,1.49,2579260,25603.14,100.74,USD
Holdings 06-30-14.xls,2014-06-30,6/30/2014,US FRANCHISE INDEX,67,100,172810418,MTY FOOD GROUP INC,MTYFF US,MTYFF,1.49,2579260,91201.16,28.28,USD
Holdings 06-30-14.xls,2014-06-30,6/30/2014,US FRANCHISE INDEX,67,100,172810418,NATHAN'S FAMOUS INC,NATH US,NATH,1.49,2579260,47596.6,54.19,USD
Holdings 06-30-14.xls,2014-06-30,6/30/2014,US FRANCHISE INDEX,67,100,172810418,NOODLES & CO,NDLS US,NDLS,1.49,2579260,75000.29,34.39,USD
Holdings 06-30-14.xls,2014-06-30,6/30/2014,US FRANCHISE INDEX,67,100,172810418,PANERA BREAD COMPANY-CLASS A,PNRA US,PNRA,1.49,2579260,17214.58,149.83,USD
Holdings 06-30-14.xls,2014-06-30,6/30/2014,US FRANCHISE INDEX,67,100,172810418,PAPA JOHN'S INTL INC,PZZA US,PZZA,1.49,2579260,60845.95,42.39,USD
Holdings 06-30-14.xls,2014-06-30,6/30/2014,US FRANCHISE INDEX,67,100,172810418,PAPA MURPHY'S HOLDINGS INC,FRSH US,FRSH,1.49,2579260,269233.82,9.58,USD
Holdings 06-30-14.xls,2014-06-30,6/30/2014,US FRANCHISE INDEX,67,100,172810418,POPEYES LOUISIANA KITCHEN IN,PLKI US,PLKI,1.49,2579260,59008.46,43.71,USD
Holdings 06-30-14.xls,2014-06-30,6/30/2014,US FRANCHISE INDEX,67,100,172810418,POTBELLY CORP,PBPB US,PBPB,1.49,2579260,161607.77,15.96,USD
Holdings 06-30-14.xls,2014-06-30,6/30/2014,US FRANCHISE INDEX,67,100,172810418,RE/MAX HOLDINGS INC-CL A,RMAX US,RMAX,1.49,2579260,87166.61,29.59,USD
Holdings 06-30-14.xls,2014-06-30,6/30/2014,US FRANCHISE INDEX,67,100,172810418,RED LION HOTELS CORP,RLH US,RLH,1.49,2579260,470667.88,5.48,USD
Holdings 06-30-14.xls,2014-06-30,6/30/2014,US FRANCHISE INDEX,67,100,172810418,RED ROBIN GOURMET BURGERS,RRGB US,RRGB,1.49,2579260,36225.56,71.2,USD
Holdings 06-30-14.xls,2014-06-30,6/30/2014,US FRANCHISE INDEX,67,100,172810418,REGIS CORP,RGS US,RGS,1.49,2579260,183186.08,14.08,USD
Holdings 06-30-14.xls,2014-06-30,6/30/2014,US FRANCHISE INDEX,67,100,172810418,RENT-A-CENTER INC,RCII US,RCII,1.49,2579260,89932.36,28.68,USD
Holdings 06-30-14.xls,2014-06-30,6/30/2014,US FRANCHISE INDEX,67,100,172810418,ROCKY MOUNTAIN CHOC FACT INC,RMCF US,RMCF,1.49,2579260,195546.62,13.19,USD
Holdings 06-30-14.xls,2014-06-30,6/30/2014,US FRANCHISE INDEX,67,100,172810418,ROLLINS INC,ROL US,ROL,1.49,2579260,85975.33,30,USD
Holdings 06-30-14.xls,2014-06-30,6/30/2014,US FRANCHISE INDEX,67,100,172810418,RS LEGACY CORP,RSHCQ US,RSHCQ,1.49,2579260,2603012.44,0.99,USD
Holdings 06-30-14.xls,2014-06-30,6/30/2014,US FRANCHISE INDEX,67,100,172810418,RUBY TUESDAY INC,RT US,RT,1.49,2579260,339823.45,7.59,USD
Holdings 06-30-14.xls,2014-06-30,6/30/2014,US FRANCHISE INDEX,67,100,172810418,RUTH'S HOSPITALITY GROUP INC,RUTH US,RUTH,1.49,2579260,208846.96,12.35,USD
Holdings 06-30-14.xls,2014-06-30,6/30/2014,US FRANCHISE INDEX,67,100,172810418,SALLY BEAUTY HOLDINGS INC,SBH US,SBH,1.49,2579260,102841.31,25.08,USD
Holdings 06-30-14.xls,2014-06-30,6/30/2014,US FRANCHISE INDEX,67,100,172810418,SERVICEMASTER GLOBAL HOLDING,SERV US,SERV,1.49,2579260,141484.36,18.23,USD
Holdings 06-30-14.xls,2014-06-30,6/30/2014,US FRANCHISE INDEX,67,100,172810418,SNAP-ON INC,SNA US,SNA,1.49,2579260,21762.23,118.52,USD
Holdings 06-30-14.xls,2014-06-30,6/30/2014,US FRANCHISE INDEX,67,100,172810418,SONIC CORP,SONC US,SONC,1.49,2579260,116814.31,22.08,USD
Holdings 06-30-14.xls,2014-06-30,6/30/2014,US FRANCHISE INDEX,67,100,172810418,STARWOOD HOTELS & RESORTS WO,HOT US,HOT,1.49,2579260,31913.63,80.82,USD
Holdings 06-30-14.xls,2014-06-30,6/30/2014,US FRANCHISE INDEX,67,100,172810418,TEXAS ROADHOUSE INC,TXRH US,TXRH,1.49,2579260,99202.31,26,USD
Holdings 06-30-14.xls,2014-06-30,6/30/2014,US FRANCHISE INDEX,67,100,172810418,TIM HORTONS INC,THI US,THI,1.49,2579260,47126.99,54.73,USD
Holdings 06-30-14.xls,2014-06-30,6/30/2014,US FRANCHISE INDEX,67,100,172810418,WEIGHT WATCHERS INTL INC,WTW US,WTW,1.49,2579260,127876.05,20.17,USD
Holdings 06-30-14.xls,2014-06-30,6/30/2014,US FRANCHISE INDEX,67,100,172810418,WENDY'S CO/THE,WEN US,WEN,1.49,2579260,302375.14,8.53,USD
Holdings 06-30-14.xls,2014-06-30,6/30/2014,US FRANCHISE INDEX,67,100,172810418,WINMARK CORP,WINA US,WINA,1.49,2579260,37042.37,69.63,USD
Holdings 06-30-14.xls,2014-06-30,6/30/2014,US FRANCHISE INDEX,67,100,172810418,WYNDHAM WORLDWIDE CORP,WYN US,WYN,1.49,2579260,34063.13,75.72,USD
Holdings 06-30-14.xls,2014-06-30,6/30/2014,US FRANCHISE INDEX,67,100,172810418,YUM! BRANDS INC,YUM US,YUM,1.49,2579260,31764.29,81.2,USD
Holdings 06-30-15.xls,2015-06-30,6/30/2015,US FRANCHISE INDEX,70,100,192036018,1-800-FLOWERS.COM INC-CL A,FLWS US,FLWS,1.43,2743372,262272.63,10.46,USD
Holdings 06-30-15.xls,2015-06-30,6/30/2015,US FRANCHISE INDEX,70,100,192036018,AARON'S INC,AAN US,AAN,1.43,2743372,75762.82,36.21,USD
Holdings 06-30-15.xls,2015-06-30,6/30/2015,US FRANCHISE INDEX,70,100,192036018,AMERIPRISE FINANCIAL INC,AMP US,AMP,1.43,2743372,21959.27,124.93,USD
Holdings 06-30-15.xls,2015-06-30,6/30/2015,US FRANCHISE INDEX,70,100,192036018,AVIS BUDGET GROUP INC,CAR US,CAR,1.43,2743372,62236.2,44.08,USD
Holdings 06-30-15.xls,2015-06-30,6/30/2015,US FRANCHISE INDEX,70,100,192036018,BB LIQUIDATING INC,BLIAQ US,BLIAQ,1.43,2743372,365782900.69,0.01,USD
Holdings 06-30-15.xls,2015-06-30,6/30/2015,US FRANCHISE INDEX,70,100,192036018,BIGLARI HOLDINGS INC,BH US,BH,1.43,2743372,6630.51,413.75,USD
Holdings 06-30-15.xls,2015-06-30,6/30/2015,US FRANCHISE INDEX,70,100,192036018,BLOOMIN' BRANDS INC,BLMN US,BLMN,1.43,2743372,128495.16,21.35,USD
Holdings 06-30-15.xls,2015-06-30,6/30/2015,US FRANCHISE INDEX,70,100,192036018,BOJANGLES' INC,BOJA US,BOJA,1.43,2743372,114977.86,23.86,USD
Holdings 06-30-15.xls,2015-06-30,6/30/2015,US FRANCHISE INDEX,70,100,192036018,BRINKER INTERNATIONAL INC,EAT US,EAT,1.43,2743372,47586.67,57.65,USD
Holdings 06-30-15.xls,2015-06-30,6/30/2015,US FRANCHISE INDEX,70,100,192036018,BUFFALO WILD WINGS INC,BWLD US,BWLD,1.43,2743372,17508.28,156.69,USD
Holdings 06-30-15.xls,2015-06-30,6/30/2015,US FRANCHISE INDEX,70,100,192036018,CASEY'S GENERAL STORES INC,CASY US,CASY,1.43,2743372,28654.39,95.74,USD
Holdings 06-30-15.xls,2015-06-30,6/30/2015,US FRANCHISE INDEX,70,100,192036018,CASH AMERICA INTL INC,CSH US,CSH,1.43,2743372,104748.82,26.19,USD
Holdings 06-30-15.xls,2015-06-30,6/30/2015,US FRANCHISE INDEX,70,100,192036018,CHEMED CORP,CHE US,CHE,1.43,2743372,20925.79,131.1,USD
Holdings 06-30-15.xls,2015-06-30,6/30/2015,US FRANCHISE INDEX,70,100,192036018,CHOICE HOTELS INTL INC,CHH US,CHH,1.43,2743372,50569.06,54.25,USD
Holdings 06-30-15.xls,2015-06-30,6/30/2015,US FRANCHISE INDEX,70,100,192036018,DEL TACO RESTAURANTS INC,TACO US,TACO,1.43,2743372,180247.81,15.22,USD
Holdings 06-30-15.xls,2015-06-30,6/30/2015,US FRANCHISE INDEX,70,100,192036018,DENNY'S CORP,DENN US,DENN,1.43,2743372,236293.86,11.61,USD
Holdings 06-30-15.xls,2015-06-30,6/30/2015,US FRANCHISE INDEX,70,100,192036018,DINEEQUITY INC,DIN US,DIN,1.43,2743372,27685.66,99.09,USD
Holdings 06-30-15.xls,2015-06-30,6/30/2015,US FRANCHISE INDEX,70,100,192036018,DOMINO'S PIZZA INC,DPZ US,DPZ,1.43,2743372,24191.99,113.4,USD
Holdings 06-30-15.xls,2015-06-30,6/30/2015,US FRANCHISE INDEX,70,100,192036018,DUNKIN' BRANDS GROUP INC,DNKN US,DNKN,1.43,2743372,49879.49,55,USD
Holdings 06-30-15.xls,2015-06-30,6/30/2015,US FRANCHISE INDEX,70,100,192036018,EL POLLO LOCO HOLDINGS INC,LOCO US,LOCO,1.43,2743372,132466.04,20.71,USD
Holdings 06-30-15.xls,2015-06-30,6/30/2015,US FRANCHISE INDEX,70,100,192036018,FAMOUS DAVE'S OF AMERICA,DAVE US,DAVE,1.43,2743372,136826.52,20.05,USD
Holdings 06-30-15.xls,2015-06-30,6/30/2015,US FRANCHISE INDEX,70,100,192036018,FIESTA RESTAURANT GROUP,FRGI US,FRGI,1.43,2743372,54867.43,50,USD
Holdings 06-30-15.xls,2015-06-30,6/30/2015,US FRANCHISE INDEX,70,100,192036018,FRISCH'S RESTAURANTS INC,FRS US,FRS,1.43,2743372,81720.93,33.57,USD
Holdings 06-30-15.xls,2015-06-30,6/30/2015,US FRANCHISE INDEX,70,100,192036018,GNC HOLDINGS INC-CL A,GNC US,GNC,1.43,2743372,61676.52,44.48,USD
Holdings 06-30-15.xls,2015-06-30,6/30/2015,US FRANCHISE INDEX,70,100,192036018,H&R BLOCK INC,HRB US,HRB,1.43,2743372,92525.18,29.65,USD
Holdings 06-30-15.xls,2015-06-30,6/30/2015,US FRANCHISE INDEX,70,100,192036018,HERTZ GLOBAL HOLDINGS INC,HTZ US,HTZ,1.43,2743372,151400.2,18.12,USD
Holdings 06-30-15.xls,2015-06-30,6/30/2015,US FRANCHISE INDEX,70,100,192036018,HILTON WORLDWIDE HOLDINGS IN,HLT US,HLT,1.43,2743372,99577.92,27.55,USD
Holdings 06-30-15.xls,2015-06-30,6/30/2015,US FRANCHISE INDEX,70,100,192036018,HYATT HOTELS CORP - CL A,H US,H,1.43,2743372,48392.52,56.69,USD
Holdings 06-30-15.xls,2015-06-30,6/30/2015,US FRANCHISE INDEX,70,100,192036018,INTERCONTINENTAL HOTELS-ADR,IHG US,IHG,1.43,2743372,67804.54,40.46,USD
Holdings 06-30-15.xls,2015-06-30,6/30/2015,US FRANCHISE INDEX,70,100,192036018,JACK IN THE BOX INC,JACK US,JACK,1.43,2743372,31118.1,88.16,USD
Holdings 06-30-15.xls,2015-06-30,6/30/2015,US FRANCHISE INDEX,70,100,192036018,JAMBA INC,JMBA US,JMBA,1.43,2743372,177105.98,15.49,USD
Holdings 06-30-15.xls,2015-06-30,6/30/2015,US FRANCHISE INDEX,70,100,192036018,KRISPY KREME DOUGHNUTS INC,KKD US,KKD,1.43,2743372,142438.82,19.26,USD
Holdings 06-30-15.xls,2015-06-30,6/30/2015,US FRANCHISE INDEX,70,100,192036018,LA QUINTA HOLDINGS INC,LQ US,LQ,1.43,2743372,120060.03,22.85,USD
Holdings 06-30-15.xls,2015-06-30,6/30/2015,US FRANCHISE INDEX,70,100,192036018,LA-Z-BOY INC,LZB US,LZB,1.43,2743372,104152.3,26.34,USD
Holdings 06-30-15.xls,2015-06-30,6/30/2015,US FRANCHISE INDEX,70,100,192036018,LIBERTY TAX INC,TAX US,TAX,1.43,2743372,110843.3,24.75,USD
Holdings 06-30-15.xls,2015-06-30,6/30/2015,US FRANCHISE INDEX,70,100,192036018,LUBY'S INC,LUB US,LUB,1.43,2743372,565643.65,4.85,USD
Holdings 06-30-15.xls,2015-06-30,6/30/2015,US FRANCHISE INDEX,70,100,192036018,MARRIOTT INTERNATIONAL -CL A,MAR US,MAR,1.43,2743372,36878.23,74.39,USD
Holdings 06-30-15.xls,2015-06-30,6/30/2015,US FRANCHISE INDEX,70,100,192036018,MCDONALD'S CORP,MCD US,MCD,1.43,2743372,28856.33,95.07,USD
Holdings 06-30-15.xls,2015-06-30,6/30/2015,US FRANCHISE INDEX,70,100,192036018,MTY FOOD GROUP INC,MTYFF US,MTYFF,1.43,2743372,100301.29,27.35,USD
Holdings 06-30-15.xls,2015-06-30,6/30/2015,US FRANCHISE INDEX,70,100,192036018,NATHAN'S FAMOUS INC,NATH US,NATH,1.43,2743372,74025.14,37.06,USD
Holdings 06-30-15.xls,2015-06-30,6/30/2015,US FRANCHISE INDEX,70,100,192036018,NOODLES & CO,NDLS US,NDLS,1.43,2743372,187902.17,14.6,USD
Holdings 06-30-15.xls,2015-06-30,6/30/2015,US FRANCHISE INDEX,70,100,192036018,PANERA BREAD COMPANY-CLASS A,PNRA US,PNRA,1.43,2743372,15697.04,174.77,USD
Holdings 06-30-15.xls,2015-06-30,6/30/2015,US FRANCHISE INDEX,70,100,192036018,PAPA JOHN'S INTL INC,PZZA US,PZZA,1.43,2743372,36283.19,75.61,USD
Holdings 06-30-15.xls,2015-06-30,6/30/2015,US FRANCHISE INDEX,70,100,192036018,PAPA MURPHY'S HOLDINGS INC,FRSH US,FRSH,1.43,2743372,132402.11,20.72,USD
Holdings 06-30-15.xls,2015-06-30,6/30/2015,US FRANCHISE INDEX,70,100,192036018,POPEYES LOUISIANA KITCHEN IN,PLKI US,PLKI,1.43,2743372,45730.48,59.99,USD
Holdings 06-30-15.xls,2015-06-30,6/30/2015,US FRANCHISE INDEX,70,100,192036018,POTBELLY CORP,PBPB US,PBPB,1.43,2743372,223948.71,12.25,USD
Holdings 06-30-15.xls,2015-06-30,6/30/2015,US FRANCHISE INDEX,70,100,192036018,RE/MAX HOLDINGS INC-CL A,RMAX US,RMAX,1.43,2743372,77256.31,35.51,USD
Holdings 06-30-15.xls,2015-06-30,6/30/2015,US FRANCHISE INDEX,70,100,192036018,RED LION HOTELS CORP,RLH US,RLH,1.43,2743372,358142.52,7.66,USD
Holdings 06-30-15.xls,2015-06-30,6/30/2015,US FRANCHISE INDEX,70,100,192036018,RED ROBIN GOURMET BURGERS,RRGB US,RRGB,1.43,2743372,31966.58,85.82,USD
Holdings 06-30-15.xls,2015-06-30,6/30/2015,US FRANCHISE INDEX,70,100,192036018,REGIS CORP,RGS US,RGS,1.43,2743372,174071.81,15.76,USD
Holdings 06-30-15.xls,2015-06-30,6/30/2015,US FRANCHISE INDEX,70,100,192036018,RENT-A-CENTER INC,RCII US,RCII,1.43,2743372,96767.96,28.35,USD
Holdings 06-30-15.xls,2015-06-30,6/30/2015,US FRANCHISE INDEX,70,100,192036018,RESTAURANT BRANDS INTERN,QSR US,QSR,1.43,2743372,71797.22,38.21,USD
Holdings 06-30-15.xls,2015-06-30,6/30/2015,US FRANCHISE INDEX,70,100,192036018,ROCKY MOUNTAIN CHOC FACT INC,RMCF US,RMCF,1.43,2743372,208304.61,13.17,USD
Holdings 06-30-15.xls,2015-06-30,6/30/2015,US FRANCHISE INDEX,70,100,192036018,ROLLINS INC,ROL US,ROL,1.43,2743372,96157.44,28.53,USD
Holdings 06-30-15.xls,2015-06-30,6/30/2015,US FRANCHISE INDEX,70,100,192036018,RS LEGACY CORP,RSHCQ US,RSHCQ,1.43,2743372,42205719.74,0.06,USD
Holdings 06-30-15.xls,2015-06-30,6/30/2015,US FRANCHISE INDEX,70,100,192036018,RUBY TUESDAY INC,RT US,RT,1.43,2743372,437539.34,6.27,USD
Holdings 06-30-15.xls,2015-06-30,6/30/2015,US FRANCHISE INDEX,70,100,192036018,RUTH'S HOSPITALITY GROUP INC,RUTH US,RUTH,1.43,2743372,170184.35,16.12,USD
Holdings 06-30-15.xls,2015-06-30,6/30/2015,US FRANCHISE INDEX,70,100,192036018,SALLY BEAUTY HOLDINGS INC,SBH US,SBH,1.43,2743372,86870.54,31.58,USD
Holdings 06-30-15.xls,2015-06-30,6/30/2015,US FRANCHISE INDEX,70,100,192036018,SERVICEMASTER GLOBAL HOLDING,SERV US,SERV,1.43,2743372,75846.6,36.17,USD
Holdings 06-30-15.xls,2015-06-30,6/30/2015,US FRANCHISE INDEX,70,100,192036018,SHAKE SHACK INC - CLASS A,SHAK US,SHAK,1.43,2743372,45518.03,60.27,USD
Holdings 06-30-15.xls,2015-06-30,6/30/2015,US FRANCHISE INDEX,70,100,192036018,SNAP-ON INC,SNA US,SNA,1.43,2743372,17226.82,159.25,USD
Holdings 06-30-15.xls,2015-06-30,6/30/2015,US FRANCHISE INDEX,70,100,192036018,SONIC CORP,SONC US,SONC,1.43,2743372,95255.96,28.8,USD
Holdings 06-30-15.xls,2015-06-30,6/30/2015,US FRANCHISE INDEX,70,100,192036018,STARWOOD HOTELS & RESORTS WO,HOT US,HOT,1.43,2743372,33831.2,81.09,USD
Holdings 06-30-15.xls,2015-06-30,6/30/2015,US FRANCHISE INDEX,70,100,192036018,TEXAS ROADHOUSE INC,TXRH US,TXRH,1.43,2743372,73293.39,37.43,USD
Holdings 06-30-15.xls,2015-06-30,6/30/2015,US FRANCHISE INDEX,70,100,192036018,WEIGHT WATCHERS INTL INC,WTW US,WTW,1.43,2743372,565643.65,4.85,USD
Holdings 06-30-15.xls,2015-06-30,6/30/2015,US FRANCHISE INDEX,70,100,192036018,WENDY'S CO/THE,WEN US,WEN,1.43,2743372,243206.71,11.28,USD
Holdings 06-30-15.xls,2015-06-30,6/30/2015,US FRANCHISE INDEX,70,100,192036018,WINGSTOP INC,WING US,WING,1.43,2743372,96597.59,28.4,USD
Holdings 06-30-15.xls,2015-06-30,6/30/2015,US FRANCHISE INDEX,70,100,192036018,WINMARK CORP,WINA US,WINA,1.43,2743372,27851.49,98.5,USD
Holdings 06-30-15.xls,2015-06-30,6/30/2015,US FRANCHISE INDEX,70,100,192036018,WYNDHAM WORLDWIDE CORP,WYN US,WYN,1.43,2743372,33492.51,81.91,USD
Holdings 06-30-15.xls,2015-06-30,6/30/2015,US FRANCHISE INDEX,70,100,192036018,YUM! BRANDS INC,YUM US,YUM,1.43,2743372,30454.84,90.08,USD
Holdings 06-30-16.xls,2016-06-30,6/30/2016,US FRANCHISE INDEX,69,100,175321008,1-800-FLOWERS.COM INC-CL A,FLWS US,FLWS,1.45,2540884,281694.48,9.02,USD
Holdings 06-30-16.xls,2016-06-30,6/30/2016,US FRANCHISE INDEX,69,100,175321008,AARON'S INC,AAN US,AAN,1.45,2540884,116075.11,21.89,USD
Holdings 06-30-16.xls,2016-06-30,6/30/2016,US FRANCHISE INDEX,69,100,175321008,AMERIPRISE FINANCIAL INC,AMP US,AMP,1.45,2540884,28279.18,89.85,USD
Holdings 06-30-16.xls,2016-06-30,6/30/2016,US FRANCHISE INDEX,69,100,175321008,AVIS BUDGET GROUP INC,CAR US,CAR,1.45,2540884,78836,32.23,USD
Holdings 06-30-16.xls,2016-06-30,6/30/2016,US FRANCHISE INDEX,69,100,175321008,BB LIQUIDATING INC,BLIAQ US,BLIAQ,1.45,2540884,286296798.81,0.01,USD
Holdings 06-30-16.xls,2016-06-30,6/30/2016,US FRANCHISE INDEX,69,100,175321008,BIGLARI HOLDINGS INC,BH US,BH,1.45,2540884,6299.61,403.34,USD
Holdings 06-30-16.xls,2016-06-30,6/30/2016,US FRANCHISE INDEX,69,100,175321008,BLOOMIN' BRANDS INC,BLMN US,BLMN,1.45,2540884,142187.14,17.87,USD
Holdings 06-30-16.xls,2016-06-30,6/30/2016,US FRANCHISE INDEX,69,100,175321008,BOJANGLES' INC,BOJA US,BOJA,1.45,2540884,149904.67,16.95,USD
Holdings 06-30-16.xls,2016-06-30,6/30/2016,US FRANCHISE INDEX,69,100,175321008,BRINKER INTERNATIONAL INC,EAT US,EAT,1.45,2540884,55806.81,45.53,USD
Holdings 06-30-16.xls,2016-06-30,6/30/2016,US FRANCHISE INDEX,69,100,175321008,BUFFALO WILD WINGS INC,BWLD US,BWLD,1.45,2540884,18286.32,138.95,USD
Holdings 06-30-16.xls,2016-06-30,6/30/2016,US FRANCHISE INDEX,69,100,175321008,CASEY'S GENERAL STORES INC,CASY US,CASY,1.45,2540884,19320.84,131.51,USD
Holdings 06-30-16.xls,2016-06-30,6/30/2016,US FRANCHISE INDEX,69,100,175321008,CASH AMERICA INTL INC,CSH US,CSH,1.45,2540884,59617.18,42.62,USD
Holdings 06-30-16.xls,2016-06-30,6/30/2016,US FRANCHISE INDEX,69,100,175321008,CHEMED CORP,CHE US,CHE,1.45,2540884,18640.48,136.31,USD
Holdings 06-30-16.xls,2016-06-30,6/30/2016,US FRANCHISE INDEX,69,100,175321008,CHOICE HOTELS INTL INC,CHH US,CHH,1.45,2540884,53357.5,47.62,USD
Holdings 06-30-16.xls,2016-06-30,6/30/2016,US FRANCHISE INDEX,69,100,175321008,DEL TACO RESTAURANTS INC,TACO US,TACO,1.45,2540884,279218.04,9.1,USD
Holdings 06-30-16.xls,2016-06-30,6/30/2016,US FRANCHISE INDEX,69,100,175321008,DENNY'S CORP,DENN US,DENN,1.45,2540884,236801.88,10.73,USD
Holdings 06-30-16.xls,2016-06-30,6/30/2016,US FRANCHISE INDEX,69,100,175321008,DINEEQUITY INC,DIN US,DIN,1.45,2540884,29970.33,84.78,USD
Holdings 06-30-16.xls,2016-06-30,6/30/2016,US FRANCHISE INDEX,69,100,175321008,DOMINO'S PIZZA INC,DPZ US,DPZ,1.45,2540884,19339.96,131.38,USD
Holdings 06-30-16.xls,2016-06-30,6/30/2016,US FRANCHISE INDEX,69,100,175321008,DUNKIN' BRANDS GROUP INC,DNKN US,DNKN,1.45,2540884,58250.44,43.62,USD
Holdings 06-30-16.xls,2016-06-30,6/30/2016,US FRANCHISE INDEX,69,100,175321008,EL POLLO LOCO HOLDINGS INC,LOCO US,LOCO,1.45,2540884,195452.63,13,USD
Holdings 06-30-16.xls,2016-06-30,6/30/2016,US FRANCHISE INDEX,69,100,175321008,FAMOUS DAVE'S OF AMERICA,DAVE US,DAVE,1.45,2540884,505145.96,5.03,USD
Holdings 06-30-16.xls,2016-06-30,6/30/2016,US FRANCHISE INDEX,69,100,175321008,FIESTA RESTAURANT GROUP,FRGI US,FRGI,1.45,2540884,116500.88,21.81,USD
Holdings 06-30-16.xls,2016-06-30,6/30/2016,US FRANCHISE INDEX,69,100,175321008,GNC HOLDINGS INC-CL A,GNC US,GNC,1.45,2540884,104606.18,24.29,USD
Holdings 06-30-16.xls,2016-06-30,6/30/2016,US FRANCHISE INDEX,69,100,175321008,H&R BLOCK INC,HRB US,HRB,1.45,2540884,110473.23,23,USD
Holdings 06-30-16.xls,2016-06-30,6/30/2016,US FRANCHISE INDEX,69,100,175321008,HERTZ GLOBAL HOLDINGS INC,HTZ US,HTZ,1.45,2540884,229528.83,11.07,USD
Holdings 06-30-16.xls,2016-06-30,6/30/2016,US FRANCHISE INDEX,69,100,175321008,HILTON WORLDWIDE HOLDINGS IN,HLT US,HLT,1.45,2540884,112777.82,22.53,USD
Holdings 06-30-16.xls,2016-06-30,6/30/2016,US FRANCHISE INDEX,69,100,175321008,HYATT HOTELS CORP - CL A,H US,H,1.45,2540884,51707.04,49.14,USD
Holdings 06-30-16.xls,2016-06-30,6/30/2016,US FRANCHISE INDEX,69,100,175321008,INTERCONTINENTAL HOTELS-ADR,IHG US,IHG,1.45,2540884,67738.85,37.51,USD
Holdings 06-30-16.xls,2016-06-30,6/30/2016,US FRANCHISE INDEX,69,100,175321008,JACK IN THE BOX INC,JACK US,JACK,1.45,2540884,29572.67,85.92,USD
Holdings 06-30-16.xls,2016-06-30,6/30/2016,US FRANCHISE INDEX,69,100,175321008,JAMBA INC,JMBA US,JMBA,1.45,2540884,246927.52,10.29,USD
Holdings 06-30-16.xls,2016-06-30,6/30/2016,US FRANCHISE INDEX,69,100,175321008,KRISPY KREME DOUGHNUTS INC,KKD US,KKD,1.45,2540884,121225.39,20.96,USD
Holdings 06-30-16.xls,2016-06-30,6/30/2016,US FRANCHISE INDEX,69,100,175321008,LA QUINTA HOLDINGS INC,LQ US,LQ,1.45,2540884,222884.58,11.4,USD
Holdings 06-30-16.xls,2016-06-30,6/30/2016,US FRANCHISE INDEX,69,100,175321008,LA-Z-BOY INC,LZB US,LZB,1.45,2540884,91333,27.82,USD
Holdings 06-30-16.xls,2016-06-30,6/30/2016,US FRANCHISE INDEX,69,100,175321008,LIBERTY TAX INC,TAX US,TAX,1.45,2540884,190757.07,13.32,USD
Holdings 06-30-16.xls,2016-06-30,6/30/2016,US FRANCHISE INDEX,69,100,175321008,LUBY'S INC,LUB US,LUB,1.45,2540884,506152.23,5.02,USD
Holdings 06-30-16.xls,2016-06-30,6/30/2016,US FRANCHISE INDEX,69,100,175321008,MARRIOTT INTERNATIONAL -CL A,MAR US,MAR,1.45,2540884,38231.78,66.46,USD
Holdings 06-30-16.xls,2016-06-30,6/30/2016,US FRANCHISE INDEX,69,100,175321008,MCDONALD'S CORP,MCD US,MCD,1.45,2540884,21114.21,120.34,USD
Holdings 06-30-16.xls,2016-06-30,6/30/2016,US FRANCHISE INDEX,69,100,175321008,MTY FOOD GROUP INC,MTYFF US,MTYFF,1.45,2540884,76682.79,33.13,USD
Holdings 06-30-16.xls,2016-06-30,6/30/2016,US FRANCHISE INDEX,69,100,175321008,NATHAN'S FAMOUS INC,NATH US,NATH,1.45,2540884,57098.52,44.5,USD
Holdings 06-30-16.xls,2016-06-30,6/30/2016,US FRANCHISE INDEX,69,100,175321008,NOODLES & CO,NDLS US,NDLS,1.45,2540884,259804.11,9.78,USD
Holdings 06-30-16.xls,2016-06-30,6/30/2016,US FRANCHISE INDEX,69,100,175321008,PANERA BREAD COMPANY-CLASS A,PNRA US,PNRA,1.45,2540884,11988.7,211.94,USD
Holdings 06-30-16.xls,2016-06-30,6/30/2016,US FRANCHISE INDEX,69,100,175321008,PAPA JOHN'S INTL INC,PZZA US,PZZA,1.45,2540884,37365.94,68,USD
Holdings 06-30-16.xls,2016-06-30,6/30/2016,US FRANCHISE INDEX,69,100,175321008,PAPA MURPHY'S HOLDINGS INC,FRSH US,FRSH,1.45,2540884,382951.65,6.63,USD
Holdings 06-30-16.xls,2016-06-30,6/30/2016,US FRANCHISE INDEX,69,100,175321008,PLANET FITNESS INC - CL A,PLNT US,PLNT,1.45,2540884,134580.73,18.88,USD
Holdings 06-30-16.xls,2016-06-30,6/30/2016,US FRANCHISE INDEX,69,100,175321008,POPEYES LOUISIANA KITCHEN IN,PLKI US,PLKI,1.45,2540884,46502.27,54.64,USD
Holdings 06-30-16.xls,2016-06-30,6/30/2016,US FRANCHISE INDEX,69,100,175321008,POTBELLY CORP,PBPB US,PBPB,1.45,2540884,202622.34,12.54,USD
Holdings 06-30-16.xls,2016-06-30,6/30/2016,US FRANCHISE INDEX,69,100,175321008,RE/MAX HOLDINGS INC-CL A,RMAX US,RMAX,1.45,2540884,63111.88,40.26,USD
Holdings 06-30-16.xls,2016-06-30,6/30/2016,US FRANCHISE INDEX,69,100,175321008,RED LION HOTELS CORP,RLH US,RLH,1.45,2540884,349984.05,7.26,USD
Holdings 06-30-16.xls,2016-06-30,6/30/2016,US FRANCHISE INDEX,69,100,175321008,RED ROBIN GOURMET BURGERS,RRGB US,RRGB,1.45,2540884,53571.25,47.43,USD
Holdings 06-30-16.xls,2016-06-30,6/30/2016,US FRANCHISE INDEX,69,100,175321008,REGIS CORP,RGS US,RGS,1.45,2540884,204087.08,12.45,USD
Holdings 06-30-16.xls,2016-06-30,6/30/2016,US FRANCHISE INDEX,69,100,175321008,RENT-A-CENTER INC,RCII US,RCII,1.45,2540884,206912.39,12.28,USD
Holdings 06-30-16.xls,2016-06-30,6/30/2016,US FRANCHISE INDEX,69,100,175321008,RESTAURANT BRANDS INTERN,QSR US,QSR,1.45,2540884,61078.95,41.6,USD
Holdings 06-30-16.xls,2016-06-30,6/30/2016,US FRANCHISE INDEX,69,100,175321008,ROCKY MOUNTAIN CHOC FACT INC,RMCF US,RMCF,1.45,2540884,250333.42,10.15,USD
Holdings 06-30-16.xls,2016-06-30,6/30/2016,US FRANCHISE INDEX,69,100,175321008,ROLLINS INC,ROL US,ROL,1.45,2540884,86808.48,29.27,USD
Holdings 06-30-16.xls,2016-06-30,6/30/2016,US FRANCHISE INDEX,69,100,175321008,RUBY TUESDAY INC,RT US,RT,1.45,2540884,703846.03,3.61,USD
Holdings 06-30-16.xls,2016-06-30,6/30/2016,US FRANCHISE INDEX,69,100,175321008,RUTH'S HOSPITALITY GROUP INC,RUTH US,RUTH,1.45,2540884,159303.08,15.95,USD
Holdings 06-30-16.xls,2016-06-30,6/30/2016,US FRANCHISE INDEX,69,100,175321008,SALLY BEAUTY HOLDINGS INC,SBH US,SBH,1.45,2540884,86395.25,29.41,USD
Holdings 06-30-16.xls,2016-06-30,6/30/2016,US FRANCHISE INDEX,69,100,175321008,SERVICEMASTER GLOBAL HOLDING,SERV US,SERV,1.45,2540884,63841.31,39.8,USD
Holdings 06-30-16.xls,2016-06-30,6/30/2016,US FRANCHISE INDEX,69,100,175321008,SHAKE SHACK INC - CLASS A,SHAK US,SHAK,1.45,2540884,69747.03,36.43,USD
Holdings 06-30-16.xls,2016-06-30,6/30/2016,US FRANCHISE INDEX,69,100,175321008,SNAP-ON INC,SNA US,SNA,1.45,2540884,16099.89,157.82,USD
Holdings 06-30-16.xls,2016-06-30,6/30/2016,US FRANCHISE INDEX,69,100,175321008,SONIC CORP,SONC US,SONC,1.45,2540884,93932.87,27.05,USD
Holdings 06-30-16.xls,2016-06-30,6/30/2016,US FRANCHISE INDEX,69,100,175321008,STARWOOD HOTELS & RESORTS WO,HOT US,HOT,1.45,2540884,34359.49,73.95,USD
Holdings 06-30-16.xls,2016-06-30,6/30/2016,US FRANCHISE INDEX,69,100,175321008,TEXAS ROADHOUSE INC,TXRH US,TXRH,1.45,2540884,55721.14,45.6,USD
Holdings 06-30-16.xls,2016-06-30,6/30/2016,US FRANCHISE INDEX,69,100,175321008,WEIGHT WATCHERS INTL INC,WTW US,WTW,1.45,2540884,218476.71,11.63,USD
Holdings 06-30-16.xls,2016-06-30,6/30/2016,US FRANCHISE INDEX,69,100,175321008,WENDY'S CO/THE,WEN US,WEN,1.45,2540884,264125.17,9.62,USD
Holdings 06-30-16.xls,2016-06-30,6/30/2016,US FRANCHISE INDEX,69,100,175321008,WINGSTOP INC,WING US,WING,1.45,2540884,93243.46,27.25,USD
Holdings 06-30-16.xls,2016-06-30,6/30/2016,US FRANCHISE INDEX,69,100,175321008,WINMARK CORP,WINA US,WINA,1.45,2540884,25492.97,99.67,USD
Holdings 06-30-16.xls,2016-06-30,6/30/2016,US FRANCHISE INDEX,69,100,175321008,WYNDHAM WORLDWIDE CORP,WYN US,WYN,1.45,2540884,35671.55,71.23,USD
Holdings 06-30-16.xls,2016-06-30,6/30/2016,US FRANCHISE INDEX,69,100,175321008,YUM! BRANDS INC,YUM US,YUM,1.45,2540884,30642.6,82.92,USD
Holdings 06-30-17.xls,2017-06-30,6/30/2017,US FRANCHISE INDEX,66,100,187417731,1-800-FLOWERS.COM INC-CL A,FLWS US,FLWS,1.52,2839663,291247.45,9.75,USD
Holdings 06-30-17.xls,2017-06-30,6/30/2017,US FRANCHISE INDEX,66,100,187417731,AARON'S INC,AAN US,AAN,1.52,2839663,72999.04,38.9,USD
Holdings 06-30-17.xls,2017-06-30,6/30/2017,US FRANCHISE INDEX,66,100,187417731,AMERIPRISE FINANCIAL INC,AMP US,AMP,1.52,2839663,22308.61,127.29,USD
Holdings 06-30-17.xls,2017-06-30,6/30/2017,US FRANCHISE INDEX,66,100,187417731,AVIS BUDGET GROUP INC,CAR US,CAR,1.52,2839663,104131.37,27.27,USD
Holdings 06-30-17.xls,2017-06-30,6/30/2017,US FRANCHISE INDEX,66,100,187417731,BB LIQUIDATING INC,BLIAQ US,BLIAQ,1.52,2839663,315518080.04,0.01,USD
Holdings 06-30-17.xls,2017-06-30,6/30/2017,US FRANCHISE INDEX,66,100,187417731,BIGLARI HOLDINGS INC,BH US,BH,1.52,2839663,7103.77,399.74,USD
Holdings 06-30-17.xls,2017-06-30,6/30/2017,US FRANCHISE INDEX,66,100,187417731,BLOOMIN' BRANDS INC,BLMN US,BLMN,1.52,2839663,133757.07,21.23,USD
Holdings 06-30-17.xls,2017-06-30,6/30/2017,US FRANCHISE INDEX,66,100,187417731,BOJANGLES' INC,BOJA US,BOJA,1.52,2839663,174748.47,16.25,USD
Holdings 06-30-17.xls,2017-06-30,6/30/2017,US FRANCHISE INDEX,66,100,187417731,BRINKER INTERNATIONAL INC,EAT US,EAT,1.52,2839663,74531.83,38.1,USD
Holdings 06-30-17.xls,2017-06-30,6/30/2017,US FRANCHISE INDEX,66,100,187417731,BUFFALO WILD WINGS INC,BWLD US,BWLD,1.52,2839663,22412.49,126.7,USD
Holdings 06-30-17.xls,2017-06-30,6/30/2017,US FRANCHISE INDEX,66,100,187417731,CASEY'S GENERAL STORES INC,CASY US,CASY,1.52,2839663,26511.65,107.11,USD
Holdings 06-30-17.xls,2017-06-30,6/30/2017,US FRANCHISE INDEX,66,100,187417731,CHEMED CORP,CHE US,CHE,1.52,2839663,13883.84,204.53,USD
Holdings 06-30-17.xls,2017-06-30,6/30/2017,US FRANCHISE INDEX,66,100,187417731,CHOICE HOTELS INTL INC,CHH US,CHH,1.52,2839663,44197.08,64.25,USD
Holdings 06-30-17.xls,2017-06-30,6/30/2017,US FRANCHISE INDEX,66,100,187417731,DEL TACO RESTAURANTS INC,TACO US,TACO,1.52,2839663,206520.92,13.75,USD
Holdings 06-30-17.xls,2017-06-30,6/30/2017,US FRANCHISE INDEX,66,100,187417731,DENNY'S CORP,DENN US,DENN,1.52,2839663,241262.75,11.77,USD
Holdings 06-30-17.xls,2017-06-30,6/30/2017,US FRANCHISE INDEX,66,100,187417731,DINEEQUITY INC,DIN US,DIN,1.52,2839663,64464.53,44.05,USD
Holdings 06-30-17.xls,2017-06-30,6/30/2017,US FRANCHISE INDEX,66,100,187417731,DOMINO'S PIZZA INC,DPZ US,DPZ,1.52,2839663,13424.4,211.53,USD
Holdings 06-30-17.xls,2017-06-30,6/30/2017,US FRANCHISE INDEX,66,100,187417731,DUNKIN' BRANDS GROUP INC,DNKN US,DNKN,1.52,2839663,51517.83,55.12,USD
Holdings 06-30-17.xls,2017-06-30,6/30/2017,US FRANCHISE INDEX,66,100,187417731,EL POLLO LOCO HOLDINGS INC,LOCO US,LOCO,1.52,2839663,205029.79,13.85,USD
Holdings 06-30-17.xls,2017-06-30,6/30/2017,US FRANCHISE INDEX,66,100,187417731,FAMOUS DAVE'S OF AMERICA,DAVE US,DAVE,1.52,2839663,777989.75,3.65,USD
Holdings 06-30-17.xls,2017-06-30,6/30/2017,US FRANCHISE INDEX,66,100,187417731,FIESTA RESTAURANT GROUP,FRGI US,FRGI,1.52,2839663,137513.93,20.65,USD
Holdings 06-30-17.xls,2017-06-30,6/30/2017,US FRANCHISE INDEX,66,100,187417731,GNC HOLDINGS INC-CL A,GNC US,GNC,1.52,2839663,336852.03,8.43,USD
Holdings 06-30-17.xls,2017-06-30,6/30/2017,US FRANCHISE INDEX,66,100,187417731,H&R BLOCK INC,HRB US,HRB,1.52,2839663,91868.73,30.91,USD
Holdings 06-30-17.xls,2017-06-30,6/30/2017,US FRANCHISE INDEX,66,100,187417731,HERTZ GLOBAL HOLDINGS INC,HTZ US,HTZ,1.52,2839663,246927.18,11.5,USD
Holdings 06-30-17.xls,2017-06-30,6/30/2017,US FRANCHISE INDEX,66,100,187417731,HILTON WORLDWIDE HOLDINGS IN,HLT US,HLT,1.52,2839663,45912.09,61.85,USD
Holdings 06-30-17.xls,2017-06-30,6/30/2017,US FRANCHISE INDEX,66,100,187417731,HYATT HOTELS CORP - CL A,H US,H,1.52,2839663,50518.82,56.21,USD
Holdings 06-30-17.xls,2017-06-30,6/30/2017,US FRANCHISE INDEX,66,100,187417731,INTERCONTINENTAL HOTELS-ADR,IHG US,IHG,1.52,2839663,51137.45,55.53,USD
Holdings 06-30-17.xls,2017-06-30,6/30/2017,US FRANCHISE INDEX,66,100,187417731,JACK IN THE BOX INC,JACK US,JACK,1.52,2839663,28829.06,98.5,USD
Holdings 06-30-17.xls,2017-06-30,6/30/2017,US FRANCHISE INDEX,66,100,187417731,JAMBA INC,JMBA US,JMBA,1.52,2839663,364526.65,7.79,USD
Holdings 06-30-17.xls,2017-06-30,6/30/2017,US FRANCHISE INDEX,66,100,187417731,LA QUINTA HOLDINGS INC,LQ US,LQ,1.52,2839663,192258.81,14.77,USD
Holdings 06-30-17.xls,2017-06-30,6/30/2017,US FRANCHISE INDEX,66,100,187417731,LA-Z-BOY INC,LZB US,LZB,1.52,2839663,87374.23,32.5,USD
Holdings 06-30-17.xls,2017-06-30,6/30/2017,US FRANCHISE INDEX,66,100,187417731,LIBERTY TAX INC,TAX US,TAX,1.52,2839663,219278.96,12.95,USD
Holdings 06-30-17.xls,2017-06-30,6/30/2017,US FRANCHISE INDEX,66,100,187417731,LUBY'S INC,LUB US,LUB,1.52,2839663,1010556.08,2.81,USD
Holdings 06-30-17.xls,2017-06-30,6/30/2017,US FRANCHISE INDEX,66,100,187417731,MARRIOTT INTERNATIONAL -CL A,MAR US,MAR,1.52,2839663,28308.87,100.31,USD
Holdings 06-30-17.xls,2017-06-30,6/30/2017,US FRANCHISE INDEX,66,100,187417731,MCDONALD'S CORP,MCD US,MCD,1.52,2839663,18540.5,153.16,USD
Holdings 06-30-17.xls,2017-06-30,6/30/2017,US FRANCHISE INDEX,66,100,187417731,MTY FOOD GROUP INC,MTYFF US,MTYFF,1.52,2839663,79364.52,35.78,USD
Holdings 06-30-17.xls,2017-06-30,6/30/2017,US FRANCHISE INDEX,66,100,187417731,NATHAN'S FAMOUS INC,NATH US,NATH,1.52,2839663,45074.01,63,USD
Holdings 06-30-17.xls,2017-06-30,6/30/2017,US FRANCHISE INDEX,66,100,187417731,NOODLES & CO,NDLS US,NDLS,1.52,2839663,728118.61,3.9,USD
Holdings 06-30-17.xls,2017-06-30,6/30/2017,US FRANCHISE INDEX,66,100,187417731,PANERA BREAD COMPANY-CLASS A,PNRA US,PNRA,1.52,2839663,9025.12,314.64,USD
Holdings 06-30-17.xls,2017-06-30,6/30/2017,US FRANCHISE INDEX,66,100,187417731,PAPA JOHN'S INTL INC,PZZA US,PZZA,1.52,2839663,39571.66,71.76,USD
Holdings 06-30-17.xls,2017-06-30,6/30/2017,US FRANCHISE INDEX,66,100,187417731,PAPA MURPHY'S HOLDINGS INC,FRSH US,FRSH,1.52,2839663,649808.37,4.37,USD
Holdings 06-30-17.xls,2017-06-30,6/30/2017,US FRANCHISE INDEX,66,100,187417731,PLANET FITNESS INC - CL A,PLNT US,PLNT,1.52,2839663,121665.06,23.34,USD
Holdings 06-30-17.xls,2017-06-30,6/30/2017,US FRANCHISE INDEX,66,100,187417731,POTBELLY CORP,PBPB US,PBPB,1.52,2839663,246927.18,11.5,USD
Holdings 06-30-17.xls,2017-06-30,6/30/2017,US FRANCHISE INDEX,66,100,187417731,RE/MAX HOLDINGS INC-CL A,RMAX US,RMAX,1.52,2839663,50663.03,56.05,USD
Holdings 06-30-17.xls,2017-06-30,6/30/2017,US FRANCHISE INDEX,66,100,187417731,RED LION HOTELS CORP,RLH US,RLH,1.52,2839663,386348.65,7.35,USD
Holdings 06-30-17.xls,2017-06-30,6/30/2017,US FRANCHISE INDEX,66,100,187417731,RED ROBIN GOURMET BURGERS,RRGB US,RRGB,1.52,2839663,43519.73,65.25,USD
Holdings 06-30-17.xls,2017-06-30,6/30/2017,US FRANCHISE INDEX,66,100,187417731,REGIS CORP,RGS US,RGS,1.52,2839663,276500.74,10.27,USD
Holdings 06-30-17.xls,2017-06-30,6/30/2017,US FRANCHISE INDEX,66,100,187417731,RENT-A-CENTER INC,RCII US,RCII,1.52,2839663,242292.03,11.72,USD
Holdings 06-30-17.xls,2017-06-30,6/30/2017,US FRANCHISE INDEX,66,100,187417731,RESTAURANT BRANDS INTERN,QSR US,QSR,1.52,2839663,45405.54,62.54,USD
Holdings 06-30-17.xls,2017-06-30,6/30/2017,US FRANCHISE INDEX,66,100,187417731,ROCKY MOUNTAIN CHOC FACT INC,RMCF US,RMCF,1.52,2839663,240649.37,11.8,USD
Holdings 06-30-17.xls,2017-06-30,6/30/2017,US FRANCHISE INDEX,66,100,187417731,ROLLINS INC,ROL US,ROL,1.52,2839663,69753.44,40.71,USD
Holdings 06-30-17.xls,2017-06-30,6/30/2017,US FRANCHISE INDEX,66,100,187417731,RUBY TUESDAY INC,RT US,RT,1.52,2839663,1412767.46,2.01,USD
Holdings 06-30-17.xls,2017-06-30,6/30/2017,US FRANCHISE INDEX,66,100,187417731,RUTH'S HOSPITALITY GROUP INC,RUTH US,RUTH,1.52,2839663,130559.2,21.75,USD
Holdings 06-30-17.xls,2017-06-30,6/30/2017,US FRANCHISE INDEX,66,100,187417731,SALLY BEAUTY HOLDINGS INC,SBH US,SBH,1.52,2839663,140230.25,20.25,USD
Holdings 06-30-17.xls,2017-06-30,6/30/2017,US FRANCHISE INDEX,66,100,187417731,SERVICEMASTER GLOBAL HOLDING,SERV US,SERV,1.52,2839663,72458.86,39.19,USD
Holdings 06-30-17.xls,2017-06-30,6/30/2017,US FRANCHISE INDEX,66,100,187417731,SHAKE SHACK INC - CLASS A,SHAK US,SHAK,1.52,2839663,81412.35,34.88,USD
Holdings 06-30-17.xls,2017-06-30,6/30/2017,US FRANCHISE INDEX,66,100,187417731,SNAP-ON INC,SNA US,SNA,1.52,2839663,17972.55,158,USD
Holdings 06-30-17.xls,2017-06-30,6/30/2017,US FRANCHISE INDEX,66,100,187417731,SONIC CORP,SONC US,SONC,1.52,2839663,107197.53,26.49,USD
Holdings 06-30-17.xls,2017-06-30,6/30/2017,US FRANCHISE INDEX,66,100,187417731,TEXAS ROADHOUSE INC,TXRH US,TXRH,1.52,2839663,55734.3,50.95,USD
Holdings 06-30-17.xls,2017-06-30,6/30/2017,US FRANCHISE INDEX,66,100,187417731,VALVOLINE INC,VVV US,VVV,1.52,2839663,119715.96,23.72,USD
Holdings 06-30-17.xls,2017-06-30,6/30/2017,US FRANCHISE INDEX,66,100,187417731,WEIGHT WATCHERS INTL INC,WTW US,WTW,1.52,2839663,84968.96,33.42,USD
Holdings 06-30-17.xls,2017-06-30,6/30/2017,US FRANCHISE INDEX,66,100,187417731,WENDY'S CO/THE,WEN US,WEN,1.52,2839663,183085.92,15.51,USD
Holdings 06-30-17.xls,2017-06-30,6/30/2017,US FRANCHISE INDEX,66,100,187417731,WINGSTOP INC,WING US,WING,1.52,2839663,91898.47,30.9,USD
Holdings 06-30-17.xls,2017-06-30,6/30/2017,US FRANCHISE INDEX,66,100,187417731,WINMARK CORP,WINA US,WINA,1.52,2839663,22021.42,128.95,USD
Holdings 06-30-17.xls,2017-06-30,6/30/2017,US FRANCHISE INDEX,66,100,187417731,WYNDHAM WORLDWIDE CORP,WYN US,WYN,1.52,2839663,28280.68,100.41,USD
Holdings 06-30-17.xls,2017-06-30,6/30/2017,US FRANCHISE INDEX,66,100,187417731,YUM! BRANDS INC,YUM US,YUM,1.52,2839663,38498.68,73.76,USD
Holdings 12-31-07.xls,2007-12-31,12/31/2007,US FRANCHISE INDEX,60,100,100000000,1-800-FLOWERS.COM INC-CL A,FLWS US,FLWS,1.67,1666667,190912.56,8.73,USD
Holdings 12-31-07.xls,2007-12-31,12/31/2007,US FRANCHISE INDEX,60,100,100000000,AARON'S INC,AAN US,AAN,1.67,1666667,86625.09,19.24,USD
Holdings 12-31-07.xls,2007-12-31,12/31/2007,US FRANCHISE INDEX,60,100,100000000,AMERIPRISE FINANCIAL INC,AMP US,AMP,1.67,1666667,30242.55,55.11,USD
Holdings 12-31-07.xls,2007-12-31,12/31/2007,US FRANCHISE INDEX,60,100,100000000,AVIS BUDGET GROUP INC,CAR US,CAR,1.67,1666667,128205.13,13,USD
Holdings 12-31-07.xls,2007-12-31,12/31/2007,US FRANCHISE INDEX,60,100,100000000,BB LIQUIDATING INC,BLIAQ US,BLIAQ,1.67,1666667,427350.43,3.9,USD
Holdings 12-31-07.xls,2007-12-31,12/31/2007,US FRANCHISE INDEX,60,100,100000000,BENIHANA INC,BNHN US,BNHN,1.67,1666667,131752.31,12.65,USD
Holdings 12-31-07.xls,2007-12-31,12/31/2007,US FRANCHISE INDEX,60,100,100000000,BIGLARI HOLDINGS INC,BH US,BH,1.67,1666667,152905.2,10.9,USD
Holdings 12-31-07.xls,2007-12-31,12/31/2007,US FRANCHISE INDEX,60,100,100000000,BRINKER INTERNATIONAL INC,EAT US,EAT,1.67,1666667,85207.91,19.56,USD
Holdings 12-31-07.xls,2007-12-31,12/31/2007,US FRANCHISE INDEX,60,100,100000000,BUFFALO WILD WINGS INC,BWLD US,BWLD,1.67,1666667,71777.2,23.22,USD
Holdings 12-31-07.xls,2007-12-31,12/31/2007,US FRANCHISE INDEX,60,100,100000000,BURGER KING HOLDINGS INC,BKC US,BKC,1.67,1666667,58459.02,28.51,USD
Holdings 12-31-07.xls,2007-12-31,12/31/2007,US FRANCHISE INDEX,60,100,100000000,CASEY'S GENERAL STORES INC,CASY US,CASY,1.67,1666667,56287.29,29.61,USD
Holdings 12-31-07.xls,2007-12-31,12/31/2007,US FRANCHISE INDEX,60,100,100000000,CASH AMERICA INTL INC,CSH US,CSH,1.67,1666667,51599.59,32.3,USD
Holdings 12-31-07.xls,2007-12-31,12/31/2007,US FRANCHISE INDEX,60,100,100000000,CEC ENTERTAINMENT INC,CEC US,CEC,1.67,1666667,64201.34,25.96,USD
Holdings 12-31-07.xls,2007-12-31,12/31/2007,US FRANCHISE INDEX,60,100,100000000,CHEMED CORP,CHE US,CHE,1.67,1666667,29825.82,55.88,USD
Holdings 12-31-07.xls,2007-12-31,12/31/2007,US FRANCHISE INDEX,60,100,100000000,CHOICE HOTELS INTL INC,CHH US,CHH,1.67,1666667,50200.8,33.2,USD
Holdings 12-31-07.xls,2007-12-31,12/31/2007,US FRANCHISE INDEX,60,100,100000000,CKE RESTAURANTS INC,CKR US,CKR,1.67,1666667,126262.63,13.2,USD
Holdings 12-31-07.xls,2007-12-31,12/31/2007,US FRANCHISE INDEX,60,100,100000000,DENNY'S CORP,DENN US,DENN,1.67,1666667,444444.44,3.75,USD
Holdings 12-31-07.xls,2007-12-31,12/31/2007,US FRANCHISE INDEX,60,100,100000000,DINEEQUITY INC,DIN US,DIN,1.67,1666667,45562.24,36.58,USD
Holdings 12-31-07.xls,2007-12-31,12/31/2007,US FRANCHISE INDEX,60,100,100000000,DOLLAR THRIFTY AUTOMOTIVE GP,DTGF US,DTGF,1.67,1666667,70382.88,23.68,USD
Holdings 12-31-07.xls,2007-12-31,12/31/2007,US FRANCHISE INDEX,60,100,100000000,DOMINO'S PIZZA INC,DPZ US,DPZ,1.67,1666667,125976.32,13.23,USD
Holdings 12-31-07.xls,2007-12-31,12/31/2007,US FRANCHISE INDEX,60,100,100000000,EINSTEIN NOAH RESTAURANT GRO,BAGL US,BAGL,1.67,1666667,91827.36,18.15,USD
Holdings 12-31-07.xls,2007-12-31,12/31/2007,US FRANCHISE INDEX,60,100,100000000,FAMOUS DAVE'S OF AMERICA,DAVE US,DAVE,1.67,1666667,122910.52,13.56,USD
Holdings 12-31-07.xls,2007-12-31,12/31/2007,US FRANCHISE INDEX,60,100,100000000,FRISCH'S RESTAURANTS INC,FRS US,FRS,1.67,1666667,71225.07,23.4,USD
Holdings 12-31-07.xls,2007-12-31,12/31/2007,US FRANCHISE INDEX,60,100,100000000,H&R BLOCK INC,HRB US,HRB,1.67,1666667,89750.49,18.57,USD
Holdings 12-31-07.xls,2007-12-31,12/31/2007,US FRANCHISE INDEX,60,100,100000000,HERTZ GLOBAL HOLDINGS INC,HTZ US,HTZ,1.67,1666667,104887.77,15.89,USD
Holdings 12-31-07.xls,2007-12-31,12/31/2007,US FRANCHISE INDEX,60,100,100000000,INTERCONTINENTAL HOTELS-ADR,IHG US,IHG,1.67,1666667,95785.44,17.4,USD
Holdings 12-31-07.xls,2007-12-31,12/31/2007,US FRANCHISE INDEX,60,100,100000000,JACK IN THE BOX INC,JACK US,JACK,1.67,1666667,64674.69,25.77,USD
Holdings 12-31-07.xls,2007-12-31,12/31/2007,US FRANCHISE INDEX,60,100,100000000,JAMBA INC,JMBA US,JMBA,1.67,1666667,450450.45,3.7,USD
Holdings 12-31-07.xls,2007-12-31,12/31/2007,US FRANCHISE INDEX,60,100,100000000,KRISPY KREME DOUGHNUTS INC,KKD US,KKD,1.67,1666667,527426.16,3.16,USD
Holdings 12-31-07.xls,2007-12-31,12/31/2007,US FRANCHISE INDEX,60,100,100000000,LA-Z-BOY INC,LZB US,LZB,1.67,1666667,210172.34,7.93,USD
Holdings 12-31-07.xls,2007-12-31,12/31/2007,US FRANCHISE INDEX,60,100,100000000,LUBY'S INC,LUB US,LUB,1.67,1666667,164041.99,10.16,USD
Holdings 12-31-07.xls,2007-12-31,12/31/2007,US FRANCHISE INDEX,60,100,100000000,MARRIOTT INTERNATIONAL -CL A,MAR US,MAR,1.67,1666667,48761.46,34.18,USD
Holdings 12-31-07.xls,2007-12-31,12/31/2007,US FRANCHISE INDEX,60,100,100000000,MCDONALD'S CORP,MCD US,MCD,1.67,1666667,28291.74,58.91,USD
Holdings 12-31-07.xls,2007-12-31,12/31/2007,US FRANCHISE INDEX,60,100,100000000,MIDAS INC,MDS US,MDS,1.67,1666667,113688.04,14.66,USD
Holdings 12-31-07.xls,2007-12-31,12/31/2007,US FRANCHISE INDEX,60,100,100000000,MTY FOOD GROUP INC,MTY CN,MTY CN,1.67,1666667,130786.45,12.63,CAD
Holdings 12-31-07.xls,2007-12-31,12/31/2007,US FRANCHISE INDEX,60,100,100000000,NATHAN'S FAMOUS INC,NATH US,NATH,1.67,1666667,95401.64,17.47,USD
Holdings 12-31-07.xls,2007-12-31,12/31/2007,US FRANCHISE INDEX,60,100,100000000,O'CHARLEYS INC,CHUX US,CHUX,1.67,1666667,111259.46,14.98,USD
Holdings 12-31-07.xls,2007-12-31,12/31/2007,US FRANCHISE INDEX,60,100,100000000,PANERA BREAD COMPANY-CLASS A,PNRA US,PNRA,1.67,1666667,46528.94,35.82,USD
Holdings 12-31-07.xls,2007-12-31,12/31/2007,US FRANCHISE INDEX,60,100,100000000,PAPA JOHN'S INTL INC,PZZA US,PZZA,1.67,1666667,73421.44,22.7,USD
Holdings 12-31-07.xls,2007-12-31,12/31/2007,US FRANCHISE INDEX,60,100,100000000,POPEYES LOUISIANA KITCHEN IN,PLKI US,PLKI,1.67,1666667,147232.04,11.32,USD
Holdings 12-31-07.xls,2007-12-31,12/31/2007,US FRANCHISE INDEX,60,100,100000000,RED LION HOTELS CORP,RLH US,RLH,1.67,1666667,167504.19,9.95,USD
Holdings 12-31-07.xls,2007-12-31,12/31/2007,US FRANCHISE INDEX,60,100,100000000,RED ROBIN GOURMET BURGERS,RRGB US,RRGB,1.67,1666667,52099.61,31.99,USD
Holdings 12-31-07.xls,2007-12-31,12/31/2007,US FRANCHISE INDEX,60,100,100000000,REGIS CORP,RGS US,RGS,1.67,1666667,59608.97,27.96,USD
Holdings 12-31-07.xls,2007-12-31,12/31/2007,US FRANCHISE INDEX,60,100,100000000,RENT-A-CENTER INC,RCII US,RCII,1.67,1666667,114784.21,14.52,USD
Holdings 12-31-07.xls,2007-12-31,12/31/2007,US FRANCHISE INDEX,60,100,100000000,ROCKY MOUNTAIN CHOC FACT INC,RMCF US,RMCF,1.67,1666667,104953.82,15.88,USD
Holdings 12-31-07.xls,2007-12-31,12/31/2007,US FRANCHISE INDEX,60,100,100000000,ROLLINS INC,ROL US,ROL,1.67,1666667,86805.56,19.2,USD
Holdings 12-31-07.xls,2007-12-31,12/31/2007,US FRANCHISE INDEX,60,100,100000000,RS LEGACY CORP,RSHCQ US,RSHCQ,1.67,1666667,98853.3,16.86,USD
Holdings 12-31-07.xls,2007-12-31,12/31/2007,US FRANCHISE INDEX,60,100,100000000,RUBY TUESDAY INC,RT US,RT,1.67,1666667,170940.17,9.75,USD
Holdings 12-31-07.xls,2007-12-31,12/31/2007,US FRANCHISE INDEX,60,100,100000000,RUTH'S HOSPITALITY GROUP INC,RUTH US,RUTH,1.67,1666667,186428.04,8.94,USD
Holdings 12-31-07.xls,2007-12-31,12/31/2007,US FRANCHISE INDEX,60,100,100000000,SALLY BEAUTY HOLDINGS INC,SBH US,SBH,1.67,1666667,184162.06,9.05,USD
Holdings 12-31-07.xls,2007-12-31,12/31/2007,US FRANCHISE INDEX,60,100,100000000,SNAP-ON INC,SNA US,SNA,1.67,1666667,34549.47,48.24,USD
Holdings 12-31-07.xls,2007-12-31,12/31/2007,US FRANCHISE INDEX,60,100,100000000,SONIC CORP,SONC US,SONC,1.67,1666667,76103.5,21.9,USD
Holdings 12-31-07.xls,2007-12-31,12/31/2007,US FRANCHISE INDEX,60,100,100000000,STARWOOD HOTELS & RESORTS WO,HOT US,HOT,1.67,1666667,37852.98,44.03,USD
Holdings 12-31-07.xls,2007-12-31,12/31/2007,US FRANCHISE INDEX,60,100,100000000,TEXAS ROADHOUSE INC,TXRH US,TXRH,1.67,1666667,150693.19,11.06,USD
Holdings 12-31-07.xls,2007-12-31,12/31/2007,US FRANCHISE INDEX,60,100,100000000,TIM HORTONS ULC,THI CN,THI CN,1.67,1666667,45082.79,36.64,CAD
Holdings 12-31-07.xls,2007-12-31,12/31/2007,US FRANCHISE INDEX,60,100,100000000,WEIGHT WATCHERS INTL INC,WTW US,WTW,1.67,1666667,36889.48,45.18,USD
Holdings 12-31-07.xls,2007-12-31,12/31/2007,US FRANCHISE INDEX,60,100,100000000,WENDY'S CO/THE,WEN US,WEN,1.67,1666667,190912.56,8.73,USD
Holdings 12-31-07.xls,2007-12-31,12/31/2007,US FRANCHISE INDEX,60,100,100000000,WINMARK CORP,WINA US,WINA,1.67,1666667,79936.05,20.85,USD
Holdings 12-31-07.xls,2007-12-31,12/31/2007,US FRANCHISE INDEX,60,100,100000000,WYNDHAM WORLDWIDE CORP,WYN US,WYN,1.67,1666667,70741.37,23.56,USD
Holdings 12-31-07.xls,2007-12-31,12/31/2007,US FRANCHISE INDEX,60,100,100000000,YUM! BRANDS INC,YUM US,YUM,1.67,1666667,43550.21,38.27,USD
Holdings 12-31-08.xls,2008-12-31,12/31/2008,US FRANCHISE INDEX,60,100,57209042,1-800-FLOWERS.COM INC-CL A,FLWS US,FLWS,1.67,953484,249603.15,3.82,USD
Holdings 12-31-08.xls,2008-12-31,12/31/2008,US FRANCHISE INDEX,60,100,57209042,AARON'S INC,AAN US,AAN,1.67,953484,35818.33,26.62,USD
Holdings 12-31-08.xls,2008-12-31,12/31/2008,US FRANCHISE INDEX,60,100,57209042,AMERIPRISE FINANCIAL INC,AMP US,AMP,1.67,953484,40816.95,23.36,USD
Holdings 12-31-08.xls,2008-12-31,12/31/2008,US FRANCHISE INDEX,60,100,57209042,AVIS BUDGET GROUP INC,CAR US,CAR,1.67,953484,1362120.08,0.7,USD
Holdings 12-31-08.xls,2008-12-31,12/31/2008,US FRANCHISE INDEX,60,100,57209042,BB LIQUIDATING INC,BLIAQ US,BLIAQ,1.67,953484,756733.36,1.26,USD
Holdings 12-31-08.xls,2008-12-31,12/31/2008,US FRANCHISE INDEX,60,100,57209042,BENIHANA INC,BNHN US,BNHN,1.67,953484,454040.02,2.1,USD
Holdings 12-31-08.xls,2008-12-31,12/31/2008,US FRANCHISE INDEX,60,100,57209042,BIGLARI HOLDINGS INC,BH US,BH,1.67,953484,160249.42,5.95,USD
Holdings 12-31-08.xls,2008-12-31,12/31/2008,US FRANCHISE INDEX,60,100,57209042,BRINKER INTERNATIONAL INC,EAT US,EAT,1.67,953484,90463.38,10.54,USD
Holdings 12-31-08.xls,2008-12-31,12/31/2008,US FRANCHISE INDEX,60,100,57209042,BUFFALO WILD WINGS INC,BWLD US,BWLD,1.67,953484,37172.87,25.65,USD
Holdings 12-31-08.xls,2008-12-31,12/31/2008,US FRANCHISE INDEX,60,100,57209042,BURGER KING HOLDINGS INC,BKC US,BKC,1.67,953484,39928.14,23.88,USD
Holdings 12-31-08.xls,2008-12-31,12/31/2008,US FRANCHISE INDEX,60,100,57209042,CASEY'S GENERAL STORES INC,CASY US,CASY,1.67,953484,41874.57,22.77,USD
Holdings 12-31-08.xls,2008-12-31,12/31/2008,US FRANCHISE INDEX,60,100,57209042,CASH AMERICA INTL INC,CSH US,CSH,1.67,953484,34862.3,27.35,USD
Holdings 12-31-08.xls,2008-12-31,12/31/2008,US FRANCHISE INDEX,60,100,57209042,CEC ENTERTAINMENT INC,CEC US,CEC,1.67,953484,39318.93,24.25,USD
Holdings 12-31-08.xls,2008-12-31,12/31/2008,US FRANCHISE INDEX,60,100,57209042,CHEMED CORP,CHE US,CHE,1.67,953484,23974.96,39.77,USD
Holdings 12-31-08.xls,2008-12-31,12/31/2008,US FRANCHISE INDEX,60,100,57209042,CHOICE HOTELS INTL INC,CHH US,CHH,1.67,953484,31719.36,30.06,USD
Holdings 12-31-08.xls,2008-12-31,12/31/2008,US FRANCHISE INDEX,60,100,57209042,CKE RESTAURANTS INC,CKR US,CKR,1.67,953484,109848.39,8.68,USD
Holdings 12-31-08.xls,2008-12-31,12/31/2008,US FRANCHISE INDEX,60,100,57209042,DENNY'S CORP,DENN US,DENN,1.67,953484,479137.71,1.99,USD
Holdings 12-31-08.xls,2008-12-31,12/31/2008,US FRANCHISE INDEX,60,100,57209042,DINEEQUITY INC,DIN US,DIN,1.67,953484,82481.32,11.56,USD
Holdings 12-31-08.xls,2008-12-31,12/31/2008,US FRANCHISE INDEX,60,100,57209042,DOLLAR THRIFTY AUTOMOTIVE GP,DTGF US,DTGF,1.67,953484,874756,1.09,USD
Holdings 12-31-08.xls,2008-12-31,12/31/2008,US FRANCHISE INDEX,60,100,57209042,DOMINO'S PIZZA INC,DPZ US,DPZ,1.67,953484,202438.22,4.71,USD
Holdings 12-31-08.xls,2008-12-31,12/31/2008,US FRANCHISE INDEX,60,100,57209042,EINSTEIN NOAH RESTAURANT GRO,BAGL US,BAGL,1.67,953484,165823.31,5.75,USD
Holdings 12-31-08.xls,2008-12-31,12/31/2008,US FRANCHISE INDEX,60,100,57209042,FAMOUS DAVE'S OF AMERICA,DAVE US,DAVE,1.67,953484,328787.6,2.9,USD
Holdings 12-31-08.xls,2008-12-31,12/31/2008,US FRANCHISE INDEX,60,100,57209042,FRISCH'S RESTAURANTS INC,FRS US,FRS,1.67,953484,50582.71,18.85,USD
Holdings 12-31-08.xls,2008-12-31,12/31/2008,US FRANCHISE INDEX,60,100,57209042,H&R BLOCK INC,HRB US,HRB,1.67,953484,41966.73,22.72,USD
Holdings 12-31-08.xls,2008-12-31,12/31/2008,US FRANCHISE INDEX,60,100,57209042,HERTZ GLOBAL HOLDINGS INC,HTZ US,HTZ,1.67,953484,188063.91,5.07,USD
Holdings 12-31-08.xls,2008-12-31,12/31/2008,US FRANCHISE INDEX,60,100,57209042,INTERCONTINENTAL HOTELS-ADR,IHG US,IHG,1.67,953484,113916.85,8.37,USD
Holdings 12-31-08.xls,2008-12-31,12/31/2008,US FRANCHISE INDEX,60,100,57209042,JACK IN THE BOX INC,JACK US,JACK,1.67,953484,43163.61,22.09,USD
Holdings 12-31-08.xls,2008-12-31,12/31/2008,US FRANCHISE INDEX,60,100,57209042,JAMBA INC,JMBA US,JMBA,1.67,953484,2217404.7,0.43,USD
Holdings 12-31-08.xls,2008-12-31,12/31/2008,US FRANCHISE INDEX,60,100,57209042,KRISPY KREME DOUGHNUTS INC,KKD US,KKD,1.67,953484,567550.02,1.68,USD
Holdings 12-31-08.xls,2008-12-31,12/31/2008,US FRANCHISE INDEX,60,100,57209042,LA-Z-BOY INC,LZB US,LZB,1.67,953484,439393.57,2.17,USD
Holdings 12-31-08.xls,2008-12-31,12/31/2008,US FRANCHISE INDEX,60,100,57209042,LUBY'S INC,LUB US,LUB,1.67,953484,227561.82,4.19,USD
Holdings 12-31-08.xls,2008-12-31,12/31/2008,US FRANCHISE INDEX,60,100,57209042,MARRIOTT INTERNATIONAL -CL A,MAR US,MAR,1.67,953484,49022.32,19.45,USD
Holdings 12-31-08.xls,2008-12-31,12/31/2008,US FRANCHISE INDEX,60,100,57209042,MCDONALD'S CORP,MCD US,MCD,1.67,953484,15331.79,62.19,USD
Holdings 12-31-08.xls,2008-12-31,12/31/2008,US FRANCHISE INDEX,60,100,57209042,MIDAS INC,MDS US,MDS,1.67,953484,90894.57,10.49,USD
Holdings 12-31-08.xls,2008-12-31,12/31/2008,US FRANCHISE INDEX,60,100,57209042,MTY FOOD GROUP INC,MTYFF US,MTYFF,1.67,953484,166344.04,5.73,USD
Holdings 12-31-08.xls,2008-12-31,12/31/2008,US FRANCHISE INDEX,60,100,57209042,NATHAN'S FAMOUS INC,NATH US,NATH,1.67,953484,74959.44,12.72,USD
Holdings 12-31-08.xls,2008-12-31,12/31/2008,US FRANCHISE INDEX,60,100,57209042,O'CHARLEYS INC,CHUX US,CHUX,1.67,953484,476742.02,2,USD
Holdings 12-31-08.xls,2008-12-31,12/31/2008,US FRANCHISE INDEX,60,100,57209042,PANERA BREAD COMPANY-CLASS A,PNRA US,PNRA,1.67,953484,18251.99,52.24,USD
Holdings 12-31-08.xls,2008-12-31,12/31/2008,US FRANCHISE INDEX,60,100,57209042,PAPA JOHN'S INTL INC,PZZA US,PZZA,1.67,953484,51735.43,18.43,USD
Holdings 12-31-08.xls,2008-12-31,12/31/2008,US FRANCHISE INDEX,60,100,57209042,POPEYES LOUISIANA KITCHEN IN,PLKI US,PLKI,1.67,953484,203301.5,4.69,USD
Holdings 12-31-08.xls,2008-12-31,12/31/2008,US FRANCHISE INDEX,60,100,57209042,RED LION HOTELS CORP,RLH US,RLH,1.67,953484,400623.55,2.38,USD
Holdings 12-31-08.xls,2008-12-31,12/31/2008,US FRANCHISE INDEX,60,100,57209042,RED ROBIN GOURMET BURGERS,RRGB US,RRGB,1.67,953484,56653.83,16.83,USD
Holdings 12-31-08.xls,2008-12-31,12/31/2008,US FRANCHISE INDEX,60,100,57209042,REGIS CORP,RGS US,RGS,1.67,953484,65621.75,14.53,USD
Holdings 12-31-08.xls,2008-12-31,12/31/2008,US FRANCHISE INDEX,60,100,57209042,RENT-A-CENTER INC,RCII US,RCII,1.67,953484,54021.76,17.65,USD
Holdings 12-31-08.xls,2008-12-31,12/31/2008,US FRANCHISE INDEX,60,100,57209042,ROCKY MOUNTAIN CHOC FACT INC,RMCF US,RMCF,1.67,953484,179563.85,5.31,USD
Holdings 12-31-08.xls,2008-12-31,12/31/2008,US FRANCHISE INDEX,60,100,57209042,ROLLINS INC,ROL US,ROL,1.67,953484,52736.95,18.08,USD
Holdings 12-31-08.xls,2008-12-31,12/31/2008,US FRANCHISE INDEX,60,100,57209042,RS LEGACY CORP,RSHCQ US,RSHCQ,1.67,953484,79856.28,11.94,USD
Holdings 12-31-08.xls,2008-12-31,12/31/2008,US FRANCHISE INDEX,60,100,57209042,RUBY TUESDAY INC,RT US,RT,1.67,953484,611207.72,1.56,USD
Holdings 12-31-08.xls,2008-12-31,12/31/2008,US FRANCHISE INDEX,60,100,57209042,RUTH'S HOSPITALITY GROUP INC,RUTH US,RUTH,1.67,953484,690930.46,1.38,USD
Holdings 12-31-08.xls,2008-12-31,12/31/2008,US FRANCHISE INDEX,60,100,57209042,SALLY BEAUTY HOLDINGS INC,SBH US,SBH,1.67,953484,167571.89,5.69,USD
Holdings 12-31-08.xls,2008-12-31,12/31/2008,US FRANCHISE INDEX,60,100,57209042,SNAP-ON INC,SNA US,SNA,1.67,953484,24212.39,39.38,USD
Holdings 12-31-08.xls,2008-12-31,12/31/2008,US FRANCHISE INDEX,60,100,57209042,SONIC CORP,SONC US,SONC,1.67,953484,78347.09,12.17,USD
Holdings 12-31-08.xls,2008-12-31,12/31/2008,US FRANCHISE INDEX,60,100,57209042,STARWOOD HOTELS & RESORTS WO,HOT US,HOT,1.67,953484,53267.26,17.9,USD
Holdings 12-31-08.xls,2008-12-31,12/31/2008,US FRANCHISE INDEX,60,100,57209042,TEXAS ROADHOUSE INC,TXRH US,TXRH,1.67,953484,123030.2,7.75,USD
Holdings 12-31-08.xls,2008-12-31,12/31/2008,US FRANCHISE INDEX,60,100,57209042,TIM HORTONS INC,THI US,THI,1.67,953484,33061.17,28.84,USD
Holdings 12-31-08.xls,2008-12-31,12/31/2008,US FRANCHISE INDEX,60,100,57209042,WEIGHT WATCHERS INTL INC,WTW US,WTW,1.67,953484,32409.38,29.42,USD
Holdings 12-31-08.xls,2008-12-31,12/31/2008,US FRANCHISE INDEX,60,100,57209042,WENDY'S CO/THE,WEN US,WEN,1.67,953484,193012.96,4.94,USD
Holdings 12-31-08.xls,2008-12-31,12/31/2008,US FRANCHISE INDEX,60,100,57209042,WINMARK CORP,WINA US,WINA,1.67,953484,82911.66,11.5,USD
Holdings 12-31-08.xls,2008-12-31,12/31/2008,US FRANCHISE INDEX,60,100,57209042,WYNDHAM WORLDWIDE CORP,WYN US,WYN,1.67,953484,145570.08,6.55,USD
Holdings 12-31-08.xls,2008-12-31,12/31/2008,US FRANCHISE INDEX,60,100,57209042,YUM! BRANDS INC,YUM US,YUM,1.67,953484,30269.33,31.5,USD
Holdings 12-31-09.xls,2009-12-31,12/31/2009,US FRANCHISE INDEX,61,100,140327628,1-800-FLOWERS.COM INC-CL A,FLWS US,FLWS,1.64,2300453,868095.44,2.65,USD
Holdings 12-31-09.xls,2009-12-31,12/31/2009,US FRANCHISE INDEX,61,100,140327628,AARON'S INC,AAN US,AAN,1.64,2300453,82958.99,27.73,USD
Holdings 12-31-09.xls,2009-12-31,12/31/2009,US FRANCHISE INDEX,61,100,140327628,AMERIPRISE FINANCIAL INC,AMP US,AMP,1.64,2300453,59259.48,38.82,USD
Holdings 12-31-09.xls,2009-12-31,12/31/2009,US FRANCHISE INDEX,61,100,140327628,AVIS BUDGET GROUP INC,CAR US,CAR,1.64,2300453,175339.4,13.12,USD
Holdings 12-31-09.xls,2009-12-31,12/31/2009,US FRANCHISE INDEX,61,100,140327628,BB LIQUIDATING INC,BLIAQ US,BLIAQ,1.64,2300453,3433511.74,0.67,USD
Holdings 12-31-09.xls,2009-12-31,12/31/2009,US FRANCHISE INDEX,61,100,140327628,BENIHANA INC,BNHN US,BNHN,1.64,2300453,547726.89,4.2,USD
Holdings 12-31-09.xls,2009-12-31,12/31/2009,US FRANCHISE INDEX,61,100,140327628,BIGLARI HOLDINGS INC,BH US,BH,1.64,2300453,7097.53,324.12,USD
Holdings 12-31-09.xls,2009-12-31,12/31/2009,US FRANCHISE INDEX,61,100,140327628,BRINKER INTERNATIONAL INC,EAT US,EAT,1.64,2300453,154185.85,14.92,USD
Holdings 12-31-09.xls,2009-12-31,12/31/2009,US FRANCHISE INDEX,61,100,140327628,BUFFALO WILD WINGS INC,BWLD US,BWLD,1.64,2300453,57125.72,40.27,USD
Holdings 12-31-09.xls,2009-12-31,12/31/2009,US FRANCHISE INDEX,61,100,140327628,BURGER KING HOLDINGS INC,BKC US,BKC,1.64,2300453,122234.48,18.82,USD
Holdings 12-31-09.xls,2009-12-31,12/31/2009,US FRANCHISE INDEX,61,100,140327628,CASEY'S GENERAL STORES INC,CASY US,CASY,1.64,2300453,72069.33,31.92,USD
Holdings 12-31-09.xls,2009-12-31,12/31/2009,US FRANCHISE INDEX,61,100,140327628,CASH AMERICA INTL INC,CSH US,CSH,1.64,2300453,65802.43,34.96,USD
Holdings 12-31-09.xls,2009-12-31,12/31/2009,US FRANCHISE INDEX,61,100,140327628,CEC ENTERTAINMENT INC,CEC US,CEC,1.64,2300453,72069.33,31.92,USD
Holdings 12-31-09.xls,2009-12-31,12/31/2009,US FRANCHISE INDEX,61,100,140327628,CHEMED CORP,CHE US,CHE,1.64,2300453,47956.08,47.97,USD
Holdings 12-31-09.xls,2009-12-31,12/31/2009,US FRANCHISE INDEX,61,100,140327628,CHOICE HOTELS INTL INC,CHH US,CHH,1.64,2300453,72661.18,31.66,USD
Holdings 12-31-09.xls,2009-12-31,12/31/2009,US FRANCHISE INDEX,61,100,140327628,CKE RESTAURANTS INC,CKR US,CKR,1.64,2300453,271921.15,8.46,USD
Holdings 12-31-09.xls,2009-12-31,12/31/2009,US FRANCHISE INDEX,61,100,140327628,DENNY'S CORP,DENN US,DENN,1.64,2300453,1050435.13,2.19,USD
Holdings 12-31-09.xls,2009-12-31,12/31/2009,US FRANCHISE INDEX,61,100,140327628,DINEEQUITY INC,DIN US,DIN,1.64,2300453,94707.82,24.29,USD
Holdings 12-31-09.xls,2009-12-31,12/31/2009,US FRANCHISE INDEX,61,100,140327628,DOLLAR THRIFTY AUTOMOTIVE GP,DTGF US,DTGF,1.64,2300453,89826.35,25.61,USD
Holdings 12-31-09.xls,2009-12-31,12/31/2009,US FRANCHISE INDEX,61,100,140327628,DOMINO'S PIZZA INC,DPZ US,DPZ,1.64,2300453,274517.06,8.38,USD
Holdings 12-31-09.xls,2009-12-31,12/31/2009,US FRANCHISE INDEX,61,100,140327628,EINSTEIN NOAH RESTAURANT GRO,BAGL US,BAGL,1.64,2300453,234023.7,9.83,USD
Holdings 12-31-09.xls,2009-12-31,12/31/2009,US FRANCHISE INDEX,61,100,140327628,FAMOUS DAVE'S OF AMERICA,DAVE US,DAVE,1.64,2300453,380240.15,6.05,USD
Holdings 12-31-09.xls,2009-12-31,12/31/2009,US FRANCHISE INDEX,61,100,140327628,FRISCH'S RESTAURANTS INC,FRS US,FRS,1.64,2300453,96455.05,23.85,USD
Holdings 12-31-09.xls,2009-12-31,12/31/2009,US FRANCHISE INDEX,61,100,140327628,H&R BLOCK INC,HRB US,HRB,1.64,2300453,101699.95,22.62,USD
Holdings 12-31-09.xls,2009-12-31,12/31/2009,US FRANCHISE INDEX,61,100,140327628,HERTZ GLOBAL HOLDINGS INC,HTZ US,HTZ,1.64,2300453,192991.02,11.92,USD
Holdings 12-31-09.xls,2009-12-31,12/31/2009,US FRANCHISE INDEX,61,100,140327628,HYATT HOTELS CORP - CL A,H US,H,1.64,2300453,77170.51,29.81,USD
Holdings 12-31-09.xls,2009-12-31,12/31/2009,US FRANCHISE INDEX,61,100,140327628,INTERCONTINENTAL HOTELS-ADR,IHG US,IHG,1.64,2300453,160087.19,14.37,USD
Holdings 12-31-09.xls,2009-12-31,12/31/2009,US FRANCHISE INDEX,61,100,140327628,JACK IN THE BOX INC,JACK US,JACK,1.64,2300453,116952.36,19.67,USD
Holdings 12-31-09.xls,2009-12-31,12/31/2009,US FRANCHISE INDEX,61,100,140327628,JAMBA INC,JMBA US,JMBA,1.64,2300453,1369317.22,1.68,USD
Holdings 12-31-09.xls,2009-12-31,12/31/2009,US FRANCHISE INDEX,61,100,140327628,KRISPY KREME DOUGHNUTS INC,KKD US,KKD,1.64,2300453,779814.55,2.95,USD
Holdings 12-31-09.xls,2009-12-31,12/31/2009,US FRANCHISE INDEX,61,100,140327628,LA-Z-BOY INC,LZB US,LZB,1.64,2300453,241390.65,9.53,USD
Holdings 12-31-09.xls,2009-12-31,12/31/2009,US FRANCHISE INDEX,61,100,140327628,LUBY'S INC,LUB US,LUB,1.64,2300453,625123.08,3.68,USD
Holdings 12-31-09.xls,2009-12-31,12/31/2009,US FRANCHISE INDEX,61,100,140327628,MARRIOTT INTERNATIONAL -CL A,MAR US,MAR,1.64,2300453,84420.29,27.25,USD
Holdings 12-31-09.xls,2009-12-31,12/31/2009,US FRANCHISE INDEX,61,100,140327628,MCDONALD'S CORP,MCD US,MCD,1.64,2300453,36842.62,62.44,USD
Holdings 12-31-09.xls,2009-12-31,12/31/2009,US FRANCHISE INDEX,61,100,140327628,MIDAS INC,MDS US,MDS,1.64,2300453,272242.95,8.45,USD
Holdings 12-31-09.xls,2009-12-31,12/31/2009,US FRANCHISE INDEX,61,100,140327628,MTY FOOD GROUP INC,MTYFF US,MTYFF,1.64,2300453,268430.91,8.57,USD
Holdings 12-31-09.xls,2009-12-31,12/31/2009,US FRANCHISE INDEX,61,100,140327628,NATHAN'S FAMOUS INC,NATH US,NATH,1.64,2300453,150750.52,15.26,USD
Holdings 12-31-09.xls,2009-12-31,12/31/2009,US FRANCHISE INDEX,61,100,140327628,O'CHARLEYS INC,CHUX US,CHUX,1.64,2300453,351214.19,6.55,USD
Holdings 12-31-09.xls,2009-12-31,12/31/2009,US FRANCHISE INDEX,61,100,140327628,PANERA BREAD COMPANY-CLASS A,PNRA US,PNRA,1.64,2300453,34350.5,66.97,USD
Holdings 12-31-09.xls,2009-12-31,12/31/2009,US FRANCHISE INDEX,61,100,140327628,PAPA JOHN'S INTL INC,PZZA US,PZZA,1.64,2300453,98478.29,23.36,USD
Holdings 12-31-09.xls,2009-12-31,12/31/2009,US FRANCHISE INDEX,61,100,140327628,POPEYES LOUISIANA KITCHEN IN,PLKI US,PLKI,1.64,2300453,281918.25,8.16,USD
Holdings 12-31-09.xls,2009-12-31,12/31/2009,US FRANCHISE INDEX,61,100,140327628,RED LION HOTELS CORP,RLH US,RLH,1.64,2300453,465678.73,4.94,USD
Holdings 12-31-09.xls,2009-12-31,12/31/2009,US FRANCHISE INDEX,61,100,140327628,RED ROBIN GOURMET BURGERS,RRGB US,RRGB,1.64,2300453,128516.92,17.9,USD
Holdings 12-31-09.xls,2009-12-31,12/31/2009,US FRANCHISE INDEX,61,100,140327628,REGIS CORP,RGS US,RGS,1.64,2300453,147749.06,15.57,USD
Holdings 12-31-09.xls,2009-12-31,12/31/2009,US FRANCHISE INDEX,61,100,140327628,RENT-A-CENTER INC,RCII US,RCII,1.64,2300453,129822.4,17.72,USD
Holdings 12-31-09.xls,2009-12-31,12/31/2009,US FRANCHISE INDEX,61,100,140327628,ROCKY MOUNTAIN CHOC FACT INC,RMCF US,RMCF,1.64,2300453,284006.53,8.1,USD
Holdings 12-31-09.xls,2009-12-31,12/31/2009,US FRANCHISE INDEX,61,100,140327628,ROLLINS INC,ROL US,ROL,1.64,2300453,119318.1,19.28,USD
Holdings 12-31-09.xls,2009-12-31,12/31/2009,US FRANCHISE INDEX,61,100,140327628,RS LEGACY CORP,RSHCQ US,RSHCQ,1.64,2300453,117971.94,19.5,USD
Holdings 12-31-09.xls,2009-12-31,12/31/2009,US FRANCHISE INDEX,61,100,140327628,RUBY TUESDAY INC,RT US,RT,1.64,2300453,319507.35,7.2,USD
Holdings 12-31-09.xls,2009-12-31,12/31/2009,US FRANCHISE INDEX,61,100,140327628,RUTH'S HOSPITALITY GROUP INC,RUTH US,RUTH,1.64,2300453,1100695.18,2.09,USD
Holdings 12-31-09.xls,2009-12-31,12/31/2009,US FRANCHISE INDEX,61,100,140327628,SALLY BEAUTY HOLDINGS INC,SBH US,SBH,1.64,2300453,300712.8,7.65,USD
Holdings 12-31-09.xls,2009-12-31,12/31/2009,US FRANCHISE INDEX,61,100,140327628,SNAP-ON INC,SNA US,SNA,1.64,2300453,54435.71,42.26,USD
Holdings 12-31-09.xls,2009-12-31,12/31/2009,US FRANCHISE INDEX,61,100,140327628,SONIC CORP,SONC US,SONC,1.64,2300453,228446.17,10.07,USD
Holdings 12-31-09.xls,2009-12-31,12/31/2009,US FRANCHISE INDEX,61,100,140327628,STARWOOD HOTELS & RESORTS WO,HOT US,HOT,1.64,2300453,62905.47,36.57,USD
Holdings 12-31-09.xls,2009-12-31,12/31/2009,US FRANCHISE INDEX,61,100,140327628,TEXAS ROADHOUSE INC,TXRH US,TXRH,1.64,2300453,204848.88,11.23,USD
Holdings 12-31-09.xls,2009-12-31,12/31/2009,US FRANCHISE INDEX,61,100,140327628,TIM HORTONS INC,THI US,THI,1.64,2300453,75399.96,30.51,USD
Holdings 12-31-09.xls,2009-12-31,12/31/2009,US FRANCHISE INDEX,61,100,140327628,WEIGHT WATCHERS INTL INC,WTW US,WTW,1.64,2300453,78890.7,29.16,USD
Holdings 12-31-09.xls,2009-12-31,12/31/2009,US FRANCHISE INDEX,61,100,140327628,WENDY'S CO/THE,WEN US,WEN,1.64,2300453,490501.69,4.69,USD
Holdings 12-31-09.xls,2009-12-31,12/31/2009,US FRANCHISE INDEX,61,100,140327628,WINMARK CORP,WINA US,WINA,1.64,2300453,104328.93,22.05,USD
Holdings 12-31-09.xls,2009-12-31,12/31/2009,US FRANCHISE INDEX,61,100,140327628,WYNDHAM WORLDWIDE CORP,WYN US,WYN,1.64,2300453,114053.19,20.17,USD
Holdings 12-31-09.xls,2009-12-31,12/31/2009,US FRANCHISE INDEX,61,100,140327628,YUM! BRANDS INC,YUM US,YUM,1.64,2300453,65783.61,34.97,USD
Holdings 12-31-10.xls,2010-12-31,12/31/2010,US FRANCHISE INDEX,59,100,159573118,1-800-FLOWERS.COM INC-CL A,FLWS US,FLWS,1.69,2704629,1005438.33,2.69,USD
Holdings 12-31-10.xls,2010-12-31,12/31/2010,US FRANCHISE INDEX,59,100,159573118,AARON'S INC,AAN US,AAN,1.69,2704629,132644.88,20.39,USD
Holdings 12-31-10.xls,2010-12-31,12/31/2010,US FRANCHISE INDEX,59,100,159573118,AMERIPRISE FINANCIAL INC,AMP US,AMP,1.69,2704629,46996.16,57.55,USD
Holdings 12-31-10.xls,2010-12-31,12/31/2010,US FRANCHISE INDEX,59,100,159573118,AVIS BUDGET GROUP INC,CAR US,CAR,1.69,2704629,173819.35,15.56,USD
Holdings 12-31-10.xls,2010-12-31,12/31/2010,US FRANCHISE INDEX,59,100,159573118,BB LIQUIDATING INC,BLIAQ US,BLIAQ,1.69,2704629,17010246.61,0.16,USD
Holdings 12-31-10.xls,2010-12-31,12/31/2010,US FRANCHISE INDEX,59,100,159573118,BENIHANA INC,BNHN US,BNHN,1.69,2704629,334317.57,8.09,USD
Holdings 12-31-10.xls,2010-12-31,12/31/2010,US FRANCHISE INDEX,59,100,159573118,BIGLARI HOLDINGS INC,BH US,BH,1.69,2704629,6593.28,410.21,USD
Holdings 12-31-10.xls,2010-12-31,12/31/2010,US FRANCHISE INDEX,59,100,159573118,BRINKER INTERNATIONAL INC,EAT US,EAT,1.69,2704629,129532.05,20.88,USD
Holdings 12-31-10.xls,2010-12-31,12/31/2010,US FRANCHISE INDEX,59,100,159573118,BUFFALO WILD WINGS INC,BWLD US,BWLD,1.69,2704629,61679.11,43.85,USD
Holdings 12-31-10.xls,2010-12-31,12/31/2010,US FRANCHISE INDEX,59,100,159573118,CASEY'S GENERAL STORES INC,CASY US,CASY,1.69,2704629,63623.36,42.51,USD
Holdings 12-31-10.xls,2010-12-31,12/31/2010,US FRANCHISE INDEX,59,100,159573118,CASH AMERICA INTL INC,CSH US,CSH,1.69,2704629,73236.64,36.93,USD
Holdings 12-31-10.xls,2010-12-31,12/31/2010,US FRANCHISE INDEX,59,100,159573118,CEC ENTERTAINMENT INC,CEC US,CEC,1.69,2704629,69653.08,38.83,USD
Holdings 12-31-10.xls,2010-12-31,12/31/2010,US FRANCHISE INDEX,59,100,159573118,CHEMED CORP,CHE US,CHE,1.69,2704629,42585.88,63.51,USD
Holdings 12-31-10.xls,2010-12-31,12/31/2010,US FRANCHISE INDEX,59,100,159573118,CHOICE HOTELS INTL INC,CHH US,CHH,1.69,2704629,70672.31,38.27,USD
Holdings 12-31-10.xls,2010-12-31,12/31/2010,US FRANCHISE INDEX,59,100,159573118,DENNY'S CORP,DENN US,DENN,1.69,2704629,755482.99,3.58,USD
Holdings 12-31-10.xls,2010-12-31,12/31/2010,US FRANCHISE INDEX,59,100,159573118,DINEEQUITY INC,DIN US,DIN,1.69,2704629,54771.75,49.38,USD
Holdings 12-31-10.xls,2010-12-31,12/31/2010,US FRANCHISE INDEX,59,100,159573118,DOLLAR THRIFTY AUTOMOTIVE GP,DTGF US,DTGF,1.69,2704629,57228.72,47.26,USD
Holdings 12-31-10.xls,2010-12-31,12/31/2010,US FRANCHISE INDEX,59,100,159573118,DOMINO'S PIZZA INC,DPZ US,DPZ,1.69,2704629,169569.22,15.95,USD
Holdings 12-31-10.xls,2010-12-31,12/31/2010,US FRANCHISE INDEX,59,100,159573118,EINSTEIN NOAH RESTAURANT GRO,BAGL US,BAGL,1.69,2704629,192500.29,14.05,USD
Holdings 12-31-10.xls,2010-12-31,12/31/2010,US FRANCHISE INDEX,59,100,159573118,FAMOUS DAVE'S OF AMERICA,DAVE US,DAVE,1.69,2704629,242567.63,11.15,USD
Holdings 12-31-10.xls,2010-12-31,12/31/2010,US FRANCHISE INDEX,59,100,159573118,FRISCH'S RESTAURANTS INC,FRS US,FRS,1.69,2704629,121175.14,22.32,USD
Holdings 12-31-10.xls,2010-12-31,12/31/2010,US FRANCHISE INDEX,59,100,159573118,H&R BLOCK INC,HRB US,HRB,1.69,2704629,227088.93,11.91,USD
Holdings 12-31-10.xls,2010-12-31,12/31/2010,US FRANCHISE INDEX,59,100,159573118,HERTZ GLOBAL HOLDINGS INC,HTZ US,HTZ,1.69,2704629,186654.87,14.49,USD
Holdings 12-31-10.xls,2010-12-31,12/31/2010,US FRANCHISE INDEX,59,100,159573118,HYATT HOTELS CORP - CL A,H US,H,1.69,2704629,59104.66,45.76,USD
Holdings 12-31-10.xls,2010-12-31,12/31/2010,US FRANCHISE INDEX,59,100,159573118,INTERCONTINENTAL HOTELS-ADR,IHG US,IHG,1.69,2704629,137082.06,19.73,USD
Holdings 12-31-10.xls,2010-12-31,12/31/2010,US FRANCHISE INDEX,59,100,159573118,JACK IN THE BOX INC,JACK US,JACK,1.69,2704629,127999.48,21.13,USD
Holdings 12-31-10.xls,2010-12-31,12/31/2010,US FRANCHISE INDEX,59,100,159573118,JAMBA INC,JMBA US,JMBA,1.69,2704629,1191466.57,2.27,USD
Holdings 12-31-10.xls,2010-12-31,12/31/2010,US FRANCHISE INDEX,59,100,159573118,KRISPY KREME DOUGHNUTS INC,KKD US,KKD,1.69,2704629,387482.68,6.98,USD
Holdings 12-31-10.xls,2010-12-31,12/31/2010,US FRANCHISE INDEX,59,100,159573118,LA-Z-BOY INC,LZB US,LZB,1.69,2704629,299848.02,9.02,USD
Holdings 12-31-10.xls,2010-12-31,12/31/2010,US FRANCHISE INDEX,59,100,159573118,LUBY'S INC,LUB US,LUB,1.69,2704629,431360.31,6.27,USD
Holdings 12-31-10.xls,2010-12-31,12/31/2010,US FRANCHISE INDEX,59,100,159573118,MARRIOTT INTERNATIONAL -CL A,MAR US,MAR,1.69,2704629,65109.03,41.54,USD
Holdings 12-31-10.xls,2010-12-31,12/31/2010,US FRANCHISE INDEX,59,100,159573118,MCDONALD'S CORP,MCD US,MCD,1.69,2704629,35234.88,76.76,USD
Holdings 12-31-10.xls,2010-12-31,12/31/2010,US FRANCHISE INDEX,59,100,159573118,MIDAS INC,MDS US,MDS,1.69,2704629,333493.11,8.11,USD
Holdings 12-31-10.xls,2010-12-31,12/31/2010,US FRANCHISE INDEX,59,100,159573118,MTY FOOD GROUP INC,MTYFF US,MTYFF,1.69,2704629,187212.12,14.45,USD
Holdings 12-31-10.xls,2010-12-31,12/31/2010,US FRANCHISE INDEX,59,100,159573118,NATHAN'S FAMOUS INC,NATH US,NATH,1.69,2704629,160512.11,16.85,USD
Holdings 12-31-10.xls,2010-12-31,12/31/2010,US FRANCHISE INDEX,59,100,159573118,O'CHARLEYS INC,CHUX US,CHUX,1.69,2704629,375642.93,7.2,USD
Holdings 12-31-10.xls,2010-12-31,12/31/2010,US FRANCHISE INDEX,59,100,159573118,PANERA BREAD COMPANY-CLASS A,PNRA US,PNRA,1.69,2704629,26722.94,101.21,USD
Holdings 12-31-10.xls,2010-12-31,12/31/2010,US FRANCHISE INDEX,59,100,159573118,PAPA JOHN'S INTL INC,PZZA US,PZZA,1.69,2704629,97640.04,27.7,USD
Holdings 12-31-10.xls,2010-12-31,12/31/2010,US FRANCHISE INDEX,59,100,159573118,POPEYES LOUISIANA KITCHEN IN,PLKI US,PLKI,1.69,2704629,194577.63,13.9,USD
Holdings 12-31-10.xls,2010-12-31,12/31/2010,US FRANCHISE INDEX,59,100,159573118,RED LION HOTELS CORP,RLH US,RLH,1.69,2704629,338925.95,7.98,USD
Holdings 12-31-10.xls,2010-12-31,12/31/2010,US FRANCHISE INDEX,59,100,159573118,RED ROBIN GOURMET BURGERS,RRGB US,RRGB,1.69,2704629,125972.48,21.47,USD
Holdings 12-31-10.xls,2010-12-31,12/31/2010,US FRANCHISE INDEX,59,100,159573118,REGIS CORP,RGS US,RGS,1.69,2704629,162929.46,16.6,USD
Holdings 12-31-10.xls,2010-12-31,12/31/2010,US FRANCHISE INDEX,59,100,159573118,RENT-A-CENTER INC,RCII US,RCII,1.69,2704629,83786.53,32.28,USD
Holdings 12-31-10.xls,2010-12-31,12/31/2010,US FRANCHISE INDEX,59,100,159573118,ROCKY MOUNTAIN CHOC FACT INC,RMCF US,RMCF,1.69,2704629,279982.31,9.66,USD
Holdings 12-31-10.xls,2010-12-31,12/31/2010,US FRANCHISE INDEX,59,100,159573118,ROLLINS INC,ROL US,ROL,1.69,2704629,136943.25,19.75,USD
Holdings 12-31-10.xls,2010-12-31,12/31/2010,US FRANCHISE INDEX,59,100,159573118,RS LEGACY CORP,RSHCQ US,RSHCQ,1.69,2704629,146275.24,18.49,USD
Holdings 12-31-10.xls,2010-12-31,12/31/2010,US FRANCHISE INDEX,59,100,159573118,RUBY TUESDAY INC,RT US,RT,1.69,2704629,207092.58,13.06,USD
Holdings 12-31-10.xls,2010-12-31,12/31/2010,US FRANCHISE INDEX,59,100,159573118,RUTH'S HOSPITALITY GROUP INC,RUTH US,RUTH,1.69,2704629,584153.16,4.63,USD
Holdings 12-31-10.xls,2010-12-31,12/31/2010,US FRANCHISE INDEX,59,100,159573118,SALLY BEAUTY HOLDINGS INC,SBH US,SBH,1.69,2704629,186141.03,14.53,USD
Holdings 12-31-10.xls,2010-12-31,12/31/2010,US FRANCHISE INDEX,59,100,159573118,SNAP-ON INC,SNA US,SNA,1.69,2704629,47801.86,56.58,USD
Holdings 12-31-10.xls,2010-12-31,12/31/2010,US FRANCHISE INDEX,59,100,159573118,SONIC CORP,SONC US,SONC,1.69,2704629,267255.84,10.12,USD
Holdings 12-31-10.xls,2010-12-31,12/31/2010,US FRANCHISE INDEX,59,100,159573118,STARWOOD HOTELS & RESORTS WO,HOT US,HOT,1.69,2704629,44498.67,60.78,USD
Holdings 12-31-10.xls,2010-12-31,12/31/2010,US FRANCHISE INDEX,59,100,159573118,TEXAS ROADHOUSE INC,TXRH US,TXRH,1.69,2704629,157520.62,17.17,USD
Holdings 12-31-10.xls,2010-12-31,12/31/2010,US FRANCHISE INDEX,59,100,159573118,TIM HORTONS INC,THI US,THI,1.69,2704629,65598.57,41.23,USD
Holdings 12-31-10.xls,2010-12-31,12/31/2010,US FRANCHISE INDEX,59,100,159573118,WEIGHT WATCHERS INTL INC,WTW US,WTW,1.69,2704629,72142.68,37.49,USD
Holdings 12-31-10.xls,2010-12-31,12/31/2010,US FRANCHISE INDEX,59,100,159573118,WENDY'S CO/THE,WEN US,WEN,1.69,2704629,585417.56,4.62,USD
Holdings 12-31-10.xls,2010-12-31,12/31/2010,US FRANCHISE INDEX,59,100,159573118,WINMARK CORP,WINA US,WINA,1.69,2704629,80399.2,33.64,USD
Holdings 12-31-10.xls,2010-12-31,12/31/2010,US FRANCHISE INDEX,59,100,159573118,WYNDHAM WORLDWIDE CORP,WYN US,WYN,1.69,2704629,90274.67,29.96,USD
Holdings 12-31-10.xls,2010-12-31,12/31/2010,US FRANCHISE INDEX,59,100,159573118,YUM! BRANDS INC,YUM US,YUM,1.69,2704629,55140.25,49.05,USD
Holdings 12-31-11.xls,2011-12-31,12/30/2011,US FRANCHISE INDEX,60,100,132786657,1-800-FLOWERS.COM INC-CL A,FLWS US,FLWS,1.25,1658837,754016.85,2.2,USD
Holdings 12-31-11.xls,2011-12-31,12/30/2011,US FRANCHISE INDEX,60,100,132786657,AARON'S INC,AAN US,AAN,1.66,2209189,82803.19,26.68,USD
Holdings 12-31-11.xls,2011-12-31,12/30/2011,US FRANCHISE INDEX,60,100,132786657,AMERIPRISE FINANCIAL INC,AMP US,AMP,1.53,2031075,40916.09,49.64,USD
Holdings 12-31-11.xls,2011-12-31,12/30/2011,US FRANCHISE INDEX,60,100,132786657,AVIS BUDGET GROUP INC,CAR US,CAR,1.1,1466208,136773.1,10.72,USD
Holdings 12-31-11.xls,2011-12-31,12/30/2011,US FRANCHISE INDEX,60,100,132786657,BB LIQUIDATING INC,BLIAQ US,BLIAQ,0.36,483827,50267788.67,0.01,USD
Holdings 12-31-11.xls,2011-12-31,12/30/2011,US FRANCHISE INDEX,60,100,132786657,BENIHANA INC,BNHN US,BNHN,1.73,2294831,224323.63,10.23,USD
Holdings 12-31-11.xls,2011-12-31,12/30/2011,US FRANCHISE INDEX,60,100,132786657,BIGLARI HOLDINGS INC,BH US,BH,1.66,2201108,5977.37,368.24,USD
Holdings 12-31-11.xls,2011-12-31,12/30/2011,US FRANCHISE INDEX,60,100,132786657,BRINKER INTERNATIONAL INC,EAT US,EAT,1.95,2593491,96916.71,26.76,USD
Holdings 12-31-11.xls,2011-12-31,12/30/2011,US FRANCHISE INDEX,60,100,132786657,BUFFALO WILD WINGS INC,BWLD US,BWLD,1.79,2379753,35250.37,67.51,USD
Holdings 12-31-11.xls,2011-12-31,12/30/2011,US FRANCHISE INDEX,60,100,132786657,CASEY'S GENERAL STORES INC,CASY US,CASY,2.07,2753905,53463.5,51.51,USD
Holdings 12-31-11.xls,2011-12-31,12/30/2011,US FRANCHISE INDEX,60,100,132786657,CASH AMERICA INTL INC,CSH US,CSH,1.42,1885833,40442.48,46.63,USD
Holdings 12-31-11.xls,2011-12-31,12/30/2011,US FRANCHISE INDEX,60,100,132786657,CEC ENTERTAINMENT INC,CEC US,CEC,1.53,2034939,59069.36,34.45,USD
Holdings 12-31-11.xls,2011-12-31,12/30/2011,US FRANCHISE INDEX,60,100,132786657,CHEMED CORP,CHE US,CHE,1.38,1837248,35876.74,51.21,USD
Holdings 12-31-11.xls,2011-12-31,12/30/2011,US FRANCHISE INDEX,60,100,132786657,CHOICE HOTELS INTL INC,CHH US,CHH,2.03,2695244,70834.27,38.05,USD
Holdings 12-31-11.xls,2011-12-31,12/30/2011,US FRANCHISE INDEX,60,100,132786657,DENNY'S CORP,DENN US,DENN,1.71,2265160,602436.14,3.76,USD
Holdings 12-31-11.xls,2011-12-31,12/30/2011,US FRANCHISE INDEX,60,100,132786657,DINEEQUITY INC,DIN US,DIN,1.42,1887581,44718.81,42.21,USD
Holdings 12-31-11.xls,2011-12-31,12/30/2011,US FRANCHISE INDEX,60,100,132786657,DOLLAR THRIFTY AUTOMOTIVE GP,DTGF US,DTGF,1.68,2227141,31698.57,70.26,USD
Holdings 12-31-11.xls,2011-12-31,12/30/2011,US FRANCHISE INDEX,60,100,132786657,DOMINO'S PIZZA INC,DPZ US,DPZ,2.37,3144077,92609.04,33.95,USD
Holdings 12-31-11.xls,2011-12-31,12/30/2011,US FRANCHISE INDEX,60,100,132786657,EINSTEIN NOAH RESTAURANT GRO,BAGL US,BAGL,1.89,2514964,158973.73,15.82,USD
Holdings 12-31-11.xls,2011-12-31,12/30/2011,US FRANCHISE INDEX,60,100,132786657,FAMOUS DAVE'S OF AMERICA,DAVE US,DAVE,1.83,2423852,233511.71,10.38,USD
Holdings 12-31-11.xls,2011-12-31,12/30/2011,US FRANCHISE INDEX,60,100,132786657,FRISCH'S RESTAURANTS INC,FRS US,FRS,1.5,1986133,101748.62,19.52,USD
Holdings 12-31-11.xls,2011-12-31,12/30/2011,US FRANCHISE INDEX,60,100,132786657,GNC HOLDINGS INC-CL A,GNC US,GNC,2.34,3102670,107173.42,28.95,USD
Holdings 12-31-11.xls,2011-12-31,12/30/2011,US FRANCHISE INDEX,60,100,132786657,H&R BLOCK INC,HRB US,HRB,1.84,2438073,149300.25,16.33,USD
Holdings 12-31-11.xls,2011-12-31,12/30/2011,US FRANCHISE INDEX,60,100,132786657,HERTZ GLOBAL HOLDINGS INC,HTZ US,HTZ,1.3,1725122,147194.72,11.72,USD
Holdings 12-31-11.xls,2011-12-31,12/30/2011,US FRANCHISE INDEX,60,100,132786657,HYATT HOTELS CORP - CL A,H US,H,1.62,2155358,57262.43,37.64,USD
Holdings 12-31-11.xls,2011-12-31,12/30/2011,US FRANCHISE INDEX,60,100,132786657,INTERCONTINENTAL HOTELS-ADR,IHG US,IHG,1.55,2054467,114200.48,17.99,USD
Holdings 12-31-11.xls,2011-12-31,12/30/2011,US FRANCHISE INDEX,60,100,132786657,JACK IN THE BOX INC,JACK US,JACK,1.62,2144546,102609.84,20.9,USD
Holdings 12-31-11.xls,2011-12-31,12/30/2011,US FRANCHISE INDEX,60,100,132786657,JAMBA INC,JMBA US,JMBA,1.08,1430870,1092267.4,1.31,USD
Holdings 12-31-11.xls,2011-12-31,12/30/2011,US FRANCHISE INDEX,60,100,132786657,KRISPY KREME DOUGHNUTS INC,KKD US,KKD,1.21,1607459,245788.88,6.54,USD
Holdings 12-31-11.xls,2011-12-31,12/30/2011,US FRANCHISE INDEX,60,100,132786657,LA-Z-BOY INC,LZB US,LZB,2.12,2818205,236823.93,11.9,USD
Holdings 12-31-11.xls,2011-12-31,12/30/2011,US FRANCHISE INDEX,60,100,132786657,LUBY'S INC,LUB US,LUB,1.44,1909766,423451.49,4.51,USD
Holdings 12-31-11.xls,2011-12-31,12/30/2011,US FRANCHISE INDEX,60,100,132786657,MARRIOTT INTERNATIONAL -CL A,MAR US,MAR,1.55,2052684,70369.7,29.17,USD
Holdings 12-31-11.xls,2011-12-31,12/30/2011,US FRANCHISE INDEX,60,100,132786657,MCDONALD'S CORP,MCD US,MCD,2.12,2820929,28116.5,100.33,USD
Holdings 12-31-11.xls,2011-12-31,12/30/2011,US FRANCHISE INDEX,60,100,132786657,MIDAS INC,MDS US,MDS,2.39,3177012,369850.04,8.59,USD
Holdings 12-31-11.xls,2011-12-31,12/30/2011,US FRANCHISE INDEX,60,100,132786657,MTY FOOD GROUP INC,MTYFF US,MTYFF,1.73,2297112,157703.7,14.57,USD
Holdings 12-31-11.xls,2011-12-31,12/30/2011,US FRANCHISE INDEX,60,100,132786657,NATHAN'S FAMOUS INC,NATH US,NATH,1.96,2603776,123871.34,21.02,USD
Holdings 12-31-11.xls,2011-12-31,12/30/2011,US FRANCHISE INDEX,60,100,132786657,O'CHARLEYS INC,CHUX US,CHUX,1.32,1755487,319760.91,5.49,USD
Holdings 12-31-11.xls,2011-12-31,12/30/2011,US FRANCHISE INDEX,60,100,132786657,PANERA BREAD COMPANY-CLASS A,PNRA US,PNRA,1.98,2631168,18601.4,141.45,USD
Holdings 12-31-11.xls,2011-12-31,12/30/2011,US FRANCHISE INDEX,60,100,132786657,PAPA JOHN'S INTL INC,PZZA US,PZZA,1.99,2648082,70278.18,37.68,USD
Holdings 12-31-11.xls,2011-12-31,12/30/2011,US FRANCHISE INDEX,60,100,132786657,POPEYES LOUISIANA KITCHEN IN,PLKI US,PLKI,1.57,2088787,142094.36,14.7,USD
Holdings 12-31-11.xls,2011-12-31,12/30/2011,US FRANCHISE INDEX,60,100,132786657,RED LION HOTELS CORP,RLH US,RLH,1.54,2050449,295880.03,6.93,USD
Holdings 12-31-11.xls,2011-12-31,12/30/2011,US FRANCHISE INDEX,60,100,132786657,RED ROBIN GOURMET BURGERS,RRGB US,RRGB,1.34,1779753,64251.02,27.7,USD
Holdings 12-31-11.xls,2011-12-31,12/30/2011,US FRANCHISE INDEX,60,100,132786657,REGIS CORP,RGS US,RGS,1.92,2544839,153766.68,16.55,USD
Holdings 12-31-11.xls,2011-12-31,12/30/2011,US FRANCHISE INDEX,60,100,132786657,RENT-A-CENTER INC,RCII US,RCII,2.15,2858383,77253.61,37,USD
Holdings 12-31-11.xls,2011-12-31,12/30/2011,US FRANCHISE INDEX,60,100,132786657,ROCKY MOUNTAIN CHOC FACT INC,RMCF US,RMCF,1.56,2066468,241975.22,8.54,USD
Holdings 12-31-11.xls,2011-12-31,12/30/2011,US FRANCHISE INDEX,60,100,132786657,ROLLINS INC,ROL US,ROL,1.93,2567191,115535.14,22.22,USD
Holdings 12-31-11.xls,2011-12-31,12/30/2011,US FRANCHISE INDEX,60,100,132786657,RS LEGACY CORP,RSHCQ US,RSHCQ,1.34,1782464,183569.88,9.71,USD
Holdings 12-31-11.xls,2011-12-31,12/30/2011,US FRANCHISE INDEX,60,100,132786657,RUBY TUESDAY INC,RT US,RT,1.13,1496143,216832.3,6.9,USD
Holdings 12-31-11.xls,2011-12-31,12/30/2011,US FRANCHISE INDEX,60,100,132786657,RUTH'S HOSPITALITY GROUP INC,RUTH US,RUTH,1.56,2070791,416658.15,4.97,USD
Holdings 12-31-11.xls,2011-12-31,12/30/2011,US FRANCHISE INDEX,60,100,132786657,SALLY BEAUTY HOLDINGS INC,SBH US,SBH,2.18,2888325,136693.11,21.13,USD
Holdings 12-31-11.xls,2011-12-31,12/30/2011,US FRANCHISE INDEX,60,100,132786657,SNAP-ON INC,SNA US,SNA,1.44,1918739,37904.77,50.62,USD
Holdings 12-31-11.xls,2011-12-31,12/30/2011,US FRANCHISE INDEX,60,100,132786657,SONIC CORP,SONC US,SONC,1.11,1479873,219892.03,6.73,USD
Holdings 12-31-11.xls,2011-12-31,12/30/2011,US FRANCHISE INDEX,60,100,132786657,STARWOOD HOTELS & RESORTS WO,HOT US,HOT,1.52,2022861,42169.29,47.97,USD
Holdings 12-31-11.xls,2011-12-31,12/30/2011,US FRANCHISE INDEX,60,100,132786657,TEXAS ROADHOUSE INC,TXRH US,TXRH,1.51,2008945,134828.51,14.9,USD
Holdings 12-31-11.xls,2011-12-31,12/30/2011,US FRANCHISE INDEX,60,100,132786657,TIM HORTONS INC,THI US,THI,1.76,2335429,48232.73,48.42,USD
Holdings 12-31-11.xls,2011-12-31,12/30/2011,US FRANCHISE INDEX,60,100,132786657,WEIGHT WATCHERS INTL INC,WTW US,WTW,1.29,1714152,31160.73,55.01,USD
Holdings 12-31-11.xls,2011-12-31,12/30/2011,US FRANCHISE INDEX,60,100,132786657,WENDY'S CO/THE,WEN US,WEN,1.88,2491495,464831.25,5.36,USD
Holdings 12-31-11.xls,2011-12-31,12/30/2011,US FRANCHISE INDEX,60,100,132786657,WINMARK CORP,WINA US,WINA,2.33,3098894,54015.94,57.37,USD
Holdings 12-31-11.xls,2011-12-31,12/30/2011,US FRANCHISE INDEX,60,100,132786657,WYNDHAM WORLDWIDE CORP,WYN US,WYN,2,2653276,70136.81,37.83,USD
Holdings 12-31-11.xls,2011-12-31,12/30/2011,US FRANCHISE INDEX,60,100,132786657,YUM! BRANDS INC,YUM US,YUM,1.9,2522218,42742.21,59.01,USD
Holdings 12-31-12.xls,2012-12-31,12/28/2012,US FRANCHISE INDEX,59,100,109459574,1-800-FLOWERS.COM INC-CL A,FLWS US,FLWS,1.6,1748773,502520.86,3.48,USD
Holdings 12-31-12.xls,2012-12-31,12/28/2012,US FRANCHISE INDEX,59,100,109459574,AARON'S INC,AAN US,AAN,1.59,1740571,62950.13,27.65,USD
Holdings 12-31-12.xls,2012-12-31,12/28/2012,US FRANCHISE INDEX,59,100,109459574,AMERIPRISE FINANCIAL INC,AMP US,AMP,1.99,2176894,35003.92,62.19,USD
Holdings 12-31-12.xls,2012-12-31,12/28/2012,US FRANCHISE INDEX,59,100,109459574,AVIS BUDGET GROUP INC,CAR US,CAR,2.07,2262050,116720.85,19.38,USD
Holdings 12-31-12.xls,2012-12-31,12/28/2012,US FRANCHISE INDEX,59,100,109459574,BB LIQUIDATING INC,BLIAQ US,BLIAQ,1.6,1753227,108727242.16,0.02,USD
Holdings 12-31-12.xls,2012-12-31,12/28/2012,US FRANCHISE INDEX,59,100,109459574,BIGLARI HOLDINGS INC,BH US,BH,1.62,1768634,4611.82,383.5,USD
Holdings 12-31-12.xls,2012-12-31,12/28/2012,US FRANCHISE INDEX,59,100,109459574,BRINKER INTERNATIONAL INC,EAT US,EAT,1.58,1733420,57039.15,30.39,USD
Holdings 12-31-12.xls,2012-12-31,12/28/2012,US FRANCHISE INDEX,59,100,109459574,BUFFALO WILD WINGS INC,BWLD US,BWLD,1.36,1493581,20761.48,71.94,USD
Holdings 12-31-12.xls,2012-12-31,12/28/2012,US FRANCHISE INDEX,59,100,109459574,CASEY'S GENERAL STORES INC,CASY US,CASY,1.44,1580305,30326.33,52.11,USD
Holdings 12-31-12.xls,2012-12-31,12/28/2012,US FRANCHISE INDEX,59,100,109459574,CASH AMERICA INTL INC,CSH US,CSH,1.45,1585137,40801.48,38.85,USD
Holdings 12-31-12.xls,2012-12-31,12/28/2012,US FRANCHISE INDEX,59,100,109459574,CEC ENTERTAINMENT INC,CEC US,CEC,1.46,1597435,49625.21,32.19,USD
Holdings 12-31-12.xls,2012-12-31,12/28/2012,US FRANCHISE INDEX,59,100,109459574,CHEMED CORP,CHE US,CHE,1.8,1974004,29453.95,67.02,USD
Holdings 12-31-12.xls,2012-12-31,12/28/2012,US FRANCHISE INDEX,59,100,109459574,CHOICE HOTELS INTL INC,CHH US,CHH,1.84,2013545,60557.74,33.25,USD
Holdings 12-31-12.xls,2012-12-31,12/28/2012,US FRANCHISE INDEX,59,100,109459574,DENNY'S CORP,DENN US,DENN,1.64,1797776,377684.1,4.76,USD
Holdings 12-31-12.xls,2012-12-31,12/28/2012,US FRANCHISE INDEX,59,100,109459574,DINEEQUITY INC,DIN US,DIN,2.44,2676228,40469.2,66.13,USD
Holdings 12-31-12.xls,2012-12-31,12/28/2012,US FRANCHISE INDEX,59,100,109459574,DOMINO'S PIZZA INC,DPZ US,DPZ,2.26,2471024,57964.44,42.63,USD
Holdings 12-31-12.xls,2012-12-31,12/28/2012,US FRANCHISE INDEX,59,100,109459574,DUNKIN' BRANDS GROUP INC,DNKN US,DNKN,1.57,1714353,52993.92,32.35,USD
Holdings 12-31-12.xls,2012-12-31,12/28/2012,US FRANCHISE INDEX,59,100,109459574,EINSTEIN NOAH RESTAURANT GRO,BAGL US,BAGL,1.53,1670680,137165.85,12.18,USD
Holdings 12-31-12.xls,2012-12-31,12/28/2012,US FRANCHISE INDEX,59,100,109459574,FAMOUS DAVE'S OF AMERICA,DAVE US,DAVE,1.34,1468117,164587.11,8.92,USD
Holdings 12-31-12.xls,2012-12-31,12/28/2012,US FRANCHISE INDEX,59,100,109459574,FIESTA RESTAURANT GROUP,FRGI US,FRGI,1.88,2062554,136322.15,15.13,USD
Holdings 12-31-12.xls,2012-12-31,12/28/2012,US FRANCHISE INDEX,59,100,109459574,FRISCH'S RESTAURANTS INC,FRS US,FRS,1.56,1708177,91985.83,18.57,USD
Holdings 12-31-12.xls,2012-12-31,12/28/2012,US FRANCHISE INDEX,59,100,109459574,GNC HOLDINGS INC-CL A,GNC US,GNC,1.31,1432178,43931.83,32.6,USD
Holdings 12-31-12.xls,2012-12-31,12/28/2012,US FRANCHISE INDEX,59,100,109459574,H&R BLOCK INC,HRB US,HRB,1.91,2093976,114801.29,18.24,USD
Holdings 12-31-12.xls,2012-12-31,12/28/2012,US FRANCHISE INDEX,59,100,109459574,HERTZ GLOBAL HOLDINGS INC,HTZ US,HTZ,2.02,2215540,140046.8,15.82,USD
Holdings 12-31-12.xls,2012-12-31,12/28/2012,US FRANCHISE INDEX,59,100,109459574,HYATT HOTELS CORP - CL A,H US,H,1.67,1832252,48421.04,37.84,USD
Holdings 12-31-12.xls,2012-12-31,12/28/2012,US FRANCHISE INDEX,59,100,109459574,INTERCONTINENTAL HOTELS-ADR,IHG US,IHG,1.83,2003991,73513.96,27.26,USD
Holdings 12-31-12.xls,2012-12-31,12/28/2012,US FRANCHISE INDEX,59,100,109459574,JACK IN THE BOX INC,JACK US,JACK,1.66,1818329,64025.68,28.4,USD
Holdings 12-31-12.xls,2012-12-31,12/28/2012,US FRANCHISE INDEX,59,100,109459574,JAMBA INC,JMBA US,JMBA,1.75,1917117,879411.51,2.18,USD
Holdings 12-31-12.xls,2012-12-31,12/28/2012,US FRANCHISE INDEX,59,100,109459574,KRISPY KREME DOUGHNUTS INC,KKD US,KKD,2.37,2588845,279875.11,9.25,USD
Holdings 12-31-12.xls,2012-12-31,12/28/2012,US FRANCHISE INDEX,59,100,109459574,LA-Z-BOY INC,LZB US,LZB,1.85,2022265,145906.59,13.86,USD
Holdings 12-31-12.xls,2012-12-31,12/28/2012,US FRANCHISE INDEX,59,100,109459574,LIBERTY TAX INC,TAX US,TAX,1.58,1732491,128142.82,13.52,USD
Holdings 12-31-12.xls,2012-12-31,12/28/2012,US FRANCHISE INDEX,59,100,109459574,LUBY'S INC,LUB US,LUB,1.55,1696528,263436.05,6.44,USD
Holdings 12-31-12.xls,2012-12-31,12/28/2012,US FRANCHISE INDEX,59,100,109459574,MARRIOTT INTERNATIONAL -CL A,MAR US,MAR,1.53,1679454,46037.67,36.48,USD
Holdings 12-31-12.xls,2012-12-31,12/28/2012,US FRANCHISE INDEX,59,100,109459574,MCDONALD'S CORP,MCD US,MCD,1.66,1813899,20711.34,87.58,USD
Holdings 12-31-12.xls,2012-12-31,12/28/2012,US FRANCHISE INDEX,59,100,109459574,MTY FOOD GROUP INC,MTYFF US,MTYFF,2.21,2415067,108035.52,22.35,USD
Holdings 12-31-12.xls,2012-12-31,12/28/2012,US FRANCHISE INDEX,59,100,109459574,NATHAN'S FAMOUS INC,NATH US,NATH,1.83,1998281,59384.29,33.65,USD
Holdings 12-31-12.xls,2012-12-31,12/28/2012,US FRANCHISE INDEX,59,100,109459574,PANERA BREAD COMPANY-CLASS A,PNRA US,PNRA,1.87,2045347,13043.47,156.81,USD
Holdings 12-31-12.xls,2012-12-31,12/28/2012,US FRANCHISE INDEX,59,100,109459574,PAPA JOHN'S INTL INC,PZZA US,PZZA,1.82,1989196,37610.05,52.89,USD
Holdings 12-31-12.xls,2012-12-31,12/28/2012,US FRANCHISE INDEX,59,100,109459574,POPEYES LOUISIANA KITCHEN IN,PLKI US,PLKI,1.79,1956328,76210.68,25.67,USD
Holdings 12-31-12.xls,2012-12-31,12/28/2012,US FRANCHISE INDEX,59,100,109459574,RED LION HOTELS CORP,RLH US,RLH,1.48,1623952,212559.18,7.64,USD
Holdings 12-31-12.xls,2012-12-31,12/28/2012,US FRANCHISE INDEX,59,100,109459574,RED ROBIN GOURMET BURGERS,RRGB US,RRGB,1.8,1968895,58493.63,33.66,USD
Holdings 12-31-12.xls,2012-12-31,12/28/2012,US FRANCHISE INDEX,59,100,109459574,REGIS CORP,RGS US,RGS,1.5,1641184,98985.75,16.58,USD
Holdings 12-31-12.xls,2012-12-31,12/28/2012,US FRANCHISE INDEX,59,100,109459574,RENT-A-CENTER INC,RCII US,RCII,1.64,1792649,53194.34,33.7,USD
Holdings 12-31-12.xls,2012-12-31,12/28/2012,US FRANCHISE INDEX,59,100,109459574,ROCKY MOUNTAIN CHOC FACT INC,RMCF US,RMCF,1.4,1529690,145131.84,10.54,USD
Holdings 12-31-12.xls,2012-12-31,12/28/2012,US FRANCHISE INDEX,59,100,109459574,ROLLINS INC,ROL US,ROL,1.6,1749454,80918.32,21.62,USD
Holdings 12-31-12.xls,2012-12-31,12/28/2012,US FRANCHISE INDEX,59,100,109459574,RS LEGACY CORP,RSHCQ US,RSHCQ,0.91,993527,470866.01,2.11,USD
Holdings 12-31-12.xls,2012-12-31,12/28/2012,US FRANCHISE INDEX,59,100,109459574,RUBY TUESDAY INC,RT US,RT,1.87,2046565,260377.28,7.86,USD
Holdings 12-31-12.xls,2012-12-31,12/28/2012,US FRANCHISE INDEX,59,100,109459574,RUTH'S HOSPITALITY GROUP INC,RUTH US,RUTH,1.77,1935701,267362.07,7.24,USD
Holdings 12-31-12.xls,2012-12-31,12/28/2012,US FRANCHISE INDEX,59,100,109459574,SALLY BEAUTY HOLDINGS INC,SBH US,SBH,1.47,1608626,68656.7,23.43,USD
Holdings 12-31-12.xls,2012-12-31,12/28/2012,US FRANCHISE INDEX,59,100,109459574,SNAP-ON INC,SNA US,SNA,2.07,2262840,29258.34,77.34,USD
Holdings 12-31-12.xls,2012-12-31,12/28/2012,US FRANCHISE INDEX,59,100,109459574,SONIC CORP,SONC US,SONC,1.62,1773199,173333.28,10.23,USD
Holdings 12-31-12.xls,2012-12-31,12/28/2012,US FRANCHISE INDEX,59,100,109459574,STARWOOD HOTELS & RESORTS WO,HOT US,HOT,1.76,1925700,34301.74,56.14,USD
Holdings 12-31-12.xls,2012-12-31,12/28/2012,US FRANCHISE INDEX,59,100,109459574,TEXAS ROADHOUSE INC,TXRH US,TXRH,1.51,1651693,99499.59,16.6,USD
Holdings 12-31-12.xls,2012-12-31,12/28/2012,US FRANCHISE INDEX,59,100,109459574,TIM HORTONS INC,THI US,THI,1.52,1663777,34177.84,48.68,USD
Holdings 12-31-12.xls,2012-12-31,12/28/2012,US FRANCHISE INDEX,59,100,109459574,WEIGHT WATCHERS INTL INC,WTW US,WTW,1.67,1832539,35988.58,50.92,USD
Holdings 12-31-12.xls,2012-12-31,12/28/2012,US FRANCHISE INDEX,59,100,109459574,WENDY'S CO/THE,WEN US,WEN,1.67,1833232,387575.43,4.73,USD
Holdings 12-31-12.xls,2012-12-31,12/28/2012,US FRANCHISE INDEX,59,100,109459574,WINMARK CORP,WINA US,WINA,1.61,1761747,30612.46,57.55,USD
Holdings 12-31-12.xls,2012-12-31,12/28/2012,US FRANCHISE INDEX,59,100,109459574,WYNDHAM WORLDWIDE CORP,WYN US,WYN,1.63,1784471,34231.18,52.13,USD
Holdings 12-31-12.xls,2012-12-31,12/28/2012,US FRANCHISE INDEX,59,100,109459574,YUM! BRANDS INC,YUM US,YUM,1.67,1832560,28315.21,64.72,USD
Holdings 12-31-13.xls,2013-12-31,12/31/2013,US FRANCHISE INDEX,64,100,160946875,1-800-FLOWERS.COM INC-CL A,FLWS US,FLWS,1.56,2514795,464841.95,5.41,USD
Holdings 12-31-13.xls,2013-12-31,12/31/2013,US FRANCHISE INDEX,64,100,160946875,AARON'S INC,AAN US,AAN,1.56,2514795,85537.24,29.4,USD
Holdings 12-31-13.xls,2013-12-31,12/31/2013,US FRANCHISE INDEX,64,100,160946875,AMERIPRISE FINANCIAL INC,AMP US,AMP,1.56,2514795,21858.28,115.05,USD
Holdings 12-31-13.xls,2013-12-31,12/31/2013,US FRANCHISE INDEX,64,100,160946875,AVIS BUDGET GROUP INC,CAR US,CAR,1.56,2514795,62216.6,40.42,USD
Holdings 12-31-13.xls,2013-12-31,12/31/2013,US FRANCHISE INDEX,64,100,160946875,BB LIQUIDATING INC,BLIAQ US,BLIAQ,1.56,2514795,628698699.27,0,USD
Holdings 12-31-13.xls,2013-12-31,12/31/2013,US FRANCHISE INDEX,64,100,160946875,BIGLARI HOLDINGS INC,BH US,BH,1.56,2514795,4963.67,506.64,USD
Holdings 12-31-13.xls,2013-12-31,12/31/2013,US FRANCHISE INDEX,64,100,160946875,BLOOMIN' BRANDS INC,BLMN US,BLMN,1.56,2514795,104739.48,24.01,USD
Holdings 12-31-13.xls,2013-12-31,12/31/2013,US FRANCHISE INDEX,64,100,160946875,BRINKER INTERNATIONAL INC,EAT US,EAT,1.56,2514795,54268.34,46.34,USD
Holdings 12-31-13.xls,2013-12-31,12/31/2013,US FRANCHISE INDEX,64,100,160946875,BUFFALO WILD WINGS INC,BWLD US,BWLD,1.56,2514795,17084.2,147.2,USD
Holdings 12-31-13.xls,2013-12-31,12/31/2013,US FRANCHISE INDEX,64,100,160946875,CASEY'S GENERAL STORES INC,CASY US,CASY,1.56,2514795,35797.79,70.25,USD
Holdings 12-31-13.xls,2013-12-31,12/31/2013,US FRANCHISE INDEX,64,100,160946875,CASH AMERICA INTL INC,CSH US,CSH,1.56,2514795,65660.44,38.3,USD
Holdings 12-31-13.xls,2013-12-31,12/31/2013,US FRANCHISE INDEX,64,100,160946875,CEC ENTERTAINMENT INC,CEC US,CEC,1.56,2514795,56793.02,44.28,USD
Holdings 12-31-13.xls,2013-12-31,12/31/2013,US FRANCHISE INDEX,64,100,160946875,CHEMED CORP,CHE US,CHE,1.56,2514795,32821.65,76.62,USD
Holdings 12-31-13.xls,2013-12-31,12/31/2013,US FRANCHISE INDEX,64,100,160946875,CHOICE HOTELS INTL INC,CHH US,CHH,1.56,2514795,51207.39,49.11,USD
Holdings 12-31-13.xls,2013-12-31,12/31/2013,US FRANCHISE INDEX,64,100,160946875,DENNY'S CORP,DENN US,DENN,1.56,2514795,349762.85,7.19,USD
Holdings 12-31-13.xls,2013-12-31,12/31/2013,US FRANCHISE INDEX,64,100,160946875,DINEEQUITY INC,DIN US,DIN,1.56,2514795,30099.28,83.55,USD
Holdings 12-31-13.xls,2013-12-31,12/31/2013,US FRANCHISE INDEX,64,100,160946875,DOMINO'S PIZZA INC,DPZ US,DPZ,1.56,2514795,36106.17,69.65,USD
Holdings 12-31-13.xls,2013-12-31,12/31/2013,US FRANCHISE INDEX,64,100,160946875,DUNKIN' BRANDS GROUP INC,DNKN US,DNKN,1.56,2514795,52174.17,48.2,USD
Holdings 12-31-13.xls,2013-12-31,12/31/2013,US FRANCHISE INDEX,64,100,160946875,EINSTEIN NOAH RESTAURANT GRO,BAGL US,BAGL,1.56,2514795,173434.13,14.5,USD
Holdings 12-31-13.xls,2013-12-31,12/31/2013,US FRANCHISE INDEX,64,100,160946875,FAMOUS DAVE'S OF AMERICA,DAVE US,DAVE,1.56,2514795,137420.49,18.3,USD
Holdings 12-31-13.xls,2013-12-31,12/31/2013,US FRANCHISE INDEX,64,100,160946875,FIESTA RESTAURANT GROUP,FRGI US,FRGI,1.56,2514795,48139.26,52.24,USD
Holdings 12-31-13.xls,2013-12-31,12/31/2013,US FRANCHISE INDEX,64,100,160946875,FRISCH'S RESTAURANTS INC,FRS US,FRS,1.56,2514795,98119.19,25.63,USD
Holdings 12-31-13.xls,2013-12-31,12/31/2013,US FRANCHISE INDEX,64,100,160946875,GNC HOLDINGS INC-CL A,GNC US,GNC,1.56,2514795,43024.72,58.45,USD
Holdings 12-31-13.xls,2013-12-31,12/31/2013,US FRANCHISE INDEX,64,100,160946875,H&R BLOCK INC,HRB US,HRB,1.56,2514795,86597.62,29.04,USD
Holdings 12-31-13.xls,2013-12-31,12/31/2013,US FRANCHISE INDEX,64,100,160946875,HERTZ GLOBAL HOLDINGS INC,HTZ US,HTZ,1.56,2514795,87868.45,28.62,USD
Holdings 12-31-13.xls,2013-12-31,12/31/2013,US FRANCHISE INDEX,64,100,160946875,HILTON WORLDWIDE HOLDINGS IN,HLT US,HLT,1.56,2514795,113024.49,22.25,USD
Holdings 12-31-13.xls,2013-12-31,12/31/2013,US FRANCHISE INDEX,64,100,160946875,HYATT HOTELS CORP - CL A,H US,H,1.56,2514795,50845.02,49.46,USD
Holdings 12-31-13.xls,2013-12-31,12/31/2013,US FRANCHISE INDEX,64,100,160946875,INTERCONTINENTAL HOTELS-ADR,IHG US,IHG,1.56,2514795,75225.69,33.43,USD
Holdings 12-31-13.xls,2013-12-31,12/31/2013,US FRANCHISE INDEX,64,100,160946875,JACK IN THE BOX INC,JACK US,JACK,1.56,2514795,50275.79,50.02,USD
Holdings 12-31-13.xls,2013-12-31,12/31/2013,US FRANCHISE INDEX,64,100,160946875,JAMBA INC,JMBA US,JMBA,1.56,2514795,202316.57,12.43,USD
Holdings 12-31-13.xls,2013-12-31,12/31/2013,US FRANCHISE INDEX,64,100,160946875,KRISPY KREME DOUGHNUTS INC,KKD US,KKD,1.56,2514795,130367.8,19.29,USD
Holdings 12-31-13.xls,2013-12-31,12/31/2013,US FRANCHISE INDEX,64,100,160946875,LA-Z-BOY INC,LZB US,LZB,1.56,2514795,81122.42,31,USD
Holdings 12-31-13.xls,2013-12-31,12/31/2013,US FRANCHISE INDEX,64,100,160946875,LIBERTY TAX INC,TAX US,TAX,1.56,2514795,103489.5,24.3,USD
Holdings 12-31-13.xls,2013-12-31,12/31/2013,US FRANCHISE INDEX,64,100,160946875,LUBY'S INC,LUB US,LUB,1.56,2514795,325750.64,7.72,USD
Holdings 12-31-13.xls,2013-12-31,12/31/2013,US FRANCHISE INDEX,64,100,160946875,MARRIOTT INTERNATIONAL -CL A,MAR US,MAR,1.56,2514795,50948.03,49.36,USD
Holdings 12-31-13.xls,2013-12-31,12/31/2013,US FRANCHISE INDEX,64,100,160946875,MCDONALD'S CORP,MCD US,MCD,1.56,2514795,25917.71,97.03,USD
Holdings 12-31-13.xls,2013-12-31,12/31/2013,US FRANCHISE INDEX,64,100,160946875,MTY FOOD GROUP INC,MTYFF US,MTYFF,1.56,2514795,77629.11,32.4,USD
Holdings 12-31-13.xls,2013-12-31,12/31/2013,US FRANCHISE INDEX,64,100,160946875,NATHAN'S FAMOUS INC,NATH US,NATH,1.56,2514795,49886.83,50.41,USD
Holdings 12-31-13.xls,2013-12-31,12/31/2013,US FRANCHISE INDEX,64,100,160946875,NOODLES & CO,NDLS US,NDLS,1.56,2514795,70010.99,35.92,USD
Holdings 12-31-13.xls,2013-12-31,12/31/2013,US FRANCHISE INDEX,64,100,160946875,PANERA BREAD COMPANY-CLASS A,PNRA US,PNRA,1.56,2514795,14232.81,176.69,USD
Holdings 12-31-13.xls,2013-12-31,12/31/2013,US FRANCHISE INDEX,64,100,160946875,PAPA JOHN'S INTL INC,PZZA US,PZZA,1.56,2514795,55391.96,45.4,USD
Holdings 12-31-13.xls,2013-12-31,12/31/2013,US FRANCHISE INDEX,64,100,160946875,POPEYES LOUISIANA KITCHEN IN,PLKI US,PLKI,1.56,2514795,65319.35,38.5,USD
Holdings 12-31-13.xls,2013-12-31,12/31/2013,US FRANCHISE INDEX,64,100,160946875,POTBELLY CORP,PBPB US,PBPB,1.56,2514795,103574.75,24.28,USD
Holdings 12-31-13.xls,2013-12-31,12/31/2013,US FRANCHISE INDEX,64,100,160946875,RE/MAX HOLDINGS INC-CL A,RMAX US,RMAX,1.56,2514795,78415.81,32.07,USD
Holdings 12-31-13.xls,2013-12-31,12/31/2013,US FRANCHISE INDEX,64,100,160946875,RED LION HOTELS CORP,RLH US,RLH,1.56,2514795,415668.58,6.05,USD
Holdings 12-31-13.xls,2013-12-31,12/31/2013,US FRANCHISE INDEX,64,100,160946875,RED ROBIN GOURMET BURGERS,RRGB US,RRGB,1.56,2514795,34196.29,73.54,USD
Holdings 12-31-13.xls,2013-12-31,12/31/2013,US FRANCHISE INDEX,64,100,160946875,REGIS CORP,RGS US,RGS,1.56,2514795,173314.61,14.51,USD
Holdings 12-31-13.xls,2013-12-31,12/31/2013,US FRANCHISE INDEX,64,100,160946875,RENT-A-CENTER INC,RCII US,RCII,1.56,2514795,75428.76,33.34,USD
Holdings 12-31-13.xls,2013-12-31,12/31/2013,US FRANCHISE INDEX,64,100,160946875,ROCKY MOUNTAIN CHOC FACT INC,RMCF US,RMCF,1.56,2514795,216605.94,11.61,USD
Holdings 12-31-13.xls,2013-12-31,12/31/2013,US FRANCHISE INDEX,64,100,160946875,ROLLINS INC,ROL US,ROL,1.56,2514795,83023.93,30.29,USD
Holdings 12-31-13.xls,2013-12-31,12/31/2013,US FRANCHISE INDEX,64,100,160946875,RS LEGACY CORP,RSHCQ US,RSHCQ,1.56,2514795,967228.82,2.6,USD
Holdings 12-31-13.xls,2013-12-31,12/31/2013,US FRANCHISE INDEX,64,100,160946875,RUBY TUESDAY INC,RT US,RT,1.56,2514795,362885.27,6.93,USD
Holdings 12-31-13.xls,2013-12-31,12/31/2013,US FRANCHISE INDEX,64,100,160946875,RUTH'S HOSPITALITY GROUP INC,RUTH US,RUTH,1.56,2514795,176973.6,14.21,USD
Holdings 12-31-13.xls,2013-12-31,12/31/2013,US FRANCHISE INDEX,64,100,160946875,SALLY BEAUTY HOLDINGS INC,SBH US,SBH,1.56,2514795,83188.72,30.23,USD
Holdings 12-31-13.xls,2013-12-31,12/31/2013,US FRANCHISE INDEX,64,100,160946875,SNAP-ON INC,SNA US,SNA,1.56,2514795,22961.97,109.52,USD
Holdings 12-31-13.xls,2013-12-31,12/31/2013,US FRANCHISE INDEX,64,100,160946875,SONIC CORP,SONC US,SONC,1.56,2514795,124556.46,20.19,USD
Holdings 12-31-13.xls,2013-12-31,12/31/2013,US FRANCHISE INDEX,64,100,160946875,STARWOOD HOTELS & RESORTS WO,HOT US,HOT,1.56,2514795,31652.55,79.45,USD
Holdings 12-31-13.xls,2013-12-31,12/31/2013,US FRANCHISE INDEX,64,100,160946875,TEXAS ROADHOUSE INC,TXRH US,TXRH,1.56,2514795,90460.25,27.8,USD
Holdings 12-31-13.xls,2013-12-31,12/31/2013,US FRANCHISE INDEX,64,100,160946875,TIM HORTONS INC,THI US,THI,1.56,2514795,43076.31,58.38,USD
Holdings 12-31-13.xls,2013-12-31,12/31/2013,US FRANCHISE INDEX,64,100,160946875,WEIGHT WATCHERS INTL INC,WTW US,WTW,1.56,2514795,76367.9,32.93,USD
Holdings 12-31-13.xls,2013-12-31,12/31/2013,US FRANCHISE INDEX,64,100,160946875,WENDY'S CO/THE,WEN US,WEN,1.56,2514795,288393.91,8.72,USD
Holdings 12-31-13.xls,2013-12-31,12/31/2013,US FRANCHISE INDEX,64,100,160946875,WINMARK CORP,WINA US,WINA,1.56,2514795,27151.75,92.62,USD
Holdings 12-31-13.xls,2013-12-31,12/31/2013,US FRANCHISE INDEX,64,100,160946875,WYNDHAM WORLDWIDE CORP,WYN US,WYN,1.56,2514795,34126.68,73.69,USD
Holdings 12-31-13.xls,2013-12-31,12/31/2013,US FRANCHISE INDEX,64,100,160946875,YUM! BRANDS INC,YUM US,YUM,1.56,2514795,33260.08,75.61,USD
Holdings 12-31-14.xls,2014-12-31,12/31/2014,US FRANCHISE INDEX,67,100,187175151,1-800-FLOWERS.COM INC-CL A,FLWS US,FLWS,1.49,2793659,339036.28,8.24,USD
Holdings 12-31-14.xls,2014-12-31,12/31/2014,US FRANCHISE INDEX,67,100,187175151,AARON'S INC,AAN US,AAN,1.49,2793659,91385.64,30.57,USD
Holdings 12-31-14.xls,2014-12-31,12/31/2014,US FRANCHISE INDEX,67,100,187175151,AMERIPRISE FINANCIAL INC,AMP US,AMP,1.49,2793659,21124.08,132.25,USD
Holdings 12-31-14.xls,2014-12-31,12/31/2014,US FRANCHISE INDEX,67,100,187175151,AVIS BUDGET GROUP INC,CAR US,CAR,1.49,2793659,42117.58,66.33,USD
Holdings 12-31-14.xls,2014-12-31,12/31/2014,US FRANCHISE INDEX,67,100,187175151,BB LIQUIDATING INC,BLIAQ US,BLIAQ,1.49,2793659,519750485.99,0.01,USD
Holdings 12-31-14.xls,2014-12-31,12/31/2014,US FRANCHISE INDEX,67,100,187175151,BIGLARI HOLDINGS INC,BH US,BH,1.49,2793659,6992.71,399.51,USD
Holdings 12-31-14.xls,2014-12-31,12/31/2014,US FRANCHISE INDEX,67,100,187175151,BLOOMIN' BRANDS INC,BLMN US,BLMN,1.49,2793659,112829.52,24.76,USD
Holdings 12-31-14.xls,2014-12-31,12/31/2014,US FRANCHISE INDEX,67,100,187175151,BRINKER INTERNATIONAL INC,EAT US,EAT,1.49,2793659,47600.26,58.69,USD
Holdings 12-31-14.xls,2014-12-31,12/31/2014,US FRANCHISE INDEX,67,100,187175151,BUFFALO WILD WINGS INC,BWLD US,BWLD,1.49,2793659,15487.63,180.38,USD
Holdings 12-31-14.xls,2014-12-31,12/31/2014,US FRANCHISE INDEX,67,100,187175151,CASEY'S GENERAL STORES INC,CASY US,CASY,1.49,2793659,30930.68,90.32,USD
Holdings 12-31-14.xls,2014-12-31,12/31/2014,US FRANCHISE INDEX,67,100,187175151,CASH AMERICA INTL INC,CSH US,CSH,1.49,2793659,123503.93,22.62,USD
Holdings 12-31-14.xls,2014-12-31,12/31/2014,US FRANCHISE INDEX,67,100,187175151,CHEMED CORP,CHE US,CHE,1.49,2793659,26437.58,105.67,USD
Holdings 12-31-14.xls,2014-12-31,12/31/2014,US FRANCHISE INDEX,67,100,187175151,CHOICE HOTELS INTL INC,CHH US,CHH,1.49,2793659,49868.96,56.02,USD
Holdings 12-31-14.xls,2014-12-31,12/31/2014,US FRANCHISE INDEX,67,100,187175151,DEL TACO RESTAURANTS INC,TACO US,TACO,1.49,2793659,287118.08,9.73,USD
Holdings 12-31-14.xls,2014-12-31,12/31/2014,US FRANCHISE INDEX,67,100,187175151,DENNY'S CORP,DENN US,DENN,1.49,2793659,270965.95,10.31,USD
Holdings 12-31-14.xls,2014-12-31,12/31/2014,US FRANCHISE INDEX,67,100,187175151,DINEEQUITY INC,DIN US,DIN,1.49,2793659,26955.41,103.64,USD
Holdings 12-31-14.xls,2014-12-31,12/31/2014,US FRANCHISE INDEX,67,100,187175151,DOMINO'S PIZZA INC,DPZ US,DPZ,1.49,2793659,29666.12,94.17,USD
Holdings 12-31-14.xls,2014-12-31,12/31/2014,US FRANCHISE INDEX,67,100,187175151,DUNKIN' BRANDS GROUP INC,DNKN US,DNKN,1.49,2793659,65501.97,42.65,USD
Holdings 12-31-14.xls,2014-12-31,12/31/2014,US FRANCHISE INDEX,67,100,187175151,EL POLLO LOCO HOLDINGS INC,LOCO US,LOCO,1.49,2793659,139892.79,19.97,USD
Holdings 12-31-14.xls,2014-12-31,12/31/2014,US FRANCHISE INDEX,67,100,187175151,FAMOUS DAVE'S OF AMERICA,DAVE US,DAVE,1.49,2793659,106344.08,26.27,USD
Holdings 12-31-14.xls,2014-12-31,12/31/2014,US FRANCHISE INDEX,67,100,187175151,FIESTA RESTAURANT GROUP,FRGI US,FRGI,1.49,2793659,45948.34,60.8,USD
Holdings 12-31-14.xls,2014-12-31,12/31/2014,US FRANCHISE INDEX,67,100,187175151,FRISCH'S RESTAURANTS INC,FRS US,FRS,1.49,2793659,104241.01,26.8,USD
Holdings 12-31-14.xls,2014-12-31,12/31/2014,US FRANCHISE INDEX,67,100,187175151,GNC HOLDINGS INC-CL A,GNC US,GNC,1.49,2793659,59490.18,46.96,USD
Holdings 12-31-14.xls,2014-12-31,12/31/2014,US FRANCHISE INDEX,67,100,187175151,H&R BLOCK INC,HRB US,HRB,1.49,2793659,82947.12,33.68,USD
Holdings 12-31-14.xls,2014-12-31,12/31/2014,US FRANCHISE INDEX,67,100,187175151,HERTZ GLOBAL HOLDINGS INC,HTZ US,HTZ,1.49,2793659,112015.2,24.94,USD
Holdings 12-31-14.xls,2014-12-31,12/31/2014,US FRANCHISE INDEX,67,100,187175151,HILTON WORLDWIDE HOLDINGS IN,HLT US,HLT,1.49,2793659,107077.77,26.09,USD
Holdings 12-31-14.xls,2014-12-31,12/31/2014,US FRANCHISE INDEX,67,100,187175151,HYATT HOTELS CORP - CL A,H US,H,1.49,2793659,46398.59,60.21,USD
Holdings 12-31-14.xls,2014-12-31,12/31/2014,US FRANCHISE INDEX,67,100,187175151,INTERCONTINENTAL HOTELS-ADR,IHG US,IHG,1.49,2793659,69754.28,40.05,USD
Holdings 12-31-14.xls,2014-12-31,12/31/2014,US FRANCHISE INDEX,67,100,187175151,JACK IN THE BOX INC,JACK US,JACK,1.49,2793659,34938.21,79.96,USD
Holdings 12-31-14.xls,2014-12-31,12/31/2014,US FRANCHISE INDEX,67,100,187175151,JAMBA INC,JMBA US,JMBA,1.49,2793659,185133.13,15.09,USD
Holdings 12-31-14.xls,2014-12-31,12/31/2014,US FRANCHISE INDEX,67,100,187175151,KRISPY KREME DOUGHNUTS INC,KKD US,KKD,1.49,2793659,141522.74,19.74,USD
Holdings 12-31-14.xls,2014-12-31,12/31/2014,US FRANCHISE INDEX,67,100,187175151,LA QUINTA HOLDINGS INC,LQ US,LQ,1.49,2793659,126639.12,22.06,USD
Holdings 12-31-14.xls,2014-12-31,12/31/2014,US FRANCHISE INDEX,67,100,187175151,LA-Z-BOY INC,LZB US,LZB,1.49,2793659,104085.65,26.84,USD
Holdings 12-31-14.xls,2014-12-31,12/31/2014,US FRANCHISE INDEX,67,100,187175151,LIBERTY TAX INC,TAX US,TAX,1.49,2793659,78166.17,35.74,USD
Holdings 12-31-14.xls,2014-12-31,12/31/2014,US FRANCHISE INDEX,67,100,187175151,LUBY'S INC,LUB US,LUB,1.49,2793659,613990.98,4.55,USD
Holdings 12-31-14.xls,2014-12-31,12/31/2014,US FRANCHISE INDEX,67,100,187175151,MARRIOTT INTERNATIONAL -CL A,MAR US,MAR,1.49,2793659,35802.37,78.03,USD
Holdings 12-31-14.xls,2014-12-31,12/31/2014,US FRANCHISE INDEX,67,100,187175151,MCDONALD'S CORP,MCD US,MCD,1.49,2793659,29814.93,93.7,USD
Holdings 12-31-14.xls,2014-12-31,12/31/2014,US FRANCHISE INDEX,67,100,187175151,MTY FOOD GROUP INC,MTYFF US,MTYFF,1.49,2793659,94485.71,29.57,USD
Holdings 12-31-14.xls,2014-12-31,12/31/2014,US FRANCHISE INDEX,67,100,187175151,NATHAN'S FAMOUS INC,NATH US,NATH,1.49,2793659,34920.74,80,USD
Holdings 12-31-14.xls,2014-12-31,12/31/2014,US FRANCHISE INDEX,67,100,187175151,NOODLES & CO,NDLS US,NDLS,1.49,2793659,106021.21,26.35,USD
Holdings 12-31-14.xls,2014-12-31,12/31/2014,US FRANCHISE INDEX,67,100,187175151,PANERA BREAD COMPANY-CLASS A,PNRA US,PNRA,1.49,2793659,15982.03,174.8,USD
Holdings 12-31-14.xls,2014-12-31,12/31/2014,US FRANCHISE INDEX,67,100,187175151,PAPA JOHN'S INTL INC,PZZA US,PZZA,1.49,2793659,50065.57,55.8,USD
Holdings 12-31-14.xls,2014-12-31,12/31/2014,US FRANCHISE INDEX,67,100,187175151,PAPA MURPHY'S HOLDINGS INC,FRSH US,FRSH,1.49,2793659,240418.16,11.62,USD
Holdings 12-31-14.xls,2014-12-31,12/31/2014,US FRANCHISE INDEX,67,100,187175151,POPEYES LOUISIANA KITCHEN IN,PLKI US,PLKI,1.49,2793659,49647.4,56.27,USD
Holdings 12-31-14.xls,2014-12-31,12/31/2014,US FRANCHISE INDEX,67,100,187175151,POTBELLY CORP,PBPB US,PBPB,1.49,2793659,217067.52,12.87,USD
Holdings 12-31-14.xls,2014-12-31,12/31/2014,US FRANCHISE INDEX,67,100,187175151,RE/MAX HOLDINGS INC-CL A,RMAX US,RMAX,1.49,2793659,81566.69,34.25,USD
Holdings 12-31-14.xls,2014-12-31,12/31/2014,US FRANCHISE INDEX,67,100,187175151,RED LION HOTELS CORP,RLH US,RLH,1.49,2793659,440640.22,6.34,USD
Holdings 12-31-14.xls,2014-12-31,12/31/2014,US FRANCHISE INDEX,67,100,187175151,RED ROBIN GOURMET BURGERS,RRGB US,RRGB,1.49,2793659,36293.07,76.97,USD
Holdings 12-31-14.xls,2014-12-31,12/31/2014,US FRANCHISE INDEX,67,100,187175151,REGIS CORP,RGS US,RGS,1.49,2793659,166686.1,16.76,USD
Holdings 12-31-14.xls,2014-12-31,12/31/2014,US FRANCHISE INDEX,67,100,187175151,RENT-A-CENTER INC,RCII US,RCII,1.49,2793659,76917.92,36.32,USD
Holdings 12-31-14.xls,2014-12-31,12/31/2014,US FRANCHISE INDEX,67,100,187175151,RESTAURANT BRANDS INTERN,QSR US,QSR,1.49,2793659,71558.89,39.04,USD
Holdings 12-31-14.xls,2014-12-31,12/31/2014,US FRANCHISE INDEX,67,100,187175151,ROCKY MOUNTAIN CHOC FACT INC,RMCF US,RMCF,1.49,2793659,211640.83,13.2,USD
Holdings 12-31-14.xls,2014-12-31,12/31/2014,US FRANCHISE INDEX,67,100,187175151,ROLLINS INC,ROL US,ROL,1.49,2793659,84400.57,33.1,USD
Holdings 12-31-14.xls,2014-12-31,12/31/2014,US FRANCHISE INDEX,67,100,187175151,RS LEGACY CORP,RSHCQ US,RSHCQ,1.49,2793659,7550429.54,0.37,USD
Holdings 12-31-14.xls,2014-12-31,12/31/2014,US FRANCHISE INDEX,67,100,187175151,RUBY TUESDAY INC,RT US,RT,1.49,2793659,408429.67,6.84,USD
Holdings 12-31-14.xls,2014-12-31,12/31/2014,US FRANCHISE INDEX,67,100,187175151,RUTH'S HOSPITALITY GROUP INC,RUTH US,RUTH,1.49,2793659,186243.93,15,USD
Holdings 12-31-14.xls,2014-12-31,12/31/2014,US FRANCHISE INDEX,67,100,187175151,SALLY BEAUTY HOLDINGS INC,SBH US,SBH,1.49,2793659,90880.25,30.74,USD
Holdings 12-31-14.xls,2014-12-31,12/31/2014,US FRANCHISE INDEX,67,100,187175151,SERVICEMASTER GLOBAL HOLDING,SERV US,SERV,1.49,2793659,104357.82,26.77,USD
Holdings 12-31-14.xls,2014-12-31,12/31/2014,US FRANCHISE INDEX,67,100,187175151,SNAP-ON INC,SNA US,SNA,1.49,2793659,20430.44,136.74,USD
Holdings 12-31-14.xls,2014-12-31,12/31/2014,US FRANCHISE INDEX,67,100,187175151,SONIC CORP,SONC US,SONC,1.49,2793659,102594.89,27.23,USD
Holdings 12-31-14.xls,2014-12-31,12/31/2014,US FRANCHISE INDEX,67,100,187175151,STARWOOD HOTELS & RESORTS WO,HOT US,HOT,1.49,2793659,34459.84,81.07,USD
Holdings 12-31-14.xls,2014-12-31,12/31/2014,US FRANCHISE INDEX,67,100,187175151,TEXAS ROADHOUSE INC,TXRH US,TXRH,1.49,2793659,82750.56,33.76,USD
Holdings 12-31-14.xls,2014-12-31,12/31/2014,US FRANCHISE INDEX,67,100,187175151,WEIGHT WATCHERS INTL INC,WTW US,WTW,1.49,2793659,112466.14,24.84,USD
Holdings 12-31-14.xls,2014-12-31,12/31/2014,US FRANCHISE INDEX,67,100,187175151,WENDY'S CO/THE,WEN US,WEN,1.49,2793659,309375.3,9.03,USD
Holdings 12-31-14.xls,2014-12-31,12/31/2014,US FRANCHISE INDEX,67,100,187175151,WINMARK CORP,WINA US,WINA,1.49,2793659,32140.58,86.92,USD
Holdings 12-31-14.xls,2014-12-31,12/31/2014,US FRANCHISE INDEX,67,100,187175151,WYNDHAM WORLDWIDE CORP,WYN US,WYN,1.49,2793659,32575.31,85.76,USD
Holdings 12-31-14.xls,2014-12-31,12/31/2014,US FRANCHISE INDEX,67,100,187175151,YUM! BRANDS INC,YUM US,YUM,1.49,2793659,38348.1,72.85,USD
Holdings 12-31-15.xls,2015-12-31,12/31/2015,US FRANCHISE INDEX,69,100,172832453,1-800-FLOWERS.COM INC-CL A,FLWS US,FLWS,1.45,2504818,344068.43,7.28,USD
Holdings 12-31-15.xls,2015-12-31,12/31/2015,US FRANCHISE INDEX,69,100,172832453,AARON'S INC,AAN US,AAN,1.45,2504818,111872.18,22.39,USD
Holdings 12-31-15.xls,2015-12-31,12/31/2015,US FRANCHISE INDEX,69,100,172832453,AMERIPRISE FINANCIAL INC,AMP US,AMP,1.45,2504818,23537.1,106.42,USD
Holdings 12-31-15.xls,2015-12-31,12/31/2015,US FRANCHISE INDEX,69,100,172832453,AVIS BUDGET GROUP INC,CAR US,CAR,1.45,2504818,69022.27,36.29,USD
Holdings 12-31-15.xls,2015-12-31,12/31/2015,US FRANCHISE INDEX,69,100,172832453,BB LIQUIDATING INC,BLIAQ US,BLIAQ,1.45,2504818,715662312.66,0,USD
Holdings 12-31-15.xls,2015-12-31,12/31/2015,US FRANCHISE INDEX,69,100,172832453,BIGLARI HOLDINGS INC,BH US,BH,1.45,2504818,7687.74,325.82,USD
Holdings 12-31-15.xls,2015-12-31,12/31/2015,US FRANCHISE INDEX,69,100,172832453,BLOOMIN' BRANDS INC,BLMN US,BLMN,1.45,2504818,148301.85,16.89,USD
Holdings 12-31-15.xls,2015-12-31,12/31/2015,US FRANCHISE INDEX,69,100,172832453,BOJANGLES' INC,BOJA US,BOJA,1.45,2504818,157833.53,15.87,USD
Holdings 12-31-15.xls,2015-12-31,12/31/2015,US FRANCHISE INDEX,69,100,172832453,BRINKER INTERNATIONAL INC,EAT US,EAT,1.45,2504818,52238.13,47.95,USD
Holdings 12-31-15.xls,2015-12-31,12/31/2015,US FRANCHISE INDEX,69,100,172832453,BUFFALO WILD WINGS INC,BWLD US,BWLD,1.45,2504818,15689.43,159.65,USD
Holdings 12-31-15.xls,2015-12-31,12/31/2015,US FRANCHISE INDEX,69,100,172832453,CASEY'S GENERAL STORES INC,CASY US,CASY,1.45,2504818,20795.5,120.45,USD
Holdings 12-31-15.xls,2015-12-31,12/31/2015,US FRANCHISE INDEX,69,100,172832453,CASH AMERICA INTL INC,CSH US,CSH,1.45,2504818,83633.33,29.95,USD
Holdings 12-31-15.xls,2015-12-31,12/31/2015,US FRANCHISE INDEX,69,100,172832453,CHEMED CORP,CHE US,CHE,1.45,2504818,16721.08,149.8,USD
Holdings 12-31-15.xls,2015-12-31,12/31/2015,US FRANCHISE INDEX,69,100,172832453,CHOICE HOTELS INTL INC,CHH US,CHH,1.45,2504818,49688.91,50.41,USD
Holdings 12-31-15.xls,2015-12-31,12/31/2015,US FRANCHISE INDEX,69,100,172832453,DEL TACO RESTAURANTS INC,TACO US,TACO,1.45,2504818,235194.19,10.65,USD
Holdings 12-31-15.xls,2015-12-31,12/31/2015,US FRANCHISE INDEX,69,100,172832453,DENNY'S CORP,DENN US,DENN,1.45,2504818,254813.65,9.83,USD
Holdings 12-31-15.xls,2015-12-31,12/31/2015,US FRANCHISE INDEX,69,100,172832453,DINEEQUITY INC,DIN US,DIN,1.45,2504818,29583.3,84.67,USD
Holdings 12-31-15.xls,2015-12-31,12/31/2015,US FRANCHISE INDEX,69,100,172832453,DOMINO'S PIZZA INC,DPZ US,DPZ,1.45,2504818,22515.22,111.25,USD
Holdings 12-31-15.xls,2015-12-31,12/31/2015,US FRANCHISE INDEX,69,100,172832453,DUNKIN' BRANDS GROUP INC,DNKN US,DNKN,1.45,2504818,58812.35,42.59,USD
Holdings 12-31-15.xls,2015-12-31,12/31/2015,US FRANCHISE INDEX,69,100,172832453,EL POLLO LOCO HOLDINGS INC,LOCO US,LOCO,1.45,2504818,198322.9,12.63,USD
Holdings 12-31-15.xls,2015-12-31,12/31/2015,US FRANCHISE INDEX,69,100,172832453,FAMOUS DAVE'S OF AMERICA,DAVE US,DAVE,1.45,2504818,360924.81,6.94,USD
Holdings 12-31-15.xls,2015-12-31,12/31/2015,US FRANCHISE INDEX,69,100,172832453,FIESTA RESTAURANT GROUP,FRGI US,FRGI,1.45,2504818,74548.16,33.6,USD
Holdings 12-31-15.xls,2015-12-31,12/31/2015,US FRANCHISE INDEX,69,100,172832453,GNC HOLDINGS INC-CL A,GNC US,GNC,1.45,2504818,80748.49,31.02,USD
Holdings 12-31-15.xls,2015-12-31,12/31/2015,US FRANCHISE INDEX,69,100,172832453,H&R BLOCK INC,HRB US,HRB,1.45,2504818,75197.18,33.31,USD
Holdings 12-31-15.xls,2015-12-31,12/31/2015,US FRANCHISE INDEX,69,100,172832453,HERTZ GLOBAL HOLDINGS INC,HTZ US,HTZ,1.45,2504818,176023.76,14.23,USD
Holdings 12-31-15.xls,2015-12-31,12/31/2015,US FRANCHISE INDEX,69,100,172832453,HILTON WORLDWIDE HOLDINGS IN,HLT US,HLT,1.45,2504818,117047.58,21.4,USD
Holdings 12-31-15.xls,2015-12-31,12/31/2015,US FRANCHISE INDEX,69,100,172832453,HYATT HOTELS CORP - CL A,H US,H,1.45,2504818,53271.33,47.02,USD
Holdings 12-31-15.xls,2015-12-31,12/31/2015,US FRANCHISE INDEX,69,100,172832453,INTERCONTINENTAL HOTELS-ADR,IHG US,IHG,1.45,2504818,64657.15,38.74,USD
Holdings 12-31-15.xls,2015-12-31,12/31/2015,US FRANCHISE INDEX,69,100,172832453,JACK IN THE BOX INC,JACK US,JACK,1.45,2504818,32653.09,76.71,USD
Holdings 12-31-15.xls,2015-12-31,12/31/2015,US FRANCHISE INDEX,69,100,172832453,JAMBA INC,JMBA US,JMBA,1.45,2504818,185679.63,13.49,USD
Holdings 12-31-15.xls,2015-12-31,12/31/2015,US FRANCHISE INDEX,69,100,172832453,KRISPY KREME DOUGHNUTS INC,KKD US,KKD,1.45,2504818,166212.22,15.07,USD
Holdings 12-31-15.xls,2015-12-31,12/31/2015,US FRANCHISE INDEX,69,100,172832453,LA QUINTA HOLDINGS INC,LQ US,LQ,1.45,2504818,184042.48,13.61,USD
Holdings 12-31-15.xls,2015-12-31,12/31/2015,US FRANCHISE INDEX,69,100,172832453,LA-Z-BOY INC,LZB US,LZB,1.45,2504818,102572.41,24.42,USD
Holdings 12-31-15.xls,2015-12-31,12/31/2015,US FRANCHISE INDEX,69,100,172832453,LIBERTY TAX INC,TAX US,TAX,1.45,2504818,105111.97,23.83,USD
Holdings 12-31-15.xls,2015-12-31,12/31/2015,US FRANCHISE INDEX,69,100,172832453,LUBY'S INC,LUB US,LUB,1.45,2504818,560362.01,4.47,USD
Holdings 12-31-15.xls,2015-12-31,12/31/2015,US FRANCHISE INDEX,69,100,172832453,MARRIOTT INTERNATIONAL -CL A,MAR US,MAR,1.45,2504818,37363.04,67.04,USD
Holdings 12-31-15.xls,2015-12-31,12/31/2015,US FRANCHISE INDEX,69,100,172832453,MCDONALD'S CORP,MCD US,MCD,1.45,2504818,21202.12,118.14,USD
Holdings 12-31-15.xls,2015-12-31,12/31/2015,US FRANCHISE INDEX,69,100,172832453,MTY FOOD GROUP INC,MTYFF US,MTYFF,1.45,2504818,107240.03,23.36,USD
Holdings 12-31-15.xls,2015-12-31,12/31/2015,US FRANCHISE INDEX,69,100,172832453,NATHAN'S FAMOUS INC,NATH US,NATH,1.45,2504818,48580.65,51.56,USD
Holdings 12-31-15.xls,2015-12-31,12/31/2015,US FRANCHISE INDEX,69,100,172832453,NOODLES & CO,NDLS US,NDLS,1.45,2504818,258495.17,9.69,USD
Holdings 12-31-15.xls,2015-12-31,12/31/2015,US FRANCHISE INDEX,69,100,172832453,PANERA BREAD COMPANY-CLASS A,PNRA US,PNRA,1.45,2504818,12859.73,194.78,USD
Holdings 12-31-15.xls,2015-12-31,12/31/2015,US FRANCHISE INDEX,69,100,172832453,PAPA JOHN'S INTL INC,PZZA US,PZZA,1.45,2504818,44832.97,55.87,USD
Holdings 12-31-15.xls,2015-12-31,12/31/2015,US FRANCHISE INDEX,69,100,172832453,PAPA MURPHY'S HOLDINGS INC,FRSH US,FRSH,1.45,2504818,222452.77,11.26,USD
Holdings 12-31-15.xls,2015-12-31,12/31/2015,US FRANCHISE INDEX,69,100,172832453,PLANET FITNESS INC - CL A,PLNT US,PLNT,1.45,2504818,160257.08,15.63,USD
Holdings 12-31-15.xls,2015-12-31,12/31/2015,US FRANCHISE INDEX,69,100,172832453,POPEYES LOUISIANA KITCHEN IN,PLKI US,PLKI,1.45,2504818,42817.4,58.5,USD
Holdings 12-31-15.xls,2015-12-31,12/31/2015,US FRANCHISE INDEX,69,100,172832453,POTBELLY CORP,PBPB US,PBPB,1.45,2504818,213904.2,11.71,USD
Holdings 12-31-15.xls,2015-12-31,12/31/2015,US FRANCHISE INDEX,69,100,172832453,RE/MAX HOLDINGS INC-CL A,RMAX US,RMAX,1.45,2504818,67153.3,37.3,USD
Holdings 12-31-15.xls,2015-12-31,12/31/2015,US FRANCHISE INDEX,69,100,172832453,RED LION HOTELS CORP,RLH US,RLH,1.45,2504818,357320.71,7.01,USD
Holdings 12-31-15.xls,2015-12-31,12/31/2015,US FRANCHISE INDEX,69,100,172832453,RED ROBIN GOURMET BURGERS,RRGB US,RRGB,1.45,2504818,40570.43,61.74,USD
Holdings 12-31-15.xls,2015-12-31,12/31/2015,US FRANCHISE INDEX,69,100,172832453,REGIS CORP,RGS US,RGS,1.45,2504818,177018.95,14.15,USD
Holdings 12-31-15.xls,2015-12-31,12/31/2015,US FRANCHISE INDEX,69,100,172832453,RENT-A-CENTER INC,RCII US,RCII,1.45,2504818,167322.52,14.97,USD
Holdings 12-31-15.xls,2015-12-31,12/31/2015,US FRANCHISE INDEX,69,100,172832453,RESTAURANT BRANDS INTERN,QSR US,QSR,1.45,2504818,67045.45,37.36,USD
Holdings 12-31-15.xls,2015-12-31,12/31/2015,US FRANCHISE INDEX,69,100,172832453,ROCKY MOUNTAIN CHOC FACT INC,RMCF US,RMCF,1.45,2504818,233006.34,10.75,USD
Holdings 12-31-15.xls,2015-12-31,12/31/2015,US FRANCHISE INDEX,69,100,172832453,ROLLINS INC,ROL US,ROL,1.45,2504818,96711.13,25.9,USD
Holdings 12-31-15.xls,2015-12-31,12/31/2015,US FRANCHISE INDEX,69,100,172832453,RUBY TUESDAY INC,RT US,RT,1.45,2504818,454594.95,5.51,USD
Holdings 12-31-15.xls,2015-12-31,12/31/2015,US FRANCHISE INDEX,69,100,172832453,RUTH'S HOSPITALITY GROUP INC,RUTH US,RUTH,1.45,2504818,157337.82,15.92,USD
Holdings 12-31-15.xls,2015-12-31,12/31/2015,US FRANCHISE INDEX,69,100,172832453,SALLY BEAUTY HOLDINGS INC,SBH US,SBH,1.45,2504818,89810.62,27.89,USD
Holdings 12-31-15.xls,2015-12-31,12/31/2015,US FRANCHISE INDEX,69,100,172832453,SERVICEMASTER GLOBAL HOLDING,SERV US,SERV,1.45,2504818,63833.29,39.24,USD
Holdings 12-31-15.xls,2015-12-31,12/31/2015,US FRANCHISE INDEX,69,100,172832453,SHAKE SHACK INC - CLASS A,SHAK US,SHAK,1.45,2504818,63252.98,39.6,USD
Holdings 12-31-15.xls,2015-12-31,12/31/2015,US FRANCHISE INDEX,69,100,172832453,SNAP-ON INC,SNA US,SNA,1.45,2504818,14611.32,171.43,USD
Holdings 12-31-15.xls,2015-12-31,12/31/2015,US FRANCHISE INDEX,69,100,172832453,SONIC CORP,SONC US,SONC,1.45,2504818,77524.55,32.31,USD
Holdings 12-31-15.xls,2015-12-31,12/31/2015,US FRANCHISE INDEX,69,100,172832453,STARWOOD HOTELS & RESORTS WO,HOT US,HOT,1.45,2504818,36155,69.28,USD
Holdings 12-31-15.xls,2015-12-31,12/31/2015,US FRANCHISE INDEX,69,100,172832453,TEXAS ROADHOUSE INC,TXRH US,TXRH,1.45,2504818,70025.67,35.77,USD
Holdings 12-31-15.xls,2015-12-31,12/31/2015,US FRANCHISE INDEX,69,100,172832453,WEIGHT WATCHERS INTL INC,WTW US,WTW,1.45,2504818,109860.45,22.8,USD
Holdings 12-31-15.xls,2015-12-31,12/31/2015,US FRANCHISE INDEX,69,100,172832453,WENDY'S CO/THE,WEN US,WEN,1.45,2504818,232573.65,10.77,USD
Holdings 12-31-15.xls,2015-12-31,12/31/2015,US FRANCHISE INDEX,69,100,172832453,WINGSTOP INC,WING US,WING,1.45,2504818,109812.28,22.81,USD
Holdings 12-31-15.xls,2015-12-31,12/31/2015,US FRANCHISE INDEX,69,100,172832453,WINMARK CORP,WINA US,WINA,1.45,2504818,26930.63,93.01,USD
Holdings 12-31-15.xls,2015-12-31,12/31/2015,US FRANCHISE INDEX,69,100,172832453,WYNDHAM WORLDWIDE CORP,WYN US,WYN,1.45,2504818,34477.88,72.65,USD
Holdings 12-31-15.xls,2015-12-31,12/31/2015,US FRANCHISE INDEX,69,100,172832453,YUM! BRANDS INC,YUM US,YUM,1.45,2504818,34289.09,73.05,USD
Holdings 12-31-16.xls,2016-12-31,12/30/2016,US FRANCHISE INDEX,66,100,182557459,1-800-FLOWERS.COM INC-CL A,FLWS US,FLWS,1.65,3014131,281694.48,10.7,USD
Holdings 12-31-16.xls,2016-12-31,12/30/2016,US FRANCHISE INDEX,66,100,182557459,AARON'S INC,AAN US,AAN,2.04,3720195,116292.43,31.99,USD
Holdings 12-31-16.xls,2016-12-31,12/30/2016,US FRANCHISE INDEX,66,100,182557459,AMERIPRISE FINANCIAL INC,AMP US,AMP,1.75,3189430,28749.14,110.94,USD
Holdings 12-31-16.xls,2016-12-31,12/30/2016,US FRANCHISE INDEX,66,100,182557459,AVIS BUDGET GROUP INC,CAR US,CAR,1.58,2891704,78836,36.68,USD
Holdings 12-31-16.xls,2016-12-31,12/30/2016,US FRANCHISE INDEX,66,100,182557459,BB LIQUIDATING INC,BLIAQ US,BLIAQ,1.12,2039865,286296798.81,0.01,USD
Holdings 12-31-16.xls,2016-12-31,12/30/2016,US FRANCHISE INDEX,66,100,182557459,BIGLARI HOLDINGS INC,BH US,BH,1.63,2980975,6299.61,473.2,USD
Holdings 12-31-16.xls,2016-12-31,12/30/2016,US FRANCHISE INDEX,66,100,182557459,BLOOMIN' BRANDS INC,BLMN US,BLMN,1.42,2583843,143307.97,18.03,USD
Holdings 12-31-16.xls,2016-12-31,12/30/2016,US FRANCHISE INDEX,66,100,182557459,BOJANGLES' INC,BOJA US,BOJA,1.53,2795722,149904.67,18.65,USD
Holdings 12-31-16.xls,2016-12-31,12/30/2016,US FRANCHISE INDEX,66,100,182557459,BRINKER INTERNATIONAL INC,EAT US,EAT,1.53,2799386,56519,49.53,USD
Holdings 12-31-16.xls,2016-12-31,12/30/2016,US FRANCHISE INDEX,66,100,182557459,BUFFALO WILD WINGS INC,BWLD US,BWLD,1.55,2823408,18286.32,154.4,USD
Holdings 12-31-16.xls,2016-12-31,12/30/2016,US FRANCHISE INDEX,66,100,182557459,CASEY'S GENERAL STORES INC,CASY US,CASY,1.26,2305835,19396.32,118.88,USD
Holdings 12-31-16.xls,2016-12-31,12/30/2016,US FRANCHISE INDEX,66,100,182557459,CHEMED CORP,CHE US,CHE,1.64,3001267,18709.98,160.41,USD
Holdings 12-31-16.xls,2016-12-31,12/30/2016,US FRANCHISE INDEX,66,100,182557459,CHOICE HOTELS INTL INC,CHH US,CHH,1.65,3015900,53807.32,56.05,USD
Holdings 12-31-16.xls,2016-12-31,12/30/2016,US FRANCHISE INDEX,66,100,182557459,DEL TACO RESTAURANTS INC,TACO US,TACO,2.16,3942559,279218.04,14.12,USD
Holdings 12-31-16.xls,2016-12-31,12/30/2016,US FRANCHISE INDEX,66,100,182557459,DENNY'S CORP,DENN US,DENN,1.66,3038168,236801.88,12.83,USD
Holdings 12-31-16.xls,2016-12-31,12/30/2016,US FRANCHISE INDEX,66,100,182557459,DINEEQUITY INC,DIN US,DIN,1.29,2362661,30683.91,77,USD
Holdings 12-31-16.xls,2016-12-31,12/30/2016,US FRANCHISE INDEX,66,100,182557459,DOMINO'S PIZZA INC,DPZ US,DPZ,1.7,3094764,19434.59,159.24,USD
Holdings 12-31-16.xls,2016-12-31,12/30/2016,US FRANCHISE INDEX,66,100,182557459,DUNKIN' BRANDS GROUP INC,DNKN US,DNKN,1.69,3092289,58968.13,52.44,USD
Holdings 12-31-16.xls,2016-12-31,12/30/2016,US FRANCHISE INDEX,66,100,182557459,EL POLLO LOCO HOLDINGS INC,LOCO US,LOCO,1.32,2404067,195452.63,12.3,USD
Holdings 12-31-16.xls,2016-12-31,12/30/2016,US FRANCHISE INDEX,66,100,182557459,FAMOUS DAVE'S OF AMERICA,DAVE US,DAVE,1.37,2500472,505145.96,4.95,USD
Holdings 12-31-16.xls,2016-12-31,12/30/2016,US FRANCHISE INDEX,66,100,182557459,FIESTA RESTAURANT GROUP,FRGI US,FRGI,1.9,3477551,116500.88,29.85,USD
Holdings 12-31-16.xls,2016-12-31,12/30/2016,US FRANCHISE INDEX,66,100,182557459,GNC HOLDINGS INC-CL A,GNC US,GNC,0.65,1183603,107210.45,11.04,USD
Holdings 12-31-16.xls,2016-12-31,12/30/2016,US FRANCHISE INDEX,66,100,182557459,H&R BLOCK INC,HRB US,HRB,1.42,2590800,112692.47,22.99,USD
Holdings 12-31-16.xls,2016-12-31,12/30/2016,US FRANCHISE INDEX,66,100,182557459,HERTZ GLOBAL HOLDINGS INC,HTZ US,HTZ,0.68,1245033,57747.37,21.56,USD
Holdings 12-31-16.xls,2016-12-31,12/30/2016,US FRANCHISE INDEX,66,100,182557459,HILTON WORLDWIDE HOLDINGS IN,HLT US,HLT,1.69,3085643,113442.75,27.2,USD
Holdings 12-31-16.xls,2016-12-31,12/30/2016,US FRANCHISE INDEX,66,100,182557459,HYATT HOTELS CORP - CL A,H US,H,1.57,2857331,51707.04,55.26,USD
Holdings 12-31-16.xls,2016-12-31,12/30/2016,US FRANCHISE INDEX,66,100,182557459,INTERCONTINENTAL HOTELS-ADR,IHG US,IHG,1.66,3023784,68210.79,44.33,USD
Holdings 12-31-16.xls,2016-12-31,12/30/2016,US FRANCHISE INDEX,66,100,182557459,JACK IN THE BOX INC,JACK US,JACK,1.82,3324060,29774.82,111.64,USD
Holdings 12-31-16.xls,2016-12-31,12/30/2016,US FRANCHISE INDEX,66,100,182557459,JAMBA INC,JMBA US,JMBA,1.39,2543353,246927.52,10.3,USD
Holdings 12-31-16.xls,2016-12-31,12/30/2016,US FRANCHISE INDEX,66,100,182557459,LA QUINTA HOLDINGS INC,LQ US,LQ,1.73,3167190,222884.58,14.21,USD
Holdings 12-31-16.xls,2016-12-31,12/30/2016,US FRANCHISE INDEX,66,100,182557459,LA-Z-BOY INC,LZB US,LZB,1.56,2856432,91994.58,31.05,USD
Holdings 12-31-16.xls,2016-12-31,12/30/2016,US FRANCHISE INDEX,66,100,182557459,LIBERTY TAX INC,TAX US,TAX,1.43,2619170,195460.47,13.4,USD
Holdings 12-31-16.xls,2016-12-31,12/30/2016,US FRANCHISE INDEX,66,100,182557459,LUBY'S INC,LUB US,LUB,1.19,2166332,506152.23,4.28,USD
Holdings 12-31-16.xls,2016-12-31,12/30/2016,US FRANCHISE INDEX,66,100,182557459,MARRIOTT INTERNATIONAL -CL A,MAR US,MAR,1.75,3186846,38544.34,82.68,USD
Holdings 12-31-16.xls,2016-12-31,12/30/2016,US FRANCHISE INDEX,66,100,182557459,MCDONALD'S CORP,MCD US,MCD,1.43,2610022,21442.84,121.72,USD
Holdings 12-31-16.xls,2016-12-31,12/30/2016,US FRANCHISE INDEX,66,100,182557459,MTY FOOD GROUP INC,MTYFF US,MTYFF,1.56,2845083,77081.37,36.91,USD
Holdings 12-31-16.xls,2016-12-31,12/30/2016,US FRANCHISE INDEX,66,100,182557459,NATHAN'S FAMOUS INC,NATH US,NATH,2.03,3705694,57098.52,64.9,USD
Holdings 12-31-16.xls,2016-12-31,12/30/2016,US FRANCHISE INDEX,66,100,182557459,NOODLES & CO,NDLS US,NDLS,0.58,1065197,259804.11,4.1,USD
Holdings 12-31-16.xls,2016-12-31,12/30/2016,US FRANCHISE INDEX,66,100,182557459,PANERA BREAD COMPANY-CLASS A,PNRA US,PNRA,1.35,2458762,11988.7,205.09,USD
Holdings 12-31-16.xls,2016-12-31,12/30/2016,US FRANCHISE INDEX,66,100,182557459,PAPA JOHN'S INTL INC,PZZA US,PZZA,1.76,3214427,37560.49,85.58,USD
Holdings 12-31-16.xls,2016-12-31,12/30/2016,US FRANCHISE INDEX,66,100,182557459,PAPA MURPHY'S HOLDINGS INC,FRSH US,FRSH,0.89,1616056,382951.65,4.22,USD
Holdings 12-31-16.xls,2016-12-31,12/30/2016,US FRANCHISE INDEX,66,100,182557459,PLANET FITNESS INC - CL A,PLNT US,PLNT,1.69,3080890,153278.1,20.1,USD
Holdings 12-31-16.xls,2016-12-31,12/30/2016,US FRANCHISE INDEX,66,100,182557459,POPEYES LOUISIANA KITCHEN IN,PLKI US,PLKI,1.54,2812457,46502.27,60.48,USD
Holdings 12-31-16.xls,2016-12-31,12/30/2016,US FRANCHISE INDEX,66,100,182557459,POTBELLY CORP,PBPB US,PBPB,1.43,2613828,202622.34,12.9,USD
Holdings 12-31-16.xls,2016-12-31,12/30/2016,US FRANCHISE INDEX,66,100,182557459,RE/MAX HOLDINGS INC-CL A,RMAX US,RMAX,1.95,3558132,63538.08,56,USD
Holdings 12-31-16.xls,2016-12-31,12/30/2016,US FRANCHISE INDEX,66,100,182557459,RED LION HOTELS CORP,RLH US,RLH,1.6,2922367,349984.05,8.35,USD
Holdings 12-31-16.xls,2016-12-31,12/30/2016,US FRANCHISE INDEX,66,100,182557459,RED ROBIN GOURMET BURGERS,RRGB US,RRGB,1.66,3021418,53571.25,56.4,USD
Holdings 12-31-16.xls,2016-12-31,12/30/2016,US FRANCHISE INDEX,66,100,182557459,REGIS CORP,RGS US,RGS,1.62,2963344,204087.08,14.52,USD
Holdings 12-31-16.xls,2016-12-31,12/30/2016,US FRANCHISE INDEX,66,100,182557459,RENT-A-CENTER INC,RCII US,RCII,1.28,2342843,208252.72,11.25,USD
Holdings 12-31-16.xls,2016-12-31,12/30/2016,US FRANCHISE INDEX,66,100,182557459,RESTAURANT BRANDS INTERN,QSR US,QSR,1.61,2930927,61496.59,47.66,USD
Holdings 12-31-16.xls,2016-12-31,12/30/2016,US FRANCHISE INDEX,66,100,182557459,ROCKY MOUNTAIN CHOC FACT INC,RMCF US,RMCF,1.43,2610108,256144.04,10.19,USD
Holdings 12-31-16.xls,2016-12-31,12/30/2016,US FRANCHISE INDEX,66,100,182557459,ROLLINS INC,ROL US,ROL,1.62,2962183,87690.43,33.78,USD
Holdings 12-31-16.xls,2016-12-31,12/30/2016,US FRANCHISE INDEX,66,100,182557459,RUBY TUESDAY INC,RT US,RT,1.25,2273423,703846.03,3.23,USD
Holdings 12-31-16.xls,2016-12-31,12/30/2016,US FRANCHISE INDEX,66,100,182557459,RUTH'S HOSPITALITY GROUP INC,RUTH US,RUTH,1.61,2941981,160763.99,18.3,USD
Holdings 12-31-16.xls,2016-12-31,12/30/2016,US FRANCHISE INDEX,66,100,182557459,SALLY BEAUTY HOLDINGS INC,SBH US,SBH,1.25,2282562,86395.25,26.42,USD
Holdings 12-31-16.xls,2016-12-31,12/30/2016,US FRANCHISE INDEX,66,100,182557459,SERVICEMASTER GLOBAL HOLDING,SERV US,SERV,1.32,2404902,63841.31,37.67,USD
Holdings 12-31-16.xls,2016-12-31,12/30/2016,US FRANCHISE INDEX,66,100,182557459,SHAKE SHACK INC - CLASS A,SHAK US,SHAK,1.37,2496246,69747.03,35.79,USD
Holdings 12-31-16.xls,2016-12-31,12/30/2016,US FRANCHISE INDEX,66,100,182557459,SNAP-ON INC,SNA US,SNA,1.52,2780230,16233.03,171.27,USD
Holdings 12-31-16.xls,2016-12-31,12/30/2016,US FRANCHISE INDEX,66,100,182557459,SONIC CORP,SONC US,SONC,1.38,2514465,94849.66,26.51,USD
Holdings 12-31-16.xls,2016-12-31,12/30/2016,US FRANCHISE INDEX,66,100,182557459,TEXAS ROADHOUSE INC,TXRH US,TXRH,1.48,2710000,56177.44,48.24,USD
Holdings 12-31-16.xls,2016-12-31,12/30/2016,US FRANCHISE INDEX,66,100,182557459,WEIGHT WATCHERS INTL INC,WTW US,WTW,1.37,2501558,218476.71,11.45,USD
Holdings 12-31-16.xls,2016-12-31,12/30/2016,US FRANCHISE INDEX,66,100,182557459,WENDY'S CO/THE,WEN US,WEN,1.98,3610442,267044.51,13.52,USD
Holdings 12-31-16.xls,2016-12-31,12/30/2016,US FRANCHISE INDEX,66,100,182557459,WINGSTOP INC,WING US,WING,1.68,3070773,103777.39,29.59,USD
Holdings 12-31-16.xls,2016-12-31,12/30/2016,US FRANCHISE INDEX,66,100,182557459,WINMARK CORP,WINA US,WINA,1.77,3222251,25543.01,126.15,USD
Holdings 12-31-16.xls,2016-12-31,12/30/2016,US FRANCHISE INDEX,66,100,182557459,WYNDHAM WORLDWIDE CORP,WYN US,WYN,1.51,2761866,36164.28,76.37,USD
Holdings 12-31-16.xls,2016-12-31,12/30/2016,US FRANCHISE INDEX,66,100,182557459,YUM! BRANDS INC,YUM US,YUM,1.5,2729251,43095.71,63.33,USD
Holdings 12-31-17.xls,2017-12-31,12/29/2017,US FRANCHISE INDEX,64,100,201906757,1-800-FLOWERS.COM INC-CL A,FLWS US,FLWS,1.54,3116348,291247.45,10.7,USD
Holdings 12-31-17.xls,2017-12-31,12/29/2017,US FRANCHISE INDEX,64,100,201906757,AARON'S INC,AAN US,AAN,1.44,2913314,73106.99,39.85,USD
Holdings 12-31-17.xls,2017-12-31,12/29/2017,US FRANCHISE INDEX,64,100,201906757,AMERIPRISE FINANCIAL INC,AMP US,AMP,1.89,3821870,22551.89,169.47,USD
Holdings 12-31-17.xls,2017-12-31,12/29/2017,US FRANCHISE INDEX,64,100,201906757,AVIS BUDGET GROUP INC,CAR US,CAR,2.26,4569285,104131.37,43.88,USD
Holdings 12-31-17.xls,2017-12-31,12/29/2017,US FRANCHISE INDEX,64,100,201906757,BB LIQUIDATING INC,BLIAQ US,BLIAQ,0.58,1167417,315518080.04,0,USD
Holdings 12-31-17.xls,2017-12-31,12/29/2017,US FRANCHISE INDEX,64,100,201906757,BIGLARI HOLDINGS INC,BH US,BH,1.46,2943804,7103.77,414.4,USD
Holdings 12-31-17.xls,2017-12-31,12/29/2017,US FRANCHISE INDEX,64,100,201906757,BLOOMIN' BRANDS INC,BLMN US,BLMN,1.43,2881147,135011.59,21.34,USD
Holdings 12-31-17.xls,2017-12-31,12/29/2017,US FRANCHISE INDEX,64,100,201906757,BOJANGLES' INC,BOJA US,BOJA,1.02,2062032,174748.47,11.8,USD
Holdings 12-31-17.xls,2017-12-31,12/29/2017,US FRANCHISE INDEX,64,100,201906757,BRINKER INTERNATIONAL INC,EAT US,EAT,1.47,2961817,76256.88,38.84,USD
Holdings 12-31-17.xls,2017-12-31,12/29/2017,US FRANCHISE INDEX,64,100,201906757,BUFFALO WILD WINGS INC,BWLD US,BWLD,1.74,3504193,22412.49,156.35,USD
Holdings 12-31-17.xls,2017-12-31,12/29/2017,US FRANCHISE INDEX,64,100,201906757,CASEY'S GENERAL STORES INC,CASY US,CASY,1.48,2981751,26637.05,111.94,USD
Holdings 12-31-17.xls,2017-12-31,12/29/2017,US FRANCHISE INDEX,64,100,201906757,CHEMED CORP,CHE US,CHE,1.68,3383061,13920.92,243.02,USD
Holdings 12-31-17.xls,2017-12-31,12/29/2017,US FRANCHISE INDEX,64,100,201906757,CHOICE HOTELS INTL INC,CHH US,CHH,1.71,3450768,44468.66,77.6,USD
Holdings 12-31-17.xls,2017-12-31,12/29/2017,US FRANCHISE INDEX,64,100,201906757,DEL TACO RESTAURANTS INC,TACO US,TACO,1.24,2503034,206520.92,12.12,USD
Holdings 12-31-17.xls,2017-12-31,12/29/2017,US FRANCHISE INDEX,64,100,201906757,DENNY'S CORP,DENN US,DENN,1.58,3194319,241262.75,13.24,USD
Holdings 12-31-17.xls,2017-12-31,12/29/2017,US FRANCHISE INDEX,64,100,201906757,DINEEQUITY INC,DIN US,DIN,1.69,3414060,67298.63,50.73,USD
Holdings 12-31-17.xls,2017-12-31,12/29/2017,US FRANCHISE INDEX,64,100,201906757,DOMINO'S PIZZA INC,DPZ US,DPZ,1.26,2549227,13490.83,188.96,USD
Holdings 12-31-17.xls,2017-12-31,12/29/2017,US FRANCHISE INDEX,64,100,201906757,DUNKIN' BRANDS GROUP INC,DNKN US,DNKN,1.66,3360935,52131.76,64.47,USD
Holdings 12-31-17.xls,2017-12-31,12/29/2017,US FRANCHISE INDEX,64,100,201906757,EL POLLO LOCO HOLDINGS INC,LOCO US,LOCO,1.01,2029795,205029.79,9.9,USD
Holdings 12-31-17.xls,2017-12-31,12/29/2017,US FRANCHISE INDEX,64,100,201906757,FAMOUS DAVE'S OF AMERICA,DAVE US,DAVE,2.54,5134732,777989.75,6.6,USD
Holdings 12-31-17.xls,2017-12-31,12/29/2017,US FRANCHISE INDEX,64,100,201906757,FIESTA RESTAURANT GROUP,FRGI US,FRGI,1.29,2612765,137513.93,19,USD
Holdings 12-31-17.xls,2017-12-31,12/29/2017,US FRANCHISE INDEX,64,100,201906757,GNC HOLDINGS INC-CL A,GNC US,GNC,0.62,1242984,336852.03,3.69,USD
Holdings 12-31-17.xls,2017-12-31,12/29/2017,US FRANCHISE INDEX,64,100,201906757,H&R BLOCK INC,HRB US,HRB,1.21,2453130,93559.5,26.22,USD
Holdings 12-31-17.xls,2017-12-31,12/29/2017,US FRANCHISE INDEX,64,100,201906757,HERTZ GLOBAL HOLDINGS INC,HTZ US,HTZ,2.7,5457091,246927.18,22.1,USD
Holdings 12-31-17.xls,2017-12-31,12/29/2017,US FRANCHISE INDEX,64,100,201906757,HILTON WORLDWIDE HOLDINGS IN,HLT US,HLT,1.82,3682795,46115.65,79.86,USD
Holdings 12-31-17.xls,2017-12-31,12/29/2017,US FRANCHISE INDEX,64,100,201906757,HYATT HOTELS CORP - CL A,H US,H,1.84,3715154,50518.82,73.54,USD
Holdings 12-31-17.xls,2017-12-31,12/29/2017,US FRANCHISE INDEX,64,100,201906757,INTERCONTINENTAL HOTELS-ADR,IHG US,IHG,1.62,3269365,51477.95,63.51,USD
Holdings 12-31-17.xls,2017-12-31,12/29/2017,US FRANCHISE INDEX,64,100,201906757,JACK IN THE BOX INC,JACK US,JACK,1.41,2850899,29058.19,98.11,USD
Holdings 12-31-17.xls,2017-12-31,12/29/2017,US FRANCHISE INDEX,64,100,201906757,JAMBA INC,JMBA US,JMBA,1.46,2938085,364526.65,8.06,USD
Holdings 12-31-17.xls,2017-12-31,12/29/2017,US FRANCHISE INDEX,64,100,201906757,LA QUINTA HOLDINGS INC,LQ US,LQ,1.76,3549098,192258.81,18.46,USD
Holdings 12-31-17.xls,2017-12-31,12/29/2017,US FRANCHISE INDEX,64,100,201906757,LA-Z-BOY INC,LZB US,LZB,1.36,2748590,88095.84,31.2,USD
Holdings 12-31-17.xls,2017-12-31,12/29/2017,US FRANCHISE INDEX,64,100,201906757,LIBERTY TAX INC,TAX US,TAX,1.22,2468549,224413.57,11,USD
Holdings 12-31-17.xls,2017-12-31,12/29/2017,US FRANCHISE INDEX,64,100,201906757,LUBY'S INC,LUB US,LUB,1.32,2667868,1010556.08,2.64,USD
Holdings 12-31-17.xls,2017-12-31,12/29/2017,US FRANCHISE INDEX,64,100,201906757,MARRIOTT INTERNATIONAL -CL A,MAR US,MAR,1.91,3864762,28473.89,135.73,USD
Holdings 12-31-17.xls,2017-12-31,12/29/2017,US FRANCHISE INDEX,64,100,201906757,MCDONALD'S CORP,MCD US,MCD,1.6,3228847,18759.28,172.12,USD
Holdings 12-31-17.xls,2017-12-31,12/29/2017,US FRANCHISE INDEX,64,100,201906757,MTY FOOD GROUP INC,MTYFF US,MTYFF,1.77,3573575,79742.01,44.81,USD
Holdings 12-31-17.xls,2017-12-31,12/29/2017,US FRANCHISE INDEX,64,100,201906757,NATHAN'S FAMOUS INC,NATH US,NATH,1.79,3622783,47983.89,75.5,USD
Holdings 12-31-17.xls,2017-12-31,12/29/2017,US FRANCHISE INDEX,64,100,201906757,NOODLES & CO,NDLS US,NDLS,1.89,3822623,728118.61,5.25,USD
Holdings 12-31-17.xls,2017-12-31,12/29/2017,US FRANCHISE INDEX,64,100,201906757,PAPA JOHN'S INTL INC,PZZA US,PZZA,1.11,2235362,39838.92,56.11,USD
Holdings 12-31-17.xls,2017-12-31,12/29/2017,US FRANCHISE INDEX,64,100,201906757,PAPA MURPHY'S HOLDINGS INC,FRSH US,FRSH,1.73,3495969,649808.37,5.38,USD
Holdings 12-31-17.xls,2017-12-31,12/29/2017,US FRANCHISE INDEX,64,100,201906757,PLANET FITNESS INC - CL A,PLNT US,PLNT,2.09,4213261,121665.06,34.63,USD
Holdings 12-31-17.xls,2017-12-31,12/29/2017,US FRANCHISE INDEX,64,100,201906757,POTBELLY CORP,PBPB US,PBPB,1.5,3037204,246927.18,12.3,USD
Holdings 12-31-17.xls,2017-12-31,12/29/2017,US FRANCHISE INDEX,64,100,201906757,RE/MAX HOLDINGS INC-CL A,RMAX US,RMAX,1.22,2472734,50984.2,48.5,USD
Holdings 12-31-17.xls,2017-12-31,12/29/2017,US FRANCHISE INDEX,64,100,201906757,RED LION HOTELS CORP,RLH US,RLH,1.88,3805534,386348.65,9.85,USD
Holdings 12-31-17.xls,2017-12-31,12/29/2017,US FRANCHISE INDEX,64,100,201906757,RED ROBIN GOURMET BURGERS,RRGB US,RRGB,1.22,2454513,43519.73,56.4,USD
Holdings 12-31-17.xls,2017-12-31,12/29/2017,US FRANCHISE INDEX,64,100,201906757,REGIS CORP,RGS US,RGS,2.1,4247051,276500.74,15.36,USD
Holdings 12-31-17.xls,2017-12-31,12/29/2017,US FRANCHISE INDEX,64,100,201906757,RENT-A-CENTER INC,RCII US,RCII,1.33,2689442,242292.03,11.1,USD
Holdings 12-31-17.xls,2017-12-31,12/29/2017,US FRANCHISE INDEX,64,100,201906757,RESTAURANT BRANDS INTERN,QSR US,QSR,1.39,2809993,45705.8,61.48,USD
Holdings 12-31-17.xls,2017-12-31,12/29/2017,US FRANCHISE INDEX,64,100,201906757,ROCKY MOUNTAIN CHOC FACT INC,RMCF US,RMCF,1.44,2897764,245573.24,11.8,USD
Holdings 12-31-17.xls,2017-12-31,12/29/2017,US FRANCHISE INDEX,64,100,201906757,ROLLINS INC,ROL US,ROL,1.62,3269696,70270.7,46.53,USD
Holdings 12-31-17.xls,2017-12-31,12/29/2017,US FRANCHISE INDEX,64,100,201906757,RUTH'S HOSPITALITY GROUP INC,RUTH US,RUTH,1.41,2852232,131742.81,21.65,USD
Holdings 12-31-17.xls,2017-12-31,12/29/2017,US FRANCHISE INDEX,64,100,201906757,SALLY BEAUTY HOLDINGS INC,SBH US,SBH,1.3,2630720,140230.25,18.76,USD
Holdings 12-31-17.xls,2017-12-31,12/29/2017,US FRANCHISE INDEX,64,100,201906757,SERVICEMASTER GLOBAL HOLDING,SERV US,SERV,1.84,3714966,72458.86,51.27,USD
Holdings 12-31-17.xls,2017-12-31,12/29/2017,US FRANCHISE INDEX,64,100,201906757,SHAKE SHACK INC - CLASS A,SHAK US,SHAK,1.74,3517013,81412.35,43.2,USD
Holdings 12-31-17.xls,2017-12-31,12/29/2017,US FRANCHISE INDEX,64,100,201906757,SNAP-ON INC,SNA US,SNA,1.57,3163725,18151.03,174.3,USD
Holdings 12-31-17.xls,2017-12-31,12/29/2017,US FRANCHISE INDEX,64,100,201906757,SONIC CORP,SONC US,SONC,1.48,2982150,108520.75,27.48,USD
Holdings 12-31-17.xls,2017-12-31,12/29/2017,US FRANCHISE INDEX,64,100,201906757,TEXAS ROADHOUSE INC,TXRH US,TXRH,1.47,2961095,56209.1,52.68,USD
Holdings 12-31-17.xls,2017-12-31,12/29/2017,US FRANCHISE INDEX,64,100,201906757,VALVOLINE INC,VVV US,VVV,1.49,3016052,120353.22,25.06,USD
Holdings 12-31-17.xls,2017-12-31,12/29/2017,US FRANCHISE INDEX,64,100,201906757,WEIGHT WATCHERS INTL INC,WTW US,WTW,1.86,3762425,84968.96,44.28,USD
Holdings 12-31-17.xls,2017-12-31,12/29/2017,US FRANCHISE INDEX,64,100,201906757,WENDY'S CO/THE,WEN US,WEN,1.5,3034670,184815.47,16.42,USD
Holdings 12-31-17.xls,2017-12-31,12/29/2017,US FRANCHISE INDEX,64,100,201906757,WINGSTOP INC,WING US,WING,1.78,3596486,92264.91,38.98,USD
Holdings 12-31-17.xls,2017-12-31,12/29/2017,US FRANCHISE INDEX,64,100,201906757,WINMARK CORP,WINA US,WINA,1.41,2854463,22059.22,129.4,USD
Holdings 12-31-17.xls,2017-12-31,12/29/2017,US FRANCHISE INDEX,64,100,201906757,WYNDHAM WORLDWIDE CORP,WYN US,WYN,1.64,3313858,28599.79,115.87,USD
Holdings 12-31-17.xls,2017-12-31,12/29/2017,US FRANCHISE INDEX,64,100,201906757,YUM! BRANDS INC,YUM US,YUM,1.57,3166512,38800.54,81.61,USD
