date,franchise_level,benchmark_spy_level,interval_snapshot,interval_rebalance_date,interval_end_date,approved_weight_pct,priced_approved_weight_pct,unresolved_weight_pct,approved_holdings_count,priced_approved_holdings_count,unresolved_holdings_count
2007-12-31,99.9999999999998,100,2007-12-31,2007-12-31,2008-06-30,86.84000000000006,86.84000000000006,13.36,52,52,8
2008-01-02,98.0702708161021,99.12456467685519,2007-12-31,2007-12-31,2008-06-30,86.84000000000006,86.84000000000006,13.36,52,52,8
2008-01-03,95.67320453216963,99.076674341891,2007-12-31,2007-12-31,2008-06-30,86.84000000000006,86.84000000000006,13.36,52,52,8
2008-01-04,92.76227350777609,96.64863435920816,2007-12-31,2007-12-31,2008-06-30,86.84000000000006,86.84000000000006,13.36,52,52,8
2008-01-07,94.3059576017951,96.56664610574953,2007-12-31,2007-12-31,2008-06-30,86.84000000000006,86.84000000000006,13.36,52,52,8
2008-01-08,91.16247303111737,95.00724101864658,2007-12-31,2007-12-31,2008-06-30,86.84000000000006,86.84000000000006,13.36,52,52,8
2008-01-09,91.83451373947854,96.0057545026493,2007-12-31,2007-12-31,2008-06-30,86.84000000000006,86.84000000000006,13.36,52,52,8
2008-01-10,92.30480285028074,96.63503350407834,2007-12-31,2007-12-31,2008-06-30,86.84000000000006,86.84000000000006,13.36,52,52,8
2008-01-11,89.44696529568769,95.85528307019192,2007-12-31,2007-12-31,2008-06-30,86.84000000000006,86.84000000000006,13.36,52,52,8
2008-01-14,89.13823544997875,96.6281372958435,2007-12-31,2007-12-31,2008-06-30,86.84000000000006,86.84000000000006,13.36,52,52,8
2008-01-15,86.4120923472933,94.50104017807543,2007-12-31,2007-12-31,2008-06-30,86.84000000000006,86.84000000000006,13.36,52,52,8
2008-01-16,87.57004053315431,93.68719182569451,2007-12-31,2007-12-31,2008-06-30,86.84000000000006,86.84000000000006,13.36,52,52,8
2008-01-17,86.36184712187325,91.25915184301167,2007-12-31,2007-12-31,2008-06-30,86.84000000000006,86.84000000000006,13.36,52,52,8
2008-01-18,86.04766580673233,90.32212954910293,2007-12-31,2007-12-31,2008-06-30,86.84000000000006,86.84000000000006,13.36,52,52,8
2008-01-22,86.20203837362584,89.40570009922878,2007-12-31,2007-12-31,2008-06-30,86.84000000000006,86.84000000000006,13.36,52,52,8
2008-01-23,91.2571256889695,91.55329428036151,2007-12-31,2007-12-31,2008-06-30,86.84000000000006,86.84000000000006,13.36,52,52,8
2008-01-24,92.00562411488632,92.32614850601311,2007-12-31,2007-12-31,2008-06-30,86.84000000000006,86.84000000000006,13.36,52,52,8
2008-01-25,90.93018723177208,90.99240267726128,2007-12-31,2007-12-31,2008-06-30,86.84000000000006,86.84000000000006,13.36,52,52,8
2008-01-28,92.30485021438558,92.49711700183516,2007-12-31,2007-12-31,2008-06-30,86.84000000000006,86.84000000000006,13.36,52,52,8
2008-01-29,93.28756130961435,92.95533172677224,2007-12-31,2007-12-31,2008-06-30,86.84000000000006,86.84000000000006,13.36,52,52,8
2008-01-30,92.65106004366268,92.27136196281413,2007-12-31,2007-12-31,2008-06-30,86.84000000000006,86.84000000000006,13.36,52,52,8
2008-01-31,96.21007208694456,93.95394099144487,2007-12-31,2007-12-31,2008-06-30,86.84000000000006,86.84000000000006,13.36,52,52,8
2008-02-01,98.80299265905879,95.46545574358366,2007-12-31,2007-12-31,2008-06-30,86.84000000000006,86.84000000000006,13.36,52,52,8
2008-02-04,96.40562001263253,94.26168428392457,2007-12-31,2007-12-31,2008-06-30,86.84000000000006,86.84000000000006,13.36,52,52,8
2008-02-05,94.38074914839618,91.73795941198331,2007-12-31,2007-12-31,2008-06-30,86.84000000000006,86.84000000000006,13.36,52,52,8
2008-02-06,92.87219791928905,90.99929888549613,2007-12-31,2007-12-31,2008-06-30,86.84000000000006,86.84000000000006,13.36,52,52,8
2008-02-07,93.89505915374313,91.60118461532566,2007-12-31,2007-12-31,2008-06-30,86.84000000000006,86.84000000000006,13.36,52,52,8
2008-02-08,92.74304783554005,91.01289974062595,2007-12-31,2007-12-31,2008-06-30,86.84000000000006,86.84000000000006,13.36,52,52,8
2008-02-11,93.1545912112722,91.47801067379785,2007-12-31,2007-12-31,2008-06-30,86.84000000000006,86.84000000000006,13.36,52,52,8
2008-02-12,94.48821557285844,92.32614850601311,2007-12-31,2007-12-31,2008-06-30,86.84000000000006,86.84000000000006,13.36,52,52,8
2008-02-13,96.63311233273217,93.26997122748676,2007-12-31,2007-12-31,2008-06-30,86.84000000000006,86.84000000000006,13.36,52,52,8
2008-02-14,94.56133643621244,92.449226666871,2007-12-31,2007-12-31,2008-06-30,86.84000000000006,86.84000000000006,13.36,52,52,8
2008-02-15,93.48666026914643,92.42872960350634,2007-12-31,2007-12-31,2008-06-30,86.84000000000006,86.84000000000006,13.36,52,52,8
2008-02-19,93.40803003440999,92.68858256102187,2007-12-31,2007-12-31,2008-06-30,86.84000000000006,86.84000000000006,13.36,52,52,8
2008-02-20,94.86204745074551,92.96222793500708,2007-12-31,2007-12-31,2008-06-30,86.84000000000006,86.84000000000006,13.36,52,52,8
2008-02-21,93.04683441437722,92.18937370935548,2007-12-31,2007-12-31,2008-06-30,86.84000000000006,86.84000000000006,13.36,52,52,8
2008-02-22,93.12180456383359,92.7569699593507,2007-12-31,2007-12-31,2008-06-30,86.84000000000006,86.84000000000006,13.36,52,52,8
2008-02-25,94.2869130225019,93.92654771984537,2007-12-31,2007-12-31,2008-06-30,86.84000000000006,86.84000000000006,13.36,52,52,8
2008-02-26,96.61374366930208,94.63101454716816,2007-12-31,2007-12-31,2008-06-30,86.84000000000006,86.84000000000006,13.36,52,52,8
2008-02-27,96.68784168811615,94.53523387723985,2007-12-31,2007-12-31,2008-06-30,86.84000000000006,86.84000000000006,13.36,52,52,8
2008-02-28,94.51630570729876,93.61190821913084,2007-12-31,2007-12-31,2008-06-30,86.84000000000006,86.84000000000006,13.36,52,52,8
2008-02-29,92.25152335705533,91.52590100876202,2007-12-31,2007-12-31,2008-06-30,86.84000000000006,86.84000000000006,13.36,52,52,8
2008-03-03,91.61308165584106,91.30704217797582,2007-12-31,2007-12-31,2008-06-30,86.84000000000006,86.84000000000006,13.36,52,52,8
2008-03-04,91.37271763319333,90.95820897809689,2007-12-31,2007-12-31,2008-06-30,86.84000000000006,86.84000000000006,13.36,52,52,8
2008-03-05,91.97720526362119,91.53270143632693,2007-12-31,2007-12-31,2008-06-30,86.84000000000006,86.84000000000006,13.36,52,52,8
2008-03-06,88.87204420262759,89.63815978514481,2007-12-31,2007-12-31,2008-06-30,86.84000000000006,86.84000000000006,13.36,52,52,8
2008-03-07,88.41353244366617,88.71483412703583,2007-12-31,2007-12-31,2008-06-30,86.84000000000006,86.84000000000006,13.36,52,52,8
2008-03-10,86.84185456377917,87.54535214721106,2007-12-31,2007-12-31,2008-06-30,86.84000000000006,86.84000000000006,13.36,52,52,8
2008-03-11,89.50164909252861,90.69145981234652,2007-12-31,2007-12-31,2008-06-30,86.84000000000006,86.84000000000006,13.36,52,52,8
2008-03-12,89.27079184731514,89.84341776080117,2007-12-31,2007-12-31,2008-06-30,86.84000000000006,86.84000000000006,13.36,52,52,8
2008-03-13,90.5995606900156,90.04177952822275,2007-12-31,2007-12-31,2008-06-30,86.84000000000006,86.84000000000006,13.36,52,52,8
2008-03-14,88.89778637220658,88.646446728707,2007-12-31,2007-12-31,2008-06-30,86.84000000000006,86.84000000000006,13.36,52,52,8
2008-03-17,87.69538152220801,87.75051434219753,2007-12-31,2007-12-31,2008-06-30,86.84000000000006,86.84000000000006,13.36,52,52,8
2008-03-18,91.04768775523353,91.39592663966928,2007-12-31,2007-12-31,2008-06-30,86.84000000000006,86.84000000000006,13.36,52,52,8
2008-03-19,89.98586014893856,89.13205472524356,2007-12-31,2007-12-31,2008-06-30,86.84000000000006,86.84000000000006,13.36,52,52,8
2008-03-20,94.08849998802806,90.783026132798,2007-12-31,2007-12-31,2008-06-30,86.84000000000006,86.84000000000006,13.36,52,52,8
2008-03-24,96.66727150425854,92.59759092458997,2007-12-31,2007-12-31,2008-06-30,86.84000000000006,86.84000000000006,13.36,52,52,8
2008-03-25,97.12880330791369,92.68695428963308,2007-12-31,2007-12-31,2008-06-30,86.84000000000006,86.84000000000006,13.36,52,52,8
2008-03-26,95.54989448943309,91.55281537701188,2007-12-31,2007-12-31,2008-06-30,86.84000000000006,86.84000000000006,13.36,52,52,8
2008-03-27,93.90370853930959,91.26413243784792,2007-12-31,2007-12-31,2008-06-30,86.84000000000006,86.84000000000006,13.36,52,52,8
2008-03-28,92.27211810772397,90.39128319279118,2007-12-31,2007-12-31,2008-06-30,86.84000000000006,86.84000000000006,13.36,52,52,8
2008-03-31,92.99426905719278,90.70745518422456,2007-12-31,2007-12-31,2008-06-30,86.84000000000006,86.84000000000006,13.36,52,52,8
2008-04-01,97.00973446822806,93.89666415082775,2007-12-31,2007-12-31,2008-06-30,86.84000000000006,86.84000000000006,13.36,52,52,8
2008-04-02,96.89926353565347,93.95853846360144,2007-12-31,2007-12-31,2008-06-30,86.84000000000006,86.84000000000006,13.36,52,52,8
2008-04-03,96.32494988668874,94.19224329822653,2007-12-31,2007-12-31,2008-06-30,86.84000000000006,86.84000000000006,13.36,52,52,8
2008-04-04,96.07229971955105,94.08908751671375,2007-12-31,2007-12-31,2008-06-30,86.84000000000006,86.84000000000006,13.36,52,52,8
2008-04-07,95.85776660729198,94.13716941301774,2007-12-31,2007-12-31,2008-06-30,86.84000000000006,86.84000000000006,13.36,52,52,8
2008-04-08,95.00787230548895,94.04100562040972,2007-12-31,2007-12-31,2008-06-30,86.84000000000006,86.84000000000006,13.36,52,52,8
2008-04-09,93.17391431644974,93.36048396056903,2007-12-31,2007-12-31,2008-06-30,86.84000000000006,86.84000000000006,13.36,52,52,8
2008-04-10,94.09015832618141,93.49112879435124,2007-12-31,2007-12-31,2008-06-30,86.84000000000006,86.84000000000006,13.36,52,52,8
2008-04-11,91.88811383408432,91.67656400255927,2007-12-31,2007-12-31,2008-06-30,86.84000000000006,86.84000000000006,13.36,52,52,8
2008-04-14,90.96351881799643,91.36728821936073,2007-12-31,2007-12-31,2008-06-30,86.84000000000006,86.84000000000006,13.36,52,52,8
2008-04-15,91.24710784675159,91.5803044292813,2007-12-31,2007-12-31,2008-06-30,86.84000000000006,86.84000000000006,13.36,52,52,8
2008-04-16,93.30481919908,94.0615984644443,2007-12-31,2007-12-31,2008-06-30,86.84000000000006,86.84000000000006,13.36,52,52,8
2008-04-17,93.16869474080382,94.19904372579143,2007-12-31,2007-12-31,2008-06-30,86.84000000000006,86.84000000000006,13.36,52,52,8
2008-04-18,95.24915540492982,95.18194496059583,2007-12-31,2007-12-31,2008-06-30,86.84000000000006,86.84000000000006,13.36,52,52,8
2008-04-21,94.58105889726369,95.23012263756978,2007-12-31,2007-12-31,2008-06-30,86.84000000000006,86.84000000000006,13.36,52,52,8
2008-04-22,92.59237129928117,94.8107948646236,2007-12-31,2007-12-31,2008-06-30,86.84000000000006,86.84000000000006,13.36,52,52,8
2008-04-23,93.6604001374639,94.65955718680678,2007-12-31,2007-12-31,2008-06-30,86.84000000000006,86.84000000000006,13.36,52,52,8
2008-04-24,95.66286401390717,95.07198875151812,2007-12-31,2007-12-31,2008-06-30,86.84000000000006,86.84000000000006,13.36,52,52,8
2008-04-25,96.52492781757574,95.95173420480974,2007-12-31,2007-12-31,2008-06-30,86.84000000000006,86.84000000000006,13.36,52,52,8
2008-04-28,96.15089671317385,95.97242282951424,2007-12-31,2007-12-31,2008-06-30,86.84000000000006,86.84000000000006,13.36,52,52,8
2008-04-29,96.74315999628203,95.59437652530717,2007-12-31,2007-12-31,2008-06-30,86.84000000000006,86.84000000000006,13.36,52,52,8
2008-04-30,97.17315434668204,95.03070728277902,2007-12-31,2007-12-31,2008-06-30,86.84000000000006,86.84000000000006,13.36,52,52,8
2008-05-01,99.26618975603886,96.99650975238782,2007-12-31,2007-12-31,2008-06-30,86.84000000000006,86.84000000000006,13.36,52,52,8
2008-05-02,98.79071695852794,97.26459984751719,2007-12-31,2007-12-31,2008-06-30,86.84000000000006,86.84000000000006,13.36,52,52,8
2008-05-05,98.30923775110809,96.79719017826699,2007-12-31,2007-12-31,2008-06-30,86.84000000000006,86.84000000000006,13.36,52,52,8
2008-05-06,98.34165691652676,97.63574994348942,2007-12-31,2007-12-31,2008-06-30,86.84000000000006,86.84000000000006,13.36,52,52,8
2008-05-07,96.7643714788752,95.89675610027088,2007-12-31,2007-12-31,2008-06-30,86.84000000000006,86.84000000000006,13.36,52,52,8
2008-05-08,96.74701076342788,95.64935462984603,2007-12-31,2007-12-31,2008-06-30,86.84000000000006,86.84000000000006,13.36,52,52,8
2008-05-09,96.50557933649935,95.47062789975979,2007-12-31,2007-12-31,2008-06-30,86.84000000000006,86.84000000000006,13.36,52,52,8
2008-05-12,98.65200549622097,96.5428924996073,2007-12-31,2007-12-31,2008-06-30,86.84000000000006,86.84000000000006,13.36,52,52,8
2008-05-13,99.41098538454601,96.55658913540705,2007-12-31,2007-12-31,2008-06-30,86.84000000000006,86.84000000000006,13.36,52,52,8
2008-05-14,99.17006790069864,96.75590870952789,2007-12-31,2007-12-31,2008-06-30,86.84000000000006,86.84000000000006,13.36,52,52,8
2008-05-15,99.90509357096077,97.96561857072254,2007-12-31,2007-12-31,2008-06-30,86.84000000000006,86.84000000000006,13.36,52,52,8
2008-05-16,99.07792919374074,98.05498193576565,2007-12-31,2007-12-31,2008-06-30,86.84000000000006,86.84000000000006,13.36,52,52,8
2008-05-19,98.40808616213305,98.32307203089502,2007-12-31,2007-12-31,2008-06-30,86.84000000000006,86.84000000000006,13.36,52,52,8
2008-05-20,96.85419733641312,97.5257937344117,2007-12-31,2007-12-31,2008-06-30,86.84000000000006,86.84000000000006,13.36,52,52,8
2008-05-21,94.03750686869745,95.87616325623628,2007-12-31,2007-12-31,2008-06-30,86.84000000000006,86.84000000000006,13.36,52,52,8
2008-05-22,94.6213568730377,95.88995567270597,2007-12-31,2007-12-31,2008-06-30,86.84000000000006,86.84000000000006,13.36,52,52,8
2008-05-23,93.08164658109497,94.60457908226793,2007-12-31,2007-12-31,2008-06-30,86.84000000000006,86.84000000000006,13.36,52,52,8
2008-05-27,94.42947307793624,95.30569358614322,2007-12-31,2007-12-31,2008-06-30,86.84000000000006,86.84000000000006,13.36,52,52,8
2008-05-28,95.42386819753057,95.74561420312399,2007-12-31,2007-12-31,2008-06-30,86.84000000000006,86.84000000000006,13.36,52,52,8
2008-05-29,96.40487324503488,96.22672050817393,2007-12-31,2007-12-31,2008-06-30,86.84000000000006,86.84000000000006,13.36,52,52,8
2008-05-30,96.31307328868421,96.46732155103386,2007-12-31,2007-12-31,2008-06-30,86.84000000000006,86.84000000000006,13.36,52,52,8
2008-06-02,93.83910190773716,95.47062789975979,2007-12-31,2007-12-31,2008-06-30,86.84000000000006,86.84000000000006,13.36,52,52,8
2008-06-03,93.71814088100015,94.91385486546648,2007-12-31,2007-12-31,2008-06-30,86.84000000000006,86.84000000000006,13.36,52,52,8
2008-06-04,94.64971917656001,94.86577296916245,2007-12-31,2007-12-31,2008-06-30,86.84000000000006,86.84000000000006,13.36,52,52,8
2008-06-05,96.15062269547677,96.76280491776272,2007-12-31,2007-12-31,2008-06-30,86.84000000000006,86.84000000000006,13.36,52,52,8
2008-06-06,92.16657742796932,93.67665595200239,2007-12-31,2007-12-31,2008-06-30,86.84000000000006,86.84000000000006,13.36,52,52,8
2008-06-09,91.1139011442856,93.90356035906258,2007-12-31,2007-12-31,2008-06-30,86.84000000000006,86.84000000000006,13.36,52,52,8
2008-06-10,91.6843874983769,93.4361506898124,2007-12-31,2007-12-31,2008-06-30,86.84000000000006,86.84000000000006,13.36,52,52,8
2008-06-11,89.28842499081786,92.06150651500118,2007-12-31,2007-12-31,2008-06-30,86.84000000000006,86.84000000000006,13.36,52,52,8
2008-06-12,90.14816460905692,92.41196798626889,2007-12-31,2007-12-31,2008-06-30,86.84000000000006,86.84000000000006,13.36,52,52,8
2008-06-13,91.58087162029472,93.58049215939437,2007-12-31,2007-12-31,2008-06-30,86.84000000000006,86.84000000000006,13.36,52,52,8
2008-06-16,92.58956843146976,93.63547026393321,2007-12-31,2007-12-31,2008-06-30,86.84000000000006,86.84000000000006,13.36,52,52,8
2008-06-17,91.3611419742234,93.18185301115271,2007-12-31,2007-12-31,2008-06-30,86.84000000000006,86.84000000000006,13.36,52,52,8
2008-06-18,90.59461958608101,92.27452272492175,2007-12-31,2007-12-31,2008-06-30,86.84000000000006,86.84000000000006,13.36,52,52,8
2008-06-19,91.70856601950614,92.3913751422343,2007-12-31,2007-12-31,2008-06-30,86.84000000000006,86.84000000000006,13.36,52,52,8
2008-06-20,89.03983283480429,90.89183297383656,2007-12-31,2007-12-31,2008-06-30,86.84000000000006,86.84000000000006,13.36,52,52,8
2008-06-23,87.10464913836945,90.80208648611372,2007-12-31,2007-12-31,2008-06-30,86.84000000000006,86.84000000000006,13.36,52,52,8
2008-06-24,86.33821394047008,90.62249772999812,2007-12-31,2007-12-31,2008-06-30,86.84000000000006,86.84000000000006,13.36,52,52,8
2008-06-25,88.28376420453125,91.05073310524764,2007-12-31,2007-12-31,2008-06-30,86.84000000000006,86.84000000000006,13.36,52,52,8
2008-06-26,85.35753268646093,88.5777719883684,2007-12-31,2007-12-31,2008-06-30,86.84000000000006,86.84000000000006,13.36,52,52,8
2008-06-27,84.54579805857854,88.09427116657025,2007-12-31,2007-12-31,2008-06-30,86.84000000000006,86.84000000000006,13.36,52,52,8
2008-06-30,83.75690508103557,88.40507944048764,2007-12-31,2007-12-31,2008-06-30,86.84000000000006,86.84000000000006,13.36,52,52,8
2008-07-01,81.33165695818909,88.68140667323084,2008-06-30,2008-06-30,2008-12-31,86.84000000000006,85.17000000000006,13.36,52,51,8
2008-07-02,78.85679723075097,87.16165478347823,2008-06-30,2008-06-30,2008-12-31,86.84000000000006,85.17000000000006,13.36,52,51,8
2008-07-03,79.03709380065376,87.25149705187098,2008-06-30,2008-06-30,2008-12-31,86.84000000000006,85.17000000000006,13.36,52,51,8
2008-07-07,79.03983183716888,86.36044947952784,2008-06-30,2008-06-30,2008-12-31,86.84000000000006,85.17000000000006,13.36,52,51,8
2008-07-08,82.23826365287057,87.8938980050802,2008-06-30,2008-06-30,2008-12-31,86.84000000000006,85.17000000000006,13.36,52,51,8
2008-07-09,79.32189956097905,86.20154934811677,2008-06-30,2008-06-30,2008-12-31,86.84000000000006,85.17000000000006,13.36,52,51,8
2008-07-10,78.22074860484052,86.55383065211312,2008-06-30,2008-06-30,2008-12-31,86.84000000000006,85.17000000000006,13.36,52,51,8
2008-07-11,76.92886445935333,85.54526019776793,2008-06-30,2008-06-30,2008-12-31,86.84000000000006,85.17000000000006,13.36,52,51,8
2008-07-14,75.11972652065607,84.7716397267569,2008-06-30,2008-06-30,2008-12-31,86.84000000000006,85.17000000000006,13.36,52,51,8
2008-07-15,74.6699248944106,83.5765843080613,2008-06-30,2008-06-30,2008-12-31,86.84000000000006,85.17000000000006,13.36,52,51,8
2008-07-16,77.82246075709517,85.62820625792585,2008-06-30,2008-06-30,2008-12-31,86.84000000000006,85.17000000000006,13.36,52,51,8
2008-07-17,80.31983113098711,86.4847727890948,2008-06-30,2008-06-30,2008-12-31,86.84000000000006,85.17000000000006,13.36,52,51,8
2008-07-18,80.07998960547205,87.0235390574416,2008-06-30,2008-06-30,2008-12-31,86.84000000000006,85.17000000000006,13.36,52,51,8
2008-07-21,79.73261222945676,87.07190829575539,2008-06-30,2008-06-30,2008-12-31,86.84000000000006,85.17000000000006,13.36,52,51,8
2008-07-22,83.38705308069781,88.05969434472614,2008-06-30,2008-06-30,2008-12-31,86.84000000000006,85.17000000000006,13.36,52,51,8
2008-07-23,85.56730622168017,88.53629895828944,2008-06-30,2008-06-30,2008-12-31,86.84000000000006,85.17000000000006,13.36,52,51,8
2008-07-24,82.7548174935294,86.6988425863846,2008-06-30,2008-06-30,2008-12-31,86.84000000000006,85.17000000000006,13.36,52,51,8
2008-07-25,82.99836450406882,86.67815396168007,2008-06-30,2008-06-30,2008-12-31,86.84000000000006,85.17000000000006,13.36,52,51,8
2008-07-28,81.23479959653723,85.4071444717313,2008-06-30,2008-06-30,2008-12-31,86.84000000000006,85.17000000000006,13.36,52,51,8
2008-07-29,83.84754691494885,87.23080842716647,2008-06-30,2008-06-30,2008-12-31,86.84000000000006,85.17000000000006,13.36,52,51,8
2008-07-30,83.74098332505925,88.78504135809328,2008-06-30,2008-06-30,2008-12-31,86.84000000000006,85.17000000000006,13.36,52,51,8
2008-07-31,83.59633557343604,87.61067456410217,2008-06-30,2008-06-30,2008-12-31,86.84000000000006,85.17000000000006,13.36,52,51,8
2008-08-01,83.49093982752477,87.14786236700856,2008-06-30,2008-06-30,2008-12-31,86.84000000000006,85.17000000000006,13.36,52,51,8
2008-08-04,82.64849958493134,86.3396650741534,2008-06-30,2008-06-30,2008-12-31,86.84000000000006,85.17000000000006,13.36,52,51,8
2008-08-05,87.14980899190134,88.66761425676117,2008-06-30,2008-06-30,2008-12-31,86.84000000000006,85.17000000000006,13.36,52,51,8
2008-08-06,87.00269666926175,89.06136859083648,2008-06-30,2008-06-30,2008-12-31,86.84000000000006,85.17000000000006,13.36,52,51,8
2008-08-07,85.83421983048797,87.73499787366914,2008-06-30,2008-06-30,2008-12-31,86.84000000000006,85.17000000000006,13.36,52,51,8
2008-08-08,89.68496213442026,89.36528065651903,2008-06-30,2008-06-30,2008-12-31,86.84000000000006,85.17000000000006,13.36,52,51,8
2008-08-11,91.52304304585542,90.2909050507063,2008-06-30,2008-06-30,2008-12-31,86.84000000000006,85.17000000000006,13.36,52,51,8
2008-08-12,90.905678569663,89.35148824004935,2008-06-30,2008-06-30,2008-12-31,86.84000000000006,85.17000000000006,13.36,52,51,8
2008-08-13,90.09703549644584,88.81262619103263,2008-06-30,2008-06-30,2008-12-31,86.84000000000006,85.17000000000006,13.36,52,51,8
2008-08-14,91.52310008390091,89.48270775785114,2008-06-30,2008-06-30,2008-12-31,86.84000000000006,85.17000000000006,13.36,52,51,8
2008-08-15,91.86920148630102,89.9178393413355,2008-06-30,2008-06-30,2008-12-31,86.84000000000006,85.17000000000006,13.36,52,51,8
2008-08-18,89.83203863953067,88.68830288146569,2008-06-30,2008-06-30,2008-12-31,86.84000000000006,85.17000000000006,13.36,52,51,8
2008-08-19,87.59531062136337,87.72120545719945,2008-06-30,2008-06-30,2008-12-31,86.84000000000006,85.17000000000006,13.36,52,51,8
2008-08-20,87.64588095914296,88.12875220774444,2008-06-30,2008-06-30,2008-12-31,86.84000000000006,85.17000000000006,13.36,52,51,8
2008-08-21,86.54812802155757,88.2807561309207,2008-06-30,2008-06-30,2008-12-31,86.84000000000006,85.17000000000006,13.36,52,51,8
2008-08-22,88.923408418541,89.5586618291043,2008-06-30,2008-06-30,2008-12-31,86.84000000000006,85.17000000000006,13.36,52,51,8
2008-08-25,86.50341433264312,87.74198986257392,2008-06-30,2008-06-30,2008-12-31,86.84000000000006,85.17000000000006,13.36,52,51,8
2008-08-26,85.59732154352429,87.99753268994264,2008-06-30,2008-06-30,2008-12-31,86.84000000000006,85.17000000000006,13.36,52,51,8
2008-08-27,86.36409538134473,88.8540992211116,2008-06-30,2008-06-30,2008-12-31,86.84000000000006,85.17000000000006,13.36,52,51,8
2008-08-28,88.49516503949553,89.9317275384751,2008-06-30,2008-06-30,2008-12-31,86.84000000000006,85.17000000000006,13.36,52,51,8
2008-08-29,88.12723273409145,88.96463011420887,2008-06-30,2008-06-30,2008-12-31,86.84000000000006,85.17000000000006,13.36,52,51,8
2008-09-02,89.75753630944925,88.41197564872249,2008-06-30,2008-06-30,2008-12-31,86.84000000000006,85.17000000000006,13.36,52,51,8
2008-09-03,90.89863958412114,88.33602157746932,2008-06-30,2008-06-30,2008-12-31,86.84000000000006,85.17000000000006,13.36,52,51,8
2008-09-04,88.21502314525553,85.67657549623966,2008-06-30,2008-06-30,2008-12-31,86.84000000000006,85.17000000000006,13.36,52,51,8
2008-09-05,88.56445997804053,85.94591074007808,2008-06-30,2008-06-30,2008-12-31,86.84000000000006,85.17000000000006,13.36,52,51,8
2008-09-08,91.5819678589925,87.72120545719945,2008-06-30,2008-06-30,2008-12-31,86.84000000000006,85.17000000000006,13.36,52,51,8
2008-09-09,89.54613458126701,85.11702482251843,2008-06-30,2008-06-30,2008-12-31,86.84000000000006,85.17000000000006,13.36,52,51,8
2008-09-10,90.13022555419352,85.46240991827993,2008-06-30,2008-06-30,2008-12-31,86.84000000000006,85.17000000000006,13.36,52,51,8
2008-09-11,90.81348035988333,86.6988425863846,2008-06-30,2008-06-30,2008-12-31,86.84000000000006,85.17000000000006,13.36,52,51,8
2008-09-12,88.77401036609291,87.09949312869475,2008-06-30,2008-06-30,2008-12-31,86.84000000000006,85.17000000000006,13.36,52,51,8
2008-09-15,86.26016618017357,82.95487197955657,2008-06-30,2008-06-30,2008-12-31,86.84000000000006,85.17000000000006,13.36,52,51,8
2008-09-16,87.64837912496664,84.34330857083748,2008-06-30,2008-06-30,2008-12-31,86.84000000000006,85.17000000000006,13.36,52,51,8
2008-09-17,84.39889188784063,80.55096872569565,2008-06-30,2008-06-30,2008-12-31,86.84000000000006,85.17000000000006,13.36,52,51,8
2008-09-18,88.65917810162152,82.9410795630869,2008-06-30,2008-06-30,2008-12-31,86.84000000000006,85.17000000000006,13.36,52,51,8
2008-09-19,91.80778731568536,86.23497680192175,2008-06-30,2008-06-30,2008-12-31,86.84000000000006,85.17000000000006,13.36,52,51,8
2008-09-22,87.86212484849915,84.28258362610292,2008-06-30,2008-06-30,2008-12-31,86.84000000000006,85.17000000000006,13.36,52,51,8
2008-09-23,86.4190657801212,82.36505461413799,2008-06-30,2008-06-30,2008-12-31,86.84000000000006,85.17000000000006,13.36,52,51,8
2008-09-24,84.42021803630544,82.62902614046045,2008-06-30,2008-06-30,2008-12-31,86.84000000000006,85.17000000000006,13.36,52,51,8
2008-09-25,84.73316217640915,83.92129893913331,2008-06-30,2008-06-30,2008-12-31,86.84000000000006,85.17000000000006,13.36,52,51,8
2008-09-26,84.68498582977979,83.96305931122205,2008-06-30,2008-06-30,2008-12-31,86.84000000000006,85.17000000000006,13.36,52,51,8
2008-09-29,80.62165530718512,77.38359775183612,2008-06-30,2008-06-30,2008-12-31,86.84000000000006,85.17000000000006,13.36,52,51,8
2008-09-30,81.85637824154841,80.58640757356913,2008-06-30,2008-06-30,2008-12-31,86.84000000000006,85.17000000000006,13.36,52,51,8
2008-10-01,80.85226730808596,80.63506415389273,2008-06-30,2008-06-30,2008-12-31,86.84000000000006,85.17000000000006,13.36,52,51,8
2008-10-02,77.47937355739566,77.71011405562174,2008-06-30,2008-06-30,2008-12-31,86.84000000000006,85.17000000000006,13.36,52,51,8
2008-10-03,75.30789836102201,76.66102837789688,2008-06-30,2008-06-30,2008-12-31,86.84000000000006,85.17000000000006,13.36,52,51,8
2008-10-06,72.67700543418329,72.75633780692917,2008-06-30,2008-06-30,2008-12-31,86.84000000000006,85.17000000000006,13.36,52,51,8
2008-10-07,68.97655445423044,69.49787941596779,2008-06-30,2008-06-30,2008-12-31,86.84000000000006,85.17000000000006,13.36,52,51,8
2008-10-08,67.17023033176824,67.74710455034807,2008-06-30,2008-06-30,2008-12-31,86.84000000000006,85.17000000000006,13.36,52,51,8
2008-10-09,61.5844300935876,63.01573101722904,2008-06-30,2008-06-30,2008-12-31,86.84000000000006,85.17000000000006,13.36,52,51,8
2008-10-10,62.23979574416829,61.487167305843016,2008-06-30,2008-06-30,2008-12-31,86.84000000000006,85.17000000000006,13.36,52,51,8
2008-10-13,66.82295815017815,70.41497933053144,2008-06-30,2008-06-30,2008-12-31,86.84000000000006,85.17000000000006,13.36,52,51,8
2008-10-14,63.65280629191066,69.37288564171133,2008-06-30,2008-06-30,2008-12-31,86.84000000000006,85.17000000000006,13.36,52,51,8
2008-10-15,58.237049881223896,62.54324497247264,2008-06-30,2008-06-30,2008-12-31,86.84000000000006,85.17000000000006,13.36,52,51,8
2008-10-16,60.39547456523071,65.14867075586275,2008-06-30,2008-06-30,2008-12-31,86.84000000000006,85.17000000000006,13.36,52,51,8
2008-10-17,60.614757796486295,64.7596096746139,2008-06-30,2008-06-30,2008-12-31,86.84000000000006,85.17000000000006,13.36,52,51,8
2008-10-20,61.763055345643835,68.6503162677721,2008-06-30,2008-06-30,2008-12-31,86.84000000000006,85.17000000000006,13.36,52,51,8
2008-10-21,59.681656582391795,66.60070571197603,2008-06-30,2008-06-30,2008-12-31,86.84000000000006,85.17000000000006,13.36,52,51,8
2008-10-22,56.50424799405536,62.97397064514028,2008-06-30,2008-06-30,2008-12-31,86.84000000000006,85.17000000000006,13.36,52,51,8
2008-10-23,54.75203322312318,63.70353200798428,2008-06-30,2008-06-30,2008-12-31,86.84000000000006,85.17000000000006,13.36,52,51,8
2008-10-24,53.04599519322418,60.47285001130213,2008-06-30,2008-06-30,2008-12-31,86.84000000000006,85.17000000000006,13.36,52,51,8
2008-10-27,51.8998751282739,58.32602207552882,2008-06-30,2008-06-30,2008-12-31,86.84000000000006,85.17000000000006,13.36,52,51,8
2008-10-28,55.12108355842446,65.14167876695798,2008-06-30,2008-06-30,2008-12-31,86.84000000000006,85.17000000000006,13.36,52,51,8
2008-10-29,56.29520098381648,64.66928850287151,2008-06-30,2008-06-30,2008-12-31,86.84000000000006,85.17000000000006,13.36,52,51,8
2008-10-30,58.39365444775176,66.90643761038724,2008-06-30,2008-06-30,2008-12-31,86.84000000000006,85.17000000000006,13.36,52,51,8
2008-10-31,60.79504301059242,67.27461850559169,2008-06-30,2008-06-30,2008-12-31,86.84000000000006,85.17000000000006,13.36,52,51,8
2008-11-03,60.432138460785,67.46914904621609,2008-06-30,2008-06-30,2008-12-31,86.84000000000006,85.17000000000006,13.36,52,51,8
2008-11-04,61.00507930537551,69.76194672296016,2008-06-30,2008-06-30,2008-12-31,86.84000000000006,85.17000000000006,13.36,52,51,8
2008-11-05,57.67036590769082,66.83000463578443,2008-06-30,2008-06-30,2008-12-31,86.84000000000006,85.17000000000006,13.36,52,51,8
2008-11-06,55.97921997640004,63.12683659434588,2008-06-30,2008-06-30,2008-12-31,86.84000000000006,85.17000000000006,13.36,52,51,8
2008-11-07,56.5901856360053,65.21121553332593,2008-06-30,2008-06-30,2008-12-31,86.84000000000006,85.17000000000006,13.36,52,51,8
2008-11-10,54.34603548313478,64.35656461555554,2008-06-30,2008-06-30,2008-12-31,86.84000000000006,85.17000000000006,13.36,52,51,8
2008-11-11,52.89462555131893,62.36959461789259,2008-06-30,2008-06-30,2008-12-31,86.84000000000006,85.17000000000006,13.36,52,51,8
2008-11-12,49.82711274108441,59.625191082436515,2008-06-30,2008-06-30,2008-12-31,86.84000000000006,85.17000000000006,13.36,52,51,8
2008-11-13,52.918321924491316,63.34224732101467,2008-06-30,2008-06-30,2008-12-31,86.84000000000006,85.17000000000006,13.36,52,51,8
2008-11-14,49.721940324856334,60.18100631003054,2008-06-30,2008-06-30,2008-12-31,86.84000000000006,85.17000000000006,13.36,52,51,8
2008-11-17,48.37833144786501,59.382003961488515,2008-06-30,2008-06-30,2008-12-31,86.84000000000006,85.17000000000006,13.36,52,51,8
2008-11-18,48.263543837425814,60.500626405581336,2008-06-30,2008-06-30,2008-12-31,86.84000000000006,85.17000000000006,13.36,52,51,8
2008-11-19,44.13467474022819,56.62380800956275,2008-06-30,2008-06-30,2008-12-31,86.84000000000006,85.17000000000006,13.36,52,51,8
2008-11-20,41.52165787410975,52.42047330975852,2008-06-30,2008-06-30,2008-12-31,86.84000000000006,85.17000000000006,13.36,52,51,8
2008-11-21,43.12686459760661,55.24820602805225,2008-06-30,2008-06-30,2008-12-31,86.84000000000006,85.17000000000006,13.36,52,51,8
2008-11-24,46.15640873929832,59.076367843747256,2008-06-30,2008-06-30,2008-12-31,86.84000000000006,85.17000000000006,13.36,52,51,8
2008-11-25,47.42106330959849,59.51408550531967,2008-06-30,2008-06-30,2008-12-31,86.84000000000006,85.17000000000006,13.36,52,51,8
2008-11-26,50.80826155698538,61.81377939029857,2008-06-30,2008-06-30,2008-12-31,86.84000000000006,85.17000000000006,13.36,52,51,8
2008-11-28,51.19070415451165,62.59190155279622,2008-06-30,2008-06-30,2008-12-31,86.84000000000006,85.17000000000006,13.36,52,51,8
2008-12-01,46.12311320924047,57.04763747399555,2008-06-30,2008-06-30,2008-12-31,86.84000000000006,85.17000000000006,13.36,52,51,8
2008-12-02,48.53851379684634,59.24312199009245,2008-06-30,2008-06-30,2008-12-31,86.84000000000006,85.17000000000006,13.36,52,51,8
2008-12-03,49.88915819781209,60.66738055192653,2008-06-30,2008-06-30,2008-12-31,86.84000000000006,85.17000000000006,13.36,52,51,8
2008-12-04,49.49119499276692,59.26390639546689,2008-06-30,2008-06-30,2008-12-31,86.84000000000006,85.17000000000006,13.36,52,51,8
2008-12-05,51.87277237402862,61.09121001635934,2008-06-30,2008-06-30,2008-12-31,86.84000000000006,85.17000000000006,13.36,52,51,8
2008-12-08,54.23926827691476,63.22414975499304,2008-06-30,2008-06-30,2008-12-31,86.84000000000006,85.17000000000006,13.36,52,51,8
2008-12-09,52.57542856135812,62.181960285503024,2008-06-30,2008-06-30,2008-12-31,86.84000000000006,85.17000000000006,13.36,52,51,8
2008-12-10,54.556967312515376,62.60578974993582,2008-06-30,2008-06-30,2008-12-31,86.84000000000006,85.17000000000006,13.36,52,51,8
2008-12-11,52.08945048680322,61.09810622459418,2008-06-30,2008-06-30,2008-12-31,86.84000000000006,85.17000000000006,13.36,52,51,8
2008-12-12,53.28780185552759,61.82766758743817,2008-06-30,2008-06-30,2008-12-31,86.84000000000006,85.17000000000006,13.36,52,51,8
2008-12-15,51.49718216333719,60.96612046143296,2008-06-30,2008-06-30,2008-12-31,86.84000000000006,85.17000000000006,13.36,52,51,8
2008-12-16,55.16178930639662,63.8355177711455,2008-06-30,2008-06-30,2008-12-31,86.84000000000006,85.17000000000006,13.36,52,51,8
2008-12-17,55.912868127504,63.217157766088285,2008-06-30,2008-06-30,2008-12-31,86.84000000000006,85.17000000000006,13.36,52,51,8
2008-12-18,55.06435511380641,62.0360863252022,2008-06-30,2008-06-30,2008-12-31,86.84000000000006,85.17000000000006,13.36,52,51,8
2008-12-19,56.431972532229835,61.76943294012176,2008-06-30,2008-06-30,2008-12-31,86.84000000000006,85.17000000000006,13.36,52,51,8
2008-12-22,54.770376469487694,60.97799726450407,2008-06-30,2008-06-30,2008-12-31,86.84000000000006,85.17000000000006,13.36,52,51,8
2008-12-23,53.95783784896571,60.347568895035884,2008-06-30,2008-06-30,2008-12-31,86.84000000000006,85.17000000000006,13.36,52,51,8
2008-12-24,54.04419253387169,60.69783880496373,2008-06-30,2008-06-30,2008-12-31,86.84000000000006,85.17000000000006,13.36,52,51,8
2008-12-26,54.48962237111242,61.048012934221674,2008-06-30,2008-06-30,2008-12-31,86.84000000000006,85.17000000000006,13.36,52,51,8
2008-12-29,52.88145568268932,60.872925869592706,2008-06-30,2008-06-30,2008-12-31,86.84000000000006,85.17000000000006,13.36,52,51,8
2008-12-30,54.37584364513356,62.31576588139289,2008-06-30,2008-06-30,2008-12-31,86.84000000000006,85.17000000000006,13.36,52,51,8
2008-12-31,56.45624422044095,63.20528096301716,2008-06-30,2008-06-30,2008-12-31,86.84000000000006,85.17000000000006,13.36,52,51,8
2009-01-02,58.840642825610416,65.11045426856134,2008-12-31,2008-12-31,2009-06-30,86.84000000000006,86.84000000000006,13.36,52,52,8
2009-01-05,60.402825715021976,65.03335082926904,2008-12-31,2008-12-31,2009-06-30,86.84000000000006,86.84000000000006,13.36,52,52,8
2009-01-06,63.13731270976197,65.46762038672405,2008-12-31,2008-12-31,2009-06-30,86.84000000000006,86.84000000000006,13.36,52,52,8
2009-01-07,60.85006353150513,63.50651116994174,2008-12-31,2008-12-31,2009-06-30,86.84000000000006,86.84000000000006,13.36,52,52,8
2009-01-08,61.1046204896379,63.765597882097836,2008-12-31,2008-12-31,2009-06-30,86.84000000000006,86.84000000000006,13.36,52,52,8
2009-01-09,59.16879369591601,62.39986130958995,2008-12-31,2008-12-31,2009-06-30,86.84000000000006,86.84000000000006,13.36,52,52,8
2009-01-12,56.52056483494391,60.900893825211774,2008-12-31,2008-12-31,2009-06-30,86.84000000000006,86.84000000000006,13.36,52,52,8
2009-01-13,55.87853915729402,61.01295720902791,2008-12-31,2008-12-31,2009-06-30,86.84000000000006,86.84000000000006,13.36,52,52,8
2009-01-14,52.91291606481676,59.093895706344135,2008-12-31,2008-12-31,2009-06-30,86.84000000000006,86.84000000000006,13.36,52,52,8
2009-01-15,54.20725853751553,59.11487167305843,2008-12-31,2008-12-31,2009-06-30,86.84000000000006,86.84000000000006,13.36,52,52,8
2009-01-16,54.92248164901373,59.577109186132496,2008-12-31,2008-12-31,2009-06-30,86.84000000000006,86.84000000000006,13.36,52,52,8
2009-01-20,51.180132550194614,56.43234245037604,2008-12-31,2008-12-31,2009-06-30,86.84000000000006,86.84000000000006,13.36,52,52,8
2009-01-21,53.95689789185233,58.869768938711864,2008-12-31,2008-12-31,2009-06-30,86.84000000000006,86.84000000000006,13.36,52,52,8
2009-01-22,53.491695270458194,57.959182109703356,2008-12-31,2008-12-31,2009-06-30,86.84000000000006,86.84000000000006,13.36,52,52,8
2009-01-23,53.26540834171069,58.21137261362461,2008-12-31,2008-12-31,2009-06-30,86.84000000000006,86.84000000000006,13.36,52,52,8
2009-01-26,54.13639520647669,58.61058644588585,2008-12-31,2008-12-31,2009-06-30,86.84000000000006,86.84000000000006,13.36,52,52,8
2009-01-27,54.832440468456106,59.20595909016026,2008-12-31,2008-12-31,2009-06-30,86.84000000000006,86.84000000000006,13.36,52,52,8
2009-01-28,56.84565000189051,61.20911602104111,2008-12-31,2008-12-31,2009-06-30,86.84000000000006,86.84000000000006,13.36,52,52,8
2009-01-29,53.840141532513236,59.219943067969794,2008-12-31,2008-12-31,2009-06-30,86.84000000000006,86.84000000000006,13.36,52,52,8
2009-01-30,52.35910206962674,58.015213801611424,2008-12-31,2008-12-31,2009-06-30,86.84000000000006,86.84000000000006,13.36,52,52,8
2009-02-02,52.99109716116104,57.840126736982455,2008-12-31,2008-12-31,2009-06-30,86.84000000000006,86.84000000000006,13.36,52,52,8
2009-02-03,54.13239794262959,58.65263415998437,2008-12-31,2008-12-31,2009-06-30,86.84000000000006,86.84000000000006,13.36,52,52,8
2009-02-04,53.20256261721913,58.36548371153928,2008-12-31,2008-12-31,2009-06-30,86.84000000000006,86.84000000000006,13.36,52,52,8
2009-02-05,54.29770584646444,59.23392704577933,2008-12-31,2008-12-31,2009-06-30,86.84000000000006,86.84000000000006,13.36,52,52,8
2009-02-06,55.731597296532144,60.921965572596,2008-12-31,2008-12-31,2009-06-30,86.84000000000006,86.84000000000006,13.36,52,52,8
2009-02-09,55.439809955499705,61.00596522012314,2008-12-31,2008-12-31,2009-06-30,86.84000000000006,86.84000000000006,13.36,52,52,8
2009-02-10,53.08631551349595,58.21137261362461,2008-12-31,2008-12-31,2009-06-30,86.84000000000006,86.84000000000006,13.36,52,52,8
2009-02-11,53.09027684392004,58.55455475397777,2008-12-31,2008-12-31,2009-06-30,86.84000000000006,86.84000000000006,13.36,52,52,8
2009-02-12,54.253172710539346,58.596602468076306,2008-12-31,2008-12-31,2009-06-30,86.84000000000006,86.84000000000006,13.36,52,52,8
2009-02-13,53.676353502309944,57.966174098608114,2008-12-31,2008-12-31,2009-06-30,86.84000000000006,86.84000000000006,13.36,52,52,8
2009-02-17,51.453778915196814,55.486699896173754,2008-12-31,2008-12-31,2009-06-30,86.84000000000006,86.84000000000006,13.36,52,52,8
2009-02-18,50.85119451801044,55.35366054564332,2008-12-31,2008-12-31,2009-06-30,86.84000000000006,86.84000000000006,13.36,52,52,8
2009-02-19,50.668891085754474,54.758287901368895,2008-12-31,2008-12-31,2009-06-30,86.84000000000006,86.84000000000006,13.36,52,52,8
2009-02-20,50.59398729731233,54.226034718577246,2008-12-31,2008-12-31,2009-06-30,86.84000000000006,86.84000000000006,13.36,52,52,8
2009-02-23,48.81128643379976,52.28580568783931,2008-12-31,2008-12-31,2009-06-30,86.84000000000006,86.84000000000006,13.36,52,52,8
2009-02-24,50.247495855545225,54.26798665200584,2008-12-31,2008-12-31,2009-06-30,86.84000000000006,86.84000000000006,13.36,52,52,8
2009-02-25,49.17496269419108,53.840804864125545,2008-12-31,2008-12-31,2009-06-30,86.84000000000006,86.84000000000006,13.36,52,52,8
2009-02-26,48.43534689251746,52.965273760310794,2008-12-31,2008-12-31,2009-06-30,86.84000000000006,86.84000000000006,13.36,52,52,8
2009-02-27,48.20380085218084,51.78152046066672,2008-12-31,2008-12-31,2009-06-30,86.84000000000006,86.84000000000006,13.36,52,52,8
2009-03-02,46.44742434688994,49.44916536724225,2008-12-31,2008-12-31,2009-06-30,86.84000000000006,86.84000000000006,13.36,52,52,8
2009-03-03,45.27227560125746,49.07791949060009,2008-12-31,2008-12-31,2009-06-30,86.84000000000006,86.84000000000006,13.36,52,52,8
2009-03-04,46.31285501295019,50.240601042859936,2008-12-31,2008-12-31,2009-06-30,86.84000000000006,86.84000000000006,13.36,52,52,8
2009-03-05,43.686754452924696,48.1884044089758,2008-12-31,2008-12-31,2009-06-30,86.84000000000006,86.84000000000006,13.36,52,52,8
2009-03-06,43.26980609067597,48.272499837172866,2008-12-31,2008-12-31,2009-06-30,86.84000000000006,86.84000000000006,13.36,52,52,8
2009-03-09,42.874600832345806,47.70519092918744,2008-12-31,2008-12-31,2009-06-30,86.84000000000006,86.84000000000006,13.36,52,52,8
2009-03-10,46.29103615529756,50.548823238689266,2008-12-31,2008-12-31,2009-06-30,86.84000000000006,86.84000000000006,13.36,52,52,8
2009-03-11,46.75221054801893,50.8780214012329,2008-12-31,2008-12-31,2009-06-30,86.84000000000006,86.84000000000006,13.36,52,52,8
2009-03-12,50.26513132078963,52.881178332113734,2008-12-31,2008-12-31,2009-06-30,86.84000000000006,86.84000000000006,13.36,52,52,8
2009-03-13,50.46623180375637,53.29447192285443,2008-12-31,2008-12-31,2009-06-30,86.84000000000006,86.84000000000006,13.36,52,52,8
2009-03-16,50.25218785996355,53.13336883603499,2008-12-31,2008-12-31,2009-06-30,86.84000000000006,86.84000000000006,13.36,52,52,8
2009-03-17,52.02039821796551,54.758287901368895,2008-12-31,2008-12-31,2009-06-30,86.84000000000006,86.84000000000006,13.36,52,52,8
2009-03-18,54.934785211665,55.98399313444159,2008-12-31,2008-12-31,2009-06-30,86.84000000000006,86.84000000000006,13.36,52,52,8
2009-03-19,54.7264260906919,55.29063686483049,2008-12-31,2008-12-31,2009-06-30,86.84000000000006,86.84000000000006,13.36,52,52,8
2009-03-20,55.30107108862745,54.113588212081396,2008-12-31,2008-12-31,2009-06-30,86.84000000000006,86.84000000000006,13.36,52,52,8
2009-03-23,58.910690755790604,58.000463578442464,2008-12-31,2008-12-31,2009-06-30,86.84000000000006,86.84000000000006,13.36,52,52,8
2009-03-24,57.33073686275348,56.8577044055277,2008-12-31,2008-12-31,2009-06-30,86.84000000000006,86.84000000000006,13.36,52,52,8
2009-03-25,58.367571203132776,57.457291399278965,2008-12-31,2008-12-31,2009-06-30,86.84000000000006,86.84000000000006,13.36,52,52,8
2009-03-26,61.72469383343561,58.62830586982258,2008-12-31,2008-12-31,2009-06-30,86.84000000000006,86.84000000000006,13.36,52,52,8
2009-03-27,59.11677695180517,57.57021680912445,2008-12-31,2008-12-31,2009-06-30,86.84000000000006,86.84000000000006,13.36,52,52,8
2009-03-30,56.29905906573018,55.58085229471329,2008-12-31,2008-12-31,2009-06-30,86.84000000000006,86.84000000000006,13.36,52,52,8
2009-03-31,57.25815566280512,56.095864956917865,2008-12-31,2008-12-31,2009-06-30,86.84000000000006,86.84000000000006,13.36,52,52,8
2009-04-01,58.502343721836844,57.18220931524483,2008-12-31,2008-12-31,2009-06-30,86.84000000000006,86.84000000000006,13.36,52,52,8
2009-04-02,61.83335926795241,58.85406090884362,2008-12-31,2008-12-31,2009-06-30,86.84000000000006,86.84000000000006,13.36,52,52,8
2009-04-03,63.27140826547148,59.43956814411543,2008-12-31,2008-12-31,2009-06-30,86.84000000000006,86.84000000000006,13.36,52,52,8
2009-04-06,62.19483767325628,58.973978307593875,2008-12-31,2008-12-31,2009-06-30,86.84000000000006,86.84000000000006,13.36,52,52,8
2009-04-07,60.62585434064489,57.598376326083375,2008-12-31,2008-12-31,2009-06-30,86.84000000000006,86.84000000000006,13.36,52,52,8
2009-04-08,64.46722899687178,58.2191308478888,2008-12-31,2008-12-31,2009-06-30,86.84000000000006,86.84000000000006,13.36,52,52,8
2009-04-09,69.403212588352,60.5330002720171,2008-12-31,2008-12-31,2009-06-30,86.84000000000006,86.84000000000006,13.36,52,52,8
2009-04-13,69.90257795194701,60.547080030496566,2008-12-31,2008-12-31,2009-06-30,86.84000000000006,86.84000000000006,13.36,52,52,8
2009-04-14,68.82679557754338,59.503070728277905,2008-12-31,2008-12-31,2009-06-30,86.84000000000006,86.84000000000006,13.36,52,52,8
2009-04-15,68.71975191149872,60.1379050085628,2008-12-31,2008-12-31,2009-06-30,86.84000000000006,86.84000000000006,13.36,52,52,8
2009-04-16,72.9472649810705,61.01975763659282,2008-12-31,2008-12-31,2009-06-30,86.84000000000006,86.84000000000006,13.36,52,52,8
2009-04-17,75.16254833561916,61.42883687785666,2008-12-31,2008-12-31,2009-06-30,86.84000000000006,86.84000000000006,13.36,52,52,8
2009-04-20,71.027502803673,58.85406090884362,2008-12-31,2008-12-31,2009-06-30,86.84000000000006,86.84000000000006,13.36,52,52,8
2009-04-21,73.53403751534242,60.00390785133308,2008-12-31,2008-12-31,2009-06-30,86.84000000000006,86.84000000000006,13.36,52,52,8
2009-04-22,77.15074858648977,59.63706788550762,2008-12-31,2008-12-31,2009-06-30,86.84000000000006,86.84000000000006,13.36,52,52,8
2009-04-23,78.9838780566811,60.22257512077943,2008-12-31,2008-12-31,2009-06-30,86.84000000000006,86.84000000000006,13.36,52,52,8
2009-04-24,82.63740601157531,61.13258726576838,2008-12-31,2008-12-31,2009-06-30,86.84000000000006,86.84000000000006,13.36,52,52,8
2009-04-27,80.66970304431214,60.55416780007127,2008-12-31,2008-12-31,2009-06-30,86.84000000000006,86.84000000000006,13.36,52,52,8
2009-04-28,80.79022164362631,60.363660047583835,2008-12-31,2008-12-31,2009-06-30,86.84000000000006,86.84000000000006,13.36,52,52,8
2009-04-29,84.2973614931876,61.64759992797294,2008-12-31,2008-12-31,2009-06-30,86.84000000000006,86.84000000000006,13.36,52,52,8
2009-04-30,84.48211229317577,61.668767456027105,2008-12-31,2008-12-31,2009-06-30,86.84000000000006,86.84000000000006,13.36,52,52,8
2009-05-01,84.58630789926318,62.000264354649005,2008-12-31,2008-12-31,2009-06-30,86.84000000000006,86.84000000000006,13.36,52,52,8
2009-05-04,86.6907375997704,64.10954626781043,2008-12-31,2008-12-31,2009-06-30,86.84000000000006,86.84000000000006,13.36,52,52,8
2009-05-05,89.27538703549116,63.890878998364066,2008-12-31,2008-12-31,2009-06-30,86.84000000000006,86.84000000000006,13.36,52,52,8
2009-05-06,90.01572200380672,64.9983908847452,2008-12-31,2008-12-31,2009-06-30,86.84000000000006,86.84000000000006,13.36,52,52,8
2009-05-07,86.24108306583457,64.09537072866102,2008-12-31,2008-12-31,2009-06-30,86.84000000000006,86.84000000000006,13.36,52,52,8
2009-05-08,88.5771003917739,65.59089010892178,2008-12-31,2008-12-31,2009-06-30,86.84000000000006,86.84000000000006,13.36,52,52,8
2009-05-11,85.54301421778736,64.36346082379039,2008-12-31,2008-12-31,2009-06-30,86.84000000000006,86.84000000000006,13.36,52,52,8
2009-05-12,85.04005803427545,64.1730488519729,2008-12-31,2008-12-31,2009-06-30,86.84000000000006,86.84000000000006,13.36,52,52,8
2009-05-13,79.28641687227349,62.55761207296189,2008-12-31,2008-12-31,2009-06-30,86.84000000000006,86.84000000000006,13.36,52,52,8
2009-05-14,80.47315889684431,63.093696482550676,2008-12-31,2008-12-31,2009-06-30,86.84000000000006,86.84000000000006,13.36,52,52,8
2009-05-15,79.63476276658253,62.57868382034613,2008-12-31,2008-12-31,2009-06-30,86.84000000000006,86.84000000000006,13.36,52,52,8
2009-05-18,84.60016559344233,64.3563730542157,2008-12-31,2008-12-31,2009-06-30,86.84000000000006,86.84000000000006,13.36,52,52,8
2009-05-19,85.72191923454322,64.27879071157375,2008-12-31,2008-12-31,2009-06-30,86.84000000000006,86.84000000000006,13.36,52,52,8
2009-05-20,85.60286542446183,63.84854394225575,2008-12-31,2008-12-31,2009-06-30,86.84000000000006,86.84000000000006,13.36,52,52,8
2009-05-21,83.78471325600478,62.93144402769211,2008-12-31,2008-12-31,2009-06-30,86.84000000000006,86.84000000000006,13.36,52,52,8
2009-05-22,82.87040261785634,62.797446870462394,2008-12-31,2008-12-31,2009-06-30,86.84000000000006,86.84000000000006,13.36,52,52,8
2009-05-26,87.8616154293945,64.4057958798987,2008-12-31,2008-12-31,2009-06-30,86.84000000000006,86.84000000000006,13.36,52,52,8
2009-05-27,87.45268694065346,63.25594893740926,2008-12-31,2008-12-31,2009-06-30,86.84000000000006,86.84000000000006,13.36,52,52,8
2009-05-28,86.62962336208876,64.13770578476934,2008-12-31,2008-12-31,2009-06-30,86.84000000000006,86.84000000000006,13.36,52,52,8
2009-05-29,87.46397726612463,65.27347296877933,2008-12-31,2008-12-31,2009-06-30,86.84000000000006,86.84000000000006,13.36,52,52,8
2009-06-01,91.9320352232204,66.85366246125672,2008-12-31,2008-12-31,2009-06-30,86.84000000000006,86.84000000000006,13.36,52,52,8
2009-06-02,92.26100378858014,66.9100772758445,2008-12-31,2008-12-31,2009-06-30,86.84000000000006,86.84000000000006,13.36,52,52,8
2009-06-03,91.9662086067414,66.06356771501802,2008-12-31,2008-12-31,2009-06-30,86.84000000000006,86.84000000000006,13.36,52,52,8
2009-06-04,91.87498101540992,66.68432223682346,2008-12-31,2008-12-31,2009-06-30,86.84000000000006,86.84000000000006,13.36,52,52,8
2009-06-05,91.26506167982555,66.69840199530293,2008-12-31,2008-12-31,2009-06-30,86.84000000000006,86.84000000000006,13.36,52,52,8
2009-06-08,89.76336018268667,66.42331991126879,2008-12-31,2008-12-31,2009-06-30,86.84000000000006,86.84000000000006,13.36,52,52,8
2009-06-09,91.67942756505977,66.7619045794654,2008-12-31,2008-12-31,2009-06-30,86.84000000000006,86.84000000000006,13.36,52,52,8
2009-06-10,89.97144095983799,66.59266013570206,2008-12-31,2008-12-31,2009-06-30,86.84000000000006,86.84000000000006,13.36,52,52,8
2009-06-11,88.58469278584901,66.88890974779034,2008-12-31,2008-12-31,2009-06-30,86.84000000000006,86.84000000000006,13.36,52,52,8
2009-06-12,88.65714669381708,67.07232973070307,2008-12-31,2008-12-31,2009-06-30,86.84000000000006,86.84000000000006,13.36,52,52,8
2009-06-15,85.61223386495652,65.534475294334,2008-12-31,2008-12-31,2009-06-30,86.84000000000006,86.84000000000006,13.36,52,52,8
2009-06-16,84.2210608857037,64.64563067739921,2008-12-31,2008-12-31,2009-06-30,86.84000000000006,86.84000000000006,13.36,52,52,8
2009-06-17,85.01325806298331,64.58212809323673,2008-12-31,2008-12-31,2009-06-30,86.84000000000006,86.84000000000006,13.36,52,52,8
2009-06-18,84.72617101504225,65.05480569933299,2008-12-31,2008-12-31,2009-06-30,86.84000000000006,86.84000000000006,13.36,52,52,8
2009-06-19,85.61760332489936,65.29473627750342,2008-12-31,2008-12-31,2009-06-30,86.84000000000006,86.84000000000006,13.36,52,52,8
2009-06-22,82.49576046337977,63.33669204215882,2008-12-31,2008-12-31,2009-06-30,86.84000000000006,86.84000000000006,13.36,52,52,8
2009-06-23,82.29416694029618,63.386402209851624,2008-12-31,2008-12-31,2009-06-30,86.84000000000006,86.84000000000006,13.36,52,52,8
2009-06-24,83.11774886131157,63.93263937045282,2008-12-31,2008-12-31,2009-06-30,86.84000000000006,86.84000000000006,13.36,52,52,8
2009-06-25,87.07713519953883,65.3230873558022,2008-12-31,2008-12-31,2009-06-30,86.84000000000006,86.84000000000006,13.36,52,52,8
2009-06-26,89.1993577766051,65.15278932466966,2008-12-31,2008-12-31,2009-06-30,86.84000000000006,86.84000000000006,13.36,52,52,8
2009-06-29,89.84981393172748,65.76291219211303,2008-12-31,2008-12-31,2009-06-30,86.84000000000006,86.84000000000006,13.36,52,52,8
2009-06-30,89.99280885083381,65.23085057066123,2008-12-31,2008-12-31,2009-06-30,86.84000000000006,86.84000000000006,13.36,52,52,8
2009-07-01,90.0843055394489,65.50047315650946,2009-06-30,2009-06-30,2009-12-31,86.84000000000006,85.17000000000006,13.36,52,51,8
2009-07-02,86.66666842030197,63.7127269522974,2009-06-30,2009-06-30,2009-12-31,86.84000000000006,85.17000000000006,13.36,52,51,8
2009-07-06,85.31461426227753,63.705639182722706,2009-06-30,2009-06-30,2009-12-31,86.84000000000006,85.17000000000006,13.36,52,51,8
2009-07-07,83.97302302280342,62.47121790868655,2009-06-30,2009-06-30,2009-12-31,86.84000000000006,85.17000000000006,13.36,52,51,8
2009-07-08,84.08501333738128,62.42869129123837,2009-06-30,2009-06-30,2009-12-31,86.84000000000006,85.17000000000006,13.36,52,51,8
2009-07-09,84.9254839575846,62.54927915467812,2009-06-30,2009-06-30,2009-12-31,86.84000000000006,85.17000000000006,13.36,52,51,8
2009-07-10,85.5982222431908,62.400244432269666,2009-06-30,2009-06-30,2009-12-31,86.84000000000006,85.17000000000006,13.36,52,51,8
2009-07-13,87.53752991462294,63.91846383130343,2009-06-30,2009-06-30,2009-12-31,86.84000000000006,85.17000000000006,13.36,52,51,8
2009-07-14,88.74208751650957,64.28022742162268,2009-06-30,2009-06-30,2009-12-31,86.84000000000006,85.17000000000006,13.36,52,51,8
2009-07-15,90.68014577934285,66.16021041097571,2009-06-30,2009-06-30,2009-12-31,86.84000000000006,85.17000000000006,13.36,52,51,8
2009-07-16,90.6320397243484,66.05379808668535,2009-06-30,2009-06-30,2009-12-31,86.84000000000006,85.17000000000006,13.36,52,51,8
2009-07-17,90.31815228034053,66.77742104799378,2009-06-30,2009-06-30,2009-12-31,86.84000000000006,85.17000000000006,13.36,52,51,8
2009-07-20,92.04036032307734,67.4867726894829,2009-06-30,2009-06-30,2009-12-31,86.84000000000006,85.17000000000006,13.36,52,51,8
2009-07-21,91.61315306087229,67.79892189277929,2009-06-30,2009-06-30,2009-12-31,86.84000000000006,85.17000000000006,13.36,52,51,8
2009-07-22,92.12597592449548,67.7847463536299,2009-06-30,2009-06-30,2009-12-31,86.84000000000006,85.17000000000006,13.36,52,51,8
2009-07-23,93.76240948987517,69.28160666326966,2009-06-30,2009-06-30,2009-12-31,86.84000000000006,85.17000000000006,13.36,52,51,8
2009-07-24,94.35524405134734,69.56540478826726,2009-06-30,2009-06-30,2009-12-31,86.84000000000006,85.17000000000006,13.36,52,51,8
2009-07-27,94.3321666283195,69.77114166727328,2009-06-30,2009-06-30,2009-12-31,86.84000000000006,85.17000000000006,13.36,52,51,8
2009-07-28,94.70371448720779,69.4448169248275,2009-06-30,2009-06-30,2009-12-31,86.84000000000006,85.17000000000006,13.36,52,51,8
2009-07-29,93.70337584620236,69.27451889369496,2009-06-30,2009-06-30,2009-12-31,86.84000000000006,85.17000000000006,13.36,52,51,8
2009-07-30,95.22039276988409,69.9981418550034,2009-06-30,2009-06-30,2009-12-31,86.84000000000006,85.17000000000006,13.36,52,51,8
2009-07-31,95.6701188459814,70.09746640971906,2009-06-30,2009-06-30,2009-12-31,86.84000000000006,85.17000000000006,13.36,52,51,8
2009-08-03,97.80585403559664,71.25382643776365,2009-06-30,2009-06-30,2009-12-31,86.84000000000006,85.17000000000006,13.36,52,51,8
2009-08-04,98.63286899553071,71.43830000804559,2009-06-30,2009-06-30,2009-12-31,86.84000000000006,85.17000000000006,13.36,52,51,8
2009-08-05,98.35935965979172,71.23256312903956,2009-06-30,2009-06-30,2009-12-31,86.84000000000006,85.17000000000006,13.36,52,51,8
2009-08-06,96.22145786015629,70.86361598847567,2009-06-30,2009-06-30,2009-12-31,86.84000000000006,85.17000000000006,13.36,52,51,8
2009-08-07,98.69840936612637,71.79297582879013,2009-06-30,2009-06-30,2009-12-31,86.84000000000006,85.17000000000006,13.36,52,51,8
2009-08-10,98.74415490043444,71.64394110638167,2009-06-30,2009-06-30,2009-12-31,86.84000000000006,85.17000000000006,13.36,52,51,8
2009-08-11,97.51241635246463,70.75011589461062,2009-06-30,2009-06-30,2009-12-31,86.84000000000006,85.17000000000006,13.36,52,51,8
2009-08-12,98.66199097061683,71.50917770379253,2009-06-30,2009-06-30,2009-12-31,86.84000000000006,85.17000000000006,13.36,52,51,8
2009-08-13,99.23598310695695,72.05541486439374,2009-06-30,2009-06-30,2009-12-31,86.84000000000006,85.17000000000006,13.36,52,51,8
2009-08-14,97.34886157403119,71.50208993421784,2009-06-30,2009-06-30,2009-12-31,86.84000000000006,85.17000000000006,13.36,52,51,8
2009-08-17,94.5138537045238,69.7427905889745,2009-06-30,2009-06-30,2009-12-31,86.84000000000006,85.17000000000006,13.36,52,51,8
2009-08-18,96.41223166587254,70.29611551915038,2009-06-30,2009-06-30,2009-12-31,86.84000000000006,85.17000000000006,13.36,52,51,8
2009-08-19,96.91750430522303,70.91332615616847,2009-06-30,2009-06-30,2009-12-31,86.84000000000006,85.17000000000006,13.36,52,51,8
2009-08-20,99.28621068574024,71.64394110638167,2009-06-30,2009-06-30,2009-12-31,86.84000000000006,85.17000000000006,13.36,52,51,8
2009-08-21,100.90939052307961,73.04866041155039,2009-06-30,2009-06-30,2009-12-31,86.84000000000006,85.17000000000006,13.36,52,51,8
2009-08-24,100.47522998271909,73.04157264197569,2009-06-30,2009-06-30,2009-12-31,86.84000000000006,85.17000000000006,13.36,52,51,8
2009-08-25,101.54975614454904,73.18342381413953,2009-06-30,2009-06-30,2009-12-31,86.84000000000006,85.17000000000006,13.36,52,51,8
2009-08-26,101.78827547886115,73.19051158371423,2009-06-30,2009-06-30,2009-12-31,86.84000000000006,85.17000000000006,13.36,52,51,8
2009-08-27,101.67806670188764,73.35372184527208,2009-06-30,2009-06-30,2009-12-31,86.84000000000006,85.17000000000006,13.36,52,51,8
2009-08-28,100.53965236959272,73.33945052545276,2009-06-30,2009-06-30,2009-12-31,86.84000000000006,85.17000000000006,13.36,52,51,8
2009-08-31,98.50190269090407,72.6868010405612,2009-06-30,2009-06-30,2009-12-31,86.84000000000006,85.17000000000006,13.36,52,51,8
2009-09-01,95.699256278217,71.08352840663109,2009-06-30,2009-06-30,2009-12-31,86.84000000000006,85.17000000000006,13.36,52,51,8
2009-09-02,95.76673649009341,70.8140016014528,2009-06-30,2009-06-30,2009-12-31,86.84000000000006,85.17000000000006,13.36,52,51,8
2009-09-03,97.05504000341415,71.40276537950217,2009-06-30,2009-06-30,2009-12-31,86.84000000000006,85.17000000000006,13.36,52,51,8
2009-09-04,98.1624998645792,72.40309869623353,2009-06-30,2009-06-30,2009-12-31,86.84000000000006,85.17000000000006,13.36,52,51,8
2009-09-08,99.5082885374988,73.0273971028263,2009-06-30,2009-06-30,2009-12-31,86.84000000000006,85.17000000000006,13.36,52,51,8
2009-09-09,101.39892971558638,73.58780980257688,2009-06-30,2009-06-30,2009-12-31,86.84000000000006,85.17000000000006,13.36,52,51,8
2009-09-10,102.41650932423464,74.3397838421841,2009-06-30,2009-06-30,2009-12-31,86.84000000000006,85.17000000000006,13.36,52,51,8
2009-09-11,101.95357591511427,74.32560830303471,2009-06-30,2009-06-30,2009-12-31,86.84000000000006,85.17000000000006,13.36,52,51,8
2009-09-14,103.12806707697119,74.68737189335398,2009-06-30,2009-06-30,2009-12-31,86.84000000000006,85.17000000000006,13.36,52,51,8
2009-09-15,104.83910233033122,74.99952109665035,2009-06-30,2009-06-30,2009-12-31,86.84000000000006,85.17000000000006,13.36,52,51,8
2009-09-16,106.64032589878957,76.13461781597086,2009-06-30,2009-06-30,2009-12-31,86.84000000000006,85.17000000000006,13.36,52,51,8
2009-09-17,106.70956710128517,76.0211177221058,2009-06-30,2009-06-30,2009-12-31,86.84000000000006,85.17000000000006,13.36,52,51,8
2009-09-18,107.23875497407849,76.06977430242938,2009-06-30,2009-06-30,2009-12-31,86.84000000000006,85.17000000000006,13.36,52,51,8
2009-09-21,106.97874957261254,75.87735093654338,2009-06-30,2009-06-30,2009-12-31,86.84000000000006,85.17000000000006,13.36,52,51,8
2009-09-22,107.38603178891721,76.31928294759265,2009-06-30,2009-06-30,2009-12-31,86.84000000000006,85.17000000000006,13.36,52,51,8
2009-09-23,105.58238825584725,75.68492757065741,2009-06-30,2009-06-30,2009-12-31,86.84000000000006,85.17000000000006,13.36,52,51,8
2009-09-24,103.87738456072417,74.85086949692162,2009-06-30,2009-06-30,2009-12-31,86.84000000000006,85.17000000000006,13.36,52,51,8
2009-09-25,103.51810576044132,74.45175144533032,2009-06-30,2009-06-30,2009-12-31,86.84000000000006,85.17000000000006,13.36,52,51,8
2009-09-28,104.9630465489358,75.78463524805278,2009-06-30,2009-06-30,2009-12-31,86.84000000000006,85.17000000000006,13.36,52,51,8
2009-09-29,105.64839182810545,75.55658147295347,2009-06-30,2009-06-30,2009-12-31,86.84000000000006,85.17000000000006,13.36,52,51,8
2009-09-30,105.19278154272389,75.26435464900216,2009-06-30,2009-06-30,2009-12-31,86.84000000000006,85.17000000000006,13.36,52,51,8
2009-10-01,101.61588279728984,73.39682314673982,2009-06-30,2009-06-30,2009-12-31,86.84000000000006,85.17000000000006,13.36,52,51,8
2009-10-02,100.96100204041021,73.05469459375587,2009-06-30,2009-06-30,2009-12-31,86.84000000000006,85.17000000000006,13.36,52,51,8
2009-10-05,102.94329489936615,74.1452533015597,2009-06-30,2009-06-30,2009-12-31,86.84000000000006,85.17000000000006,13.36,52,51,8
2009-10-06,104.97713014144874,75.2072693697249,2009-06-30,2009-06-30,2009-12-31,86.84000000000006,85.17000000000006,13.36,52,51,8
2009-10-07,104.59512454050325,75.41405983610012,2009-06-30,2009-06-30,2009-12-31,86.84000000000006,85.17000000000006,13.36,52,51,8
2009-10-08,106.16177692846995,75.99142571442802,2009-06-30,2009-06-30,2009-12-31,86.84000000000006,85.17000000000006,13.36,52,51,8
2009-10-09,107.26603670011717,76.45471681487129,2009-06-30,2009-06-30,2009-12-31,86.84000000000006,85.17000000000006,13.36,52,51,8
2009-10-12,107.78663687254479,76.7541271890672,2009-06-30,2009-06-30,2009-12-31,86.84000000000006,85.17000000000006,13.36,52,51,8
2009-10-13,106.91636315127903,76.59723845172464,2009-06-30,2009-06-30,2009-12-31,86.84000000000006,85.17000000000006,13.36,52,51,8
2009-10-14,108.34897140884279,77.91594671529771,2009-06-30,2009-06-30,2009-12-31,86.84000000000006,85.17000000000006,13.36,52,51,8
2009-10-15,108.65683144601411,78.20108576967432,2009-06-30,2009-06-30,2009-12-31,86.84000000000006,85.17000000000006,13.36,52,51,8
2009-10-16,107.82046504678708,77.61653634110179,2009-06-30,2009-06-30,2009-12-31,86.84000000000006,85.17000000000006,13.36,52,51,8
2009-10-19,108.72616286842971,78.25807526828166,2009-06-30,2009-06-30,2009-12-31,86.84000000000006,85.17000000000006,13.36,52,51,8
2009-10-20,106.51743144818522,77.84468589687104,2009-06-30,2009-06-30,2009-12-31,86.84000000000006,85.17000000000006,13.36,52,51,8
2009-10-21,104.37996475820313,77.14615747108382,2009-06-30,2009-06-30,2009-12-31,86.84000000000006,85.17000000000006,13.36,52,51,8
2009-10-22,106.42015817659167,77.93021803511704,2009-06-30,2009-06-30,2009-12-31,86.84000000000006,85.17000000000006,13.36,52,51,8
2009-10-23,104.3800426165304,77.0391704627739,2009-06-30,2009-06-30,2009-12-31,86.84000000000006,85.17000000000006,13.36,52,51,8
2009-10-26,103.75012482684002,76.20520816970803,2009-06-30,2009-06-30,2009-12-31,86.84000000000006,85.17000000000006,13.36,52,51,8
2009-10-27,102.07076133029922,75.85599184714937,2009-06-30,2009-06-30,2009-12-31,86.84000000000006,85.17000000000006,13.36,52,51,8
2009-10-28,98.88709450179464,74.42320880569167,2009-06-30,2009-06-30,2009-12-31,86.84000000000006,85.17000000000006,13.36,52,51,8
2009-10-29,101.4337403170269,76.01987257339674,2009-06-30,2009-06-30,2009-12-31,86.84000000000006,85.17000000000006,13.36,52,51,8
2009-10-30,97.36193476141786,73.81739606839506,2009-06-30,2009-06-30,2009-12-31,86.84000000000006,85.17000000000006,13.36,52,51,8
2009-11-02,96.45739176349977,74.3590357568397,2009-06-30,2009-06-30,2009-12-31,86.84000000000006,85.17000000000006,13.36,52,51,8
2009-11-03,98.47214340985748,74.59427308218366,2009-06-30,2009-06-30,2009-12-31,86.84000000000006,85.17000000000006,13.36,52,51,8
2009-11-04,98.01230451447428,74.78679222873957,2009-06-30,2009-06-30,2009-12-31,86.84000000000006,85.17000000000006,13.36,52,51,8
2009-11-05,100.54385860737007,76.16248999092001,2009-06-30,2009-06-30,2009-12-31,86.84000000000006,85.17000000000006,13.36,52,51,8
2009-11-06,100.35324811268522,76.36200112638068,2009-06-30,2009-06-30,2009-12-31,86.84000000000006,85.17000000000006,13.36,52,51,8
2009-11-09,102.51490894523893,78.101282311609,2009-06-30,2009-06-30,2009-12-31,86.84000000000006,85.17000000000006,13.36,52,51,8
2009-11-10,101.47052177445543,78.11555363142834,2009-06-30,2009-06-30,2009-12-31,86.84000000000006,85.17000000000006,13.36,52,51,8
2009-11-11,102.34176299989525,78.51467168301963,2009-06-30,2009-06-30,2009-12-31,86.84000000000006,85.17000000000006,13.36,52,51,8
2009-11-12,100.2584123584705,77.71633979916709,2009-06-30,2009-06-30,2009-12-31,86.84000000000006,85.17000000000006,13.36,52,51,8
2009-11-13,101.28353094030372,78.13691272082234,2009-06-30,2009-06-30,2009-12-31,86.84000000000006,85.17000000000006,13.36,52,51,8
2009-11-16,103.19162527144617,79.27028538808412,2009-06-30,2009-06-30,2009-12-31,86.84000000000006,85.17000000000006,13.36,52,51,8
2009-11-17,102.6557519727798,79.36290529590481,2009-06-30,2009-06-30,2009-12-31,86.84000000000006,85.17000000000006,13.36,52,51,8
2009-11-18,103.0173816098924,79.31300356687215,2009-06-30,2009-06-30,2009-12-31,86.84000000000006,85.17000000000006,13.36,52,51,8
2009-11-19,100.67037595605848,78.27943435767568,2009-06-30,2009-06-30,2009-12-31,86.84000000000006,85.17000000000006,13.36,52,51,8
2009-11-20,100.15400283245451,78.0014788535437,2009-06-30,2009-06-30,2009-12-31,86.84000000000006,85.17000000000006,13.36,52,51,8
2009-11-23,101.34716257984536,78.99223410328221,2009-06-30,2009-06-30,2009-12-31,86.84000000000006,85.17000000000006,13.36,52,51,8
2009-11-24,100.67871921183756,79.11339665074154,2009-06-30,2009-06-30,2009-12-31,86.84000000000006,85.17000000000006,13.36,52,51,8
2009-11-25,100.67606526551874,79.39144793554345,2009-06-30,2009-06-30,2009-12-31,86.84000000000006,85.17000000000006,13.36,52,51,8
2009-11-27,98.52093591593538,78.101282311609,2009-06-30,2009-06-30,2009-12-31,86.84000000000006,85.17000000000006,13.36,52,51,8
2009-11-30,98.69541461949221,78.36496649592166,2009-06-30,2009-06-30,2009-12-31,86.84000000000006,85.17000000000006,13.36,52,51,8
2009-12-01,99.72845196397171,79.33436265626617,2009-06-30,2009-06-30,2009-12-31,86.84000000000006,85.17000000000006,13.36,52,51,8
2009-12-02,100.95857933016839,79.29873224705284,2009-06-30,2009-06-30,2009-12-31,86.84000000000006,85.17000000000006,13.36,52,51,8
2009-12-03,99.99252929113823,78.67864818993691,2009-06-30,2009-06-30,2009-12-31,86.84000000000006,85.17000000000006,13.36,52,51,8
2009-12-04,102.60500870356897,79.12766797056085,2009-06-30,2009-06-30,2009-12-31,86.84000000000006,85.17000000000006,13.36,52,51,8
2009-12-07,102.56122961919618,79.00650542310153,2009-06-30,2009-06-30,2009-12-31,86.84000000000006,85.17000000000006,13.36,52,51,8
2009-12-08,101.47779379411699,78.12982495124766,2009-06-30,2009-06-30,2009-12-31,86.84000000000006,85.17000000000006,13.36,52,51,8
2009-12-09,101.08212796288508,78.42205177519894,2009-06-30,2009-06-30,2009-12-31,86.84000000000006,85.17000000000006,13.36,52,51,8
2009-12-10,101.00774843042946,78.8639837862482,2009-06-30,2009-06-30,2009-12-31,86.84000000000006,85.17000000000006,13.36,52,51,8
2009-12-11,101.82124963255241,79.19902456965745,2009-06-30,2009-06-30,2009-12-31,86.84000000000006,85.17000000000006,13.36,52,51,8
2009-12-14,103.1193172794061,79.74066425810209,2009-06-30,2009-06-30,2009-12-31,86.84000000000006,85.17000000000006,13.36,52,51,8
2009-12-15,103.07478630045485,79.37008884614943,2009-06-30,2009-06-30,2009-12-31,86.84000000000006,85.17000000000006,13.36,52,51,8
2009-12-16,103.99663679156717,79.49125139360875,2009-06-30,2009-06-30,2009-12-31,86.84000000000006,85.17000000000006,13.36,52,51,8
2009-12-17,102.84400226896064,78.53603077241364,2009-06-30,2009-06-30,2009-12-31,86.84000000000006,85.17000000000006,13.36,52,51,8
2009-12-18,103.67769780007319,78.98054886155096,2009-06-30,2009-06-30,2009-12-31,86.84000000000006,85.17000000000006,13.36,52,51,8
2009-12-21,105.16415996993734,79.78319087555026,2009-06-30,2009-06-30,2009-12-31,86.84000000000006,85.17000000000006,13.36,52,51,8
2009-12-22,106.06914028698817,80.06986242064572,2009-06-30,2009-06-30,2009-12-31,86.84000000000006,85.17000000000006,13.36,52,51,8
2009-12-23,107.2148896899045,80.22751740334773,2009-06-30,2009-06-30,2009-12-31,86.84000000000006,85.17000000000006,13.36,52,51,8
2009-12-24,107.3383795305956,80.6072877596135,2009-06-30,2009-06-30,2009-12-31,86.84000000000006,85.17000000000006,13.36,52,51,8
2009-12-28,106.93695403026432,80.77930984280476,2009-06-30,2009-06-30,2009-12-31,86.84000000000006,85.17000000000006,13.36,52,51,8
2009-12-29,107.47794994221888,80.66466038090057,2009-06-30,2009-06-30,2009-12-31,86.84000000000006,85.17000000000006,13.36,52,51,8
2009-12-30,106.92629411954545,80.63592617992208,2009-06-30,2009-06-30,2009-12-31,86.84000000000006,85.17000000000006,13.36,52,51,8
2009-12-31,105.84000008117349,79.86201836690127,2009-06-30,2009-06-30,2009-12-31,86.84000000000006,85.17000000000006,13.36,52,51,8
2010-01-04,105.12453352724829,81.2164528203576,2009-12-31,2009-12-31,2010-06-30,86.92000000000002,85.28000000000002,13.120000000000001,53,52,8
2010-01-05,104.87028831622364,81.43138464367676,2009-12-31,2009-12-31,2010-06-30,86.92000000000002,85.28000000000002,13.120000000000001,53,52,8
2010-01-06,104.4542379538616,81.48875726496382,2009-12-31,2009-12-31,2010-06-30,86.92000000000002,85.28000000000002,13.120000000000001,53,52,8
2010-01-07,105.25003385300415,81.8327056506764,2009-12-31,2009-12-31,2010-06-30,86.92000000000002,85.28000000000002,13.120000000000001,53,52,8
2010-01-08,105.86851502727433,82.10510587595253,2009-12-31,2009-12-31,2010-06-30,86.92000000000002,85.28000000000002,13.120000000000001,53,52,8
2010-01-11,105.88662500765012,82.21975533785675,2009-12-31,2009-12-31,2010-06-30,86.92000000000002,85.28000000000002,13.120000000000001,53,52,8
2010-01-12,105.35246523273999,81.45293529441064,2009-12-31,2009-12-31,2010-06-30,86.92000000000002,85.28000000000002,13.120000000000001,53,52,8
2010-01-13,107.06896343402433,82.14092784650573,2009-12-31,2009-12-31,2010-06-30,86.92000000000002,85.28000000000002,13.120000000000001,53,52,8
2010-01-14,109.38439458958071,82.3630432200695,2009-12-31,2009-12-31,2010-06-30,86.92000000000002,85.28000000000002,13.120000000000001,53,52,8
2010-01-15,108.77643720046524,81.43856819392138,2009-12-31,2009-12-31,2010-06-30,86.92000000000002,85.28000000000002,13.120000000000001,53,52,8
2010-01-19,110.17952363729917,82.45623781190976,2009-12-31,2009-12-31,2010-06-30,86.92000000000002,85.28000000000002,13.120000000000001,53,52,8
2010-01-20,109.94828602449732,81.61777382735727,2009-12-31,2009-12-31,2010-06-30,86.92000000000002,85.28000000000002,13.120000000000001,53,52,8
2010-01-21,108.9084202753453,80.04831176991185,2009-12-31,2009-12-31,2010-06-30,86.92000000000002,85.28000000000002,13.120000000000001,53,52,8
2010-01-22,108.08486817541448,78.2639178891473,2009-12-31,2009-12-31,2010-06-30,86.92000000000002,85.28000000000002,13.120000000000001,53,52,8
2010-01-25,107.0792891688617,78.66523889614695,2009-12-31,2009-12-31,2010-06-30,86.92000000000002,85.28000000000002,13.120000000000001,53,52,8
2010-01-26,106.43102837806273,78.33556183025368,2009-12-31,2009-12-31,2010-06-30,86.92000000000002,85.28000000000002,13.120000000000001,53,52,8
2010-01-27,107.45175433845601,78.70824441694475,2009-12-31,2009-12-31,2010-06-30,86.92000000000002,85.28000000000002,13.120000000000001,53,52,8
2010-01-28,106.09860920753293,77.80522426086057,2009-12-31,2009-12-31,2010-06-30,86.92000000000002,85.28000000000002,13.120000000000001,53,52,8
2010-01-29,105.63965604190776,76.95957672606346,2009-12-31,2009-12-31,2010-06-30,86.92000000000002,85.28000000000002,13.120000000000001,53,52,8
2010-02-01,107.18951711768702,78.15635619681778,2009-12-31,2009-12-31,2010-06-30,86.92000000000002,85.28000000000002,13.120000000000001,53,52,8
2010-02-02,107.97949556867327,79.10238187369978,2009-12-31,2009-12-31,2010-06-30,86.92000000000002,85.28000000000002,13.120000000000001,53,52,8
2010-02-03,107.58247386393997,78.70824441694475,2009-12-31,2009-12-31,2010-06-30,86.92000000000002,85.28000000000002,13.120000000000001,53,52,8
2010-02-04,104.91992547598561,76.27876772421297,2009-12-31,2009-12-31,2010-06-30,86.92000000000002,85.28000000000002,13.120000000000001,53,52,8
2010-02-05,105.46210110800533,76.43642270691498,2009-12-31,2009-12-31,2010-06-30,86.92000000000002,85.28000000000002,13.120000000000001,53,52,8
2010-02-08,104.87726158363208,75.88463026745795,2009-12-31,2009-12-31,2010-06-30,86.92000000000002,85.28000000000002,13.120000000000001,53,52,8
2010-02-09,106.84873794978462,76.83774371391465,2009-12-31,2009-12-31,2010-06-30,86.92000000000002,85.28000000000002,13.120000000000001,53,52,8
2010-02-10,107.27739479143617,76.68727228145725,2009-12-31,2009-12-31,2010-06-30,86.92000000000002,85.28000000000002,13.120000000000001,53,52,8
2010-02-11,108.42210163576264,77.48991429545656,2009-12-31,2009-12-31,2010-06-30,86.92000000000002,85.28000000000002,13.120000000000001,53,52,8
2010-02-12,108.92918805070092,77.4254539045948,2009-12-31,2009-12-31,2010-06-30,86.92000000000002,85.28000000000002,13.120000000000001,53,52,8
2010-02-16,110.56535976295609,78.64368824541306,2009-12-31,2009-12-31,2010-06-30,86.92000000000002,85.28000000000002,13.120000000000001,53,52,8
2010-02-17,111.85897449487673,79.01637083210416,2009-12-31,2009-12-31,2010-06-30,86.92000000000002,85.28000000000002,13.120000000000001,53,52,8
2010-02-18,112.36676901039662,79.48215222996556,2009-12-31,2009-12-31,2010-06-30,86.92000000000002,85.28000000000002,13.120000000000001,53,52,8
2010-02-19,112.7087750598583,79.64699076291221,2009-12-31,2009-12-31,2010-06-30,86.92000000000002,85.28000000000002,13.120000000000001,53,52,8
2010-02-22,112.87666201564848,79.66135786340143,2009-12-31,2009-12-31,2010-06-30,86.92000000000002,85.28000000000002,13.120000000000001,53,52,8
2010-02-23,112.03780919072368,78.69387731645551,2009-12-31,2009-12-31,2010-06-30,86.92000000000002,85.28000000000002,13.120000000000001,53,52,8
2010-02-24,112.15954922488115,79.41769183910381,2009-12-31,2009-12-31,2010-06-30,86.92000000000002,85.28000000000002,13.120000000000001,53,52,8
2010-02-25,111.59737101975745,79.31022592744424,2009-12-31,2009-12-31,2010-06-30,86.92000000000002,85.28000000000002,13.120000000000001,53,52,8
2010-02-26,112.09397959438624,79.36031921781674,2009-12-31,2009-12-31,2010-06-30,86.92000000000002,85.28000000000002,13.120000000000001,53,52,8
2010-03-01,113.84016820995048,80.18451188254993,2009-12-31,2009-12-31,2010-06-30,86.92000000000002,85.28000000000002,13.120000000000001,53,52,8
2010-03-02,114.76827666037585,80.40662725611368,2009-12-31,2009-12-31,2010-06-30,86.92000000000002,85.28000000000002,13.120000000000001,53,52,8
2010-03-03,115.80613923274348,80.47827119722007,2009-12-31,2009-12-31,2010-06-30,86.92000000000002,85.28000000000002,13.120000000000001,53,52,8
2010-03-04,116.47925307606842,80.72193722151772,2009-12-31,2009-12-31,2010-06-30,86.92000000000002,85.28000000000002,13.120000000000001,53,52,8
2010-03-05,118.86743691847695,81.87571117147422,2009-12-31,2009-12-31,2010-06-30,86.92000000000002,85.28000000000002,13.120000000000001,53,52,8
2010-03-08,119.67114345290156,81.89007827196347,2009-12-31,2009-12-31,2010-06-30,86.92000000000002,85.28000000000002,13.120000000000001,53,52,8
2010-03-09,120.13515867278763,82.02627838460155,2009-12-31,2009-12-31,2010-06-30,86.92000000000002,85.28000000000002,13.120000000000001,53,52,8
2010-03-10,121.10096037226194,82.39168164037807,2009-12-31,2009-12-31,2010-06-30,86.92000000000002,85.28000000000002,13.120000000000001,53,52,8
2010-03-11,122.50283137300136,82.73572580676058,2009-12-31,2009-12-31,2010-06-30,86.92000000000002,85.28000000000002,13.120000000000001,53,52,8
2010-03-12,122.93344998783246,82.74290935700522,2009-12-31,2009-12-31,2010-06-30,86.92000000000002,85.28000000000002,13.120000000000001,53,52,8
2010-03-15,122.74963232657758,82.76436422706917,2009-12-31,2009-12-31,2010-06-30,86.92000000000002,85.28000000000002,13.120000000000001,53,52,8
2010-03-16,124.1463537794007,83.4237183588557,2009-12-31,2009-12-31,2010-06-30,86.92000000000002,85.28000000000002,13.120000000000001,53,52,8
2010-03-17,125.01884911251622,83.91813817702568,2009-12-31,2009-12-31,2010-06-30,86.92000000000002,85.28000000000002,13.120000000000001,53,52,8
2010-03-18,125.43415953698582,83.87513265622785,2009-12-31,2009-12-31,2010-06-30,86.92000000000002,85.28000000000002,13.120000000000001,53,52,8
2010-03-19,124.78680457163482,83.4508242884454,2009-12-31,2009-12-31,2010-06-30,86.92000000000002,85.28000000000002,13.120000000000001,53,52,8
2010-03-22,126.5663752596867,83.89697064897152,2009-12-31,2009-12-31,2010-06-30,86.92000000000002,85.28000000000002,13.120000000000001,53,52,8
2010-03-23,127.45206412862449,84.48707535639987,2009-12-31,2009-12-31,2010-06-30,86.92000000000002,85.28000000000002,13.120000000000001,53,52,8
2010-03-24,126.90263016594214,84.07694252776682,2009-12-31,2009-12-31,2010-06-30,86.92000000000002,85.28000000000002,13.120000000000001,53,52,8
2010-03-25,127.50227520070496,83.94016773110918,2009-12-31,2009-12-31,2010-06-30,86.92000000000002,85.28000000000002,13.120000000000001,53,52,8
2010-03-26,128.33107794850525,83.88978709872688,2009-12-31,2009-12-31,2010-06-30,86.92000000000002,85.28000000000002,13.120000000000001,53,52,8
2010-03-29,128.84277165245055,84.42232762352833,2009-12-31,2009-12-31,2010-06-30,86.92000000000002,85.28000000000002,13.120000000000001,53,52,8
2010-03-30,129.2204542368494,84.47989180615527,2009-12-31,2009-12-31,2010-06-30,86.92000000000002,85.28000000000002,13.120000000000001,53,52,8
2010-03-31,128.76575206295675,84.19207089302066,2009-12-31,2009-12-31,2010-06-30,86.92000000000002,85.28000000000002,13.120000000000001,53,52,8
2010-04-01,129.11860569338532,84.76771271928986,2009-12-31,2009-12-31,2010-06-30,86.92000000000002,85.28000000000002,13.120000000000001,53,52,8
2010-04-05,131.79998516743382,85.45848291081288,2009-12-31,2009-12-31,2010-06-30,86.92000000000002,85.28000000000002,13.120000000000001,53,52,8
2010-04-06,132.98408038944885,85.66000544034206,2009-12-31,2009-12-31,2010-06-30,86.92000000000002,85.28000000000002,13.120000000000001,53,52,8
2010-04-07,133.64853002877393,85.17066199767828,2009-12-31,2009-12-31,2010-06-30,86.92000000000002,85.28000000000002,13.120000000000001,53,52,8
2010-04-08,135.42427311255025,85.46576224172743,2009-12-31,2009-12-31,2010-06-30,86.92000000000002,85.28000000000002,13.120000000000001,53,52,8
2010-04-09,136.71552966822264,86.02703696750737,2009-12-31,2009-12-31,2010-06-30,86.92000000000002,85.28000000000002,13.120000000000001,53,52,8
2010-04-12,137.45619293057985,86.16371598349508,2009-12-31,2009-12-31,2010-06-30,86.92000000000002,85.28000000000002,13.120000000000001,53,52,8
2010-04-13,137.72548399559903,86.22846371636662,2009-12-31,2009-12-31,2010-06-30,86.92000000000002,85.28000000000002,13.120000000000001,53,52,8
2010-04-14,139.65372590202153,87.20715060169417,2009-12-31,2009-12-31,2010-06-30,86.92000000000002,85.28000000000002,13.120000000000001,53,52,8
2010-04-15,139.81614327034347,87.27908188481035,2009-12-31,2009-12-31,2010-06-30,86.92000000000002,85.28000000000002,13.120000000000001,53,52,8
2010-04-16,136.876416610465,85.89026217084974,2009-12-31,2009-12-31,2010-06-30,86.92000000000002,85.28000000000002,13.120000000000001,53,52,8
2010-04-19,136.19392100042563,86.21409661587738,2009-12-31,2009-12-31,2010-06-30,86.92000000000002,85.28000000000002,13.120000000000001,53,52,8
2010-04-20,138.16885432722924,86.98407742143111,2009-12-31,2009-12-31,2010-06-30,86.92000000000002,85.28000000000002,13.120000000000001,53,52,8
2010-04-21,138.33950705920887,86.8257519740396,2009-12-31,2009-12-31,2010-06-30,86.92000000000002,85.28000000000002,13.120000000000001,53,52,8
2010-04-22,141.4835144195885,87.08483868619571,2009-12-31,2009-12-31,2010-06-30,86.92000000000002,85.28000000000002,13.120000000000001,53,52,8
2010-04-23,142.3345213930502,87.65329696222028,2009-12-31,2009-12-31,2010-06-30,86.92000000000002,85.28000000000002,13.120000000000001,53,52,8
2010-04-26,143.0707586271248,87.322278966948,2009-12-31,2009-12-31,2010-06-30,86.92000000000002,85.28000000000002,13.120000000000001,53,52,8
2010-04-27,139.89789630975267,85.25705616195363,2009-12-31,2009-12-31,2010-06-30,86.92000000000002,85.28000000000002,13.120000000000001,53,52,8
2010-04-28,137.33760116525164,85.90462927133899,2009-12-31,2009-12-31,2010-06-30,86.92000000000002,85.28000000000002,13.120000000000001,53,52,8
2010-04-29,140.00495717516048,86.96971032094187,2009-12-31,2009-12-31,2010-06-30,86.92000000000002,85.28000000000002,13.120000000000001,53,52,8
2010-04-30,136.25226302095214,85.49449644270592,2009-12-31,2009-12-31,2010-06-30,86.92000000000002,85.28000000000002,13.120000000000001,53,52,8
2010-05-03,138.42114879801665,86.60267879377656,2009-12-31,2009-12-31,2010-06-30,86.92000000000002,85.28000000000002,13.120000000000001,53,52,8
2010-05-04,133.14324582619338,84.56619018976068,2009-12-31,2009-12-31,2010-06-30,86.92000000000002,85.28000000000002,13.120000000000001,53,52,8
2010-05-05,130.6123062026399,84.06247964660764,2009-12-31,2009-12-31,2010-06-30,86.92000000000002,85.28000000000002,13.120000000000001,53,52,8
2010-05-06,126.44963699345085,81.27047311819719,2009-12-31,2009-12-31,2010-06-30,86.92000000000002,85.28000000000002,13.120000000000001,53,52,8
2010-05-07,122.97588198584722,80.06162528303187,2009-12-31,2009-12-31,2010-06-30,86.92000000000002,85.28000000000002,13.120000000000001,53,52,8
2010-05-10,129.82612268997542,83.58759908510305,2009-12-31,2009-12-31,2010-06-30,86.92000000000002,85.28000000000002,13.120000000000001,53,52,8
2010-05-11,131.87018588775803,83.35015880435076,2009-12-31,2009-12-31,2010-06-30,86.92000000000002,85.28000000000002,13.120000000000001,53,52,8
2010-05-12,134.96898181560454,84.5159053380483,2009-12-31,2009-12-31,2010-06-30,86.92000000000002,85.28000000000002,13.120000000000001,53,52,8
2010-05-13,132.8853984867204,83.46528716960458,2009-12-31,2009-12-31,2010-06-30,86.92000000000002,85.28000000000002,13.120000000000001,53,52,8
2010-05-14,129.7069811096713,81.95415554014552,2009-12-31,2009-12-31,2010-06-30,86.92000000000002,85.28000000000002,13.120000000000001,53,52,8
2010-05-17,130.06016000908446,81.99725684161325,2009-12-31,2009-12-31,2010-06-30,86.92000000000002,85.28000000000002,13.120000000000001,53,52,8
2010-05-18,127.9045013969439,80.881890940298,2009-12-31,2009-12-31,2010-06-30,86.92000000000002,85.28000000000002,13.120000000000001,53,52,8
2010-05-19,126.83604164542967,80.42137747928265,2009-12-31,2009-12-31,2010-06-30,86.92000000000002,85.28000000000002,13.120000000000001,53,52,8
2010-05-20,121.28172257179904,77.38474711987526,2009-12-31,2009-12-31,2010-06-30,86.92000000000002,85.28000000000002,13.120000000000001,53,52,8
2010-05-21,122.29137388535318,78.51448012167978,2009-12-31,2009-12-31,2010-06-30,86.92000000000002,85.28000000000002,13.120000000000001,53,52,8
2010-05-24,121.60809746336052,77.50705903537373,2009-12-31,2009-12-31,2010-06-30,86.92000000000002,85.28000000000002,13.120000000000001,53,52,8
2010-05-25,120.86934006101792,77.58617386873452,2009-12-31,2009-12-31,2010-06-30,86.92000000000002,85.28000000000002,13.120000000000001,53,52,8
2010-05-26,121.15043088380511,77.11847685747453,2009-12-31,2009-12-31,2010-06-30,86.92000000000002,85.28000000000002,13.120000000000001,53,52,8
2010-05-27,125.42836892684407,79.7017773061112,2009-12-31,2009-12-31,2010-06-30,86.92000000000002,85.28000000000002,13.120000000000001,53,52,8
2010-05-28,124.3535519113548,78.70153977004976,2009-12-31,2009-12-31,2010-06-30,86.92000000000002,85.28000000000002,13.120000000000001,53,52,8
2010-06-01,121.33116023283168,77.37756356963062,2009-12-31,2009-12-31,2010-06-30,86.92000000000002,85.28000000000002,13.120000000000001,53,52,8
2010-06-02,123.49844520384585,79.39240574224272,2009-12-31,2009-12-31,2010-06-30,86.92000000000002,85.28000000000002,13.120000000000001,53,52,8
2010-06-03,124.73639181649823,79.66585955488807,2009-12-31,2009-12-31,2010-06-30,86.92000000000002,85.28000000000002,13.120000000000001,53,52,8
2010-06-04,119.65271260808952,76.86657369556306,2009-12-31,2009-12-31,2010-06-30,86.92000000000002,85.28000000000002,13.120000000000001,53,52,8
2010-06-07,115.9421205659853,75.90953324163931,2009-12-31,2009-12-31,2010-06-30,86.92000000000002,85.28000000000002,13.120000000000001,53,52,8
2010-06-08,115.9568314865658,76.72271112933073,2009-12-31,2009-12-31,2010-06-30,86.92000000000002,85.28000000000002,13.120000000000001,53,52,8
2010-06-09,117.110313264762,76.31257830069768,2009-12-31,2009-12-31,2010-06-30,86.92000000000002,85.28000000000002,13.120000000000001,53,52,8
2010-06-10,120.72067987802482,78.5433101033282,2009-12-31,2009-12-31,2010-06-30,86.92000000000002,85.28000000000002,13.120000000000001,53,52,8
2010-06-11,122.3913446329047,78.92461295031282,2009-12-31,2009-12-31,2010-06-30,86.92000000000002,85.28000000000002,13.120000000000001,53,52,8
2010-06-14,123.62037112156207,78.80230103481438,2009-12-31,2009-12-31,2010-06-30,86.92000000000002,85.28000000000002,13.120000000000001,53,52,8
2010-06-15,125.31756100165936,80.59407002716341,2009-12-31,2009-12-31,2010-06-30,86.92000000000002,85.28000000000002,13.120000000000001,53,52,8
2010-06-16,123.85672619851033,80.56533582618492,2009-12-31,2009-12-31,2010-06-30,86.92000000000002,85.28000000000002,13.120000000000001,53,52,8
2010-06-17,123.57565966390858,80.694831291928,2009-12-31,2009-12-31,2010-06-30,86.92000000000002,85.28000000000002,13.120000000000001,53,52,8
2010-06-18,123.59755016764089,80.78256638558233,2009-12-31,2009-12-31,2010-06-30,86.92000000000002,85.28000000000002,13.120000000000001,53,52,8
2010-06-21,121.73741825965448,80.55116028703551,2009-12-31,2009-12-31,2010-06-30,86.92000000000002,85.28000000000002,13.120000000000001,53,52,8
2010-06-22,118.95040065901094,79.22076678173117,2009-12-31,2009-12-31,2010-06-30,86.92000000000002,85.28000000000002,13.120000000000001,53,52,8
2010-06-23,118.81575578953148,78.97499358269512,2009-12-31,2009-12-31,2010-06-30,86.92000000000002,85.28000000000002,13.120000000000001,53,52,8
2010-06-24,116.48120000192876,77.66634228946451,2009-12-31,2009-12-31,2010-06-30,86.92000000000002,85.28000000000002,13.120000000000001,53,52,8
2010-06-25,117.72119381479212,77.99170922521101,2009-12-31,2009-12-31,2010-06-30,86.92000000000002,85.28000000000002,13.120000000000001,53,52,8
2010-06-28,116.97665756567736,77.74584024550502,2009-12-31,2009-12-31,2010-06-30,86.92000000000002,85.28000000000002,13.120000000000001,53,52,8
2010-06-29,112.32223599931653,75.34548087643144,2009-12-31,2009-12-31,2010-06-30,86.92000000000002,85.28000000000002,13.120000000000001,53,52,8
2010-06-30,111.59650336070281,74.62971193005713,2009-12-31,2009-12-31,2010-06-30,86.92000000000002,85.28000000000002,13.120000000000001,53,52,8
2010-07-01,109.10705763700449,74.29706566339608,2010-06-30,2010-06-30,2010-12-31,86.92000000000002,85.28000000000002,13.120000000000001,53,52,8
2010-07-02,108.38200407237379,73.89220077160908,2010-06-30,2010-06-30,2010-12-31,86.92000000000002,85.28000000000002,13.120000000000001,53,52,8
2010-07-06,105.9123517332189,74.37656361943658,2010-06-30,2010-06-30,2010-12-31,86.92000000000002,85.28000000000002,13.120000000000001,53,52,8
2010-07-07,109.34174923427881,76.71916724454337,2010-06-30,2010-06-30,2010-12-31,86.92000000000002,85.28000000000002,13.120000000000001,53,52,8
2010-07-08,110.97099762978111,77.47832483439522,2010-06-30,2010-06-30,2010-12-31,86.92000000000002,85.28000000000002,13.120000000000001,53,52,8
2010-07-09,113.81346010802875,78.05674430009233,2010-06-30,2010-06-30,2010-12-31,86.92000000000002,85.28000000000002,13.120000000000001,53,52,8
2010-07-12,113.33420378035059,78.10741227448442,2010-06-30,2010-06-30,2010-12-31,86.92000000000002,85.28000000000002,13.120000000000001,53,52,8
2010-07-13,117.41448592636546,79.28589763728243,2010-06-30,2010-06-30,2010-12-31,86.92000000000002,85.28000000000002,13.120000000000001,53,52,8
2010-07-14,116.98774441938961,79.27861830636789,2010-06-30,2010-06-30,2010-12-31,86.92000000000002,85.28000000000002,13.120000000000001,53,52,8
2010-07-15,116.82102940582737,79.30036051844162,2010-06-30,2010-06-30,2010-12-31,86.92000000000002,85.28000000000002,13.120000000000001,53,52,8
2010-07-16,112.55947824660552,77.11684858608575,2010-06-30,2010-06-30,2010-12-31,86.92000000000002,85.28000000000002,13.120000000000001,53,52,8
2010-07-19,113.04274212620788,77.57238145226482,2010-06-30,2010-06-30,2010-12-31,86.92000000000002,85.28000000000002,13.120000000000001,53,52,8
2010-07-20,114.74508347207136,78.43268342956098,2010-06-30,2010-06-30,2010-12-31,86.92000000000002,85.28000000000002,13.120000000000001,53,52,8
2010-07-21,113.45062060468034,77.41328975951389,2010-06-30,2010-06-30,2010-12-31,86.92000000000002,85.28000000000002,13.120000000000001,53,52,8
2010-07-22,117.57784762320642,79.14126882569067,2010-06-30,2010-06-30,2010-12-31,86.92000000000002,85.28000000000002,13.120000000000001,53,52,8
2010-07-23,119.4332969086605,79.82811200974665,2010-06-30,2010-06-30,2010-12-31,86.92000000000002,85.28000000000002,13.120000000000001,53,52,8
2010-07-26,121.68511504282546,80.65958400539436,2010-06-30,2010-06-30,2010-12-31,86.92000000000002,85.28000000000002,13.120000000000001,53,52,8
2010-07-27,120.89097892652917,80.65240045514975,2010-06-30,2010-06-30,2010-12-31,86.92000000000002,85.28000000000002,13.120000000000001,53,52,8
2010-07-28,119.4996966982165,80.13183251408934,2010-06-30,2010-06-30,2010-12-31,86.92000000000002,85.28000000000002,13.120000000000001,53,52,8
2010-07-29,119.92434515288909,79.74143050346152,2010-06-30,2010-06-30,2010-12-31,86.92000000000002,85.28000000000002,13.120000000000001,53,52,8
2010-07-30,120.39871892294214,79.72696762230234,2010-06-30,2010-06-30,2010-12-31,86.92000000000002,85.28000000000002,13.120000000000001,53,52,8
2010-08-02,121.84629017034266,81.527261094275,2010-06-30,2010-06-30,2010-12-31,86.92000000000002,85.28000000000002,13.120000000000001,53,52,8
2010-08-03,120.64767046484266,81.13676330297726,2010-06-30,2010-06-30,2010-12-31,86.92000000000002,85.28000000000002,13.120000000000001,53,52,8
2010-08-04,121.22135311474447,81.67907345611138,2010-06-30,2010-06-30,2010-12-31,86.92000000000002,85.28000000000002,13.120000000000001,53,52,8
2010-08-05,120.0876296356567,81.59229616915633,2010-06-30,2010-06-30,2010-12-31,86.92000000000002,85.28000000000002,13.120000000000001,53,52,8
2010-08-06,119.55971060674948,81.2597456831652,2010-06-30,2010-06-30,2010-12-31,86.92000000000002,85.28000000000002,13.120000000000001,53,52,8
2010-08-09,120.63983467307642,81.69353633727056,2010-06-30,2010-06-30,2010-12-31,86.92000000000002,85.28000000000002,13.120000000000001,53,52,8
2010-08-10,118.39252627446726,81.25246635225066,2010-06-30,2010-06-30,2010-12-31,86.92000000000002,85.28000000000002,13.120000000000001,53,52,8
2010-08-11,114.91926114286358,79.02556577641727,2010-06-30,2010-06-30,2010-12-31,86.92000000000002,85.28000000000002,13.120000000000001,53,52,8
2010-08-12,115.07622554818352,78.54120292858975,2010-06-30,2010-06-30,2010-12-31,86.92000000000002,85.28000000000002,13.120000000000001,53,52,8
2010-08-13,113.30625176423597,78.30979683004296,2010-06-30,2010-06-30,2010-12-31,86.92000000000002,85.28000000000002,13.120000000000001,53,52,8
2010-08-16,113.8464899789801,78.27368751747998,2010-06-30,2010-06-30,2010-12-31,86.92000000000002,85.28000000000002,13.120000000000001,53,52,8
2010-08-17,116.09488812695996,79.23522966289036,2010-06-30,2010-06-30,2010-12-31,86.92000000000002,85.28000000000002,13.120000000000001,53,52,8
2010-08-18,116.93028802736622,79.37985847448212,2010-06-30,2010-06-30,2010-12-31,86.92000000000002,85.28000000000002,13.120000000000001,53,52,8
2010-08-19,114.48985426039468,77.99889277545563,2010-06-30,2010-06-30,2010-12-31,86.92000000000002,85.28000000000002,13.120000000000001,53,52,8
2010-08-20,113.99841892316071,77.74584024550502,2010-06-30,2010-06-30,2010-12-31,86.92000000000002,85.28000000000002,13.120000000000001,53,52,8
2010-08-23,112.60461428202075,77.44939907207687,2010-06-30,2010-06-30,2010-12-31,86.92000000000002,85.28000000000002,13.120000000000001,53,52,8
2010-08-24,111.06901798478138,76.29983947159721,2010-06-30,2010-06-30,2010-12-31,86.92000000000002,85.28000000000002,13.120000000000001,53,52,8
2010-08-25,112.72964229573797,76.59628064502535,2010-06-30,2010-06-30,2010-12-31,86.92000000000002,85.28000000000002,13.120000000000001,53,52,8
2010-08-26,112.04520117482036,76.08289625420956,2010-06-30,2010-06-30,2010-12-31,86.92000000000002,85.28000000000002,13.120000000000001,53,52,8
2010-08-27,114.57012728296003,77.26147739767752,2010-06-30,2010-06-30,2010-12-31,86.92000000000002,85.28000000000002,13.120000000000001,53,52,8
2010-08-30,112.32798850863833,76.14074777884628,2010-06-30,2010-06-30,2010-12-31,86.92000000000002,85.28000000000002,13.120000000000001,53,52,8
2010-08-31,111.93910804300592,76.14074777884628,2010-06-30,2010-06-30,2010-12-31,86.92000000000002,85.28000000000002,13.120000000000001,53,52,8
2010-09-01,116.64813042233128,78.4182205484018,2010-06-30,2010-06-30,2010-12-31,86.92000000000002,85.28000000000002,13.120000000000001,53,52,8
2010-09-02,120.85239358696045,79.14854815660523,2010-06-30,2010-06-30,2010-12-31,86.92000000000002,85.28000000000002,13.120000000000001,53,52,8
2010-09-03,122.70720238467537,80.17522115756687,2010-06-30,2010-06-30,2010-12-31,86.92000000000002,85.28000000000002,13.120000000000001,53,52,8
2010-09-07,120.4984911648805,79.27143475612326,2010-06-30,2010-06-30,2010-12-31,86.92000000000002,85.28000000000002,13.120000000000001,53,52,8
2010-09-08,121.40193814233784,79.82811200974665,2010-06-30,2010-06-30,2010-12-31,86.92000000000002,85.28000000000002,13.120000000000001,53,52,8
2010-09-09,121.74882506712244,80.19686758897066,2010-06-30,2010-06-30,2010-12-31,86.92000000000002,85.28000000000002,13.120000000000001,53,52,8
2010-09-10,122.60526686664645,80.60173248075768,2010-06-30,2010-06-30,2010-12-31,86.92000000000002,85.28000000000002,13.120000000000001,53,52,8
2010-09-13,125.15892373643622,81.49833533195665,2010-06-30,2010-06-30,2010-12-31,86.92000000000002,85.28000000000002,13.120000000000001,53,52,8
2010-09-14,124.8762922493597,81.44766735756457,2010-06-30,2010-06-30,2010-12-31,86.92000000000002,85.28000000000002,13.120000000000001,53,52,8
2010-09-15,125.25000500823288,81.7585714121519,2010-06-30,2010-06-30,2010-12-31,86.92000000000002,85.28000000000002,13.120000000000001,53,52,8
2010-09-16,124.36420205739164,81.73692498074809,2010-06-30,2010-06-30,2010-12-31,86.92000000000002,85.28000000000002,13.120000000000001,53,52,8
2010-09-17,124.57678794618649,81.76757479512516,2010-06-30,2010-06-30,2010-12-31,86.92000000000002,85.28000000000002,13.120000000000001,53,52,8
2010-09-20,127.14968718588364,83.01779987969948,2010-06-30,2010-06-30,2010-12-31,86.92000000000002,85.28000000000002,13.120000000000001,53,52,8
2010-09-21,126.55114118680137,82.85056683000464,2010-06-30,2010-06-30,2010-12-31,86.92000000000002,85.28000000000002,13.120000000000001,53,52,8
2010-09-22,125.31492586951575,82.44349898280929,2010-06-30,2010-06-30,2010-12-31,86.92000000000002,85.28000000000002,13.120000000000001,53,52,8
2010-09-23,124.26174839255054,81.77475834536978,2010-06-30,2010-06-30,2010-12-31,86.92000000000002,85.28000000000002,13.120000000000001,53,52,8
2010-09-24,127.73191737866324,83.46116860079766,2010-06-30,2010-06-30,2010-12-31,86.92000000000002,85.28000000000002,13.120000000000001,53,52,8
2010-09-27,127.45282683783066,83.06138008451687,2010-06-30,2010-06-30,2010-12-31,86.92000000000002,85.28000000000002,13.120000000000001,53,52,8
2010-09-28,128.69672286884676,83.35217019841924,2010-06-30,2010-06-30,2010-12-31,86.92000000000002,85.28000000000002,13.120000000000001,53,52,8
2010-09-29,128.57936957647516,83.20677514146806,2010-06-30,2010-06-30,2010-12-31,86.92000000000002,85.28000000000002,13.120000000000001,53,52,8
2010-09-30,128.1678495482021,82.959661013053,2010-06-30,2010-06-30,2010-12-31,86.92000000000002,85.28000000000002,13.120000000000001,53,52,8
2010-10-01,128.6565798147281,83.30849421293193,2010-06-30,2010-06-30,2010-12-31,86.92000000000002,85.28000000000002,13.120000000000001,53,52,8
2010-10-04,127.95215745187588,82.68342956097973,2010-06-30,2010-06-30,2010-12-31,86.92000000000002,85.28000000000002,13.120000000000001,53,52,8
2010-10-05,130.91381289902088,84.34800182366395,2010-06-30,2010-06-30,2010-12-31,86.92000000000002,85.28000000000002,13.120000000000001,53,52,8
2010-10-06,130.73165101597203,84.3407224927494,2010-06-30,2010-06-30,2010-12-31,86.92000000000002,85.28000000000002,13.120000000000001,53,52,8
2010-10-07,130.51239494765377,84.23890764061561,2010-06-30,2010-06-30,2010-12-31,86.92000000000002,85.28000000000002,13.120000000000001,53,52,8
2010-10-08,132.1887517352311,84.71139368537199,2010-06-30,2010-06-30,2010-12-31,86.92000000000002,85.28000000000002,13.120000000000001,53,52,8
2010-10-11,132.47292707539688,84.79137054476215,2010-06-30,2010-06-30,2010-12-31,86.92000000000002,85.28000000000002,13.120000000000001,53,52,8
2010-10-12,132.98687032455575,85.05304333500632,2010-06-30,2010-06-30,2010-12-31,86.92000000000002,85.28000000000002,13.120000000000001,53,52,8
2010-10-13,133.9654890437611,85.71450464153126,2010-06-30,2010-06-30,2010-12-31,86.92000000000002,85.28000000000002,13.120000000000001,53,52,8
2010-10-14,134.04420530617764,85.38013432281151,2010-06-30,2010-06-30,2010-12-31,86.92000000000002,85.28000000000002,13.120000000000001,53,52,8
2010-10-15,134.2873631745002,85.5546467034209,2010-06-30,2010-06-30,2010-12-31,86.92000000000002,85.28000000000002,13.120000000000001,53,52,8
2010-10-18,134.64791411287624,85.97617743177544,2010-06-30,2010-06-30,2010-12-31,86.92000000000002,85.28000000000002,13.120000000000001,53,52,8
2010-10-19,132.21300024159868,84.84950941140863,2010-06-30,2010-06-30,2010-12-31,86.92000000000002,85.28000000000002,13.120000000000001,53,52,8
2010-10-20,133.38242930084255,85.67820376762843,2010-06-30,2010-06-30,2010-12-31,86.92000000000002,85.28000000000002,13.120000000000001,53,52,8
2010-10-21,133.39641857912036,85.86717902939701,2010-06-30,2010-06-30,2010-12-31,86.92000000000002,85.28000000000002,13.120000000000001,53,52,8
2010-10-22,135.1818018642064,86.02713274817731,2010-06-30,2010-06-30,2010-12-31,86.92000000000002,85.28000000000002,13.120000000000001,53,52,8
2010-10-25,135.51246685709557,86.28152620750691,2010-06-30,2010-06-30,2010-12-31,86.92000000000002,85.28000000000002,13.120000000000001,53,52,8
2010-10-26,135.61897753178837,86.29608486933603,2010-06-30,2010-06-30,2010-12-31,86.92000000000002,85.28000000000002,13.120000000000001,53,52,8
2010-10-27,132.75877906680267,86.04887496025103,2010-06-30,2010-06-30,2010-12-31,86.92000000000002,85.28000000000002,13.120000000000001,53,52,8
2010-10-28,132.3499879711552,86.06343362208013,2010-06-30,2010-06-30,2010-12-31,86.92000000000002,85.28000000000002,13.120000000000001,53,52,8
2010-10-29,132.36691262163077,86.12885181964117,2010-06-30,2010-06-30,2010-12-31,86.92000000000002,85.28000000000002,13.120000000000001,53,52,8
2010-11-01,131.92884286036877,86.15796914329938,2010-06-30,2010-06-30,2010-12-31,86.92000000000002,85.28000000000002,13.120000000000001,53,52,8
2010-11-02,134.5496955864789,86.84117266189809,2010-06-30,2010-06-30,2010-12-31,86.92000000000002,85.28000000000002,13.120000000000001,53,52,8
2010-11-03,134.77392647515822,87.19010164244693,2010-06-30,2010-06-30,2010-12-31,86.92000000000002,85.28000000000002,13.120000000000001,53,52,8
2010-11-04,137.29067994220696,88.86923256696026,2010-06-30,2010-06-30,2010-12-31,86.92000000000002,85.28000000000002,13.120000000000001,53,52,8
2010-11-05,137.93208200525604,89.20360288568003,2010-06-30,2010-06-30,2010-12-31,86.92000000000002,85.28000000000002,13.120000000000001,53,52,8
2010-11-08,137.91834853185276,89.03636983598518,2010-06-30,2010-06-30,2010-12-31,86.92000000000002,85.28000000000002,13.120000000000001,53,52,8
2010-11-09,135.88269601569039,88.39674652220388,2010-06-30,2010-06-30,2010-12-31,86.92000000000002,85.28000000000002,13.120000000000001,53,52,8
2010-11-10,136.93831673909003,88.7529548336673,2010-06-30,2010-06-30,2010-12-31,86.92000000000002,85.28000000000002,13.120000000000001,53,52,8
2010-11-11,137.20435648902617,88.41858451494753,2010-06-30,2010-06-30,2010-12-31,86.92000000000002,85.28000000000002,13.120000000000001,53,52,8
2010-11-12,135.1808384515851,87.37179757330095,2010-06-30,2010-06-30,2010-12-31,86.92000000000002,85.28000000000002,13.120000000000001,53,52,8
2010-11-15,135.32905624188305,87.24824050909342,2010-06-30,2010-06-30,2010-12-31,86.92000000000002,85.28000000000002,13.120000000000001,53,52,8
2010-11-16,132.64797476715788,85.88901702214066,2010-06-30,2010-06-30,2010-12-31,86.92000000000002,85.28000000000002,13.120000000000001,53,52,8
2010-11-17,133.57207946079484,85.93259722695805,2010-06-30,2010-06-30,2010-12-31,86.92000000000002,85.28000000000002,13.120000000000001,53,52,8
2010-11-18,135.19202662691484,87.19738097336148,2010-06-30,2010-06-30,2010-12-31,86.92000000000002,85.28000000000002,13.120000000000001,53,52,8
2010-11-19,135.98248741326287,87.437215770862,2010-06-30,2010-06-30,2010-12-31,86.92000000000002,85.28000000000002,13.120000000000001,53,52,8
2010-11-22,136.3569082679118,87.3645182423864,2010-06-30,2010-06-30,2010-12-31,86.92000000000002,85.28000000000002,13.120000000000001,53,52,8
2010-11-23,134.73029458688322,86.09973449598296,2010-06-30,2010-06-30,2010-12-31,86.92000000000002,85.28000000000002,13.120000000000001,53,52,8
2010-11-24,137.6955595313984,87.37179757330095,2010-06-30,2010-06-30,2010-12-31,86.92000000000002,85.28000000000002,13.120000000000001,53,52,8
2010-11-26,137.29811415765656,86.3542237359825,2010-06-30,2010-06-30,2010-12-31,86.92000000000002,85.28000000000002,13.120000000000001,53,52,8
2010-11-29,137.62582070308028,86.61589652622666,2010-06-30,2010-06-30,2010-12-31,86.92000000000002,85.28000000000002,13.120000000000001,53,52,8
2010-11-30,136.7168077075081,86.12885181964117,2010-06-30,2010-06-30,2010-12-31,86.92000000000002,85.28000000000002,13.120000000000001,53,52,8
2010-12-01,139.3934968688158,87.96065713202024,2010-06-30,2010-06-30,2010-12-31,86.92000000000002,85.28000000000002,13.120000000000001,53,52,8
2010-12-02,141.66194224451235,89.08732515238704,2010-06-30,2010-06-30,2010-12-31,86.92000000000002,85.28000000000002,13.120000000000001,53,52,8
2010-12-03,142.46012364929013,89.32715994988757,2010-06-30,2010-06-30,2010-12-31,86.92000000000002,85.28000000000002,13.120000000000001,53,52,8
2010-12-06,142.982594255065,89.2326244286683,2010-06-30,2010-06-30,2010-12-31,86.92000000000002,85.28000000000002,13.120000000000001,53,52,8
2010-12-07,143.97678302280357,89.28357974507017,2010-06-30,2010-06-30,2010-12-31,86.92000000000002,85.28000000000002,13.120000000000001,53,52,8
2010-12-08,143.33618785740634,89.61067073287538,2010-06-30,2010-06-30,2010-12-31,86.92000000000002,85.28000000000002,13.120000000000001,53,52,8
2010-12-09,143.69243210045784,89.95950393275432,2010-06-30,2010-06-30,2010-12-31,86.92000000000002,85.28000000000002,13.120000000000001,53,52,8
2010-12-10,144.91074458308762,90.48294529391258,2010-06-30,2010-06-30,2010-12-31,86.92000000000002,85.28000000000002,13.120000000000001,53,52,8
2010-12-13,143.3901312789727,90.54108416055907,2010-06-30,2010-06-30,2010-12-31,86.92000000000002,85.28000000000002,13.120000000000001,53,52,8
2010-12-14,143.17130473708596,90.62106101994921,2010-06-30,2010-06-30,2010-12-31,86.92000000000002,85.28000000000002,13.120000000000001,53,52,8
2010-12-15,142.58831648381943,90.20671384183929,2010-06-30,2010-06-30,2010-12-31,86.92000000000002,85.28000000000002,13.120000000000001,53,52,8
2010-12-16,144.5767208421341,90.73005942232763,2010-06-30,2010-06-30,2010-12-31,86.92000000000002,85.28000000000002,13.120000000000001,53,52,8
2010-12-17,145.3698822997943,90.827085240965,2010-06-30,2010-06-30,2010-12-31,86.92000000000002,85.28000000000002,13.120000000000001,53,52,8
2010-12-20,145.50461820349807,91.046231413761,2010-06-30,2010-06-30,2010-12-31,86.92000000000002,85.28000000000002,13.120000000000001,53,52,8
2010-12-21,146.80354666394356,91.62350151141898,2010-06-30,2010-06-30,2010-12-31,86.92000000000002,85.28000000000002,13.120000000000001,53,52,8
2010-12-22,146.42489927529758,91.90854478512566,2010-06-30,2010-06-30,2010-12-31,86.92000000000002,85.28000000000002,13.120000000000001,53,52,8
2010-12-23,146.2660002601114,91.77694214464415,2010-06-30,2010-06-30,2010-12-31,86.92000000000002,85.28000000000002,13.120000000000001,53,52,8
2010-12-27,146.02749727323004,91.81353036055675,2010-06-30,2010-06-30,2010-12-31,86.92000000000002,85.28000000000002,13.120000000000001,53,52,8
2010-12-28,144.86608560412753,91.94503722036835,2010-06-30,2010-06-30,2010-12-31,86.92000000000002,85.28000000000002,13.120000000000001,53,52,8
2010-12-29,145.17690952298227,92.01083854060909,2010-06-30,2010-06-30,2010-12-31,86.92000000000002,85.28000000000002,13.120000000000001,53,52,8
2010-12-30,145.00675086899662,91.86467723829848,2010-06-30,2010-06-30,2010-12-31,86.92000000000002,85.28000000000002,13.120000000000001,53,52,8
2010-12-31,144.10921727801897,91.88661101171206,2010-06-30,2010-06-30,2010-12-31,86.92000000000002,85.28000000000002,13.120000000000001,53,52,8
2011-01-03,146.13296280436575,92.8364679153912,2010-12-31,2010-12-31,2011-06-30,87.87999999999994,87.87999999999994,11.829999999999998,52,52,7
2011-01-04,144.23977902845658,92.78532103764947,2010-12-31,2010-12-31,2011-06-30,87.87999999999994,87.87999999999994,11.829999999999998,52,52,7
2011-01-05,145.9420638477031,93.26767249140848,2010-12-31,2010-12-31,2011-06-30,87.87999999999994,87.87999999999994,11.829999999999998,52,52,7
2011-01-06,145.78885556390628,93.08492297318526,2010-12-31,2010-12-31,2011-06-30,87.87999999999994,87.87999999999994,11.829999999999998,52,52,7
2011-01-07,145.9109099507986,92.90226923563193,2010-12-31,2010-12-31,2011-06-30,87.87999999999994,87.87999999999994,11.829999999999998,52,52,7
2011-01-10,145.84727169329025,92.78532103764947,2010-12-31,2010-12-31,2011-06-30,87.87999999999994,87.87999999999994,11.829999999999998,52,52,7
2011-01-11,146.26545696074908,93.11413607751338,2010-12-31,2010-12-31,2011-06-30,87.87999999999994,87.87999999999994,11.829999999999998,52,52,7
2011-01-12,146.9419504764247,93.95451567546445,2010-12-31,2010-12-31,2011-06-30,87.87999999999994,87.87999999999994,11.829999999999998,52,52,7
2011-01-13,146.9558560027465,93.80107504223928,2010-12-31,2010-12-31,2011-06-30,87.87999999999994,87.87999999999994,11.829999999999998,52,52,7
2011-01-14,147.75920244710187,94.4806388953807,2010-12-31,2010-12-31,2011-06-30,87.87999999999994,87.87999999999994,11.829999999999998,52,52,7
2011-01-18,147.04454904547677,94.64135885952042,2010-12-31,2010-12-31,2011-06-30,87.87999999999994,87.87999999999994,11.829999999999998,52,52,7
2011-01-19,144.50503334999124,93.71333994858495,2010-12-31,2010-12-31,2011-06-30,87.87999999999994,87.87999999999994,11.829999999999998,52,52,7
2011-01-20,144.3915700258774,93.58911241968791,2010-12-31,2010-12-31,2011-06-30,87.87999999999994,87.87999999999994,11.829999999999998,52,52,7
2011-01-21,144.05980321008258,93.80107504223928,2010-12-31,2010-12-31,2011-06-30,87.87999999999994,87.87999999999994,11.829999999999998,52,52,7
2011-01-24,144.12677200111656,94.33447759307008,2010-12-31,2010-12-31,2011-06-30,87.87999999999994,87.87999999999994,11.829999999999998,52,52,7
2011-01-25,144.79091534155296,94.3856244708118,2010-12-31,2010-12-31,2011-06-30,87.87999999999994,87.87999999999994,11.829999999999998,52,52,7
2011-01-26,145.5721566334631,94.75093194591841,2010-12-31,2010-12-31,2011-06-30,87.87999999999994,87.87999999999994,11.829999999999998,52,52,7
2011-01-27,146.207070150207,94.98482834188337,2010-12-31,2010-12-31,2011-06-30,87.87999999999994,87.87999999999994,11.829999999999998,52,52,7
2011-01-28,142.31563098147655,93.32609870006475,2010-12-31,2010-12-31,2011-06-30,87.87999999999994,87.87999999999994,11.829999999999998,52,52,7
2011-01-31,142.90281934787959,94.02759632661976,2010-12-31,2010-12-31,2011-06-30,87.87999999999994,87.87999999999994,11.829999999999998,52,52,7
2011-02-01,145.76885380841526,95.53278955454327,2010-12-31,2010-12-31,2011-06-30,87.87999999999994,87.87999999999994,11.829999999999998,52,52,7
2011-02-02,145.52643652120082,95.35013581698996,2010-12-31,2010-12-31,2011-06-30,87.87999999999994,87.87999999999994,11.829999999999998,52,52,7
2011-02-03,146.5727621962,95.5620026588714,2010-12-31,2010-12-31,2011-06-30,87.87999999999994,87.87999999999994,11.829999999999998,52,52,7
2011-02-04,146.84503504236133,95.83239149007905,2010-12-31,2010-12-31,2011-06-30,87.87999999999994,87.87999999999994,11.829999999999998,52,52,7
2011-02-07,147.54153519364624,96.43159536115058,2010-12-31,2010-12-31,2011-06-30,87.87999999999994,87.87999999999994,11.829999999999998,52,52,7
2011-02-08,148.51543136575341,96.8699834874125,2010-12-31,2010-12-31,2011-06-30,87.87999999999994,87.87999999999994,11.829999999999998,52,52,7
2011-02-09,148.64813538187485,96.65083731461652,2010-12-31,2010-12-31,2011-06-30,87.87999999999994,87.87999999999994,11.829999999999998,52,52,7
2011-02-10,148.69844928129785,96.6873297498592,2010-12-31,2010-12-31,2011-06-30,87.87999999999994,87.87999999999994,11.829999999999998,52,52,7
2011-02-11,150.01078198873375,97.26459984751719,2010-12-31,2010-12-31,2011-06-30,87.87999999999994,87.87999999999994,11.829999999999998,52,52,7
2011-02-14,150.40706084309005,97.49840046281221,2010-12-31,2010-12-31,2011-06-30,87.87999999999994,87.87999999999994,11.829999999999998,52,52,7
2011-02-15,150.0903678054759,97.19151919636188,2010-12-31,2010-12-31,2011-06-30,87.87999999999994,87.87999999999994,11.829999999999998,52,52,7
2011-02-16,152.01222206418112,97.80528172926253,2010-12-31,2010-12-31,2011-06-30,87.87999999999994,87.87999999999994,11.829999999999998,52,52,7
2011-02-17,152.88233847902333,98.09760433388377,2010-12-31,2010-12-31,2011-06-30,87.87999999999994,87.87999999999994,11.829999999999998,52,52,7
2011-02-18,153.12168406021422,98.30219184485064,2010-12-31,2010-12-31,2011-06-30,87.87999999999994,87.87999999999994,11.829999999999998,52,52,7
2011-02-22,149.31113849247657,96.32930160566715,2010-12-31,2010-12-31,2011-06-30,87.87999999999994,87.87999999999994,11.829999999999998,52,52,7
2011-02-23,146.8425243804317,95.73737706551016,2010-12-31,2010-12-31,2011-06-30,87.87999999999994,87.87999999999994,11.829999999999998,52,52,7
2011-02-24,147.06755110455077,95.67167152593933,2010-12-31,2010-12-31,2011-06-30,87.87999999999994,87.87999999999994,11.829999999999998,52,52,7
2011-02-25,149.4921051186858,96.69460908077376,2010-12-31,2010-12-31,2011-06-30,87.87999999999994,87.87999999999994,11.829999999999998,52,52,7
2011-02-28,149.28035029083804,97.29381295184533,2010-12-31,2010-12-31,2011-06-30,87.87999999999994,87.87999999999994,11.829999999999998,52,52,7
2011-03-01,146.54428972366358,95.67167152593933,2010-12-31,2010-12-31,2011-06-30,87.87999999999994,87.87999999999994,11.829999999999998,52,52,7
2011-03-02,146.8648962026573,95.87625903690622,2010-12-31,2010-12-31,2011-06-30,87.87999999999994,87.87999999999994,11.829999999999998,52,52,7
2011-03-03,149.25917812620924,97.52761356714034,2010-12-31,2010-12-31,2011-06-30,87.87999999999994,87.87999999999994,11.829999999999998,52,52,7
2011-03-04,148.80568890445957,96.79690283625722,2010-12-31,2010-12-31,2011-06-30,87.87999999999994,87.87999999999994,11.829999999999998,52,52,7
2011-03-07,147.0564042149277,96.03697900104594,2010-12-31,2010-12-31,2011-06-30,87.87999999999994,87.87999999999994,11.829999999999998,52,52,7
2011-03-08,149.59559158793365,96.87735859899699,2010-12-31,2010-12-31,2011-06-30,87.87999999999994,87.87999999999994,11.829999999999998,52,52,7
2011-03-09,150.0949051084009,96.73847662760093,2010-12-31,2010-12-31,2011-06-30,87.87999999999994,87.87999999999994,11.829999999999998,52,52,7
2011-03-10,148.30205298478992,94.94824012597074,2010-12-31,2010-12-31,2011-06-30,87.87999999999994,87.87999999999994,11.829999999999998,52,52,7
2011-03-11,148.41783317675095,95.60587020569858,2010-12-31,2010-12-31,2011-06-30,87.87999999999994,87.87999999999994,11.829999999999998,52,52,7
2011-03-14,146.95208288865933,95.02860010804059,2010-12-31,2010-12-31,2011-06-30,87.87999999999994,87.87999999999994,11.829999999999998,52,52,7
2011-03-15,145.76545203062182,93.93986123296541,2010-12-31,2010-12-31,2011-06-30,87.87999999999994,87.87999999999994,11.829999999999998,52,52,7
2011-03-16,143.81883271287526,92.20077160907695,2010-12-31,2010-12-31,2011-06-30,87.87999999999994,87.87999999999994,11.829999999999998,52,52,7
2011-03-17,144.6036071728592,93.42111312463365,2010-12-31,2010-12-31,2011-06-30,87.87999999999994,87.87999999999994,11.829999999999998,52,52,7
2011-03-18,146.03218776114343,93.76113450287916,2010-12-31,2010-12-31,2011-06-30,87.87999999999994,87.87999999999994,11.829999999999998,52,52,7
2011-03-21,148.28459512824836,95.2142230463617,2010-12-31,2010-12-31,2011-06-30,87.87999999999994,87.87999999999994,11.829999999999998,52,52,7
2011-03-22,147.1471630612623,94.88397129644885,2010-12-31,2010-12-31,2011-06-30,87.87999999999994,87.87999999999994,11.829999999999998,52,52,7
2011-03-23,147.88901593015808,95.15550949569563,2010-12-31,2010-12-31,2011-06-30,87.87999999999994,87.87999999999994,11.829999999999998,52,52,7
2011-03-24,149.4731167245172,96.06552164068457,2010-12-31,2010-12-31,2011-06-30,87.87999999999994,87.87999999999994,11.829999999999998,52,52,7
2011-03-25,150.59710960195156,96.35908939401486,2010-12-31,2010-12-31,2011-06-30,87.87999999999994,87.87999999999994,11.829999999999998,52,52,7
2011-03-28,149.56702415332833,96.12423519135062,2010-12-31,2010-12-31,2011-06-30,87.87999999999994,87.87999999999994,11.829999999999998,52,52,7
2011-03-29,150.79071240296602,96.76998846800734,2010-12-31,2010-12-31,2011-06-30,87.87999999999994,87.87999999999994,11.829999999999998,52,52,7
2011-03-30,152.4358014939452,97.4378670794175,2010-12-31,2010-12-31,2011-06-30,87.87999999999994,87.87999999999994,11.829999999999998,52,52,7
2011-03-31,152.89715675454798,97.30578553558635,2010-12-31,2010-12-31,2011-06-30,87.87999999999994,87.87999999999994,11.829999999999998,52,52,7
2011-04-01,152.58820870634892,97.71678039024877,2010-12-31,2010-12-31,2011-06-30,87.87999999999994,87.87999999999994,11.829999999999998,52,52,7
2011-04-04,152.79468884063647,97.7974277143284,2010-12-31,2010-12-31,2011-06-30,87.87999999999994,87.87999999999994,11.829999999999998,52,52,7
2011-04-05,153.72124106101225,97.78277327182938,2010-12-31,2010-12-31,2011-06-30,87.87999999999994,87.87999999999994,11.829999999999998,52,52,7
2011-04-06,154.20988319938525,98.0909954676587,2010-12-31,2010-12-31,2011-06-30,87.87999999999994,87.87999999999994,11.829999999999998,52,52,7
2011-04-07,152.858236705408,97.84148682249544,2010-12-31,2010-12-31,2011-06-30,87.87999999999994,87.87999999999994,11.829999999999998,52,52,7
2011-04-08,150.68376317818667,97.50395574166805,2010-12-31,2010-12-31,2011-06-30,87.87999999999994,87.87999999999994,11.829999999999998,52,52,7
2011-04-11,149.6668737104827,97.21038798833776,2010-12-31,2010-12-31,2011-06-30,87.87999999999994,87.87999999999994,11.829999999999998,52,52,7
2011-04-12,149.30208634597466,96.48379582626153,2010-12-31,2010-12-31,2011-06-30,87.87999999999994,87.87999999999994,11.829999999999998,52,52,7
2011-04-13,149.87005898657648,96.47651649534698,2010-12-31,2010-12-31,2011-06-30,87.87999999999994,87.87999999999994,11.829999999999998,52,52,7
2011-04-14,150.4937412642159,96.54988448851208,2010-12-31,2010-12-31,2011-06-30,87.87999999999994,87.87999999999994,11.829999999999998,52,52,7
2011-04-15,151.79096222309684,96.90216579250843,2010-12-31,2010-12-31,2011-06-30,87.87999999999994,87.87999999999994,11.829999999999998,52,52,7
2011-04-18,150.61785787903938,95.8160129955213,2010-12-31,2010-12-31,2011-06-30,87.87999999999994,87.87999999999994,11.829999999999998,52,52,7
2011-04-19,150.65961020236563,96.36636872492942,2010-12-31,2010-12-31,2011-06-30,87.87999999999994,87.87999999999994,11.829999999999998,52,52,7
2011-04-20,153.59148756371337,97.6800006129963,2010-12-31,2010-12-31,2011-06-30,87.87999999999994,87.87999999999994,11.829999999999998,52,52,7
2011-04-21,153.83753011812803,98.17911368399275,2010-12-31,2010-12-31,2011-06-30,87.87999999999994,87.87999999999994,11.829999999999998,52,52,7
2011-04-25,153.67416606559152,98.07634102515968,2010-12-31,2010-12-31,2011-06-30,87.87999999999994,87.87999999999994,11.829999999999998,52,52,7
2011-04-26,153.70379134358726,98.92026450789808,2010-12-31,2010-12-31,2011-06-30,87.87999999999994,87.87999999999994,11.829999999999998,52,52,7
2011-04-27,153.71546521357487,99.56611356522474,2010-12-31,2010-12-31,2011-06-30,87.87999999999994,87.87999999999994,11.829999999999998,52,52,7
2011-04-28,154.15253812955729,99.88899020355308,2010-12-31,2010-12-31,2011-06-30,87.87999999999994,87.87999999999994,11.829999999999998,52,52,7
2011-04-29,154.48817008104106,100.12384440621732,2010-12-31,2010-12-31,2011-06-30,87.87999999999994,87.87999999999994,11.829999999999998,52,52,7
2011-05-02,153.532025611619,99.96973330830265,2010-12-31,2010-12-31,2011-06-30,87.87999999999994,87.87999999999994,11.829999999999998,52,52,7
2011-05-03,152.8815234930882,99.61017267339174,2010-12-31,2010-12-31,2011-06-30,87.87999999999994,87.87999999999994,11.829999999999998,52,52,7
2011-05-04,152.75530478548947,98.94966917356606,2010-12-31,2010-12-31,2011-06-30,87.87999999999994,87.87999999999994,11.829999999999998,52,52,7
2011-05-05,153.7359137633903,98.05431147107616,2010-12-31,2010-12-31,2011-06-30,87.87999999999994,87.87999999999994,11.829999999999998,52,52,7
2011-05-06,154.61567071145976,98.4873358798221,2010-12-31,2010-12-31,2011-06-30,87.87999999999994,87.87999999999994,11.829999999999998,52,52,7
2011-05-09,154.5873400559536,98.86892606881649,2010-12-31,2010-12-31,2011-06-30,87.87999999999994,87.87999999999994,11.829999999999998,52,52,7
2011-05-10,157.80228339515588,99.71294533222485,2010-12-31,2010-12-31,2011-06-30,87.87999999999994,87.87999999999994,11.829999999999998,52,52,7
2011-05-11,156.66950935723006,98.66347653182027,2010-12-31,2010-12-31,2011-06-30,87.87999999999994,87.87999999999994,11.829999999999998,52,52,7
2011-05-12,158.03941217666633,99.1330891564788,2010-12-31,2010-12-31,2011-06-30,87.87999999999994,87.87999999999994,11.829999999999998,52,52,7
2011-05-13,156.61279957083224,98.36990877848997,2010-12-31,2010-12-31,2011-06-30,87.87999999999994,87.87999999999994,11.829999999999998,52,52,7
2011-05-16,154.10008628187413,97.74608927524685,2010-12-31,2010-12-31,2011-06-30,87.87999999999994,87.87999999999994,11.829999999999998,52,52,7
2011-05-17,154.15072150438505,97.7314348327478,2010-12-31,2010-12-31,2011-06-30,87.87999999999994,87.87999999999994,11.829999999999998,52,52,7
2011-05-18,156.081341007823,98.6047629811542,2010-12-31,2010-12-31,2011-06-30,87.87999999999994,87.87999999999994,11.829999999999998,52,52,7
2011-05-19,156.90144430462627,98.83961718381843,2010-12-31,2010-12-31,2011-06-30,87.87999999999994,87.87999999999994,11.829999999999998,52,52,7
2011-05-20,156.78502998972334,98.05431147107616,2010-12-31,2010-12-31,2011-06-30,87.87999999999994,87.87999999999994,11.829999999999998,52,52,7
2011-05-23,155.92188049034982,96.91682023500746,2010-12-31,2010-12-31,2011-06-30,87.87999999999994,87.87999999999994,11.829999999999998,52,52,7
2011-05-24,155.80717255877764,96.83607713025789,2010-12-31,2010-12-31,2011-06-30,87.87999999999994,87.87999999999994,11.829999999999998,52,52,7
2011-05-25,155.9103899833032,97.15895376858624,2010-12-31,2010-12-31,2011-06-30,87.87999999999994,87.87999999999994,11.829999999999998,52,52,7
2011-05-26,158.44711719079802,97.6066326198312,2010-12-31,2010-12-31,2011-06-30,87.87999999999994,87.87999999999994,11.829999999999998,52,52,7
2011-05-27,159.14594479942556,97.98094347791107,2010-12-31,2010-12-31,2011-06-30,87.87999999999994,87.87999999999994,11.829999999999998,52,52,7
2011-05-31,159.83051517811302,99.00100761264765,2010-12-31,2010-12-31,2011-06-30,87.87999999999994,87.87999999999994,11.829999999999998,52,52,7
2011-06-01,156.18424199362826,96.77736357959182,2010-12-31,2010-12-31,2011-06-30,87.87999999999994,87.87999999999994,11.829999999999998,52,52,7
2011-06-02,154.92406144643658,96.67459092075875,2010-12-31,2010-12-31,2011-06-30,87.87999999999994,87.87999999999994,11.829999999999998,52,52,7
2011-06-03,152.99981238462533,95.71324033668822,2010-12-31,2010-12-31,2011-06-30,87.87999999999994,87.87999999999994,11.829999999999998,52,52,7
2011-06-06,150.98838332420814,94.70045553286619,2010-12-31,2010-12-31,2011-06-30,87.87999999999994,87.87999999999994,11.829999999999998,52,52,7
2011-06-07,150.97898928792623,94.64174198220013,2010-12-31,2010-12-31,2011-06-30,87.87999999999994,87.87999999999994,11.829999999999998,52,52,7
2011-06-08,149.1654648705987,94.24549735070667,2010-12-31,2010-12-31,2011-06-30,87.87999999999994,87.87999999999994,11.829999999999998,52,52,7
2011-06-09,150.23028006536563,94.9647144011984,2010-12-31,2010-12-31,2011-06-30,87.87999999999994,87.87999999999994,11.829999999999998,52,52,7
2011-06-10,148.23005573302876,93.64370740154706,2010-12-31,2010-12-31,2011-06-30,87.87999999999994,87.87999999999994,11.829999999999998,52,52,7
2011-06-13,148.3155147776705,93.71707539471214,2010-12-31,2010-12-31,2011-06-30,87.87999999999994,87.87999999999994,11.829999999999998,52,52,7
2011-06-14,152.03509077423047,94.90600085053235,2010-12-31,2010-12-31,2011-06-30,87.87999999999994,87.87999999999994,11.829999999999998,52,52,7
2011-06-15,150.0442743499482,93.21805810438562,2010-12-31,2010-12-31,2011-06-30,87.87999999999994,87.87999999999994,11.829999999999998,52,52,7
2011-06-16,150.64703174928582,93.42350764138186,2010-12-31,2010-12-31,2011-06-30,87.87999999999994,87.87999999999994,11.829999999999998,52,52,7
2011-06-17,151.18476765444512,93.7020378295334,2010-12-31,2010-12-31,2011-06-30,87.87999999999994,87.87999999999994,11.829999999999998,52,52,7
2011-06-20,152.37384130117292,94.18142008252462,2010-12-31,2010-12-31,2011-06-30,87.87999999999994,87.87999999999994,11.829999999999998,52,52,7
2011-06-21,155.18270145291112,95.47206460980871,2010-12-31,2010-12-31,2011-06-30,87.87999999999994,87.87999999999994,11.829999999999998,52,52,7
2011-06-22,153.60602889709708,94.89680590621924,2010-12-31,2010-12-31,2011-06-30,87.87999999999994,87.87999999999994,11.829999999999998,52,52,7
2011-06-23,154.6432479779846,94.62392677759345,2010-12-31,2010-12-31,2011-06-30,87.87999999999994,87.87999999999994,11.829999999999998,52,52,7
2011-06-24,154.44834061188806,93.52503515150586,2010-12-31,2010-12-31,2011-06-30,87.87999999999994,87.87999999999994,11.829999999999998,52,52,7
2011-06-27,156.11890963784703,94.35842276055216,2010-12-31,2010-12-31,2011-06-30,87.87999999999994,87.87999999999994,11.829999999999998,52,52,7
2011-06-28,158.88906802995604,95.5900663951604,2010-12-31,2010-12-31,2011-06-30,87.87999999999994,87.87999999999994,11.829999999999998,52,52,7
2011-06-29,158.61485628359915,96.40870378103773,2010-12-31,2010-12-31,2011-06-30,87.87999999999994,87.87999999999994,11.829999999999998,52,52,7
2011-06-30,159.25840807948921,97.33059272909779,2010-12-31,2010-12-31,2011-06-30,87.87999999999994,87.87999999999994,11.829999999999998,52,52,7
2011-07-01,159.61132789633552,98.76873948807147,2011-06-30,2011-06-30,2011-12-30,88.51000000000006,86.84000000000006,11.69,53,52,7
2011-07-05,160.1704160907868,98.6876132606422,2011-06-30,2011-06-30,2011-12-30,88.51000000000006,86.84000000000006,11.69,53,52,7
2011-07-06,160.22448015322644,98.80561504599387,2011-06-30,2011-06-30,2011-12-30,88.51000000000006,86.84000000000006,11.69,53,52,7
2011-07-07,161.9654076127476,99.8308513369066,2011-06-30,2011-06-30,2011-12-30,88.51000000000006,86.84000000000006,11.69,53,52,7
2011-07-08,160.83030678543955,99.12274484412654,2011-06-30,2011-06-30,2011-12-30,88.51000000000006,86.84000000000006,11.69,53,52,7
2011-07-11,157.8714344765614,97.33059272909779,2011-06-30,2011-06-30,2011-12-30,88.51000000000006,86.84000000000006,11.69,53,52,7
2011-07-12,157.4118976588968,96.91021136878241,2011-06-30,2011-06-30,2011-12-30,88.51000000000006,86.84000000000006,11.69,53,52,7
2011-07-13,159.23113846201258,97.23471627849955,2011-06-30,2011-06-30,2011-12-30,88.51000000000006,86.84000000000006,11.69,53,52,7
2011-07-14,157.01846407000204,96.56358112431182,2011-06-30,2011-06-30,2011-12-30,88.51000000000006,86.84000000000006,11.69,53,52,7
2011-07-15,157.36829863947673,97.12408960473235,2011-06-30,2011-06-30,2011-12-30,88.51000000000006,86.84000000000006,11.69,53,52,7
2011-07-18,155.25349159544865,96.32757755360845,2011-06-30,2011-06-30,2011-12-30,88.51000000000006,86.84000000000006,11.69,53,52,7
2011-07-19,158.13840661495496,97.89110120951831,2011-06-30,2011-06-30,2011-12-30,88.51000000000006,86.84000000000006,11.69,53,52,7
2011-07-20,157.71172266561013,97.83210031684246,2011-06-30,2011-06-30,2011-12-30,88.51000000000006,86.84000000000006,11.69,53,52,7
2011-07-21,159.74358858074746,99.18912084838686,2011-06-30,2011-06-30,2011-12-30,88.51000000000006,86.84000000000006,11.69,53,52,7
2011-07-22,158.56468268737805,99.25549685264718,2011-06-30,2011-06-30,2011-12-30,88.51000000000006,86.84000000000006,11.69,53,52,7
2011-07-25,156.46108885123007,98.70236348381115,2011-06-30,2011-06-30,2011-12-30,88.51000000000006,86.84000000000006,11.69,53,52,7
2011-07-26,155.75524103184944,98.33360790458714,2011-06-30,2011-06-30,2011-12-30,88.51000000000006,86.84000000000006,11.69,53,52,7
2011-07-27,150.89180339991856,96.32020244202396,2011-06-30,2011-06-30,2011-12-30,88.51000000000006,86.84000000000006,11.69,53,52,7
2011-07-28,150.25171136200015,96.03994820181371,2011-06-30,2011-06-30,2011-12-30,88.51000000000006,86.84000000000006,11.69,53,52,7
2011-07-29,150.17622229091157,95.38356327079495,2011-06-30,2011-06-30,2011-12-30,88.51000000000006,86.84000000000006,11.69,53,52,7
2011-08-01,150.6116748274044,94.97793213364852,2011-06-30,2011-06-30,2011-12-30,88.51000000000006,86.84000000000006,11.69,53,52,7
2011-08-02,144.73354742576575,92.55152042235444,2011-06-30,2011-06-30,2011-12-30,88.51000000000006,86.84000000000006,11.69,53,52,7
2011-08-03,147.50215942175544,93.05302801009911,2011-06-30,2011-06-30,2011-12-30,88.51000000000006,86.84000000000006,11.69,53,52,7
2011-08-04,140.90654772671766,88.69424128300123,2011-06-30,2011-06-30,2011-12-30,88.51000000000006,86.84000000000006,11.69,53,52,7
2011-08-05,139.30751076783227,88.56148927448059,2011-06-30,2011-06-30,2011-12-30,88.51000000000006,86.84000000000006,11.69,53,52,7
2011-08-08,127.34613633584915,82.79405623474693,2011-06-30,2011-06-30,2011-12-30,88.51000000000006,86.84000000000006,11.69,53,52,7
2011-08-09,134.98928639424832,86.64396026251568,2011-06-30,2011-06-30,2011-12-30,88.51000000000006,86.84000000000006,11.69,53,52,7
2011-08-10,129.08420413681077,82.81618156950037,2011-06-30,2011-06-30,2011-12-30,88.51000000000006,86.84000000000006,11.69,53,52,7
2011-08-11,135.89708621999853,86.53333358874845,2011-06-30,2011-06-30,2011-12-30,88.51000000000006,86.84000000000006,11.69,53,52,7
2011-08-12,135.98004617937625,87.11596740392241,2011-06-30,2011-06-30,2011-12-30,88.51000000000006,86.84000000000006,11.69,53,52,7
2011-08-15,138.92965696631987,88.95974530004254,2011-06-30,2011-06-30,2011-12-30,88.51000000000006,86.84000000000006,11.69,53,52,7
2011-08-16,136.81152546041903,88.20010880684104,2011-06-30,2011-06-30,2011-12-30,88.51000000000006,86.84000000000006,11.69,53,52,7
2011-08-17,136.74871785402192,88.25910969951688,2011-06-30,2011-06-30,2011-12-30,88.51000000000006,86.84000000000006,11.69,53,52,7
2011-08-18,129.2625012717532,84.45345634125503,2011-06-30,2011-06-30,2011-12-30,88.51000000000006,86.84000000000006,11.69,53,52,7
2011-08-19,127.75529042932004,83.07431047495719,2011-06-30,2011-06-30,2011-12-30,88.51000000000006,86.84000000000006,11.69,53,52,7
2011-08-22,128.69398868862024,83.14068647921752,2011-06-30,2011-06-30,2011-12-30,88.51000000000006,86.84000000000006,11.69,53,52,7
2011-08-23,134.17200463719314,85.87694865772968,2011-06-30,2011-06-30,2011-12-30,88.51000000000006,86.84000000000006,11.69,53,52,7
2011-08-24,136.03394683010546,87.08646695758449,2011-06-30,2011-06-30,2011-12-30,88.51000000000006,86.84000000000006,11.69,53,52,7
2011-08-25,132.26563938499018,85.758946872378,2011-06-30,2011-06-30,2011-12-30,88.51000000000006,86.84000000000006,11.69,53,52,7
2011-08-26,135.236497214504,87.0053407301552,2011-06-30,2011-06-30,2011-12-30,88.51000000000006,86.84000000000006,11.69,53,52,7
2011-08-29,140.82687171064927,89.50550355729409,2011-06-30,2011-06-30,2011-12-30,88.51000000000006,86.84000000000006,11.69,53,52,7
2011-08-30,141.1868154873165,89.74150712799747,2011-06-30,2011-06-30,2011-12-30,88.51000000000006,86.84000000000006,11.69,53,52,7
2011-08-31,141.144769546937,90.13976315355941,2011-06-30,2011-06-30,2011-12-30,88.51000000000006,86.84000000000006,11.69,53,52,7
2011-09-01,138.79662824245446,89.1957488707459,2011-06-30,2011-06-30,2011-12-30,88.51000000000006,86.84000000000006,11.69,53,52,7
2011-09-02,134.53054141771486,86.91683939114144,2011-06-30,2011-06-30,2011-12-30,88.51000000000006,86.84000000000006,11.69,53,52,7
2011-09-06,134.29061780404544,86.28257979487613,2011-06-30,2011-06-30,2011-12-30,88.51000000000006,86.84000000000006,11.69,53,52,7
2011-09-07,138.2093959671808,88.71636661775467,2011-06-30,2011-06-30,2011-12-30,88.51000000000006,86.84000000000006,11.69,53,52,7
2011-09-08,135.57834035795673,87.79447766969463,2011-06-30,2011-06-30,2011-12-30,88.51000000000006,86.84000000000006,11.69,53,52,7
2011-09-09,131.94337361519808,85.49344285533672,2011-06-30,2011-06-30,2011-12-30,88.51000000000006,86.84000000000006,11.69,53,52,7
2011-09-12,132.85036205214553,86.04657622417275,2011-06-30,2011-06-30,2011-12-30,88.51000000000006,86.84000000000006,11.69,53,52,7
2011-09-13,134.7201722278695,86.83571316371216,2011-06-30,2011-06-30,2011-12-30,88.51000000000006,86.84000000000006,11.69,53,52,7
2011-09-14,137.34860217331237,88.03785635198247,2011-06-30,2011-06-30,2011-12-30,88.51000000000006,86.84000000000006,11.69,53,52,7
2011-09-15,139.10251464868938,89.55712933838545,2011-06-30,2011-06-30,2011-12-30,88.51000000000006,86.84000000000006,11.69,53,52,7
2011-09-16,138.96928208494154,90.08717956576876,2011-06-30,2011-06-30,2011-12-30,88.51000000000006,86.84000000000006,11.69,53,52,7
2011-09-19,138.2689578106709,89.19019359189006,2011-06-30,2011-06-30,2011-12-30,88.51000000000006,86.84000000000006,11.69,53,52,7
2011-09-20,136.2885234013677,89.08636734568776,2011-06-30,2011-06-30,2011-12-30,88.51000000000006,86.84000000000006,11.69,53,52,7
2011-09-21,131.64790105449003,86.46207277032178,2011-06-30,2011-06-30,2011-12-30,88.51000000000006,86.84000000000006,11.69,53,52,7
2011-09-22,128.53149840165864,83.66719282181349,2011-06-30,2011-06-30,2011-12-30,88.51000000000006,86.84000000000006,11.69,53,52,7
2011-09-23,130.79960340450452,84.17128648764621,2011-06-30,2011-06-30,2011-12-30,88.51000000000006,86.84000000000006,11.69,53,52,7
2011-09-26,134.14836111461494,86.17291092780819,2011-06-30,2011-06-30,2011-12-30,88.51000000000006,86.84000000000006,11.69,53,52,7
2011-09-27,135.9382995783924,87.13665602862693,2011-06-30,2011-06-30,2011-12-30,88.51000000000006,86.84000000000006,11.69,53,52,7
2011-09-28,131.67240046244837,85.35743430403849,2011-06-30,2011-06-30,2011-12-30,88.51000000000006,86.84000000000006,11.69,53,52,7
2011-09-29,132.38129559675028,86.03201756234364,2011-06-30,2011-06-30,2011-12-30,88.51000000000006,86.84000000000006,11.69,53,52,7
2011-09-30,128.51753354955346,83.88222042580254,2011-06-30,2011-06-30,2011-12-30,88.51000000000006,86.84000000000006,11.69,53,52,7
2011-10-03,123.1115683645371,81.49507878917909,2011-06-30,2011-06-30,2011-12-30,88.51000000000006,86.84000000000006,11.69,53,52,7
2011-10-04,128.52752130515157,83.28167562535201,2011-06-30,2011-06-30,2011-12-30,88.51000000000006,86.84000000000006,11.69,53,52,7
2011-10-05,129.35062611796286,84.82364863052798,2011-06-30,2011-06-30,2011-12-30,88.51000000000006,86.84000000000006,11.69,53,52,7
2011-10-06,132.02329603743775,86.35824652411948,2011-06-30,2011-06-30,2011-12-30,88.51000000000006,86.84000000000006,11.69,53,52,7
2011-10-07,129.56775513884037,85.78001861976225,2011-06-30,2011-06-30,2011-12-30,88.51000000000006,86.84000000000006,11.69,53,52,7
2011-10-10,134.76937849216486,88.64893702612514,2011-06-30,2011-06-30,2011-12-30,88.51000000000006,86.84000000000006,11.69,53,52,7
2011-10-11,135.3408018865067,88.73791726848856,2011-06-30,2011-06-30,2011-12-30,88.51000000000006,86.84000000000006,11.69,53,52,7
2011-10-12,137.50677574632408,89.51632677299598,2011-06-30,2011-06-30,2011-12-30,88.51000000000006,86.84000000000006,11.69,53,52,7
2011-10-13,137.40063524305336,89.33846206893911,2011-06-30,2011-06-30,2011-12-30,88.51000000000006,86.84000000000006,11.69,53,52,7
2011-10-14,138.93608474567128,90.8655890702762,2011-06-30,2011-06-30,2011-12-30,88.51000000000006,86.84000000000006,11.69,53,52,7
2011-10-17,135.18549518505216,89.1308095765345,2011-06-30,2011-06-30,2011-12-30,88.51000000000006,86.84000000000006,11.69,53,52,7
2011-10-18,138.89247909754255,90.87296418186067,2011-06-30,2011-06-30,2011-12-30,88.51000000000006,86.84000000000006,11.69,53,52,7
2011-10-19,136.6980594478432,89.79801772325516,2011-06-30,2011-06-30,2011-12-30,88.51000000000006,86.84000000000006,11.69,53,52,7
2011-10-20,137.1590859764817,90.19091003130113,2011-06-30,2011-06-30,2011-12-30,88.51000000000006,86.84000000000006,11.69,53,52,7
2011-10-21,140.18863280139303,91.90346840961945,2011-06-30,2011-06-30,2011-12-30,88.51000000000006,86.84000000000006,11.69,53,52,7
2011-10-24,144.03840488881895,93.03023221065618,2011-06-30,2011-06-30,2011-12-30,88.51000000000006,86.84000000000006,11.69,53,52,7
2011-10-25,140.84456845556798,91.22141425905991,2011-06-30,2011-06-30,2011-12-30,88.51000000000006,86.84000000000006,11.69,53,52,7
2011-10-26,143.18792492875414,92.14809224061638,2011-06-30,2011-06-30,2011-12-30,88.51000000000006,86.84000000000006,11.69,53,52,7
2011-10-27,149.1762012889263,95.35808561259402,2011-06-30,2011-06-30,2011-12-30,88.51000000000006,86.84000000000006,11.69,53,52,7
2011-10-28,148.86256079649263,95.33586449717065,2011-06-30,2011-06-30,2011-12-30,88.51000000000006,86.84000000000006,11.69,53,52,7
2011-10-31,146.22594703446714,93.0377031029106,2011-06-30,2011-06-30,2011-12-30,88.51000000000006,86.84000000000006,11.69,53,52,7
2011-11-01,142.04970755127061,90.44300475455246,2011-06-30,2011-06-30,2011-12-30,88.51000000000006,86.84000000000006,11.69,53,52,7
2011-11-02,145.58654219771506,91.91821863278841,2011-06-30,2011-06-30,2011-12-30,88.51000000000006,86.84000000000006,11.69,53,52,7
2011-11-03,148.26461976175707,93.59370989184448,2011-06-30,2011-06-30,2011-12-30,88.51000000000006,86.84000000000006,11.69,53,52,7
2011-11-04,148.0002299953784,93.0228570990717,2011-06-30,2011-06-30,2011-12-30,88.51000000000006,86.84000000000006,11.69,53,52,7
2011-11-07,148.37053085823894,93.60108500342895,2011-06-30,2011-06-30,2011-12-30,88.51000000000006,86.84000000000006,11.69,53,52,7
2011-11-08,149.71913341309929,94.80207882366012,2011-06-30,2011-06-30,2011-12-30,88.51000000000006,86.84000000000006,11.69,53,52,7
2011-11-09,144.2139916017511,91.3029236091689,2011-06-30,2011-06-30,2011-12-30,88.51000000000006,86.84000000000006,11.69,53,52,7
2011-11-10,145.40427521019183,92.16293824445526,2011-06-30,2011-06-30,2011-12-30,88.51000000000006,86.84000000000006,11.69,53,52,7
2011-11-11,148.6752309249009,93.89762195752704,2011-06-30,2011-06-30,2011-12-30,88.51000000000006,86.84000000000006,11.69,53,52,7
2011-11-14,147.34549972239594,93.00801109523282,2011-06-30,2011-06-30,2011-12-30,88.51000000000006,86.84000000000006,11.69,53,52,7
2011-11-15,149.17072235511898,93.4676625302188,2011-06-30,2011-06-30,2011-12-30,88.51000000000006,86.84000000000006,11.69,53,52,7
2011-11-16,146.0171159127953,91.98497775972845,2011-06-30,2011-06-30,2011-12-30,88.51000000000006,86.84000000000006,11.69,53,52,7
2011-11-17,144.34462246227642,90.52451410466146,2011-06-30,2011-06-30,2011-12-30,88.51000000000006,86.84000000000006,11.69,53,52,7
2011-11-18,145.484133219168,90.42815875071358,2011-06-30,2011-06-30,2011-12-30,88.51000000000006,86.84000000000006,11.69,53,52,7
2011-11-21,142.37805034141158,88.7083210414807,2011-06-30,2011-06-30,2011-12-30,88.51000000000006,86.84000000000006,11.69,53,52,7
2011-11-22,141.68113569163333,88.35987096428148,2011-06-30,2011-06-30,2011-12-30,88.51000000000006,86.84000000000006,11.69,53,52,7
2011-11-23,137.57778731681046,86.41015964722064,2011-06-30,2011-06-30,2011-12-30,88.51000000000006,86.84000000000006,11.69,53,52,7
2011-11-25,136.67763830683072,86.24704516633273,2011-06-30,2011-06-30,2011-12-30,88.51000000000006,86.84000000000006,11.69,53,52,7
2011-11-28,141.82066362624118,88.74538816074295,2011-06-30,2011-06-30,2011-12-30,88.51000000000006,86.84000000000006,11.69,53,52,7
2011-11-29,141.5683896010326,88.99738710332437,2011-06-30,2011-06-30,2011-12-30,88.51000000000006,86.84000000000006,11.69,53,52,7
2011-11-30,147.344920917013,92.65956101803359,2011-06-30,2011-06-30,2011-12-30,88.51000000000006,86.84000000000006,11.69,53,52,7
2011-12-01,147.05407900430774,92.64481079486463,2011-06-30,2011-06-30,2011-12-30,88.51000000000006,86.84000000000006,11.69,53,52,7
2011-12-02,147.61977438556409,92.5632056640857,2011-06-30,2011-06-30,2011-12-30,88.51000000000006,86.84000000000006,11.69,53,52,7
2011-12-05,172.33221054150565,93.5714887764211,2011-06-30,2011-06-30,2011-12-30,88.51000000000006,86.84000000000006,11.69,53,52,7
2011-12-06,171.4891611544592,93.60108500342895,2011-06-30,2011-06-30,2011-12-30,88.51000000000006,86.84000000000006,11.69,53,52,7
2011-12-07,172.03407091478036,93.94953508062818,2011-06-30,2011-06-30,2011-12-30,88.51000000000006,86.84000000000006,11.69,53,52,7
2011-12-08,167.61318787291768,91.88862240578055,2011-06-30,2011-06-30,2011-12-30,88.51000000000006,86.84000000000006,11.69,53,52,7
2011-12-09,172.0434160509558,93.44544141479543,2011-06-30,2011-06-30,2011-12-30,88.51000000000006,86.84000000000006,11.69,53,52,7
2011-12-12,170.14191883264343,92.08133311367634,2011-06-30,2011-06-30,2011-12-30,88.51000000000006,86.84000000000006,11.69,53,52,7
2011-12-13,167.80663989879992,91.22141425905991,2011-06-30,2011-06-30,2011-12-30,88.51000000000006,86.84000000000006,11.69,53,52,7
2011-12-14,166.61294700681646,90.25029404665669,2011-06-30,2011-06-30,2011-12-30,88.51000000000006,86.84000000000006,11.69,53,52,7
2011-12-15,168.0441320335945,90.57642722776261,2011-06-30,2011-06-30,2011-12-30,88.51000000000006,86.84000000000006,11.69,53,52,7
2011-12-16,168.901938975384,90.71080750767204,2011-06-30,2011-06-30,2011-12-30,88.51000000000006,86.84000000000006,11.69,53,52,7
2011-12-19,167.1247005139409,89.74093244397788,2011-06-30,2011-06-30,2011-12-30,88.51000000000006,86.84000000000006,11.69,53,52,7
2011-12-20,171.68952041609518,92.45660177845548,2011-06-30,2011-06-30,2011-12-30,88.51000000000006,86.84000000000006,11.69,53,52,7
2011-12-21,173.3582021610545,92.6356158505515,2011-06-30,2011-06-30,2011-12-30,88.51000000000006,86.84000000000006,11.69,53,52,7
2011-12-22,173.93418160900154,93.45626463049733,2011-06-30,2011-06-30,2011-12-30,88.51000000000006,86.84000000000006,11.69,53,52,7
2011-12-23,174.962910178568,94.29185519495198,2011-06-30,2011-06-30,2011-12-30,88.51000000000006,86.84000000000006,11.69,53,52,7
2011-12-27,175.66737102646172,94.36637255615621,2011-06-30,2011-06-30,2011-12-30,88.51000000000006,86.84000000000006,11.69,53,52,7
2011-12-28,172.56716416731496,93.128024274653,2011-06-30,2011-06-30,2011-12-30,88.51000000000006,86.84000000000006,11.69,53,52,7
2011-12-29,174.25989442701442,94.09042844609272,2011-06-30,2011-06-30,2011-12-30,88.51000000000006,86.84000000000006,11.69,53,52,7
2011-12-30,172.97873027840228,93.62780781033896,2011-06-30,2011-06-30,2011-12-30,88.51000000000006,86.84000000000006,11.69,53,52,7
2012-01-03,170.91240905200047,95.1198790864823,2011-12-31,2011-12-30,2012-06-29,89.21000000000001,87.48,10.77,53,52,7
2012-01-04,170.6283874806977,95.2691053702306,2011-12-31,2011-12-30,2012-06-29,89.21000000000001,87.48,10.77,53,52,7
2012-01-05,171.44060320355723,95.52273258420078,2011-12-31,2011-12-30,2012-06-29,89.21000000000001,87.48,10.77,53,52,7
2012-01-06,171.2854484183166,95.27657626248501,2011-12-31,2011-12-30,2012-06-29,89.21000000000001,87.48,10.77,53,52,7
2012-01-09,172.2119968360662,95.5078865803619,2011-12-31,2011-12-30,2012-06-29,89.21000000000001,87.48,10.77,53,52,7
2012-01-10,173.4310485454957,96.33600625256214,2011-12-31,2011-12-30,2012-06-29,89.21000000000001,87.48,10.77,53,52,7
2012-01-11,174.4433863617384,96.38820671767306,2011-12-31,2011-12-30,2012-06-29,89.21000000000001,87.48,10.77,53,52,7
2012-01-12,175.43513080967796,96.61942125488002,2011-12-31,2011-12-30,2012-06-29,89.21000000000001,87.48,10.77,53,52,7
2012-01-13,174.72249557582475,96.11963771919406,2011-12-31,2011-12-30,2012-06-29,89.21000000000001,87.48,10.77,53,52,7
2012-01-17,174.7349425835231,96.49260764789494,2011-12-31,2011-12-30,2012-06-29,89.21000000000001,87.48,10.77,53,52,7
2012-01-18,177.54480925437275,97.55950853022648,2011-12-31,2011-12-30,2012-06-29,89.21000000000001,87.48,10.77,53,52,7
2012-01-19,178.42176892083177,98.07423385042125,2011-12-31,2011-12-30,2012-06-29,89.21000000000001,87.48,10.77,53,52,7
2012-01-20,178.8509098181269,98.43982866753764,2011-12-31,2011-12-30,2012-06-29,89.21000000000001,87.48,10.77,53,52,7
2012-01-23,178.37358841183388,98.18610567289751,2011-12-31,2011-12-30,2012-06-29,89.21000000000001,87.48,10.77,53,52,7
2012-01-24,178.7102956269942,98.07423385042125,2011-12-31,2011-12-30,2012-06-29,89.21000000000001,87.48,10.77,53,52,7
2012-01-25,180.1737544534769,98.89488263036708,2011-12-31,2011-12-30,2012-06-29,89.21000000000001,87.48,10.77,53,52,7
2012-01-26,180.2246228328141,98.38753242175677,2011-12-31,2011-12-30,2012-06-29,89.21000000000001,87.48,10.77,53,52,7
2012-01-27,181.26521635977755,98.34280284890025,2011-12-31,2011-12-30,2012-06-29,89.21000000000001,87.48,10.77,53,52,7
2012-01-30,180.28406897957132,98.0070916008015,2011-12-31,2011-12-30,2012-06-29,89.21000000000001,87.48,10.77,53,52,7
2012-01-31,178.52213737884023,97.96983292019938,2011-12-31,2011-12-30,2012-06-29,89.21000000000001,87.48,10.77,53,52,7
2012-02-01,182.09936980893508,98.82774038074731,2011-12-31,2011-12-30,2012-06-29,89.21000000000001,87.48,10.77,53,52,7
2012-02-02,182.2819694071115,98.98443755675005,2011-12-31,2011-12-30,2012-06-29,89.21000000000001,87.48,10.77,53,52,7
2012-02-03,186.48157323224027,100.37201212200159,2011-12-31,2011-12-30,2012-06-29,89.21000000000001,87.48,10.77,53,52,7
2012-02-06,187.20748010483706,100.30486987238186,2011-12-31,2011-12-30,2012-06-29,89.21000000000001,87.48,10.77,53,52,7
2012-02-07,187.82670456037337,100.55849708635203,2011-12-31,2011-12-30,2012-06-29,89.21000000000001,87.48,10.77,53,52,7
2012-02-08,188.13398703537516,100.85694965384866,2011-12-31,2011-12-30,2012-06-29,89.21000000000001,87.48,10.77,53,52,7
2012-02-09,188.6259955715749,100.98376326083375,2011-12-31,2011-12-30,2012-06-29,89.21000000000001,87.48,10.77,53,52,7
2012-02-10,187.6523243609996,100.23772762276208,2011-12-31,2011-12-30,2012-06-29,89.21000000000001,87.48,10.77,53,52,7
2012-02-13,189.30528109083352,100.98376326083375,2011-12-31,2011-12-30,2012-06-29,89.21000000000001,87.48,10.77,53,52,7
2012-02-14,188.2749142183014,100.85694965384866,2011-12-31,2011-12-30,2012-06-29,89.21000000000001,87.48,10.77,53,52,7
2012-02-15,187.294581918716,100.38695390651043,2011-12-31,2011-12-30,2012-06-29,89.21000000000001,87.48,10.77,53,52,7
2012-02-16,189.18546037343788,101.49858436169848,2011-12-31,2011-12-30,2012-06-29,89.21000000000001,87.48,10.77,53,52,7
2012-02-17,190.31356747096186,101.76715336017747,2011-12-31,2011-12-30,2012-06-29,89.21000000000001,87.48,10.77,53,52,7
2012-02-21,189.69371471072446,101.81188293303398,2011-12-31,2011-12-30,2012-06-29,89.21000000000001,87.48,10.77,53,52,7
2012-02-22,188.51238940609463,101.48364257718964,2011-12-31,2011-12-30,2012-06-29,89.21000000000001,87.48,10.77,53,52,7
2012-02-23,190.4061639987258,101.93122564776466,2011-12-31,2011-12-30,2012-06-29,89.21000000000001,87.48,10.77,53,52,7
2012-02-24,189.4719704235591,102.15506507338714,2011-12-31,2011-12-30,2012-06-29,89.21000000000001,87.48,10.77,53,52,7
2012-02-27,189.45428291299936,102.32660825322877,2011-12-31,2011-12-30,2012-06-29,89.21000000000001,87.48,10.77,53,52,7
2012-02-28,191.34089507110875,102.6250608207254,2011-12-31,2011-12-30,2012-06-29,89.21000000000001,87.48,10.77,53,52,7
2012-02-29,189.49091992609937,102.22220732300691,2011-12-31,2011-12-30,2012-06-29,89.21000000000001,87.48,10.77,53,52,7
2012-03-01,189.83848959018653,102.7518744277105,2011-12-31,2011-12-30,2012-06-29,89.21000000000001,87.48,10.77,53,52,7
2012-03-02,187.34047016995484,102.43857585637497,2011-12-31,2011-12-30,2012-06-29,89.21000000000001,87.48,10.77,53,52,7
2012-03-05,188.42408867116518,102.02078057414765,2011-12-31,2011-12-30,2012-06-29,89.21000000000001,87.48,10.77,53,52,7
2012-03-06,185.53784639711364,100.52870929800433,2011-12-31,2011-12-30,2012-06-29,89.21000000000001,87.48,10.77,53,52,7
2012-03-07,188.34813637963734,101.23001536321948,2011-12-31,2011-12-30,2012-06-29,89.21000000000001,87.48,10.77,53,52,7
2012-03-08,189.65260116989873,102.2371491075157,2011-12-31,2011-12-30,2012-06-29,89.21000000000001,87.48,10.77,53,52,7
2012-03-09,191.36167461655438,102.63253171297981,2011-12-31,2011-12-30,2012-06-29,89.21000000000001,87.48,10.77,53,52,7
2012-03-12,191.20909372460133,102.64000260523423,2011-12-31,2011-12-30,2012-06-29,89.21000000000001,87.48,10.77,53,52,7
2012-03-13,194.71375768277028,104.49019780623954,2011-12-31,2011-12-30,2012-06-29,89.21000000000001,87.48,10.77,53,52,7
2012-03-14,193.77204095260961,104.37823020309334,2011-12-31,2011-12-30,2012-06-29,89.21000000000001,87.48,10.77,53,52,7
2012-03-15,195.41223470102705,104.98251044967111,2011-12-31,2011-12-30,2012-06-29,89.21000000000001,87.48,10.77,53,52,7
2012-03-16,194.81515285499964,105.12780972595235,2011-12-31,2011-12-30,2012-06-29,89.21000000000001,87.48,10.77,53,52,7
2012-03-19,196.08917116059337,105.5399539486539,2011-12-31,2011-12-30,2012-06-29,89.21000000000001,87.48,10.77,53,52,7
2012-03-20,194.94151790542915,105.23268955952385,2011-12-31,2011-12-30,2012-06-29,89.21000000000001,87.48,10.77,53,52,7
2012-03-21,195.0026804691998,105.06038013432281,2011-12-31,2011-12-30,2012-06-29,89.21000000000001,87.48,10.77,53,52,7
2012-03-22,194.3255728108698,104.30361706121917,2011-12-31,2011-12-30,2012-06-29,89.21000000000001,87.48,10.77,53,52,7
2012-03-23,194.73497315602597,104.64076501936685,2011-12-31,2011-12-30,2012-06-29,89.21000000000001,87.48,10.77,53,52,7
2012-03-26,198.50590084899912,106.10946581204767,2011-12-31,2011-12-30,2012-06-29,89.21000000000001,87.48,10.77,53,52,7
2012-03-27,197.0857949741551,105.77969296548449,2011-12-31,2011-12-30,2012-06-29,89.21000000000001,87.48,10.77,53,52,7
2012-03-28,196.64705715621204,105.25519801695702,2011-12-31,2011-12-30,2012-06-29,89.21000000000001,87.48,10.77,53,52,7
2012-03-29,196.44383559799275,105.07541769950157,2011-12-31,2011-12-30,2012-06-29,89.21000000000001,87.48,10.77,53,52,7
2012-03-30,196.5880695376353,105.50997459896634,2011-12-31,2011-12-30,2012-06-29,89.21000000000001,87.48,10.77,53,52,7
2012-04-02,197.57545628191397,106.28177523724874,2011-12-31,2011-12-30,2012-06-29,89.21000000000001,87.48,10.77,53,52,7
2012-04-03,197.5835848943979,105.84712255711402,2011-12-31,2011-12-30,2012-06-29,89.21000000000001,87.48,10.77,53,52,7
2012-04-04,195.05970373965738,104.79813266005908,2011-12-31,2011-12-30,2012-06-29,89.21000000000001,87.48,10.77,53,52,7
2012-04-05,194.6998325399986,104.74564485293836,2011-12-31,2011-12-30,2012-06-29,89.21000000000001,87.48,10.77,53,52,7
2012-04-09,192.05235013025234,103.56926666487875,2011-12-31,2011-12-30,2012-06-29,89.21000000000001,87.48,10.77,53,52,7
2012-04-10,187.59047062914823,101.83084750567978,2011-12-31,2011-12-30,2012-06-29,89.21000000000001,87.48,10.77,53,52,7
2012-04-11,191.08551663690324,102.65513595108291,2011-12-31,2011-12-30,2012-06-29,89.21000000000001,87.48,10.77,53,52,7
2012-04-12,193.04283648817707,103.99635267208913,2011-12-31,2011-12-30,2012-06-29,89.21000000000001,87.48,10.77,53,52,7
2012-04-13,191.88961925115095,102.76001578465441,2011-12-31,2011-12-30,2012-06-29,89.21000000000001,87.48,10.77,53,52,7
2012-04-16,191.86910508372682,102.69258619302487,2011-12-31,2011-12-30,2012-06-29,89.21000000000001,87.48,10.77,53,52,7
2012-04-17,193.8344256654707,104.2136790121565,2011-12-31,2011-12-30,2012-06-29,89.21000000000001,87.48,10.77,53,52,7
2012-04-18,192.7606456358297,103.86149348883006,2011-12-31,2011-12-30,2012-06-29,89.21000000000001,87.48,10.77,53,52,7
2012-04-19,191.736152511718,103.19457268411918,2011-12-31,2011-12-30,2012-06-29,89.21000000000001,87.48,10.77,53,52,7
2012-04-20,192.81573530146454,103.36697788999017,2011-12-31,2011-12-30,2012-06-29,89.21000000000001,87.48,10.77,53,52,7
2012-04-23,191.29864681694846,102.49776831039068,2011-12-31,2011-12-30,2012-06-29,89.21000000000001,87.48,10.77,53,52,7
2012-04-24,191.5278300051885,102.88740407565906,2011-12-31,2011-12-30,2012-06-29,89.21000000000001,87.48,10.77,53,52,7
2012-04-25,195.50214673192988,104.29614616896478,2011-12-31,2011-12-30,2012-06-29,89.21000000000001,87.48,10.77,53,52,7
2012-04-26,196.9318439154982,105.02292989238084,2011-12-31,2011-12-30,2012-06-29,89.21000000000001,87.48,10.77,53,52,7
2012-04-27,198.082668459643,105.1952393175819,2011-12-31,2011-12-30,2012-06-29,89.21000000000001,87.48,10.77,53,52,7
2012-04-30,196.53889335738282,104.8056035523135,2011-12-31,2011-12-30,2012-06-29,89.21000000000001,87.48,10.77,53,52,7
2012-05-01,197.9939691464636,105.45748679184561,2011-12-31,2011-12-30,2012-06-29,89.21000000000001,87.48,10.77,53,52,7
2012-05-02,200.49904382303717,105.1428472911311,2011-12-31,2011-12-30,2012-06-29,89.21000000000001,87.48,10.77,53,52,7
2012-05-03,199.043669945234,104.34106730316115,2011-12-31,2011-12-30,2012-06-29,89.21000000000001,87.48,10.77,53,52,7
2012-05-04,196.6905388120708,102.65513595108291,2011-12-31,2011-12-30,2012-06-29,89.21000000000001,87.48,10.77,53,52,7
2012-05-07,197.07073007154682,102.73003643496685,2011-12-31,2011-12-30,2012-06-29,89.21000000000001,87.48,10.77,53,52,7
2012-05-08,196.2213889755053,102.31789221226528,2011-12-31,2011-12-30,2012-06-29,89.21000000000001,87.48,10.77,53,52,7
2012-05-09,195.14557730215202,101.71102588759946,2011-12-31,2011-12-30,2012-06-29,89.21000000000001,87.48,10.77,53,52,7
2012-05-10,196.50576378224991,101.9207855547425,2011-12-31,2011-12-30,2012-06-29,89.21000000000001,87.48,10.77,53,52,7
2012-05-11,196.40514204638296,101.61361694628238,2011-12-31,2011-12-30,2012-06-29,89.21000000000001,87.48,10.77,53,52,7
2012-05-14,193.34484251475266,100.48963078467357,2011-12-31,2011-12-30,2012-06-29,89.21000000000001,87.48,10.77,53,52,7
2012-05-15,193.98682779788768,99.91264802902538,2011-12-31,2011-12-30,2012-06-29,89.21000000000001,87.48,10.77,53,52,7
2012-05-16,193.04489587224242,99.5304831560114,2011-12-31,2011-12-30,2012-06-29,89.21000000000001,87.48,10.77,53,52,7
2012-05-17,185.55630168476898,98.05440725174608,2011-12-31,2011-12-30,2012-06-29,89.21000000000001,87.48,10.77,53,52,7
2012-05-18,183.7899889331304,97.21517702183417,2011-12-31,2011-12-30,2012-06-29,89.21000000000001,87.48,10.77,53,52,7
2012-05-21,187.66429262237077,98.88607080873368,2011-12-31,2011-12-30,2012-06-29,89.21000000000001,87.48,10.77,53,52,7
2012-05-22,188.64037974379917,99.05847601460465,2011-12-31,2011-12-30,2012-06-29,89.21000000000001,87.48,10.77,53,52,7
2012-05-23,190.0607094813311,99.11086804105544,2011-12-31,2011-12-30,2012-06-29,89.21000000000001,87.48,10.77,53,52,7
2012-05-24,190.97146065577735,99.30568592368964,2011-12-31,2011-12-30,2012-06-29,89.21000000000001,87.48,10.77,53,52,7
2012-05-25,192.10202273015904,98.98347975005078,2011-12-31,2011-12-30,2012-06-29,89.21000000000001,87.48,10.77,53,52,7
2012-05-29,194.09567198179252,100.18236639554353,2011-12-31,2011-12-30,2012-06-29,89.21000000000001,87.48,10.77,53,52,7
2012-05-30,191.18820918566948,98.72870316804145,2011-12-31,2011-12-30,2012-06-29,89.21000000000001,87.48,10.77,53,52,7
2012-05-31,191.69998307262242,98.51147260864403,2011-12-31,2011-12-30,2012-06-29,89.21000000000001,87.48,10.77,53,52,7
2012-06-01,185.11084046850598,96.03123216085024,2011-12-31,2011-12-30,2012-06-29,89.21000000000001,87.48,10.77,53,52,7
2012-06-04,185.46375079452218,95.98631102665385,2011-12-31,2011-12-30,2012-06-29,89.21000000000001,87.48,10.77,53,52,7
2012-06-05,187.10571965761542,96.71309475006993,2011-12-31,2011-12-30,2012-06-29,89.21000000000001,87.48,10.77,53,52,7
2012-06-06,191.32235096361077,98.88607080873368,2011-12-31,2011-12-30,2012-06-29,89.21000000000001,87.48,10.77,53,52,7
2012-06-07,190.6852910204627,98.94602950810881,2011-12-31,2011-12-30,2012-06-29,89.21000000000001,87.48,10.77,53,52,7
2012-06-08,192.14643059362058,99.7327719309,2011-12-31,2011-12-30,2012-06-29,89.21000000000001,87.48,10.77,53,52,7
2012-06-11,189.2258495965939,98.4664556937777,2011-12-31,2011-12-30,2012-06-29,89.21000000000001,87.48,10.77,53,52,7
2012-06-12,190.54808657335712,99.59791274764093,2011-12-31,2011-12-30,2012-06-29,89.21000000000001,87.48,10.77,53,52,7
2012-06-13,187.21910162687234,98.96106707328754,2011-12-31,2011-12-30,2012-06-29,89.21000000000001,87.48,10.77,53,52,7
2012-06-14,190.04368241993552,100.01005697034249,2011-12-31,2011-12-30,2012-06-29,89.21000000000001,87.48,10.77,53,52,7
2012-06-15,191.8289716388763,101.03309030584684,2011-12-31,2011-12-30,2012-06-29,89.21000000000001,87.48,10.77,53,52,7
2012-06-18,191.70435813035022,101.22896177585025,2011-12-31,2011-12-30,2012-06-29,89.21000000000001,87.48,10.77,53,52,7
2012-06-19,194.97624954259538,102.2080317838575,2011-12-31,2011-12-30,2012-06-29,89.21000000000001,87.48,10.77,53,52,7
2012-06-20,194.60008686083717,102.04233122488151,2011-12-31,2011-12-30,2012-06-29,89.21000000000001,87.48,10.77,53,52,7
2012-06-21,191.0690168663801,99.75269431024509,2011-12-31,2011-12-30,2012-06-29,89.21000000000001,87.48,10.77,53,52,7
2012-06-22,192.89661497980902,100.52095106374013,2011-12-31,2011-12-30,2012-06-29,89.21000000000001,87.48,10.77,53,52,7
2012-06-25,190.70236609835058,98.90905816951646,2011-12-31,2011-12-30,2012-06-29,89.21000000000001,87.48,10.77,53,52,7
2012-06-26,191.9789152944722,99.40615984644444,2011-12-31,2011-12-30,2012-06-29,89.21000000000001,87.48,10.77,53,52,7
2012-06-27,192.75646690657328,100.30247535563363,2011-12-31,2011-12-30,2012-06-29,89.21000000000001,87.48,10.77,53,52,7
2012-06-28,192.4741338142654,100.01628271388783,2011-12-31,2011-12-30,2012-06-29,89.21000000000001,87.48,10.77,53,52,7
2012-06-29,197.19673285248143,102.509357771452,2011-12-31,2011-12-30,2012-06-29,89.21000000000001,87.48,10.77,53,52,7
2012-07-02,195.51527834447785,102.81815465130089,2012-06-30,2012-06-29,2012-12-28,89.34999999999998,87.69999999999999,10.65,53,52,6
2012-07-03,197.13179306309007,103.4959944523836,2012-06-30,2012-06-29,2012-12-28,89.34999999999998,87.69999999999999,10.65,53,52,6
2012-07-05,197.95511090105032,103.02906368648306,2012-06-30,2012-06-29,2012-12-28,89.34999999999998,87.69999999999999,10.65,53,52,6
2012-07-06,197.50880474959007,102.04989789780585,2012-06-30,2012-06-29,2012-12-28,89.34999999999998,87.69999999999999,10.65,53,52,6
2012-07-09,197.1318741378743,101.92183914211171,2012-06-30,2012-06-29,2012-12-28,89.34999999999998,87.69999999999999,10.65,53,52,6
2012-07-10,195.6160840390011,101.03309030584684,2012-06-30,2012-06-29,2012-12-28,89.34999999999998,87.69999999999999,10.65,53,52,6
2012-07-11,194.39790792847708,101.0481278710256,2012-06-30,2012-06-29,2012-12-28,89.34999999999998,87.69999999999999,10.65,53,52,6
2012-07-12,193.47519949948722,100.55859286702196,2012-06-30,2012-06-29,2012-12-28,89.34999999999998,87.69999999999999,10.65,53,52,6
2012-07-13,196.86598094727864,102.24576936780927,2012-06-30,2012-06-29,2012-12-28,89.34999999999998,87.69999999999999,10.65,53,52,6
2012-07-16,196.17440223313153,102.0046894215997,2012-06-30,2012-06-29,2012-12-28,89.34999999999998,87.69999999999999,10.65,53,52,6
2012-07-17,197.18986973168896,102.70513346078549,2012-06-30,2012-06-29,2012-12-28,89.34999999999998,87.69999999999999,10.65,53,52,6
2012-07-18,197.64685020298532,103.46591932202611,2012-06-30,2012-06-29,2012-12-28,89.34999999999998,87.69999999999999,10.65,53,52,6
2012-07-19,197.78170752174051,103.7370743985932,2012-06-30,2012-06-29,2012-12-28,89.34999999999998,87.69999999999999,10.65,53,52,6
2012-07-20,194.10838131712282,102.78798374027349,2012-06-30,2012-06-29,2012-12-28,89.34999999999998,87.69999999999999,10.65,53,52,6
2012-07-23,190.1510060995486,101.7486676908813,2012-06-30,2012-06-29,2012-12-28,89.34999999999998,87.69999999999999,10.65,53,52,6
2012-07-24,188.01653302861914,100.8749564197952,2012-06-30,2012-06-29,2012-12-28,89.34999999999998,87.69999999999999,10.65,53,52,6
2012-07-25,187.67095402017998,100.89756065789828,2012-06-30,2012-06-29,2012-12-28,89.34999999999998,87.69999999999999,10.65,53,52,6
2012-07-26,189.1046897756295,102.56203713991259,2012-06-30,2012-06-29,2012-12-28,89.34999999999998,87.69999999999999,10.65,53,52,6
2012-07-27,193.82983645255217,104.4525560029577,2012-06-30,2012-06-29,2012-12-28,89.34999999999998,87.69999999999999,10.65,53,52,6
2012-07-30,193.04639950035147,104.4525560029577,2012-06-30,2012-06-29,2012-12-28,89.34999999999998,87.69999999999999,10.65,53,52,6
2012-07-31,193.15143075243478,103.7219410527445,2012-06-30,2012-06-29,2012-12-28,89.34999999999998,87.69999999999999,10.65,53,52,6
2012-08-01,189.85172490987233,103.6316198810021,2012-06-30,2012-06-29,2012-12-28,89.34999999999998,87.69999999999999,10.65,53,52,6
2012-08-02,190.06639327791618,102.91604249596764,2012-06-30,2012-06-29,2012-12-28,89.34999999999998,87.69999999999999,10.65,53,52,6
2012-08-03,194.14481116919,104.95722435281,2012-06-30,2012-06-29,2012-12-28,89.34999999999998,87.69999999999999,10.65,53,52,6
2012-08-06,194.36903203277302,105.16056671506784,2012-06-30,2012-06-29,2012-12-28,89.34999999999998,87.69999999999999,10.65,53,52,6
2012-08-07,195.57344364923122,105.68783930302321,2012-06-30,2012-06-29,2012-12-28,89.34999999999998,87.69999999999999,10.65,53,52,6
2012-08-08,194.79677794580704,105.81589805871738,2012-06-30,2012-06-29,2012-12-28,89.34999999999998,87.69999999999999,10.65,53,52,6
2012-08-09,195.0313391341235,105.9062192304598,2012-06-30,2012-06-29,2012-12-28,89.34999999999998,87.69999999999999,10.65,53,52,6
2012-08-10,193.91069182240926,106.07948646236012,2012-06-30,2012-06-29,2012-12-28,89.34999999999998,87.69999999999999,10.65,53,52,6
2012-08-13,194.60092425816984,106.02671131322963,2012-06-30,2012-06-29,2012-12-28,89.34999999999998,87.69999999999999,10.65,53,52,6
2012-08-14,193.5168114868579,106.0418446590783,2012-06-30,2012-06-29,2012-12-28,89.34999999999998,87.69999999999999,10.65,53,52,6
2012-08-15,194.71287371205122,106.16233674184812,2012-06-30,2012-06-29,2012-12-28,89.34999999999998,87.69999999999999,10.65,53,52,6
2012-08-16,195.99974765572773,106.9456310605219,2012-06-30,2012-06-29,2012-12-28,89.34999999999998,87.69999999999999,10.65,53,52,6
2012-08-17,197.49679898667603,107.0887273813948,2012-06-30,2012-06-29,2012-12-28,89.34999999999998,87.69999999999999,10.65,53,52,6
2012-08-20,196.7878237777432,107.09629405431913,2012-06-30,2012-06-29,2012-12-28,89.34999999999998,87.69999999999999,10.65,53,52,6
2012-08-21,196.18384143034837,106.77236382862156,2012-06-30,2012-06-29,2012-12-28,89.34999999999998,87.69999999999999,10.65,53,52,6
2012-08-22,195.43422501664318,106.81757230482773,2012-06-30,2012-06-29,2012-12-28,89.34999999999998,87.69999999999999,10.65,53,52,6
2012-08-23,193.89072897330757,105.94386103374163,2012-06-30,2012-06-29,2012-12-28,89.34999999999998,87.69999999999999,10.65,53,52,6
2012-08-24,195.06103732382016,106.58415481221242,2012-06-30,2012-06-29,2012-12-28,89.34999999999998,87.69999999999999,10.65,53,52,6
2012-08-27,195.78096858914338,106.60666326964557,2012-06-30,2012-06-29,2012-12-28,89.34999999999998,87.69999999999999,10.65,53,52,6
2012-08-28,196.4621818432782,106.50130453272442,2012-06-30,2012-06-29,2012-12-28,89.34999999999998,87.69999999999999,10.65,53,52,6
2012-08-29,197.453001962066,106.58415481221242,2012-06-30,2012-06-29,2012-12-28,89.34999999999998,87.69999999999999,10.65,53,52,6
2012-08-30,196.11732389592498,105.81589805871738,2012-06-30,2012-06-29,2012-12-28,89.34999999999998,87.69999999999999,10.65,53,52,6
2012-08-31,195.56381348450748,106.32047062789975,2012-06-30,2012-06-29,2012-12-28,89.34999999999998,87.69999999999999,10.65,53,52,6
2012-09-04,197.2359903447012,106.22258278323302,2012-06-30,2012-06-29,2012-12-28,89.34999999999998,87.69999999999999,10.65,53,52,6
2012-09-05,197.08202600814116,106.1321658308207,2012-06-30,2012-06-29,2012-12-28,89.34999999999998,87.69999999999999,10.65,53,52,6
2012-09-06,201.1776170009224,108.28636887817848,2012-06-30,2012-06-29,2012-12-28,89.34999999999998,87.69999999999999,10.65,53,52,6
2012-09-07,202.18003828837203,108.70809116787288,2012-06-30,2012-06-29,2012-12-28,89.34999999999998,87.69999999999999,10.65,53,52,6
2012-09-10,201.6166733872124,108.09049740817507,2012-06-30,2012-06-29,2012-12-28,89.34999999999998,87.69999999999999,10.65,53,52,6
2012-09-11,202.15654757495244,108.39172761509963,2012-06-30,2012-06-29,2012-12-28,89.34999999999998,87.69999999999999,10.65,53,52,6
2012-09-12,202.28237846138003,108.75329964407902,2012-06-30,2012-06-29,2012-12-28,89.34999999999998,87.69999999999999,10.65,53,52,6
2012-09-13,204.17641125786412,110.41030523383894,2012-06-30,2012-06-29,2012-12-28,89.34999999999998,87.69999999999999,10.65,53,52,6
2012-09-14,205.2865178810253,110.89993601851249,2012-06-30,2012-06-29,2012-12-28,89.34999999999998,87.69999999999999,10.65,53,52,6
2012-09-17,204.12950220724434,110.52332642435434,2012-06-30,2012-06-29,2012-12-28,89.34999999999998,87.69999999999999,10.65,53,52,6
2012-09-18,204.21915643644527,110.43290947194203,2012-06-30,2012-06-29,2012-12-28,89.34999999999998,87.69999999999999,10.65,53,52,6
2012-09-19,204.02637779955728,110.49315551332693,2012-06-30,2012-06-29,2012-12-28,89.34999999999998,87.69999999999999,10.65,53,52,6
2012-09-20,203.20114809288165,110.50072218625127,2012-06-30,2012-06-29,2012-12-28,89.34999999999998,87.69999999999999,10.65,53,52,6
2012-09-21,203.85128300124188,110.45484324535559,2012-06-30,2012-06-29,2012-12-28,89.34999999999998,87.69999999999999,10.65,53,52,6
2012-09-24,203.08389651940465,110.28828066035025,2012-06-30,2012-06-29,2012-12-28,89.34999999999998,87.69999999999999,10.65,53,52,6
2012-09-25,200.32580443000845,109.11458433104866,2012-06-30,2012-06-29,2012-12-28,89.34999999999998,87.69999999999999,10.65,53,52,6
2012-09-26,199.73707567027125,108.5012049208277,2012-06-30,2012-06-29,2012-12-28,89.34999999999998,87.69999999999999,10.65,53,52,6
2012-09-27,201.42985402324794,109.52347201097265,2012-06-30,2012-06-29,2012-12-28,89.34999999999998,87.69999999999999,10.65,53,52,6
2012-09-28,200.22728527275743,109.01612180236233,2012-06-30,2012-06-29,2012-12-28,89.34999999999998,87.69999999999999,10.65,53,52,6
2012-10-01,200.8122882236297,109.30384693482699,2012-06-30,2012-06-29,2012-12-28,89.34999999999998,87.69999999999999,10.65,53,52,6
2012-10-02,200.3946853940233,109.41744280936199,2012-06-30,2012-06-29,2012-12-28,89.34999999999998,87.69999999999999,10.65,53,52,6
2012-10-03,200.4525622807466,109.86425963457759,2012-06-30,2012-06-29,2012-12-28,89.34999999999998,87.69999999999999,10.65,53,52,6
2012-10-04,202.06068155607232,110.65176830272823,2012-06-30,2012-06-29,2012-12-28,89.34999999999998,87.69999999999999,10.65,53,52,6
2012-10-05,200.96349117825707,110.65933497565254,2012-06-30,2012-06-29,2012-12-28,89.34999999999998,87.69999999999999,10.65,53,52,6
2012-10-08,201.32517382571493,110.28071398742591,2012-06-30,2012-06-29,2012-12-28,89.34999999999998,87.69999999999999,10.65,53,52,6
2012-10-09,198.99457801637226,109.19034684096196,2012-06-30,2012-06-29,2012-12-28,89.34999999999998,87.69999999999999,10.65,53,52,6
2012-10-10,199.01843501986332,108.49363824790336,2012-06-30,2012-06-29,2012-12-28,89.34999999999998,87.69999999999999,10.65,53,52,6
2012-10-11,199.61406922784934,108.55426741196798,2012-06-30,2012-06-29,2012-12-28,89.34999999999998,87.69999999999999,10.65,53,52,6
2012-10-12,198.71736106962965,108.19834644251436,2012-06-30,2012-06-29,2012-12-28,89.34999999999998,87.69999999999999,10.65,53,52,6
2012-10-15,199.97931693322872,109.09945098519998,2012-06-30,2012-06-29,2012-12-28,89.34999999999998,87.69999999999999,10.65,53,52,6
2012-10-16,201.2912462311093,110.20495147751264,2012-06-30,2012-06-29,2012-12-28,89.34999999999998,87.69999999999999,10.65,53,52,6
2012-10-17,202.89147631083677,110.7047350131986,2012-06-30,2012-06-29,2012-12-28,89.34999999999998,87.69999999999999,10.65,53,52,6
2012-10-18,202.50050501438906,110.4170098807339,2012-06-30,2012-06-29,2012-12-28,89.34999999999998,87.69999999999999,10.65,53,52,6
2012-10-19,198.3003007605836,108.576967430741,2012-06-30,2012-06-29,2012-12-28,89.34999999999998,87.69999999999999,10.65,53,52,6
2012-10-22,197.4052489577843,108.59210077658967,2012-06-30,2012-06-29,2012-12-28,89.34999999999998,87.69999999999999,10.65,53,52,6
2012-10-23,196.11405208951024,107.08527927727738,2012-06-30,2012-06-29,2012-12-28,89.34999999999998,87.69999999999999,10.65,53,52,6
2012-10-24,194.19239467842056,106.78232501829412,2012-06-30,2012-06-29,2012-12-28,89.34999999999998,87.69999999999999,10.65,53,52,6
2012-10-25,195.03181848433425,107.09284595020172,2012-06-30,2012-06-29,2012-12-28,89.34999999999998,87.69999999999999,10.65,53,52,6
2012-10-26,193.9848497845885,107.0322167861371,2012-06-30,2012-06-29,2012-12-28,89.34999999999998,87.69999999999999,10.65,53,52,6
2012-10-31,195.37043050376195,107.0322167861371,2012-06-30,2012-06-29,2012-12-28,89.34999999999998,87.69999999999999,10.65,53,52,6
2012-11-01,197.92571777675406,108.15294640496833,2012-06-30,2012-06-29,2012-12-28,89.34999999999998,87.69999999999999,10.65,53,52,6
2012-11-02,195.8727092966838,107.19130847888805,2012-06-30,2012-06-29,2012-12-28,89.34999999999998,87.69999999999999,10.65,53,52,6
2012-11-05,196.55299403583078,107.41083777436373,2012-06-30,2012-06-29,2012-12-28,89.34999999999998,87.69999999999999,10.65,53,52,6
2012-11-06,198.52741799450777,108.25140893365466,2012-06-30,2012-06-29,2012-12-28,89.34999999999998,87.69999999999999,10.65,53,52,6
2012-11-07,194.94053291579462,105.7979870734408,2012-06-30,2012-06-29,2012-12-28,89.34999999999998,87.69999999999999,10.65,53,52,6
2012-11-08,191.7025870767873,104.52582821545286,2012-06-30,2012-06-29,2012-12-28,89.34999999999998,87.69999999999999,10.65,53,52,6
2012-11-09,192.3108579587093,104.61672407121485,2012-06-30,2012-06-29,2012-12-28,89.34999999999998,87.69999999999999,10.65,53,52,6
2012-11-12,192.67034084239904,104.70005325405248,2012-06-30,2012-06-29,2012-12-28,89.34999999999998,87.69999999999999,10.65,53,52,6
2012-11-13,191.98092255553703,104.33656561167453,2012-06-30,2012-06-29,2012-12-28,89.34999999999998,87.69999999999999,10.65,53,52,6
2012-11-14,188.3443137835643,102.92811086037861,2012-06-30,2012-06-29,2012-12-28,89.34999999999998,87.69999999999999,10.65,53,52,6
2012-11-15,187.80085413557032,102.75398160244893,2012-06-30,2012-06-29,2012-12-28,89.34999999999998,87.69999999999999,10.65,53,52,6
2012-11-16,188.49210982627275,103.26133181105924,2012-06-30,2012-06-29,2012-12-28,89.34999999999998,87.69999999999999,10.65,53,52,6
2012-11-19,192.97565016594254,105.35126602889511,2012-06-30,2012-06-29,2012-12-28,89.34999999999998,87.69999999999999,10.65,53,52,6
2012-11-20,194.30314476232138,105.39666606644114,2012-06-30,2012-06-29,2012-12-28,89.34999999999998,87.69999999999999,10.65,53,52,6
2012-11-21,195.1105867975052,105.59349534314384,2012-06-30,2012-06-29,2012-12-28,89.34999999999998,87.69999999999999,10.65,53,52,6
2012-11-23,197.07440310505817,107.0322167861371,2012-06-30,2012-06-29,2012-12-28,89.34999999999998,87.69999999999999,10.65,53,52,6
2012-11-26,196.60939586552033,106.80512081773705,2012-06-30,2012-06-29,2012-12-28,89.34999999999998,87.69999999999999,10.65,53,52,6
2012-11-27,196.77876232207987,106.25993724450507,2012-06-30,2012-06-29,2012-12-28,89.34999999999998,87.69999999999999,10.65,53,52,6
2012-11-28,198.89534458329186,107.11554596897473,2012-06-30,2012-06-29,2012-12-28,89.34999999999998,87.69999999999999,10.65,53,52,6
2012-11-29,200.30635390100107,107.61532950466068,2012-06-30,2012-06-29,2012-12-28,89.34999999999998,87.69999999999999,10.65,53,52,6
2012-11-30,199.40579816941823,107.63802952343372,2012-06-30,2012-06-29,2012-12-28,89.34999999999998,87.69999999999999,10.65,53,52,6
2012-12-03,199.1955096359405,107.1079792960504,2012-06-30,2012-06-29,2012-12-28,89.34999999999998,87.69999999999999,10.65,53,52,6
2012-12-04,198.36475265650736,106.95655005689373,2012-06-30,2012-06-29,2012-12-28,89.34999999999998,87.69999999999999,10.65,53,52,6
2012-12-05,198.02790406756392,107.14581266067206,2012-06-30,2012-06-29,2012-12-28,89.34999999999998,87.69999999999999,10.65,53,52,6
2012-12-06,198.9572050777322,107.50930030305004,2012-06-30,2012-06-29,2012-12-28,89.34999999999998,87.69999999999999,10.65,53,52,6
2012-12-07,198.7336705407461,107.83485880013639,2012-06-30,2012-06-29,2012-12-28,89.34999999999998,87.69999999999999,10.65,53,52,6
2012-12-10,199.50955124669392,107.88035461835234,2012-06-30,2012-06-29,2012-12-28,89.34999999999998,87.69999999999999,10.65,53,52,6
2012-12-11,200.7453663938495,108.6148007953627,2012-06-30,2012-06-29,2012-12-28,89.34999999999998,87.69999999999999,10.65,53,52,6
2012-12-12,200.8858645480964,108.66786328650298,2012-06-30,2012-06-29,2012-12-28,89.34999999999998,87.69999999999999,10.65,53,52,6
2012-12-13,200.30873778341967,108.00151716581168,2012-06-30,2012-06-29,2012-12-28,89.34999999999998,87.69999999999999,10.65,53,52,6
2012-12-14,200.65403448014584,107.60019615881203,2012-06-30,2012-06-29,2012-12-28,89.34999999999998,87.69999999999999,10.65,53,52,6
2012-12-17,203.74119132589445,108.86469256320565,2012-06-30,2012-06-29,2012-12-28,89.34999999999998,87.69999999999999,10.65,53,52,6
2012-12-18,205.84697136155546,110.07622225712896,2012-06-30,2012-06-29,2012-12-28,89.34999999999998,87.69999999999999,10.65,53,52,6
2012-12-19,206.21842955449688,109.25844689728099,2012-06-30,2012-06-29,2012-12-28,89.34999999999998,87.69999999999999,10.65,53,52,6
2012-12-20,207.38257908296157,109.8869596533506,2012-06-30,2012-06-29,2012-12-28,89.34999999999998,87.69999999999999,10.65,53,52,6
2012-12-21,205.7567426261369,108.88940397604718,2012-06-30,2012-06-29,2012-12-28,89.34999999999998,87.69999999999999,10.65,53,52,6
2012-12-24,205.328156080622,108.55378850861837,2012-06-30,2012-06-29,2012-12-28,89.34999999999998,87.69999999999999,10.65,53,52,6
2012-12-26,203.40490665879375,108.09624424837077,2012-06-30,2012-06-29,2012-12-28,89.34999999999998,87.69999999999999,10.65,53,52,6
2012-12-27,203.30718271728477,107.95142387543916,2012-06-30,2012-06-29,2012-12-28,89.34999999999998,87.69999999999999,10.65,53,52,6
2012-12-28,201.87114708388424,106.78462375437239,2012-06-30,2012-06-29,2012-12-28,89.34999999999998,87.69999999999999,10.65,53,52,6
2012-12-31,200.67008017606554,108.59957166884409,2012-12-31,2012-12-28,2013-06-28,92.04999999999998,89.83999999999997,7.950000000000001,54,53,5
2013-01-02,206.31976850094256,111.38305371763093,2012-12-31,2012-12-28,2013-06-28,92.04999999999998,89.83999999999997,7.950000000000001,54,53,5
2013-01-03,206.71935331894485,111.1313421170593,2012-12-31,2012-12-28,2013-06-28,92.04999999999998,89.83999999999997,7.950000000000001,54,53,5
2013-01-04,209.23100206078385,111.61944041101401,2012-12-31,2012-12-28,2013-06-28,92.04999999999998,89.83999999999997,7.950000000000001,54,53,5
2013-01-07,208.67016708008435,111.31437897729232,2012-12-31,2012-12-28,2013-06-28,92.04999999999998,89.83999999999997,7.950000000000001,54,53,5
2013-01-08,208.318435845092,110.99408841705203,2012-12-31,2012-12-28,2013-06-28,92.04999999999998,89.83999999999997,7.950000000000001,54,53,5
2013-01-09,209.1962940007228,111.27625827066086,2012-12-31,2012-12-28,2013-06-28,92.04999999999998,89.83999999999997,7.950000000000001,54,53,5
2013-01-10,209.2452013259874,112.16088853811878,2012-12-31,2012-12-28,2013-06-28,92.04999999999998,89.83999999999997,7.950000000000001,54,53,5
2013-01-11,209.78093402648295,112.15322608452453,2012-12-31,2012-12-28,2013-06-28,92.04999999999998,89.83999999999997,7.950000000000001,54,53,5
2013-01-14,209.3070333127418,112.0769846712616,2012-12-31,2012-12-28,2013-06-28,92.04999999999998,89.83999999999997,7.950000000000001,54,53,5
2013-01-15,209.7252626666651,112.15322608452453,2012-12-31,2012-12-28,2013-06-28,92.04999999999998,89.83999999999997,7.950000000000001,54,53,5
2013-01-16,209.2943309562159,112.13799695800593,2012-12-31,2012-12-28,2013-06-28,92.04999999999998,89.83999999999997,7.950000000000001,54,53,5
2013-01-17,211.80352180865987,112.8623861646738,2012-12-31,2012-12-28,2013-06-28,92.04999999999998,89.83999999999997,7.950000000000001,54,53,5
2013-01-18,212.88708898233222,113.11409776524542,2012-12-31,2012-12-28,2013-06-28,92.04999999999998,89.83999999999997,7.950000000000001,54,53,5
2013-01-22,214.95481679994234,113.72412485201889,2012-12-31,2012-12-28,2013-06-28,92.04999999999998,89.83999999999997,7.950000000000001,54,53,5
2013-01-23,214.5396266644704,113.90716171225188,2012-12-31,2012-12-28,2013-06-28,92.04999999999998,89.83999999999997,7.950000000000001,54,53,5
2013-01-24,215.5066838627536,113.93761996528909,2012-12-31,2012-12-28,2013-06-28,92.04999999999998,89.83999999999997,7.950000000000001,54,53,5
2013-01-25,217.04269081918088,114.57820108576968,2012-12-31,2012-12-28,2013-06-28,92.04999999999998,89.83999999999997,7.950000000000001,54,53,5
2013-01-28,218.05244831157475,114.4409473857624,2012-12-31,2012-12-28,2013-06-28,92.04999999999998,89.83999999999997,7.950000000000001,54,53,5
2013-01-29,217.85185002269867,114.89092497308565,2012-12-31,2012-12-28,2013-06-28,92.04999999999998,89.83999999999997,7.950000000000001,54,53,5
2013-01-30,216.38263577237024,114.4409473857624,2012-12-31,2012-12-28,2013-06-28,92.04999999999998,89.83999999999997,7.950000000000001,54,53,5
2013-01-31,217.88748929551178,114.15877753215358,2012-12-31,2012-12-28,2013-06-28,92.04999999999998,89.83999999999997,7.950000000000001,54,53,5
2013-02-01,220.26203245916176,115.33314432614468,2012-12-31,2012-12-28,2013-06-28,92.04999999999998,89.83999999999997,7.950000000000001,54,53,5
2013-02-04,218.1046593451368,114.03675295866489,2012-12-31,2012-12-28,2013-06-28,92.04999999999998,89.83999999999997,7.950000000000001,54,53,5
2013-02-05,219.534890058314,115.18832395321309,2012-12-31,2012-12-28,2013-06-28,92.04999999999998,89.83999999999997,7.950000000000001,54,53,5
2013-02-06,220.6127081864037,115.27222782007027,2012-12-31,2012-12-28,2013-06-28,92.04999999999998,89.83999999999997,7.950000000000001,54,53,5
2013-02-07,219.92825148781247,115.11964921287445,2012-12-31,2012-12-28,2013-06-28,92.04999999999998,89.83999999999997,7.950000000000001,54,53,5
2013-02-08,221.44090767306983,115.76023033335505,2012-12-31,2012-12-28,2013-06-28,92.04999999999998,89.83999999999997,7.950000000000001,54,53,5
2013-02-11,221.12139688803305,115.7373387532422,2012-12-31,2012-12-28,2013-06-28,92.04999999999998,89.83999999999997,7.950000000000001,54,53,5
2013-02-12,222.10209241012802,115.92803806706947,2012-12-31,2012-12-28,2013-06-28,92.04999999999998,89.83999999999997,7.950000000000001,54,53,5
2013-02-13,221.9410113628373,116.02717106044527,2012-12-31,2012-12-28,2013-06-28,92.04999999999998,89.83999999999997,7.950000000000001,54,53,5
2013-02-14,223.30795617640985,116.13387072674541,2012-12-31,2012-12-28,2013-06-28,92.04999999999998,89.83999999999997,7.950000000000001,54,53,5
2013-02-15,223.6329415444591,115.99661702673814,2012-12-31,2012-12-28,2013-06-28,92.04999999999998,89.83999999999997,7.950000000000001,54,53,5
2013-02-19,227.27912719933596,116.86601816767748,2012-12-31,2012-12-28,2013-06-28,92.04999999999998,89.83999999999997,7.950000000000001,54,53,5
2013-02-20,224.0301642960303,115.40948152007755,2012-12-31,2012-12-28,2013-06-28,92.04999999999998,89.83999999999997,7.950000000000001,54,53,5
2013-02-21,223.48898301998852,114.70788811285261,2012-12-31,2012-12-28,2013-06-28,92.04999999999998,89.83999999999997,7.950000000000001,54,53,5
2013-02-22,224.96714376645875,115.82890507369366,2012-12-31,2012-12-28,2013-06-28,92.04999999999998,89.83999999999997,7.950000000000001,54,53,5
2013-02-25,221.8819008200463,113.62499185864306,2012-12-31,2012-12-28,2013-06-28,92.04999999999998,89.83999999999997,7.950000000000001,54,53,5
2013-02-26,224.02535229126136,114.40282667913092,2012-12-31,2012-12-28,2013-06-28,92.04999999999998,89.83999999999997,7.950000000000001,54,53,5
2013-02-27,226.43235108419918,115.84413420021224,2012-12-31,2012-12-28,2013-06-28,92.04999999999998,89.83999999999997,7.950000000000001,54,53,5
2013-02-28,226.40503838822195,115.6153141797535,2012-12-31,2012-12-28,2013-06-28,92.04999999999998,89.83999999999997,7.950000000000001,54,53,5
2013-03-01,227.5116742567726,115.99661702673814,2012-12-31,2012-12-28,2013-06-28,92.04999999999998,89.83999999999997,7.950000000000001,54,53,5
2013-03-04,228.82612239502123,116.61430656710587,2012-12-31,2012-12-28,2013-06-28,92.04999999999998,89.83999999999997,7.950000000000001,54,53,5
2013-03-05,232.48812609432656,117.65908211468397,2012-12-31,2012-12-28,2013-06-28,92.04999999999998,89.83999999999997,7.950000000000001,54,53,5
2013-03-06,233.05271588183896,117.8192273948041,2012-12-31,2012-12-28,2013-06-28,92.04999999999998,89.83999999999997,7.950000000000001,54,53,5
2013-03-07,234.5142586902983,118.0327225080743,2012-12-31,2012-12-28,2013-06-28,92.04999999999998,89.83999999999997,7.950000000000001,54,53,5
2013-03-08,236.57267407498796,118.53604992854763,2012-12-31,2012-12-28,2013-06-28,92.04999999999998,89.83999999999997,7.950000000000001,54,53,5
2013-03-11,236.84636812985931,118.98593173520094,2012-12-31,2012-12-28,2013-06-28,92.04999999999998,89.83999999999997,7.950000000000001,54,53,5
2013-03-12,235.90158078105895,118.71908678878064,2012-12-31,2012-12-28,2013-06-28,92.04999999999998,89.83999999999997,7.950000000000001,54,53,5
2013-03-13,238.287431158479,118.88679874182513,2012-12-31,2012-12-28,2013-06-28,92.04999999999998,89.83999999999997,7.950000000000001,54,53,5
2013-03-14,239.72942093831134,119.51981318938137,2012-12-31,2012-12-28,2013-06-28,92.04999999999998,89.83999999999997,7.950000000000001,54,53,5
2013-03-15,239.0059919424432,119.36177508399966,2012-12-31,2012-12-28,2013-06-28,92.04999999999998,89.83999999999997,7.950000000000001,54,53,5
2013-03-18,238.00028098277542,118.7029956362327,2012-12-31,2012-12-28,2013-06-28,92.04999999999998,89.83999999999997,7.950000000000001,54,53,5
2013-03-19,237.76594641675126,118.42724308750905,2012-12-31,2012-12-28,2013-06-28,92.04999999999998,89.83999999999997,7.950000000000001,54,53,5
2013-03-20,240.10499006499177,119.25450073367993,2012-12-31,2012-12-28,2013-06-28,92.04999999999998,89.83999999999997,7.950000000000001,54,53,5
2013-03-21,237.84827514214845,118.23577752832234,2012-12-31,2012-12-28,2013-06-28,92.04999999999998,89.83999999999997,7.950000000000001,54,53,5
2013-03-22,239.52601934539376,119.18563443200148,2012-12-31,2012-12-28,2013-06-28,92.04999999999998,89.83999999999997,7.950000000000001,54,53,5
2013-03-25,239.21212946991886,118.68767072904416,2012-12-31,2012-12-28,2013-06-28,92.04999999999998,89.83999999999997,7.950000000000001,54,53,5
2013-03-26,240.86011572893125,119.63752763272328,2012-12-31,2012-12-28,2013-06-28,92.04999999999998,89.83999999999997,7.950000000000001,54,53,5
2013-03-27,241.1947705573764,119.63752763272328,2012-12-31,2012-12-28,2013-06-28,92.04999999999998,89.83999999999997,7.950000000000001,54,53,5
2013-03-28,241.9586955169666,120.00522962457809,2012-12-31,2012-12-28,2013-06-28,92.04999999999998,89.83999999999997,7.950000000000001,54,53,5
2013-04-01,240.42865825287836,119.53025328240356,2012-12-31,2012-12-28,2013-06-28,92.04999999999998,89.83999999999997,7.950000000000001,54,53,5
2013-04-02,241.17140626988078,120.12007064782215,2012-12-31,2012-12-28,2013-06-28,92.04999999999998,89.83999999999997,7.950000000000001,54,53,5
2013-04-03,237.7485156475217,118.9022194296836,2012-12-31,2012-12-28,2013-06-28,92.04999999999998,89.83999999999997,7.950000000000001,54,53,5
2013-04-04,239.5239131576005,119.38476244478244,2012-12-31,2012-12-28,2013-06-28,92.04999999999998,89.83999999999997,7.950000000000001,54,53,5
2013-04-05,238.55369558813996,118.84858225452373,2012-12-31,2012-12-28,2013-06-28,92.04999999999998,89.83999999999997,7.950000000000001,54,53,5
2013-04-08,240.3883441342849,119.6528525399118,2012-12-31,2012-12-28,2013-06-28,92.04999999999998,89.83999999999997,7.950000000000001,54,53,5
2013-04-09,239.68061639631622,120.06643347266228,2012-12-31,2012-12-28,2013-06-28,92.04999999999998,89.83999999999997,7.950000000000001,54,53,5
2013-04-10,243.8142992130932,121.5371456594116,2012-12-31,2012-12-28,2013-06-28,92.04999999999998,89.83999999999997,7.950000000000001,54,53,5
2013-04-11,244.71419321322117,121.93540168497354,2012-12-31,2012-12-28,2013-06-28,92.04999999999998,89.83999999999997,7.950000000000001,54,53,5
2013-04-12,244.81249422308926,121.63675755613706,2012-12-31,2012-12-28,2013-06-28,92.04999999999998,89.83999999999997,7.950000000000001,54,53,5
2013-04-15,236.7441256064522,118.81793244014666,2012-12-31,2012-12-28,2013-06-28,92.04999999999998,89.83999999999997,7.950000000000001,54,53,5
2013-04-16,239.6692483792773,120.57196384854394,2012-12-31,2012-12-28,2013-06-28,92.04999999999998,89.83999999999997,7.950000000000001,54,53,5
2013-04-17,236.2155825177155,118.8102699865524,2012-12-31,2012-12-28,2013-06-28,92.04999999999998,89.83999999999997,7.950000000000001,54,53,5
2013-04-18,234.97195788479007,118.06729932991844,2012-12-31,2012-12-28,2013-06-28,92.04999999999998,89.83999999999997,7.950000000000001,54,53,5
2013-04-19,238.02653306490689,119.0936849888703,2012-12-31,2012-12-28,2013-06-28,92.04999999999998,89.83999999999997,7.950000000000001,54,53,5
2013-04-22,237.70509838257504,119.62220272553475,2012-12-31,2012-12-28,2013-06-28,92.04999999999998,89.83999999999997,7.950000000000001,54,53,5
2013-04-23,239.67377868821993,120.85537885086184,2012-12-31,2012-12-28,2013-06-28,92.04999999999998,89.83999999999997,7.950000000000001,54,53,5
2013-04-24,240.43040699144584,120.9320033868045,2012-12-31,2012-12-28,2013-06-28,92.04999999999998,89.83999999999997,7.950000000000001,54,53,5
2013-04-25,242.44279557121828,121.42220885549764,2012-12-31,2012-12-28,2013-06-28,92.04999999999998,89.83999999999997,7.950000000000001,54,53,5
2013-04-26,243.2774067195358,121.20775593552813,2012-12-31,2012-12-28,2013-06-28,92.04999999999998,89.83999999999997,7.950000000000001,54,53,5
2013-04-29,243.38183753813536,122.01968867451048,2012-12-31,2012-12-28,2013-06-28,92.04999999999998,89.83999999999997,7.950000000000001,54,53,5
2013-04-30,244.92124954374995,122.31076613042265,2012-12-31,2012-12-28,2013-06-28,92.04999999999998,89.83999999999997,7.950000000000001,54,53,5
2013-05-01,241.9164866643504,121.23840574990518,2012-12-31,2012-12-28,2013-06-28,92.04999999999998,89.83999999999997,7.950000000000001,54,53,5
2013-05-02,245.1542706417154,122.3644033055825,2012-12-31,2012-12-28,2013-06-28,92.04999999999998,89.83999999999997,7.950000000000001,54,53,5
2013-05-03,249.4521241858046,123.60524188450384,2012-12-31,2012-12-28,2013-06-28,92.04999999999998,89.83999999999997,7.950000000000001,54,53,5
2013-05-06,250.9568940490001,123.91930670119879,2012-12-31,2012-12-28,2013-06-28,92.04999999999998,89.83999999999997,7.950000000000001,54,53,5
2013-05-07,253.7659357899118,124.5474363345887,2012-12-31,2012-12-28,2013-06-28,92.04999999999998,89.83999999999997,7.950000000000001,54,53,5
2013-05-08,253.00464934194233,125.11426633922449,2012-12-31,2012-12-28,2013-06-28,92.04999999999998,89.83999999999997,7.950000000000001,54,53,5
2013-05-09,251.05099702428723,124.76188925455823,2012-12-31,2012-12-28,2013-06-28,92.04999999999998,89.83999999999997,7.950000000000001,54,53,5
2013-05-10,252.75760746089406,125.16790351438436,2012-12-31,2012-12-28,2013-06-28,92.04999999999998,89.83999999999997,7.950000000000001,54,53,5
2013-05-13,252.21186009492152,125.26741963043986,2012-12-31,2012-12-28,2013-06-28,92.04999999999998,89.83999999999997,7.950000000000001,54,53,5
2013-05-14,256.323321333755,126.5618953845211,2012-12-31,2012-12-28,2013-06-28,92.04999999999998,89.83999999999997,7.950000000000001,54,53,5
2013-05-15,257.0871900705646,127.24366219307083,2012-12-31,2012-12-28,2013-06-28,92.04999999999998,89.83999999999997,7.950000000000001,54,53,5
2013-05-16,255.43136555196327,126.646182374058,2012-12-31,2012-12-28,2013-06-28,92.04999999999998,89.83999999999997,7.950000000000001,54,53,5
2013-05-17,257.67041700157574,127.87179182646075,2012-12-31,2012-12-28,2013-06-28,92.04999999999998,89.83999999999997,7.950000000000001,54,53,5
2013-05-20,257.44789605852554,127.86412937286651,2012-12-31,2012-12-28,2013-06-28,92.04999999999998,89.83999999999997,7.950000000000001,54,53,5
2013-05-21,258.2596161716973,128.04793247845893,2012-12-31,2012-12-28,2013-06-28,92.04999999999998,89.83999999999997,7.950000000000001,54,53,5
2013-05-22,256.34432977292334,127.09807557477981,2012-12-31,2012-12-28,2013-06-28,92.04999999999998,89.83999999999997,7.950000000000001,54,53,5
2013-05-23,256.5707069772747,126.7304693635949,2012-12-31,2012-12-28,2013-06-28,92.04999999999998,89.83999999999997,7.950000000000001,54,53,5
2013-05-24,256.5800231709469,126.62319501327521,2012-12-31,2012-12-28,2013-06-28,92.04999999999998,89.83999999999997,7.950000000000001,54,53,5
2013-05-28,260.7650212126283,127.3814905770977,2012-12-31,2012-12-28,2013-06-28,92.04999999999998,89.83999999999997,7.950000000000001,54,53,5
2013-05-29,257.8852174703891,126.55423293092683,2012-12-31,2012-12-28,2013-06-28,92.04999999999998,89.83999999999997,7.950000000000001,54,53,5
2013-05-30,259.449741860238,127.02154681950708,2012-12-31,2012-12-28,2013-06-28,92.04999999999998,89.83999999999997,7.950000000000001,54,53,5
2013-05-31,259.54160961778575,125.19845754809147,2012-12-31,2012-12-28,2013-06-28,92.04999999999998,89.83999999999997,7.950000000000001,54,53,5
2013-06-03,260.8625969265463,125.88788681023553,2012-12-31,2012-12-28,2013-06-28,92.04999999999998,89.83999999999997,7.950000000000001,54,53,5
2013-06-04,260.0967849773618,125.28274453762842,2012-12-31,2012-12-28,2013-06-28,92.04999999999998,89.83999999999997,7.950000000000001,54,53,5
2013-06-05,255.97719810636647,123.52871312923112,2012-12-31,2012-12-28,2013-06-28,92.04999999999998,89.83999999999997,7.950000000000001,54,53,5
2013-06-06,259.6514950332687,124.64695245064424,2012-12-31,2012-12-28,2013-06-28,92.04999999999998,89.83999999999997,7.950000000000001,54,53,5
2013-06-07,263.4665710137136,126.23260144130752,2012-12-31,2012-12-28,2013-06-28,92.04999999999998,89.83999999999997,7.950000000000001,54,53,5
2013-06-10,265.1549203278569,126.23260144130752,2012-12-31,2012-12-28,2013-06-28,92.04999999999998,89.83999999999997,7.950000000000001,54,53,5
2013-06-11,262.5556226840449,124.93036745296212,2012-12-31,2012-12-28,2013-06-28,92.04999999999998,89.83999999999997,7.950000000000001,54,53,5
2013-06-12,260.59608825964096,123.89631934041599,2012-12-31,2012-12-28,2013-06-28,92.04999999999998,89.83999999999997,7.950000000000001,54,53,5
2013-06-13,263.44353176034036,125.78061245991579,2012-12-31,2012-12-28,2013-06-28,92.04999999999998,89.83999999999997,7.950000000000001,54,53,5
2013-06-14,260.9129801972621,124.99166708171626,2012-12-31,2012-12-28,2013-06-28,92.04999999999998,89.83999999999997,7.950000000000001,54,53,5
2013-06-17,261.7549925126693,125.95684889258392,2012-12-31,2012-12-28,2013-06-28,92.04999999999998,89.83999999999997,7.950000000000001,54,53,5
2013-06-18,265.97394432143517,126.95258473715869,2012-12-31,2012-12-28,2013-06-28,92.04999999999998,89.83999999999997,7.950000000000001,54,53,5
2013-06-19,264.08375539657385,125.19845754809147,2012-12-31,2012-12-28,2013-06-28,92.04999999999998,89.83999999999997,7.950000000000001,54,53,5
2013-06-20,257.66913343441684,122.09631321045313,2012-12-31,2012-12-28,2013-06-28,92.04999999999998,89.83999999999997,7.950000000000001,54,53,5
2013-06-21,255.26257125015752,122.48834349246974,2012-12-31,2012-12-28,2013-06-28,92.04999999999998,89.83999999999997,7.950000000000001,54,53,5
2013-06-24,251.92570752051395,120.94062364709804,2012-12-31,2012-12-28,2013-06-28,92.04999999999998,89.83999999999997,7.950000000000001,54,53,5
2013-06-25,255.11181974837706,122.1033051993579,2012-12-31,2012-12-28,2013-06-28,92.04999999999998,89.83999999999997,7.950000000000001,54,53,5
2013-06-26,257.76448871965636,123.31224881519314,2012-12-31,2012-12-28,2013-06-28,92.04999999999998,89.83999999999997,7.950000000000001,54,53,5
2013-06-27,260.598100266018,124.03606333784143,2012-12-31,2012-12-28,2013-06-28,92.04999999999998,89.83999999999997,7.950000000000001,54,53,5
2013-06-28,259.96007373050327,123.52785110320177,2012-12-31,2012-12-28,2013-06-28,92.04999999999998,89.83999999999997,7.950000000000001,54,53,5
2013-07-01,259.9774855203745,124.25166562585007,2013-06-30,2013-06-28,2013-12-31,93.39999999999999,92.07999999999998,6.609999999999999,55,54,5
2013-07-02,260.51842669560205,124.13615413791652,2013-06-30,2013-06-28,2013-12-31,93.39999999999999,92.07999999999998,6.609999999999999,55,54,5
2013-07-03,260.8839859129405,124.19007865508615,2013-06-30,2013-06-28,2013-12-31,93.39999999999999,92.07999999999998,6.609999999999999,55,54,5
2013-07-05,265.2029516809291,125.52995444671338,2013-06-30,2013-06-28,2013-12-31,93.39999999999999,92.07999999999998,6.609999999999999,55,54,5
2013-07-08,267.2632688164589,126.24610651576742,2013-06-30,2013-06-28,2013-12-31,93.39999999999999,92.07999999999998,6.609999999999999,55,54,5
2013-07-09,268.89662227243895,127.15468195070744,2013-06-30,2013-06-28,2013-12-31,93.39999999999999,92.07999999999998,6.609999999999999,55,54,5
2013-07-10,269.02598976163034,127.20094401428281,2013-06-30,2013-06-28,2013-12-31,93.39999999999999,92.07999999999998,6.609999999999999,55,54,5
2013-07-11,270.87039657509234,128.93342477194625,2013-06-30,2013-06-28,2013-12-31,93.39999999999999,92.07999999999998,6.609999999999999,55,54,5
2013-07-12,272.3522687138798,128.98734928911588,2013-06-30,2013-06-28,2013-12-31,93.39999999999999,92.07999999999998,6.609999999999999,55,54,5
2013-07-15,272.60816848478504,129.480236616567,2013-06-30,2013-06-28,2013-12-31,93.39999999999999,92.07999999999998,6.609999999999999,55,54,5
2013-07-16,271.39375013904277,128.99510752338009,2013-06-30,2013-06-28,2013-12-31,93.39999999999999,92.07999999999998,6.609999999999999,55,54,5
2013-07-17,270.9047498994313,129.32622129932227,2013-06-30,2013-06-28,2013-12-31,93.39999999999999,92.07999999999998,6.609999999999999,55,54,5
2013-07-18,273.433532227371,130.0346151341121,2013-06-30,2013-06-28,2013-12-31,93.39999999999999,92.07999999999998,6.609999999999999,55,54,5
2013-07-19,271.04529949934795,130.2656381099792,2013-06-30,2013-06-28,2013-12-31,93.39999999999999,92.07999999999998,6.609999999999999,55,54,5
2013-07-22,269.5679480831971,130.51974422729901,2013-06-30,2013-06-28,2013-12-31,93.39999999999999,92.07999999999998,6.609999999999999,55,54,5
2013-07-23,266.87251446790236,130.2425549685265,2013-06-30,2013-06-28,2013-12-31,93.39999999999999,92.07999999999998,6.609999999999999,55,54,5
2013-07-24,263.0496020725936,129.76508832893384,2013-06-30,2013-06-28,2013-12-31,93.39999999999999,92.07999999999998,6.609999999999999,55,54,5
2013-07-25,264.36493487548205,130.08078141701756,2013-06-30,2013-06-28,2013-12-31,93.39999999999999,92.07999999999998,6.609999999999999,55,54,5
2013-07-26,265.38322658157324,130.21937604640382,2013-06-30,2013-06-28,2013-12-31,93.39999999999999,92.07999999999998,6.609999999999999,55,54,5
2013-07-29,263.3117682024743,129.81901284610348,2013-06-30,2013-06-28,2013-12-31,93.39999999999999,92.07999999999998,6.609999999999999,55,54,5
2013-07-30,262.78298638482835,129.81901284610348,2013-06-30,2013-06-28,2013-12-31,93.39999999999999,92.07999999999998,6.609999999999999,55,54,5
2013-07-31,264.9756939897527,129.91144119258428,2013-06-30,2013-06-28,2013-12-31,93.39999999999999,92.07999999999998,6.609999999999999,55,54,5
2013-08-01,268.56812140154216,131.41299475505053,2013-06-30,2013-06-28,2013-12-31,93.39999999999999,92.07999999999998,6.609999999999999,55,54,5
2013-08-02,269.6213150494086,131.63625949665342,2013-06-30,2013-06-28,2013-12-31,93.39999999999999,92.07999999999998,6.609999999999999,55,54,5
2013-08-05,269.90727018403635,131.44374035009753,2013-06-30,2013-06-28,2013-12-31,93.39999999999999,92.07999999999998,6.609999999999999,55,54,5
2013-08-06,266.6672126353932,130.69684268599647,2013-06-30,2013-06-28,2013-12-31,93.39999999999999,92.07999999999998,6.609999999999999,55,54,5
2013-08-07,265.47201225288296,130.27330056357346,2013-06-30,2013-06-28,2013-12-31,93.39999999999999,92.07999999999998,6.609999999999999,55,54,5
2013-08-08,267.76889081363186,130.75076720316613,2013-06-30,2013-06-28,2013-12-31,93.39999999999999,92.07999999999998,6.609999999999999,55,54,5
2013-08-09,267.8876401697161,130.37339136364855,2013-06-30,2013-06-28,2013-12-31,93.39999999999999,92.07999999999998,6.609999999999999,55,54,5
2013-08-12,267.74701649690616,130.21937604640382,2013-06-30,2013-06-28,2013-12-31,93.39999999999999,92.07999999999998,6.609999999999999,55,54,5
2013-08-13,267.5437058008994,130.60441433951567,2013-06-30,2013-06-28,2013-12-31,93.39999999999999,92.07999999999998,6.609999999999999,55,54,5
2013-08-14,266.6366904982307,129.934524334037,2013-06-30,2013-06-28,2013-12-31,93.39999999999999,92.07999999999998,6.609999999999999,55,54,5
2013-08-15,262.9050739793212,128.11727768348703,2013-06-30,2013-06-28,2013-12-31,93.39999999999999,92.07999999999998,6.609999999999999,55,54,5
2013-08-16,263.30764661225845,127.69373556106403,2013-06-30,2013-06-28,2013-12-31,93.39999999999999,92.07999999999998,6.609999999999999,55,54,5
2013-08-19,261.38270700011583,126.87749269193489,2013-06-30,2013-06-28,2013-12-31,93.39999999999999,92.07999999999998,6.609999999999999,55,54,5
2013-08-20,265.48190488481805,127.5012164145081,2013-06-30,2013-06-28,2013-12-31,93.39999999999999,92.07999999999998,6.609999999999999,55,54,5
2013-08-21,263.6157293974636,126.7158149210959,2013-06-30,2013-06-28,2013-12-31,93.39999999999999,92.07999999999998,6.609999999999999,55,54,5
2013-08-22,266.862849795558,127.87083401976149,2013-06-30,2013-06-28,2013-12-31,93.39999999999999,92.07999999999998,6.609999999999999,55,54,5
2013-08-23,266.76975346267005,128.30203859577878,2013-06-30,2013-06-28,2013-12-31,93.39999999999999,92.07999999999998,6.609999999999999,55,54,5
2013-08-26,266.3783687011521,127.82466773685603,2013-06-30,2013-06-28,2013-12-31,93.39999999999999,92.07999999999998,6.609999999999999,55,54,5
2013-08-27,259.722469961607,125.76863987617475,2013-06-30,2013-06-28,2013-12-31,93.39999999999999,92.07999999999998,6.609999999999999,55,54,5
2013-08-28,260.2798433911963,126.21526514005048,2013-06-30,2013-06-28,2013-12-31,93.39999999999999,92.07999999999998,6.609999999999999,55,54,5
2013-08-29,262.5738471409584,126.4154467402007,2013-06-30,2013-06-28,2013-12-31,93.39999999999999,92.07999999999998,6.609999999999999,55,54,5
2013-08-30,258.21791842094837,126.01508353990035,2013-06-30,2013-06-28,2013-12-31,93.39999999999999,92.07999999999998,6.609999999999999,55,54,5
2013-09-03,258.92942246764363,126.58488274530389,2013-06-30,2013-06-28,2013-12-31,93.39999999999999,92.07999999999998,6.609999999999999,55,54,5
2013-09-04,260.34739576046934,127.63214859030012,2013-06-30,2013-06-28,2013-12-31,93.39999999999999,92.07999999999998,6.609999999999999,55,54,5
2013-09-05,261.18593656792046,127.7938263611391,2013-06-30,2013-06-28,2013-12-31,93.39999999999999,92.07999999999998,6.609999999999999,55,54,5
2013-09-06,261.1488391584528,127.855413331903,2013-06-30,2013-06-28,2013-12-31,93.39999999999999,92.07999999999998,6.609999999999999,55,54,5
2013-09-09,264.95159650694774,129.0797776355967,2013-06-30,2013-06-28,2013-12-31,93.39999999999999,92.07999999999998,6.609999999999999,55,54,5
2013-09-10,267.7083106131461,130.0346151341121,2013-06-30,2013-06-28,2013-12-31,93.39999999999999,92.07999999999998,6.609999999999999,55,54,5
2013-09-11,269.01156801490663,130.44273656867665,2013-06-30,2013-06-28,2013-12-31,93.39999999999999,92.07999999999998,6.609999999999999,55,54,5
2013-09-12,269.28053698474577,130.09620210487603,2013-06-30,2013-06-28,2013-12-31,93.39999999999999,92.07999999999998,6.609999999999999,55,54,5
2013-09-13,271.1559506548686,130.38881205150702,2013-06-30,2013-06-28,2013-12-31,93.39999999999999,92.07999999999998,6.609999999999999,55,54,5
2013-09-16,272.125003518384,131.14346794987225,2013-06-30,2013-06-28,2013-12-31,93.39999999999999,92.07999999999998,6.609999999999999,55,54,5
2013-09-17,274.28152731766073,131.72868784313425,2013-06-30,2013-06-28,2013-12-31,93.39999999999999,92.07999999999998,6.609999999999999,55,54,5
2013-09-18,275.8402230369979,133.25332454705324,2013-06-30,2013-06-28,2013-12-31,93.39999999999999,92.07999999999998,6.609999999999999,55,54,5
2013-09-19,274.60370945418174,133.03005980545032,2013-06-30,2013-06-28,2013-12-31,93.39999999999999,92.07999999999998,6.609999999999999,55,54,5
2013-09-20,272.13364309260385,132.0999337197764,2013-06-30,2013-06-28,2013-12-31,93.39999999999999,92.07999999999998,6.609999999999999,55,54,5
2013-09-23,270.6381855210179,131.48856570362398,2013-06-30,2013-06-28,2013-12-31,93.39999999999999,92.07999999999998,6.609999999999999,55,54,5
2013-09-24,271.72086621251356,131.17909835908557,2013-06-30,2013-06-28,2013-12-31,93.39999999999999,92.07999999999998,6.609999999999999,55,54,5
2013-09-25,271.2557295004026,130.79990268683937,2013-06-30,2013-06-28,2013-12-31,93.39999999999999,92.07999999999998,6.609999999999999,55,54,5
2013-09-26,270.5054547969878,131.30294276530287,2013-06-30,2013-06-28,2013-12-31,93.39999999999999,92.07999999999998,6.609999999999999,55,54,5
2013-09-27,270.44898358434364,130.69933298341462,2013-06-30,2013-06-28,2013-12-31,93.39999999999999,92.07999999999998,6.609999999999999,55,54,5
2013-09-30,269.2000235997974,130.00291173236585,2013-06-30,2013-06-28,2013-12-31,93.39999999999999,92.07999999999998,6.609999999999999,55,54,5
2013-10-01,271.98562910764315,131.0320750307456,2013-06-30,2013-06-28,2013-12-31,93.39999999999999,92.07999999999998,6.609999999999999,55,54,5
2013-10-02,271.7955383680634,130.9082306245283,2013-06-30,2013-06-28,2013-12-31,93.39999999999999,92.07999999999998,6.609999999999999,55,54,5
2013-10-03,269.28947301456566,129.70120262209164,2013-06-30,2013-06-28,2013-12-31,93.39999999999999,92.07999999999998,6.609999999999999,55,54,5
2013-10-04,271.6282046873784,130.68391229555615,2013-06-30,2013-06-28,2013-12-31,93.39999999999999,92.07999999999998,6.609999999999999,55,54,5
2013-10-07,268.4661663731681,129.55417929375164,2013-06-30,2013-06-28,2013-12-31,93.39999999999999,92.07999999999998,6.609999999999999,55,54,5
2013-10-08,264.3355838198222,128.04525061970097,2013-06-30,2013-06-28,2013-12-31,93.39999999999999,92.07999999999998,6.609999999999999,55,54,5
2013-10-09,263.7707822017418,128.13815786953143,2013-06-30,2013-06-28,2013-12-31,93.39999999999999,92.07999999999998,6.609999999999999,55,54,5
2013-10-10,267.96051716338286,130.90056817093404,2013-06-30,2013-06-28,2013-12-31,93.39999999999999,92.07999999999998,6.609999999999999,55,54,5
2013-10-11,271.36285632746,131.74391696965287,2013-06-30,2013-06-28,2013-12-31,93.39999999999999,92.07999999999998,6.609999999999999,55,54,5
2013-10-14,271.6257001568962,132.27013597023904,2013-06-30,2013-06-28,2013-12-31,93.39999999999999,92.07999999999998,6.609999999999999,55,54,5
2013-10-15,269.35118971613434,131.31060521889714,2013-06-30,2013-06-28,2013-12-31,93.39999999999999,92.07999999999998,6.609999999999999,55,54,5
2013-10-16,272.10953748751865,133.14451770601465,2013-06-30,2013-06-28,2013-12-31,93.39999999999999,92.07999999999998,6.609999999999999,55,54,5
2013-10-17,273.8887992773249,134.0343201296487,2013-06-30,2013-06-28,2013-12-31,93.39999999999999,92.07999999999998,6.609999999999999,55,54,5
2013-10-18,276.42866293231083,134.93963902181116,2013-06-30,2013-06-28,2013-12-31,93.39999999999999,92.07999999999998,6.609999999999999,55,54,5
2013-10-21,276.98127545091245,134.9473972560754,2013-06-30,2013-06-28,2013-12-31,93.39999999999999,92.07999999999998,6.609999999999999,55,54,5
2013-10-22,277.4995033541724,135.72896752269045,2013-06-30,2013-06-28,2013-12-31,93.39999999999999,92.07999999999998,6.609999999999999,55,54,5
2013-10-23,275.92598765542317,135.0789998965569,2013-06-30,2013-06-28,2013-12-31,93.39999999999999,92.07999999999998,6.609999999999999,55,54,5
2013-10-24,278.39260368281055,135.52773233517104,2013-06-30,2013-06-28,2013-12-31,93.39999999999999,92.07999999999998,6.609999999999999,55,54,5
2013-10-25,279.43205462561326,136.14676280491776,2013-06-30,2013-06-28,2013-12-31,93.39999999999999,92.07999999999998,6.609999999999999,55,54,5
2013-10-28,279.62894738613727,136.3634186802956,2013-06-30,2013-06-28,2013-12-31,93.39999999999999,92.07999999999998,6.609999999999999,55,54,5
2013-10-29,280.6977068348546,137.09077708773125,2013-06-30,2013-06-28,2013-12-31,93.39999999999999,92.07999999999998,6.609999999999999,55,54,5
2013-10-30,279.6380506800678,136.40987230521085,2013-06-30,2013-06-28,2013-12-31,93.39999999999999,92.07999999999998,6.609999999999999,55,54,5
2013-10-31,281.28128229636343,136.02291839870045,2013-06-30,2013-06-28,2013-12-31,93.39999999999999,92.07999999999998,6.609999999999999,55,54,5
2013-11-01,280.8713335920292,136.34799799243717,2013-06-30,2013-06-28,2013-12-31,93.39999999999999,92.07999999999998,6.609999999999999,55,54,5
2013-11-04,282.9671635019142,136.82766758743819,2013-06-30,2013-06-28,2013-12-31,93.39999999999999,92.07999999999998,6.609999999999999,55,54,5
2013-11-05,285.89372617096177,136.39435583668248,2013-06-30,2013-06-28,2013-12-31,93.39999999999999,92.07999999999998,6.609999999999999,55,54,5
2013-11-06,285.7356502210096,137.09077708773125,2013-06-30,2013-06-28,2013-12-31,93.39999999999999,92.07999999999998,6.609999999999999,55,54,5
2013-11-07,280.47182508875505,135.35753008470843,2013-06-30,2013-06-28,2013-12-31,93.39999999999999,92.07999999999998,6.609999999999999,55,54,5
2013-11-08,284.4598076961253,137.18368433756174,2013-06-30,2013-06-28,2013-12-31,93.39999999999999,92.07999999999998,6.609999999999999,55,54,5
2013-11-11,284.7819610174084,137.2068632596844,2013-06-30,2013-06-28,2013-12-31,93.39999999999999,92.07999999999998,6.609999999999999,55,54,5
2013-11-12,285.695003625495,136.92833307153282,2013-06-30,2013-06-28,2013-12-31,93.39999999999999,92.07999999999998,6.609999999999999,55,54,5
2013-11-13,289.2167839158718,138.0270331362806,2013-06-30,2013-06-28,2013-12-31,93.39999999999999,92.07999999999998,6.609999999999999,55,54,5
2013-11-14,289.8716415517844,138.71569615306518,2013-06-30,2013-06-28,2013-12-31,93.39999999999999,92.07999999999998,6.609999999999999,55,54,5
2013-11-15,292.54921694206274,139.31930593495346,2013-06-30,2013-06-28,2013-12-31,93.39999999999999,92.07999999999998,6.609999999999999,55,54,5
2013-11-18,290.8207337765942,138.83178232501828,2013-06-30,2013-06-28,2013-12-31,93.39999999999999,92.07999999999998,6.609999999999999,55,54,5
2013-11-19,290.17957838626364,138.52997743407417,2013-06-30,2013-06-28,2013-12-31,93.39999999999999,92.07999999999998,6.609999999999999,55,54,5
2013-11-20,289.8227477157664,138.09666568331846,2013-06-30,2013-06-28,2013-12-31,93.39999999999999,92.07999999999998,6.609999999999999,55,54,5
2013-11-21,295.78279258110547,139.2109779972645,2013-06-30,2013-06-28,2013-12-31,93.39999999999999,92.07999999999998,6.609999999999999,55,54,5
2013-11-22,297.81518147726723,139.9073034676434,2013-06-30,2013-06-28,2013-12-31,93.39999999999999,92.07999999999998,6.609999999999999,55,54,5
2013-11-25,297.91399753020846,139.7680383735676,2013-06-30,2013-06-28,2013-12-31,93.39999999999999,92.07999999999998,6.609999999999999,55,54,5
2013-11-26,298.8161866440927,139.80673376421865,2013-06-30,2013-06-28,2013-12-31,93.39999999999999,92.07999999999998,6.609999999999999,55,54,5
2013-11-27,300.16113266072307,140.14723404581383,2013-06-30,2013-06-28,2013-12-31,93.39999999999999,92.07999999999998,6.609999999999999,55,54,5
2013-11-29,300.2167789575964,140.05432679598334,2013-06-30,2013-06-28,2013-12-31,93.39999999999999,92.07999999999998,6.609999999999999,55,54,5
2013-12-02,296.5231497069762,139.69064759226552,2013-06-30,2013-06-28,2013-12-31,93.39999999999999,92.07999999999998,6.609999999999999,55,54,5
2013-12-03,293.2168133879389,139.0871335910472,2013-06-30,2013-06-28,2013-12-31,93.39999999999999,92.07999999999998,6.609999999999999,55,54,5
2013-12-04,292.65839340260635,139.0716171225188,2013-06-30,2013-06-28,2013-12-31,93.39999999999999,92.07999999999998,6.609999999999999,55,54,5
2013-12-05,292.06381226836885,138.46034488703629,2013-06-30,2013-06-28,2013-12-31,93.39999999999999,92.07999999999998,6.609999999999999,55,54,5
2013-12-06,295.27547769267187,140.00796895173804,2013-06-30,2013-06-28,2013-12-31,93.39999999999999,92.07999999999998,6.609999999999999,55,54,5
2013-12-09,294.57598210896833,140.36388992119169,2013-06-30,2013-06-28,2013-12-31,93.39999999999999,92.07999999999998,6.609999999999999,55,54,5
2013-12-10,291.52671923902915,139.8609456233981,2013-06-30,2013-06-28,2013-12-31,93.39999999999999,92.07999999999998,6.609999999999999,55,54,5
2013-12-11,287.2562694031552,138.29014263657368,2013-06-30,2013-06-28,2013-12-31,93.39999999999999,92.07999999999998,6.609999999999999,55,54,5
2013-12-12,286.7019682165176,137.8336519636953,2013-06-30,2013-06-28,2013-12-31,93.39999999999999,92.07999999999998,6.609999999999999,55,54,5
2013-12-13,287.6503991511091,137.8181354951669,2013-06-30,2013-06-28,2013-12-31,93.39999999999999,92.07999999999998,6.609999999999999,55,54,5
2013-12-16,291.175486686056,138.67700076241414,2013-06-30,2013-06-28,2013-12-31,93.39999999999999,92.07999999999998,6.609999999999999,55,54,5
2013-12-17,290.12479967262067,138.23602655806417,2013-06-30,2013-06-28,2013-12-31,93.39999999999999,92.07999999999998,6.609999999999999,55,54,5
2013-12-18,293.75312096544445,140.59596648442798,2013-06-30,2013-06-28,2013-12-31,93.39999999999999,92.07999999999998,6.609999999999999,55,54,5
2013-12-19,291.51489130387813,140.43352246822957,2013-06-30,2013-06-28,2013-12-31,93.39999999999999,92.07999999999998,6.609999999999999,55,54,5
2013-12-20,295.88134355889946,141.25062736338805,2013-06-30,2013-06-28,2013-12-31,93.39999999999999,92.07999999999998,6.609999999999999,55,54,5
2013-12-23,299.5360252124208,142.00528326175325,2013-06-30,2013-06-28,2013-12-31,93.39999999999999,92.07999999999998,6.609999999999999,55,54,5
2013-12-24,300.2748941713114,142.31647465835036,2013-06-30,2013-06-28,2013-12-31,93.39999999999999,92.07999999999998,6.609999999999999,55,54,5
2013-12-26,301.35623427688165,143.04000183898887,2013-06-30,2013-06-28,2013-12-31,93.39999999999999,92.07999999999998,6.609999999999999,55,54,5
2013-12-27,299.60558307764865,143.03214782405476,2013-06-30,2013-06-28,2013-12-31,93.39999999999999,92.07999999999998,6.609999999999999,55,54,5
2013-12-30,300.1322738170222,143.00887312126216,2013-06-30,2013-06-28,2013-12-31,93.39999999999999,92.07999999999998,6.609999999999999,55,54,5
2013-12-31,299.71734077126877,143.68565933497567,2013-06-30,2013-06-28,2013-12-31,93.39999999999999,92.07999999999998,6.609999999999999,55,54,5
2014-01-02,297.45356407145215,142.30862064341622,2013-12-31,2013-12-31,2014-06-30,92.04000000000008,92.04000000000008,7.800000000000001,59,59,5
2014-01-03,297.33874221316665,142.28534594062364,2013-12-31,2013-12-31,2014-06-30,92.04000000000008,92.04000000000008,7.800000000000001,59,59,5
2014-01-06,293.84673214768696,141.87301015658227,2013-12-31,2013-12-31,2014-06-30,92.04000000000008,92.04000000000008,7.800000000000001,59,59,5
2014-01-07,294.90100566071607,142.74432691092017,2013-12-31,2013-12-31,2014-06-30,92.04000000000008,92.04000000000008,7.800000000000001,59,59,5
2014-01-08,295.10309032579863,142.77545562864685,2013-12-31,2013-12-31,2014-06-30,92.04000000000008,92.04000000000008,7.800000000000001,59,59,5
2014-01-09,294.0160485021541,142.86884178182697,2013-12-31,2013-12-31,2014-06-30,92.04000000000008,92.04000000000008,7.800000000000001,59,59,5
2014-01-10,292.94725969876157,143.25780708240586,2013-12-31,2013-12-31,2014-06-30,92.04000000000008,92.04000000000008,7.800000000000001,59,59,5
2014-01-13,288.9780700528439,141.35177175083234,2013-12-31,2013-12-31,2014-06-30,92.04000000000008,92.04000000000008,7.800000000000001,59,59,5
2014-01-14,292.62988021502326,142.89211648461955,2013-12-31,2013-12-31,2014-06-30,92.04000000000008,92.04000000000008,7.800000000000001,59,59,5
2014-01-15,294.73532737032656,143.6623846321831,2013-12-31,2013-12-31,2014-06-30,92.04000000000008,92.04000000000008,7.800000000000001,59,59,5
2014-01-16,294.64328218793935,143.47561232582285,2013-12-31,2013-12-31,2014-06-30,92.04000000000008,92.04000000000008,7.800000000000001,59,59,5
2014-01-17,292.43573682137276,142.86884178182697,2013-12-31,2013-12-31,2014-06-30,92.04000000000008,92.04000000000008,7.800000000000001,59,59,5
2014-01-21,292.5012034711483,143.28893580013258,2013-12-31,2013-12-31,2014-06-30,92.04000000000008,92.04000000000008,7.800000000000001,59,59,5
2014-01-22,295.29777422746275,143.38222617264276,2013-12-31,2013-12-31,2014-06-30,92.04000000000008,92.04000000000008,7.800000000000001,59,59,5
2014-01-23,292.9162230839067,142.20747625597195,2013-12-31,2013-12-31,2014-06-30,92.04000000000008,92.04000000000008,7.800000000000001,59,59,5
2014-01-24,287.24597033925187,139.1733361939827,2013-12-31,2013-12-31,2014-06-30,92.04000000000008,92.04000000000008,7.800000000000001,59,59,5
2014-01-27,284.3828079556058,138.48879174600498,2013-12-31,2013-12-31,2014-06-30,92.04000000000008,92.04000000000008,7.800000000000001,59,59,5
2014-01-28,285.1231085027669,139.3134633140878,2013-12-31,2013-12-31,2014-06-30,92.04000000000008,92.04000000000008,7.800000000000001,59,59,5
2014-01-29,281.307895813352,137.9753115745193,2013-12-31,2013-12-31,2014-06-30,92.04000000000008,92.04000000000008,7.800000000000001,59,59,5
2014-01-30,284.61566955543884,139.43788240432468,2013-12-31,2013-12-31,2014-06-30,92.04000000000008,92.04000000000008,7.800000000000001,59,59,5
2014-01-31,283.6395754048849,138.62096907050608,2013-12-31,2013-12-31,2014-06-30,92.04000000000008,92.04000000000008,7.800000000000001,59,59,5
2014-02-03,275.35676782638694,135.50129687027086,2013-12-31,2013-12-31,2014-06-30,92.04000000000008,92.04000000000008,7.800000000000001,59,59,5
2014-02-04,278.11888746662805,136.45048330926045,2013-12-31,2013-12-31,2014-06-30,92.04000000000008,92.04000000000008,7.800000000000001,59,59,5
2014-02-05,275.81353877864814,136.27932325209858,2013-12-31,2013-12-31,2014-06-30,92.04000000000008,92.04000000000008,7.800000000000001,59,59,5
2014-02-06,280.85233819566037,138.07645596196357,2013-12-31,2013-12-31,2014-06-30,92.04000000000008,92.04000000000008,7.800000000000001,59,59,5
2014-02-07,284.64236564217634,139.78796075291268,2013-12-31,2013-12-31,2014-06-30,92.04000000000008,92.04000000000008,7.800000000000001,59,59,5
2014-02-10,287.56614424146665,140.0447487289905,2013-12-31,2013-12-31,2014-06-30,92.04000000000008,92.04000000000008,7.800000000000001,59,59,5
2014-02-11,289.96847019005645,141.57733522851353,2013-12-31,2013-12-31,2014-06-30,92.04000000000008,92.04000000000008,7.800000000000001,59,59,5
2014-02-12,289.43448459409547,141.64735089823114,2013-12-31,2013-12-31,2014-06-30,92.04000000000008,92.04000000000008,7.800000000000001,59,59,5
2014-02-13,291.30119190985,142.37863631313382,2013-12-31,2013-12-31,2014-06-30,92.04000000000008,92.04000000000008,7.800000000000001,59,59,5
2014-02-14,291.87307286723285,143.16442092922577,2013-12-31,2013-12-31,2014-06-30,92.04000000000008,92.04000000000008,7.800000000000001,59,59,5
2014-02-18,292.3394274436519,143.33558098638767,2013-12-31,2013-12-31,2014-06-30,92.04000000000008,92.04000000000008,7.800000000000001,59,59,5
2014-02-19,290.32593039875377,142.38649032806794,2013-12-31,2013-12-31,2014-06-30,92.04000000000008,92.04000000000008,7.800000000000001,59,59,5
2014-02-20,293.3787976031431,143.22667836467917,2013-12-31,2013-12-31,2014-06-30,92.04000000000008,92.04000000000008,7.800000000000001,59,59,5
2014-02-21,294.1651841653821,143.06327654178145,2013-12-31,2013-12-31,2014-06-30,92.04000000000008,92.04000000000008,7.800000000000001,59,59,5
2014-02-24,296.3659164388829,143.85681939213754,2013-12-31,2013-12-31,2014-06-30,92.04000000000008,92.04000000000008,7.800000000000001,59,59,5
2014-02-25,297.4903519319492,143.8024159716183,2013-12-31,2013-12-31,2014-06-30,92.04000000000008,92.04000000000008,7.800000000000001,59,59,5
2014-02-26,299.47890378474295,143.81017420588248,2013-12-31,2013-12-31,2014-06-30,92.04000000000008,92.04000000000008,7.800000000000001,59,59,5
2014-02-27,300.48654658893304,144.5648301042477,2013-12-31,2013-12-31,2014-06-30,92.04000000000008,92.04000000000008,7.800000000000001,59,59,5
2014-02-28,300.1648771655393,144.93042492136408,2013-12-31,2013-12-31,2014-06-30,92.04000000000008,92.04000000000008,7.800000000000001,59,59,5
2014-03-03,297.54392224186523,143.91131859332677,2013-12-31,2013-12-31,2014-06-30,92.04000000000008,92.04000000000008,7.800000000000001,59,59,5
2014-03-04,301.0697065548866,145.93401478087299,2013-12-31,2013-12-31,2014-06-30,92.04000000000008,92.04000000000008,7.800000000000001,59,59,5
2014-03-05,299.8678529413807,146.066287886044,2013-12-31,2013-12-31,2014-06-30,92.04000000000008,92.04000000000008,7.800000000000001,59,59,5
2014-03-06,300.77484448981744,146.40084976610362,2013-12-31,2013-12-31,2014-06-30,92.04000000000008,92.04000000000008,7.800000000000001,59,59,5
2014-03-07,302.9146901553064,146.46310720155702,2013-12-31,2013-12-31,2014-06-30,92.04000000000008,92.04000000000008,7.800000000000001,59,59,5
2014-03-10,302.2571401314489,146.38523751690528,2013-12-31,2013-12-31,2014-06-30,92.04000000000008,92.04000000000008,7.800000000000001,59,59,5
2014-03-11,301.16027334507305,145.6617103362668,2013-12-31,2013-12-31,2014-06-30,92.04000000000008,92.04000000000008,7.800000000000001,59,59,5
2014-03-12,302.95100027701983,145.70069306892762,2013-12-31,2013-12-31,2014-06-30,92.04000000000008,92.04000000000008,7.800000000000001,59,59,5
2014-03-13,298.4910644658923,144.06686640129035,2013-12-31,2013-12-31,2014-06-30,92.04000000000008,92.04000000000008,7.800000000000001,59,59,5
2014-03-14,300.4187542998559,143.6623846321831,2013-12-31,2013-12-31,2014-06-30,92.04000000000008,92.04000000000008,7.800000000000001,59,59,5
2014-03-17,302.39587792119795,144.96155363909077,2013-12-31,2013-12-31,2014-06-30,92.04000000000008,92.04000000000008,7.800000000000001,59,59,5
2014-03-18,304.1250819482397,145.9962722163264,2013-12-31,2013-12-31,2014-06-30,92.04000000000008,92.04000000000008,7.800000000000001,59,59,5
2014-03-19,301.4518887145369,145.2183416151686,2013-12-31,2013-12-31,2014-06-30,92.04000000000008,92.04000000000008,7.800000000000001,59,59,5
2014-03-20,302.482202035904,146.066287886044,2013-12-31,2013-12-31,2014-06-30,92.04000000000008,92.04000000000008,7.800000000000001,59,59,5
2014-03-21,302.252666908707,145.4994578814082,2013-12-31,2013-12-31,2014-06-30,92.04000000000008,92.04000000000008,7.800000000000001,59,59,5
2014-03-24,297.8806922793151,144.8977637129185,2013-12-31,2013-12-31,2014-06-30,92.04000000000008,92.04000000000008,7.800000000000001,59,59,5
2014-03-25,297.293477177061,145.58546892300384,2013-12-31,2013-12-31,2014-06-30,92.04000000000008,92.04000000000008,7.800000000000001,59,59,5
2014-03-26,293.31622168811697,144.53829885867754,2013-12-31,2013-12-31,2014-06-30,92.04000000000008,92.04000000000008,7.800000000000001,59,59,5
2014-03-27,291.69548259736234,144.23362054763558,2013-12-31,2013-12-31,2014-06-30,92.04000000000008,92.04000000000008,7.800000000000001,59,59,5
2014-03-28,293.53494645169275,144.9446962411834,2013-12-31,2013-12-31,2014-06-30,92.04000000000008,92.04000000000008,7.800000000000001,59,59,5
2014-03-31,296.06148894388286,146.13237654829453,2013-12-31,2013-12-31,2014-06-30,92.04000000000008,92.04000000000008,7.800000000000001,59,59,5
2014-04-01,300.30838199484856,147.10138958595934,2013-12-31,2013-12-31,2014-06-30,92.04000000000008,92.04000000000008,7.800000000000001,59,59,5
2014-04-02,300.9153853762214,147.59370222939089,2013-12-31,2013-12-31,2014-06-30,92.04000000000008,92.04000000000008,7.800000000000001,59,59,5
2014-04-03,298.4814955892346,147.39830966273712,2013-12-31,2013-12-31,2014-06-30,92.04000000000008,92.04000000000008,7.800000000000001,59,59,5
2014-04-04,293.4478892694227,145.65577193473126,2013-12-31,2013-12-31,2014-06-30,92.04000000000008,92.04000000000008,7.800000000000001,59,59,5
2014-04-07,287.8198598174975,144.04608199591593,2013-12-31,2013-12-31,2014-06-30,92.04000000000008,92.04000000000008,7.800000000000001,59,59,5
2014-04-08,290.96997855731234,144.6399221494715,2013-12-31,2013-12-31,2014-06-30,92.04000000000008,92.04000000000008,7.800000000000001,59,59,5
2014-04-09,294.75440090126546,146.19492132575772,2013-12-31,2013-12-31,2014-06-30,92.04000000000008,92.04000000000008,7.800000000000001,59,59,5
2014-04-10,289.9245594953294,143.124001486516,2013-12-31,2013-12-31,2014-06-30,92.04000000000008,92.04000000000008,7.800000000000001,59,59,5
2014-04-11,287.23308134987633,141.83460210794098,2013-12-31,2013-12-31,2014-06-30,92.04000000000008,92.04000000000008,7.800000000000001,59,59,5
2014-04-14,289.5214837524123,142.95207518399468,2013-12-31,2013-12-31,2014-06-30,92.04000000000008,92.04000000000008,7.800000000000001,59,59,5
2014-04-15,289.3272973928338,143.93660469018786,2013-12-31,2013-12-31,2014-06-30,92.04000000000008,92.04000000000008,7.800000000000001,59,59,5
2014-04-16,290.96958094827005,145.44476711887916,2013-12-31,2013-12-31,2014-06-30,92.04000000000008,92.04000000000008,7.800000000000001,59,59,5
2014-04-17,290.33222978043034,145.6479179197971,2013-12-31,2013-12-31,2014-06-30,92.04000000000008,92.04000000000008,7.800000000000001,59,59,5
2014-04-21,290.77132651918663,146.15584281242698,2013-12-31,2013-12-31,2014-06-30,92.04000000000008,92.04000000000008,7.800000000000001,59,59,5
2014-04-22,294.0458640207721,146.82008175837987,2013-12-31,2013-12-31,2014-06-30,92.04000000000008,92.04000000000008,7.800000000000001,59,59,5
2014-04-23,290.20409209971393,146.47622915333721,2013-12-31,2013-12-31,2014-06-30,92.04000000000008,92.04000000000008,7.800000000000001,59,59,5
2014-04-24,290.53532991240326,146.77314923011497,2013-12-31,2013-12-31,2014-06-30,92.04000000000008,92.04000000000008,7.800000000000001,59,59,5
2014-04-25,287.8474187766983,145.5697608931356,2013-12-31,2013-12-31,2014-06-30,92.04000000000008,92.04000000000008,7.800000000000001,59,59,5
2014-04-28,286.03410609151314,146.03084903817052,2013-12-31,2013-12-31,2014-06-30,92.04000000000008,92.04000000000008,7.800000000000001,59,59,5
2014-04-29,288.0019458393377,146.71070023332172,2013-12-31,2013-12-31,2014-06-30,92.04000000000008,92.04000000000008,7.800000000000001,59,59,5
2014-04-30,288.48396180517756,147.14822633355428,2013-12-31,2013-12-31,2014-06-30,92.04000000000008,92.04000000000008,7.800000000000001,59,59,5
2014-05-01,289.02128797348075,147.16393436342256,2013-12-31,2013-12-31,2014-06-30,92.04000000000008,92.04000000000008,7.800000000000001,59,59,5
2014-05-02,291.5850988619886,146.95292954757045,2013-12-31,2013-12-31,2014-06-30,92.04000000000008,92.04000000000008,7.800000000000001,59,59,5
2014-05-05,290.7023208600427,147.23423737514992,2013-12-31,2013-12-31,2014-06-30,92.04000000000008,92.04000000000008,7.800000000000001,59,59,5
2014-05-06,288.10208519992,145.95269201150901,2013-12-31,2013-12-31,2014-06-30,92.04000000000008,92.04000000000008,7.800000000000001,59,59,5
2014-05-07,287.51535845916044,146.81222774344573,2013-12-31,2013-12-31,2014-06-30,92.04000000000008,92.04000000000008,7.800000000000001,59,59,5
2014-05-08,286.0180996879696,146.65600947079264,2013-12-31,2013-12-31,2014-06-30,92.04000000000008,92.04000000000008,7.800000000000001,59,59,5
2014-05-09,287.29269002437223,146.87477252090892,2013-12-31,2013-12-31,2014-06-30,92.04000000000008,92.04000000000008,7.800000000000001,59,59,5
2014-05-12,292.35509479168553,148.3047779229387,2013-12-31,2013-12-31,2014-06-30,92.04000000000008,92.04000000000008,7.800000000000001,59,59,5
2014-05-13,290.7427787008716,148.4376257121293,2013-12-31,2013-12-31,2014-06-30,92.04000000000008,92.04000000000008,7.800000000000001,59,59,5
2014-05-14,286.79219075134984,147.73430825284566,2013-12-31,2013-12-31,2014-06-30,92.04000000000008,92.04000000000008,7.800000000000001,59,59,5
2014-05-15,285.0122928694881,146.43715064000645,2013-12-31,2013-12-31,2014-06-30,92.04000000000008,92.04000000000008,7.800000000000001,59,59,5
2014-05-16,286.39861449416725,146.94507553263628,2013-12-31,2013-12-31,2014-06-30,92.04000000000008,92.04000000000008,7.800000000000001,59,59,5
2014-05-19,288.3455484225068,147.48422492366282,2013-12-31,2013-12-31,2014-06-30,92.04000000000008,92.04000000000008,7.800000000000001,59,59,5
2014-05-20,285.253479275168,146.55438617999872,2013-12-31,2013-12-31,2014-06-30,92.04000000000008,92.04000000000008,7.800000000000001,59,59,5
2014-05-21,287.65263116036294,147.7889990153747,2013-12-31,2013-12-31,2014-06-30,92.04000000000008,92.04000000000008,7.800000000000001,59,59,5
2014-05-22,289.8060951140488,148.1484638696157,2013-12-31,2013-12-31,2014-06-30,92.04000000000008,92.04000000000008,7.800000000000001,59,59,5
2014-05-23,291.2230445191948,148.74230402317127,2013-12-31,2013-12-31,2014-06-30,92.04000000000008,92.04000000000008,7.800000000000001,59,59,5
2014-05-27,294.5511901214979,149.656626298307,2013-12-31,2013-12-31,2014-06-30,92.04000000000008,92.04000000000008,7.800000000000001,59,59,5
2014-05-28,293.3906285292714,149.54724477324885,2013-12-31,2013-12-31,2014-06-30,92.04000000000008,92.04000000000008,7.800000000000001,59,59,5
2014-05-29,294.8725377238923,150.32076946358995,2013-12-31,2013-12-31,2014-06-30,92.04000000000008,92.04000000000008,7.800000000000001,59,59,5
2014-05-30,295.9628365104595,150.56309455850857,2013-12-31,2013-12-31,2014-06-30,92.04000000000008,92.04000000000008,7.800000000000001,59,59,5
2014-06-02,296.09115400774317,150.73492508036,2013-12-31,2013-12-31,2014-06-30,92.04000000000008,92.04000000000008,7.800000000000001,59,59,5
2014-06-03,294.1097968440931,150.6568638343684,2013-12-31,2013-12-31,2014-06-30,92.04000000000008,92.04000000000008,7.800000000000001,59,59,5
2014-06-04,295.8922899933068,150.9615421454104,2013-12-31,2013-12-31,2014-06-30,92.04000000000008,92.04000000000008,7.800000000000001,59,59,5
2014-06-05,299.23626249464667,151.94616743227348,2013-12-31,2013-12-31,2014-06-30,92.04000000000008,92.04000000000008,7.800000000000001,59,59,5
2014-06-06,300.87091297257183,152.67285537501965,2013-12-31,2013-12-31,2014-06-30,92.04000000000008,92.04000000000008,7.800000000000001,59,59,5
2014-06-09,301.31826404940415,152.82916942834265,2013-12-31,2013-12-31,2014-06-30,92.04000000000008,92.04000000000008,7.800000000000001,59,59,5
2014-06-10,299.2474454053143,152.84478167754096,2013-12-31,2013-12-31,2014-06-30,92.04000000000008,92.04000000000008,7.800000000000001,59,59,5
2014-06-11,298.1583173203316,152.31339052077865,2013-12-31,2013-12-31,2014-06-30,92.04000000000008,92.04000000000008,7.800000000000001,59,59,5
2014-06-12,295.1023268229937,151.23509173872566,2013-12-31,2013-12-31,2014-06-30,92.04000000000008,92.04000000000008,7.800000000000001,59,59,5
2014-06-13,294.7235792747498,151.69608410309067,2013-12-31,2013-12-31,2014-06-30,92.04000000000008,92.04000000000008,7.800000000000001,59,59,5
2014-06-16,294.3064201957233,151.8210778773471,2013-12-31,2013-12-31,2014-06-30,92.04000000000008,92.04000000000008,7.800000000000001,59,59,5
2014-06-17,296.434230692356,152.2430875090513,2013-12-31,2013-12-31,2014-06-30,92.04000000000008,92.04000000000008,7.800000000000001,59,59,5
2014-06-18,298.84872310709375,153.36056058510496,2013-12-31,2013-12-31,2014-06-30,92.04000000000008,92.04000000000008,7.800000000000001,59,59,5
2014-06-19,298.9927471399353,153.53239110695637,2013-12-31,2013-12-31,2014-06-30,92.04000000000008,92.04000000000008,7.800000000000001,59,59,5
2014-06-20,299.490587757184,153.84386984556326,2013-12-31,2013-12-31,2014-06-30,92.04000000000008,92.04000000000008,7.800000000000001,59,59,5
2014-06-23,299.3431642084956,153.7967457559585,2013-12-31,2013-12-31,2014-06-30,92.04000000000008,92.04000000000008,7.800000000000001,59,59,5
2014-06-24,297.4004331777752,152.8702593357419,2013-12-31,2013-12-31,2014-06-30,92.04000000000008,92.04000000000008,7.800000000000001,59,59,5
2014-06-25,299.5510445473085,153.56122108860478,2013-12-31,2013-12-31,2014-06-30,92.04000000000008,92.04000000000008,7.800000000000001,59,59,5
2014-06-26,299.5913753423002,153.45126487952706,2013-12-31,2013-12-31,2014-06-30,92.04000000000008,92.04000000000008,7.800000000000001,59,59,5
2014-06-27,300.70558410160413,153.7497174470237,2013-12-31,2013-12-31,2014-06-30,92.04000000000008,92.04000000000008,7.800000000000001,59,59,5
2014-06-30,301.6064405549335,153.6711772976825,2013-12-31,2013-12-31,2014-06-30,92.04000000000008,92.04000000000008,7.800000000000001,59,59,5
2014-07-01,303.063684868508,154.69967013137278,2014-06-30,2014-06-30,2014-12-31,92.37999999999992,92.37999999999992,7.45,62,62,5
2014-07-02,302.0542319486958,154.85675043005523,2014-06-30,2014-06-30,2014-12-31,92.37999999999992,92.37999999999992,7.45,62,62,5
2014-07-03,304.08513218680343,155.61830253665528,2014-06-30,2014-06-30,2014-12-31,92.37999999999992,92.37999999999992,7.45,62,62,5
2014-07-07,301.2569762039342,155.07656706754068,2014-06-30,2014-06-30,2014-12-31,92.37999999999992,92.37999999999992,7.45,62,62,5
2014-07-08,298.6623825438625,154.07939451291696,2014-06-30,2014-06-30,2014-12-31,92.37999999999992,92.37999999999992,7.45,62,62,5
2014-07-09,299.86981204509385,154.7703562657799,2014-06-30,2014-06-30,2014-12-31,92.37999999999992,92.37999999999992,7.45,62,62,5
2014-07-10,296.2437504014532,154.1579346622582,2014-06-30,2014-06-30,2014-12-31,92.37999999999992,92.37999999999992,7.45,62,62,5
2014-07-11,294.78910174683665,154.36989728480955,2014-06-30,2014-06-30,2014-12-31,92.37999999999992,92.37999999999992,7.45,62,62,5
2014-07-14,294.8416644193362,155.1472532019478,2014-06-30,2014-06-30,2014-12-31,92.37999999999992,92.37999999999992,7.45,62,62,5
2014-07-15,293.1536365520564,154.85675043005523,2014-06-30,2014-06-30,2014-12-31,92.37999999999992,92.37999999999992,7.45,62,62,5
2014-07-16,292.2959389749929,155.4299019589063,2014-06-30,2014-06-30,2014-12-31,92.37999999999992,92.37999999999992,7.45,62,62,5
2014-07-17,288.9516136325557,153.6633232827484,2014-06-30,2014-06-30,2014-12-31,92.37999999999992,92.37999999999992,7.45,62,62,5
2014-07-18,292.0215886553474,155.23364736622315,2014-06-30,2014-06-30,2014-12-31,92.37999999999992,92.37999999999992,7.45,62,62,5
2014-07-21,290.0366630589154,154.94314459433056,2014-06-30,2014-06-30,2014-12-31,92.37999999999992,92.37999999999992,7.45,62,62,5
2014-07-22,291.99861256441625,155.61830253665528,2014-06-30,2014-06-30,2014-12-31,92.37999999999992,92.37999999999992,7.45,62,62,5
2014-07-23,292.92722740951905,155.96378341308673,2014-06-30,2014-06-30,2014-12-31,92.37999999999992,92.37999999999992,7.45,62,62,5
2014-07-24,292.9664598019545,155.9716374280208,2014-06-30,2014-06-30,2014-12-31,92.37999999999992,92.37999999999992,7.45,62,62,5
2014-07-25,291.7637284259521,155.24150138115726,2014-06-30,2014-06-30,2014-12-31,92.37999999999992,92.37999999999992,7.45,62,62,5
2014-07-28,290.6362181319468,155.30423771996033,2014-06-30,2014-06-30,2014-12-31,92.37999999999992,92.37999999999992,7.45,62,62,5
2014-07-29,291.40249755622847,154.63693379256972,2014-06-30,2014-06-30,2014-12-31,92.37999999999992,92.37999999999992,7.45,62,62,5
2014-07-30,290.0532254248035,154.66049583737208,2014-06-30,2014-06-30,2014-12-31,92.37999999999992,92.37999999999992,7.45,62,62,5
2014-07-31,285.6758669443311,151.60614605402796,2014-06-30,2014-06-30,2014-12-31,92.37999999999992,92.37999999999992,7.45,62,62,5
2014-08-01,284.0499234962118,151.1429507342546,2014-06-30,2014-06-30,2014-12-31,92.37999999999992,92.37999999999992,7.45,62,62,5
2014-08-04,286.3285715581119,152.23427568741786,2014-06-30,2014-06-30,2014-12-31,92.37999999999992,92.37999999999992,7.45,62,62,5
2014-08-05,285.1857440667206,150.75819978315258,2014-06-30,2014-06-30,2014-12-31,92.37999999999992,92.37999999999992,7.45,62,62,5
2014-08-06,285.60122654595733,150.8053238727573,2014-06-30,2014-06-30,2014-12-31,92.37999999999992,92.37999999999992,7.45,62,62,5
2014-08-07,286.4365352486435,149.98879366161842,2014-06-30,2014-06-30,2014-12-31,92.37999999999992,92.37999999999992,7.45,62,62,5
2014-08-08,289.0747379620527,151.7239562780398,2014-06-30,2014-06-30,2014-12-31,92.37999999999992,92.37999999999992,7.45,62,62,5
2014-08-11,292.8419415944316,152.16368533368072,2014-06-30,2014-06-30,2014-12-31,92.37999999999992,92.37999999999992,7.45,62,62,5
2014-08-12,291.78600148429854,151.9516269304594,2014-06-30,2014-06-30,2014-12-31,92.37999999999992,92.37999999999992,7.45,62,62,5
2014-08-13,293.7118908825423,152.98021554481963,2014-06-30,2014-06-30,2014-12-31,92.37999999999992,92.37999999999992,7.45,62,62,5
2014-08-14,293.24303871849264,153.70259335741898,2014-06-30,2014-06-30,2014-12-31,92.37999999999992,92.37999999999992,7.45,62,62,5
2014-08-15,292.5451806706363,153.6711772976825,2014-06-30,2014-06-30,2014-12-31,92.37999999999992,92.37999999999992,7.45,62,62,5
2014-08-18,296.27939760698814,154.95885262419878,2014-06-30,2014-06-30,2014-12-31,92.37999999999992,92.37999999999992,7.45,62,62,5
2014-08-19,297.2788192330037,155.76752882040358,2014-06-30,2014-06-30,2014-12-31,92.37999999999992,92.37999999999992,7.45,62,62,5
2014-08-20,295.8279979978285,156.18369583124212,2014-06-30,2014-06-30,2014-12-31,92.37999999999992,92.37999999999992,7.45,62,62,5
2014-08-21,296.28797059707637,156.63903713608136,2014-06-30,2014-06-30,2014-12-31,92.37999999999992,92.37999999999992,7.45,62,62,5
2014-08-22,296.77085088459165,156.39565845379352,2014-06-30,2014-06-30,2014-12-31,92.37999999999992,92.37999999999992,7.45,62,62,5
2014-08-25,299.642456265783,157.18862662013004,2014-06-30,2014-06-30,2014-12-31,92.37999999999992,92.37999999999992,7.45,62,62,5
2014-08-26,301.52176232661213,157.29072881427362,2014-06-30,2014-06-30,2014-12-31,92.37999999999992,92.37999999999992,7.45,62,62,5
2014-08-27,301.6616924070299,157.22789669480065,2014-06-30,2014-06-30,2014-12-31,92.37999999999992,92.37999999999992,7.45,62,62,5
2014-08-28,303.0744459910213,157.14159831119522,2014-06-30,2014-06-30,2014-12-31,92.37999999999992,92.37999999999992,7.45,62,62,5
2014-08-29,304.5834714892937,157.58908560110035,2014-06-30,2014-06-30,2014-12-31,92.37999999999992,92.37999999999992,7.45,62,62,5
2014-09-02,304.7112943048964,157.5105454517591,2014-06-30,2014-06-30,2014-12-31,92.37999999999992,92.37999999999992,7.45,62,62,5
2014-09-03,303.895249397721,157.42424706815373,2014-06-30,2014-06-30,2014-12-31,92.37999999999992,92.37999999999992,7.45,62,62,5
2014-09-04,304.4671827104067,157.19648063506415,2014-06-30,2014-06-30,2014-12-31,92.37999999999992,92.37999999999992,7.45,62,62,5
2014-09-05,306.1161378405045,157.9031504177953,2014-06-30,2014-06-30,2014-12-31,92.37999999999992,92.37999999999992,7.45,62,62,5
2014-09-08,306.861821757783,157.49483742189085,2014-06-30,2014-06-30,2014-12-31,92.37999999999992,92.37999999999992,7.45,62,62,5
2014-09-09,303.64168474364135,156.49776064793707,2014-06-30,2014-06-30,2014-12-31,92.37999999999992,92.37999999999992,7.45,62,62,5
2014-09-10,304.29773838016723,157.0866202066564,2014-06-30,2014-06-30,2014-12-31,92.37999999999992,92.37999999999992,7.45,62,62,5
2014-09-11,305.9766457393491,157.26716676947126,2014-06-30,2014-06-30,2014-12-31,92.37999999999992,92.37999999999992,7.45,62,62,5
2014-09-12,304.6597897354182,156.34853436418877,2014-06-30,2014-06-30,2014-12-31,92.37999999999992,92.37999999999992,7.45,62,62,5
2014-09-15,303.93398343955676,156.23072414017693,2014-06-30,2014-06-30,2014-12-31,92.37999999999992,92.37999999999992,7.45,62,62,5
2014-09-16,305.4462977680706,157.40853903828545,2014-06-30,2014-06-30,2014-12-31,92.37999999999992,92.37999999999992,7.45,62,62,5
2014-09-17,305.9726086027262,157.62050166083682,2014-06-30,2014-06-30,2014-12-31,92.37999999999992,92.37999999999992,7.45,62,62,5
2014-09-18,308.3599594115521,158.46059391677812,2014-06-30,2014-06-30,2014-12-31,92.37999999999992,92.37999999999992,7.45,62,62,5
2014-09-19,307.5991138490573,158.31797649925485,2014-06-30,2014-06-30,2014-12-31,92.37999999999992,92.37999999999992,7.45,62,62,5
2014-09-22,304.10792531510685,157.09533624761985,2014-06-30,2014-06-30,2014-12-31,92.37999999999992,92.37999999999992,7.45,62,62,5
2014-09-23,301.4628820318812,156.19605153766287,2014-06-30,2014-06-30,2014-12-31,92.37999999999992,92.37999999999992,7.45,62,62,5
2014-09-24,303.80851208318273,157.41869178929787,2014-06-30,2014-06-30,2014-12-31,92.37999999999992,92.37999999999992,7.45,62,62,5
2014-09-25,300.7614339299081,154.87868420346882,2014-06-30,2014-06-30,2014-12-31,92.37999999999992,92.37999999999992,7.45,62,62,5
2014-09-26,304.7711989538207,156.1092742507078,2014-06-30,2014-06-30,2014-12-31,92.37999999999992,92.37999999999992,7.45,62,62,5
2014-09-29,305.73204033087376,155.82528456437035,2014-06-30,2014-06-30,2014-12-31,92.37999999999992,92.37999999999992,7.45,62,62,5
2014-09-30,303.68301040615836,155.4150559550674,2014-06-30,2014-06-30,2014-12-31,92.37999999999992,92.37999999999992,7.45,62,62,5
2014-10-01,299.54072158239796,153.3089348040136,2014-06-30,2014-06-30,2014-12-31,92.37999999999992,92.37999999999992,7.45,62,62,5
2014-10-02,301.59959945496615,153.33259262948587,2014-06-30,2014-06-30,2014-12-31,92.37999999999992,92.37999999999992,7.45,62,62,5
2014-10-03,301.12025621326296,155.0207269369725,2014-06-30,2014-06-30,2014-12-31,92.37999999999992,92.37999999999992,7.45,62,62,5
2014-10-06,302.28463429891764,154.83922256745834,2014-06-30,2014-06-30,2014-12-31,92.37999999999992,92.37999999999992,7.45,62,62,5
2014-10-07,297.02739928769955,152.4491117300671,2014-06-30,2014-06-30,2014-12-31,92.37999999999992,92.37999999999992,7.45,62,62,5
2014-10-08,300.0220889479669,155.11535823886166,2014-06-30,2014-06-30,2014-12-31,92.37999999999992,92.37999999999992,7.45,62,62,5
2014-10-09,296.1264773656741,152.03888312076413,2014-06-30,2014-06-30,2014-12-31,92.37999999999992,92.37999999999992,7.45,62,62,5
2014-10-10,295.00627411231983,150.30352894300285,2014-06-30,2014-06-30,2014-12-31,92.37999999999992,92.37999999999992,7.45,62,62,5
2014-10-13,292.4415718678164,147.83449483359067,2014-06-30,2014-06-30,2014-12-31,92.37999999999992,92.37999999999992,7.45,62,62,5
2014-10-14,296.65523672012347,148.06321907337949,2014-06-30,2014-06-30,2014-12-31,92.37999999999992,92.37999999999992,7.45,62,62,5
2014-10-15,296.46966030393327,147.0613532659293,2014-06-30,2014-06-30,2014-12-31,92.37999999999992,92.37999999999992,7.45,62,62,5
2014-10-16,299.1074798116904,146.93521012363368,2014-06-30,2014-06-30,2014-12-31,92.37999999999992,92.37999999999992,7.45,62,62,5
2014-10-17,300.11006345834227,148.67056430139496,2014-06-30,2014-06-30,2014-12-31,92.37999999999992,92.37999999999992,7.45,62,62,5
2014-10-20,305.00349734623336,150.11417055855455,2014-06-30,2014-06-30,2014-12-31,92.37999999999992,92.37999999999992,7.45,62,62,5
2014-10-21,306.3514911833567,153.0880645791589,2014-06-30,2014-06-30,2014-12-31,92.37999999999992,92.37999999999992,7.45,62,62,5
2014-10-22,304.55696930382027,151.99951726542358,2014-06-30,2014-06-30,2014-12-31,92.37999999999992,92.37999999999992,7.45,62,62,5
2014-10-23,305.35635796912356,153.76647906426118,2014-06-30,2014-06-30,2014-12-31,92.37999999999992,92.37999999999992,7.45,62,62,5
2014-10-24,307.72897482288613,154.9496576798857,2014-06-30,2014-06-30,2014-12-31,92.37999999999992,92.37999999999992,7.45,62,62,5
2014-10-27,308.7164568396889,154.73673725063503,2014-06-30,2014-06-30,2014-12-31,92.37999999999992,92.37999999999992,7.45,62,62,5
2014-10-28,315.5670605567707,156.51155306440677,2014-06-30,2014-06-30,2014-12-31,92.37999999999992,92.37999999999992,7.45,62,62,5
2014-10-29,313.87946294012875,156.2748790290139,2014-06-30,2014-06-30,2014-12-31,92.37999999999992,92.37999999999992,7.45,62,62,5
2014-10-30,317.22971064814357,157.27674483646408,2014-06-30,2014-06-30,2014-12-31,92.37999999999992,92.37999999999992,7.45,62,62,5
2014-10-31,318.1982780400142,159.0752184757081,2014-06-30,2014-06-30,2014-12-31,92.37999999999992,92.37999999999992,7.45,62,62,5
2014-11-03,318.2637438335439,159.16199576266317,2014-06-30,2014-06-30,2014-12-31,92.37999999999992,92.37999999999992,7.45,62,62,5
2014-11-04,320.3082114491265,158.60982020052643,2014-06-30,2014-06-30,2014-12-31,92.37999999999992,92.37999999999992,7.45,62,62,5
2014-11-05,321.60883017750314,159.61168600797663,2014-06-30,2014-06-30,2014-12-31,92.37999999999992,92.37999999999992,7.45,62,62,5
2014-11-06,324.2705176662324,160.25063885706842,2014-06-30,2014-06-30,2014-12-31,92.37999999999992,92.37999999999992,7.45,62,62,5
2014-11-07,324.6328119403266,160.40053560550624,2014-06-30,2014-06-30,2014-12-31,92.37999999999992,92.37999999999992,7.45,62,62,5
2014-11-10,326.95170927164673,160.9053955166984,2014-06-30,2014-06-30,2014-12-31,92.37999999999992,92.37999999999992,7.45,62,62,5
2014-11-11,327.4221632405592,161.06314628007036,2014-06-30,2014-06-30,2014-12-31,92.37999999999992,92.37999999999992,7.45,62,62,5
2014-11-12,329.1715740610292,160.88959170616025,2014-06-30,2014-06-30,2014-12-31,92.37999999999992,92.37999999999992,7.45,62,62,5
2014-11-13,326.13123973481805,161.0710002950045,2014-06-30,2014-06-30,2014-12-31,92.37999999999992,92.37999999999992,7.45,62,62,5
2014-11-14,325.7850455030286,161.11046193101492,2014-06-30,2014-06-30,2014-12-31,92.37999999999992,92.37999999999992,7.45,62,62,5
2014-11-17,323.3148456149123,161.21294724783823,2014-06-30,2014-06-30,2014-12-31,92.37999999999992,92.37999999999992,7.45,62,62,5
2014-11-18,324.1552240841351,162.14383957887156,2014-06-30,2014-06-30,2014-12-31,92.37999999999992,92.37999999999992,7.45,62,62,5
2014-11-19,323.6449218617107,161.8835077180064,2014-06-30,2014-06-30,2014-12-31,92.37999999999992,92.37999999999992,7.45,62,62,5
2014-11-20,326.24657029717963,162.16749740434383,2014-06-30,2014-06-30,2014-12-31,92.37999999999992,92.37999999999992,7.45,62,62,5
2014-11-21,328.15068985246904,163.03517449322447,2014-06-30,2014-06-30,2014-12-31,92.37999999999992,92.37999999999992,7.45,62,62,5
2014-11-24,332.6047380648373,163.49271875347205,2014-06-30,2014-06-30,2014-12-31,92.37999999999992,92.37999999999992,7.45,62,62,5
2014-11-25,332.49233450928733,163.37442962611058,2014-06-30,2014-06-30,2014-12-31,92.37999999999992,92.37999999999992,7.45,62,62,5
2014-11-26,332.7736617846824,163.79241646967776,2014-06-30,2014-06-30,2014-12-31,92.37999999999992,92.37999999999992,7.45,62,62,5
2014-11-28,334.57377963384124,163.44540310252745,2014-06-30,2014-06-30,2014-12-31,92.37999999999992,92.37999999999992,7.45,62,62,5
2014-12-01,331.4106528091291,162.30944435717763,2014-06-30,2014-06-30,2014-12-31,92.37999999999992,92.37999999999992,7.45,62,62,5
2014-12-02,332.1528936273464,163.35862581557242,2014-06-30,2014-06-30,2014-12-31,92.37999999999992,92.37999999999992,7.45,62,62,5
2014-12-03,332.0252531747218,163.98962886906017,2014-06-30,2014-06-30,2014-12-31,92.37999999999992,92.37999999999992,7.45,62,62,5
2014-12-04,332.0320614392112,163.80822028021595,2014-06-30,2014-06-30,2014-12-31,92.37999999999992,92.37999999999992,7.45,62,62,5
2014-12-05,334.86414087172824,164.07640615601525,2014-06-30,2014-06-30,2014-12-31,92.37999999999992,92.37999999999992,7.45,62,62,5
2014-12-08,332.9484142399665,162.9800048273458,2014-06-30,2014-06-30,2014-12-31,92.37999999999992,92.37999999999992,7.45,62,62,5
2014-12-09,334.28429277412937,162.8695697149184,2014-06-30,2014-06-30,2014-12-31,92.37999999999992,92.37999999999992,7.45,62,62,5
2014-12-10,328.7127005915839,160.25849287200253,2014-06-30,2014-06-30,2014-12-31,92.37999999999992,92.37999999999992,7.45,62,62,5
2014-12-11,331.66822064173687,161.0710002950045,2014-06-30,2014-06-30,2014-12-31,92.37999999999992,92.37999999999992,7.45,62,62,5
2014-12-12,330.5616963413459,158.46787324769264,2014-06-30,2014-06-30,2014-12-31,92.37999999999992,92.37999999999992,7.45,62,62,5
2014-12-15,327.4009714947742,157.37932593395732,2014-06-30,2014-06-30,2014-12-31,92.37999999999992,92.37999999999992,7.45,62,62,5
2014-12-16,323.90874660398055,156.11712826564198,2014-06-30,2014-06-30,2014-12-31,92.37999999999992,92.37999999999992,7.45,62,62,5
2014-12-17,329.48729720130984,159.17779957320133,2014-06-30,2014-06-30,2014-12-31,92.37999999999992,92.37999999999992,7.45,62,62,5
2014-12-18,332.990144407955,163.11409776524542,2014-06-30,2014-06-30,2014-12-31,92.37999999999992,92.37999999999992,7.45,62,62,5
2014-12-19,332.1270533304702,163.80802871887607,2014-06-30,2014-06-30,2014-12-31,92.37999999999992,92.37999999999992,7.45,62,62,5
2014-12-22,331.60996794631046,164.56153524920217,2014-06-30,2014-06-30,2014-12-31,92.37999999999992,92.37999999999992,7.45,62,62,5
2014-12-23,333.62599534397367,164.78365062276592,2014-06-30,2014-06-30,2014-12-31,92.37999999999992,92.37999999999992,7.45,62,62,5
2014-12-24,334.1278756835612,164.79955021397404,2014-06-30,2014-06-30,2014-12-31,92.37999999999992,92.37999999999992,7.45,62,62,5
2014-12-26,335.8416050524064,165.33094137073633,2014-06-30,2014-06-30,2014-12-31,92.37999999999992,92.37999999999992,7.45,62,62,5
2014-12-29,338.17722943843796,165.5530567443001,2014-06-30,2014-06-30,2014-12-31,92.37999999999992,92.37999999999992,7.45,62,62,5
2014-12-30,338.1421060846767,164.66469103071495,2014-06-30,2014-06-30,2014-12-31,92.37999999999992,92.37999999999992,7.45,62,62,5
2014-12-31,337.70963540642646,163.0307685824078,2014-06-30,2014-06-30,2014-12-31,92.37999999999992,92.37999999999992,7.45,62,62,5
2015-01-02,335.67050935969837,162.94351239210306,2014-12-31,2014-12-31,2015-06-30,93.86999999999992,93.86999999999992,5.96,63,63,4
2015-01-05,331.17284173930716,160.00074708922546,2014-12-31,2014-12-31,2015-06-30,93.86999999999992,93.86999999999992,5.96,63,63,4
2015-01-06,328.34668436722956,158.4937340285733,2014-12-31,2014-12-31,2015-06-30,93.86999999999992,93.86999999999992,5.96,63,63,4
2015-01-07,336.7702455806996,160.4687314424952,2014-12-31,2014-12-31,2015-06-30,93.86999999999992,93.86999999999992,5.96,63,63,4
2015-01-08,341.5071120413427,163.31629075946412,2014-12-31,2014-12-31,2015-06-30,93.86999999999992,93.86999999999992,5.96,63,63,4
2015-01-09,339.418886065175,162.00754368556355,2014-12-31,2014-12-31,2015-06-30,93.86999999999992,93.86999999999992,5.96,63,63,4
2015-01-12,340.06481626006126,160.73844980901336,2014-12-31,2014-12-31,2015-06-30,93.86999999999992,93.86999999999992,5.96,63,63,4
2015-01-13,343.685633535739,160.28626926628175,2014-12-31,2014-12-31,2015-06-30,93.86999999999992,93.86999999999992,5.96,63,63,4
2015-01-14,341.0220996861846,159.31859715799598,2014-12-31,2014-12-31,2015-06-30,93.86999999999992,93.86999999999992,5.96,63,63,4
2015-01-15,333.58112239369666,157.85918709029818,2014-12-31,2014-12-31,2015-06-30,93.86999999999992,93.86999999999992,5.96,63,63,4
2015-01-16,336.767391457289,159.92939049012887,2014-12-31,2014-12-31,2015-06-30,93.86999999999992,93.86999999999992,5.96,63,63,4
2015-01-20,335.66088827613373,160.2704654557436,2014-12-31,2014-12-31,2015-06-30,93.86999999999992,93.86999999999992,5.96,63,63,4
2015-01-21,335.66123752349046,161.07952477462808,2014-12-31,2014-12-31,2015-06-30,93.86999999999992,93.86999999999992,5.96,63,63,4
2015-01-22,342.9639493012915,163.47490354886537,2014-12-31,2014-12-31,2015-06-30,93.86999999999992,93.86999999999992,5.96,63,63,4
2015-01-23,343.9635373341162,162.5785880396762,2014-12-31,2014-12-31,2015-06-30,93.86999999999992,93.86999999999992,5.96,63,63,4
2015-01-26,347.07257956164943,162.95931620264125,2014-12-31,2014-12-31,2015-06-30,93.86999999999992,93.86999999999992,5.96,63,63,4
2015-01-27,344.81079552182007,160.80980640810995,2014-12-31,2014-12-31,2015-06-30,93.86999999999992,93.86999999999992,5.96,63,63,4
2015-01-28,341.33113574073246,158.74755280388337,2014-12-31,2014-12-31,2015-06-30,93.86999999999992,93.86999999999992,5.96,63,63,4
2015-01-29,344.2629694389532,160.21491266718516,2014-12-31,2014-12-31,2015-06-30,93.86999999999992,93.86999999999992,5.96,63,63,4
2015-01-30,337.96339360704536,158.20026205591293,2014-12-31,2014-12-31,2015-06-30,93.86999999999992,93.86999999999992,5.96,63,63,4
2015-02-02,337.8516615127372,160.15935987862673,2014-12-31,2014-12-31,2015-06-30,93.86999999999992,93.86999999999992,5.96,63,63,4
2015-02-03,342.21654051218155,162.47552803883335,2014-12-31,2014-12-31,2015-06-30,93.86999999999992,93.86999999999992,5.96,63,63,4
2015-02-04,342.4155118987112,161.85678491109638,2014-12-31,2014-12-31,2015-06-30,93.86999999999992,93.86999999999992,5.96,63,63,4
2015-02-05,344.22420577301796,163.4908031400735,2014-12-31,2014-12-31,2015-06-30,93.86999999999992,93.86999999999992,5.96,63,63,4
2015-02-06,345.27585772202104,163.03862259734188,2014-12-31,2014-12-31,2015-06-30,93.86999999999992,93.86999999999992,5.96,63,63,4
2015-02-09,341.65418637492746,162.30896545382797,2014-12-31,2014-12-31,2015-06-30,93.86999999999992,93.86999999999992,5.96,63,63,4
2015-02-10,348.34656812105953,164.0380938880439,2014-12-31,2014-12-31,2015-06-30,93.86999999999992,93.86999999999992,5.96,63,63,4
2015-02-11,348.1085621594239,164.1332040932827,2014-12-31,2014-12-31,2015-06-30,93.86999999999992,93.86999999999992,5.96,63,63,4
2015-02-12,349.85497363627474,165.71166953370138,2014-12-31,2014-12-31,2015-06-30,93.86999999999992,93.86999999999992,5.96,63,63,4
2015-02-13,349.78999841935473,166.39381946493089,2014-12-31,2014-12-31,2015-06-30,93.86999999999992,93.86999999999992,5.96,63,63,4
2015-02-17,351.58655285855065,166.65558803584494,2014-12-31,2014-12-31,2015-06-30,93.86999999999992,93.86999999999992,5.96,63,63,4
2015-02-18,356.2577024533018,166.67139184638313,2014-12-31,2014-12-31,2015-06-30,93.86999999999992,93.86999999999992,5.96,63,63,4
2015-02-19,356.32752312588826,166.55243225433216,2014-12-31,2014-12-31,2015-06-30,93.86999999999992,93.86999999999992,5.96,63,63,4
2015-02-20,354.39871538124197,167.55190354503415,2014-12-31,2014-12-31,2015-06-30,93.86999999999992,93.86999999999992,5.96,63,63,4
2015-02-23,353.5688605161303,167.528054158222,2014-12-31,2014-12-31,2015-06-30,93.86999999999992,93.86999999999992,5.96,63,63,4
2015-02-24,354.9531567723442,168.00398830709582,2014-12-31,2014-12-31,2015-06-30,93.86999999999992,93.86999999999992,5.96,63,63,4
2015-02-25,357.499550834376,167.8611793282327,2014-12-31,2014-12-31,2015-06-30,93.86999999999992,93.86999999999992,5.96,63,63,4
2015-02-26,357.5088014925001,167.6629133414811,2014-12-31,2014-12-31,2015-06-30,93.86999999999992,93.86999999999992,5.96,63,63,4
2015-02-27,355.6734987272359,167.09177320669852,2014-12-31,2014-12-31,2015-06-30,93.86999999999992,93.86999999999992,5.96,63,63,4
2015-03-02,359.7100013539424,168.14679728595897,2014-12-31,2014-12-31,2015-06-30,93.86999999999992,93.86999999999992,5.96,63,63,4
2015-03-03,357.29863749966444,167.4566975591254,2014-12-31,2014-12-31,2015-06-30,93.86999999999992,93.86999999999992,5.96,63,63,4
2015-03-04,354.04704599436883,166.7507940217537,2014-12-31,2014-12-31,2015-06-30,93.86999999999992,93.86999999999992,5.96,63,63,4
2015-03-05,355.08095682010304,166.93316041729724,2014-12-31,2014-12-31,2015-06-30,93.86999999999992,93.86999999999992,5.96,63,63,4
2015-03-06,350.8554426017185,164.5853846360143,2014-12-31,2014-12-31,2015-06-30,93.86999999999992,93.86999999999992,5.96,63,63,4
2015-03-09,352.5985497467927,165.26753456724379,2014-12-31,2014-12-31,2015-06-30,93.86999999999992,93.86999999999992,5.96,63,63,4
2015-03-10,347.132664837071,162.58653783528024,2014-12-31,2014-12-31,2015-06-30,93.86999999999992,93.86999999999992,5.96,63,63,4
2015-03-11,346.2538993356399,162.20580967231518,2014-12-31,2014-12-31,2015-06-30,93.86999999999992,93.86999999999992,5.96,63,63,4
2015-03-12,352.5303173651068,164.2680632765418,2014-12-31,2014-12-31,2015-06-30,93.86999999999992,93.86999999999992,5.96,63,63,4
2015-03-13,352.0871814976742,163.26073797090567,2014-12-31,2014-12-31,2015-06-30,93.86999999999992,93.86999999999992,5.96,63,63,4
2015-03-16,354.165736280701,165.44195116718325,2014-12-31,2014-12-31,2015-06-30,93.86999999999992,93.86999999999992,5.96,63,63,4
2015-03-17,354.6187198871361,164.95021320777127,2014-12-31,2014-12-31,2015-06-30,93.86999999999992,93.86999999999992,5.96,63,63,4
2015-03-18,356.6001862061409,166.93316041729724,2014-12-31,2014-12-31,2015-06-30,93.86999999999992,93.86999999999992,5.96,63,63,4
2015-03-19,358.30197938124553,166.1717040913671,2014-12-31,2014-12-31,2015-06-30,93.86999999999992,93.86999999999992,5.96,63,63,4
2015-03-20,359.7475042241559,167.6382977093095,2014-12-31,2014-12-31,2015-06-30,93.86999999999992,93.86999999999992,5.96,63,63,4
2015-03-23,361.048757130093,167.31168562485394,2014-12-31,2014-12-31,2015-06-30,93.86999999999992,93.86999999999992,5.96,63,63,4
2015-03-24,361.9054065611523,166.3715983495075,2014-12-31,2014-12-31,2015-06-30,93.86999999999992,93.86999999999992,5.96,63,63,4
2015-03-25,354.58152541983293,163.93359717715214,2014-12-31,2014-12-31,2015-06-30,93.86999999999992,93.86999999999992,5.96,63,63,4
2015-03-26,352.3680539592989,163.5431951665243,2014-12-31,2014-12-31,2015-06-30,93.86999999999992,93.86999999999992,5.96,63,63,4
2015-03-27,354.64258872338786,163.91760180527405,2014-12-31,2014-12-31,2015-06-30,93.86999999999992,93.86999999999992,5.96,63,63,4
2015-03-30,357.4496455312832,165.91740641270744,2014-12-31,2014-12-31,2015-06-30,93.86999999999992,93.86999999999992,5.96,63,63,4
2015-03-31,356.7510156930981,164.46738285066263,2014-12-31,2014-12-31,2015-06-30,93.86999999999992,93.86999999999992,5.96,63,63,4
2015-04-01,355.92674868663926,163.88580262285788,2014-12-31,2014-12-31,2015-06-30,93.86999999999992,93.86999999999992,5.96,63,63,4
2015-04-02,357.3995567801436,164.47533264626665,2014-12-31,2014-12-31,2015-06-30,93.86999999999992,93.86999999999992,5.96,63,63,4
2015-04-06,358.1476965225297,165.5828445326478,2014-12-31,2014-12-31,2015-06-30,93.86999999999992,93.86999999999992,5.96,63,63,4
2015-04-07,355.3482954645496,165.14455218705584,2014-12-31,2014-12-31,2015-06-30,93.86999999999992,93.86999999999992,5.96,63,63,4
2015-04-08,359.4929226272642,165.7022830280484,2014-12-31,2014-12-31,2015-06-30,93.86999999999992,93.86999999999992,5.96,63,63,4
2015-04-09,358.30127110947365,166.43529249500983,2014-12-31,2014-12-31,2015-06-30,93.86999999999992,93.86999999999992,5.96,63,63,4
2015-04-10,359.49191868560166,167.34358058794007,2014-12-31,2014-12-31,2015-06-30,93.86999999999992,93.86999999999992,5.96,63,63,4
2015-04-13,359.17463280164935,166.58662595349656,2014-12-31,2014-12-31,2015-06-30,93.86999999999992,93.86999999999992,5.96,63,63,4
2015-04-14,357.409654324399,166.90538402301803,2014-12-31,2014-12-31,2015-06-30,93.86999999999992,93.86999999999992,5.96,63,63,4
2015-04-15,357.3479518327013,167.65429308118755,2014-12-31,2014-12-31,2015-06-30,93.86999999999992,93.86999999999992,5.96,63,63,4
2015-04-16,357.67791636359294,167.60649852689332,2014-12-31,2014-12-31,2015-06-30,93.86999999999992,93.86999999999992,5.96,63,63,4
2015-04-17,353.4472838604811,165.67843364123627,2014-12-31,2014-12-31,2015-06-30,93.86999999999992,93.86999999999992,5.96,63,63,4
2015-04-20,357.2067002545364,167.1921513487834,2014-12-31,2014-12-31,2015-06-30,93.86999999999992,93.86999999999992,5.96,63,63,4
2015-04-21,356.63180164146524,166.99302333600244,2014-12-31,2014-12-31,2015-06-30,93.86999999999992,93.86999999999992,5.96,63,63,4
2015-04-22,357.62744225885643,167.81357633527833,2014-12-31,2014-12-31,2015-06-30,93.86999999999992,93.86999999999992,5.96,63,63,4
2015-04-23,360.97331051639253,168.23587330899227,2014-12-31,2014-12-31,2015-06-30,93.86999999999992,93.86999999999992,5.96,63,63,4
2015-04-24,363.02866949077696,168.62627531962008,2014-12-31,2014-12-31,2015-06-30,93.86999999999992,93.86999999999992,5.96,63,63,4
2015-04-27,360.1721944170492,167.92516081574482,2014-12-31,2014-12-31,2015-06-30,93.86999999999992,93.86999999999992,5.96,63,63,4
2015-04-28,362.2242498759737,168.4589464892553,2014-12-31,2014-12-31,2015-06-30,93.86999999999992,93.86999999999992,5.96,63,63,4
2015-04-29,355.6664506302874,167.76578178098413,2014-12-31,2014-12-31,2015-06-30,93.86999999999992,93.86999999999992,5.96,63,63,4
2015-04-30,349.4264635107385,166.0847352430722,2014-12-31,2014-12-31,2015-06-30,93.86999999999992,93.86999999999992,5.96,63,63,4
2015-05-01,352.3408595152046,167.88531605705467,2014-12-31,2014-12-31,2015-06-30,93.86999999999992,93.86999999999992,5.96,63,63,4
2015-05-04,352.8677246942811,168.36335738066688,2014-12-31,2014-12-31,2015-06-30,93.86999999999992,93.86999999999992,5.96,63,63,4
2015-05-05,348.9346932160478,166.43529249500983,2014-12-31,2014-12-31,2015-06-30,93.86999999999992,93.86999999999992,5.96,63,63,4
2015-05-06,347.336229924626,165.75007758234267,2014-12-31,2014-12-31,2015-06-30,93.86999999999992,93.86999999999992,5.96,63,63,4
2015-05-07,349.37315260043255,166.41134732752775,2014-12-31,2014-12-31,2015-06-30,93.86999999999992,93.86999999999992,5.96,63,63,4
2015-05-08,351.3764037268395,168.60233015213802,2014-12-31,2014-12-31,2015-06-30,93.86999999999992,93.86999999999992,5.96,63,63,4
2015-05-11,351.49323508502397,167.79767674407026,2014-12-31,2014-12-31,2015-06-30,93.86999999999992,93.86999999999992,5.96,63,63,4
2015-05-12,350.48179921102695,167.29578603364587,2014-12-31,2014-12-31,2015-06-30,93.86999999999992,93.86999999999992,5.96,63,63,4
2015-05-13,349.81175163814817,167.32758521606206,2014-12-31,2014-12-31,2015-06-30,93.86999999999992,93.86999999999992,5.96,63,63,4
2015-05-14,352.1028361686968,169.0724216801462,2014-12-31,2014-12-31,2015-06-30,93.86999999999992,93.86999999999992,5.96,63,63,4
2015-05-15,352.67233251147536,169.25565010171908,2014-12-31,2014-12-31,2015-06-30,93.86999999999992,93.86999999999992,5.96,63,63,4
2015-05-18,353.00429154923074,169.78148597962556,2014-12-31,2014-12-31,2015-06-30,93.86999999999992,93.86999999999992,5.96,63,63,4
2015-05-19,354.5367224616224,169.72574162972725,2014-12-31,2014-12-31,2015-06-30,93.86999999999992,93.86999999999992,5.96,63,63,4
2015-05-20,354.0328239146484,169.6062073536567,2014-12-31,2014-12-31,2015-06-30,93.86999999999992,93.86999999999992,5.96,63,63,4
2015-05-21,352.97539746724726,170.100244049147,2014-12-31,2014-12-31,2015-06-30,93.86999999999992,93.86999999999992,5.96,63,63,4
2015-05-22,351.169039808725,169.69384666664112,2014-12-31,2014-12-31,2015-06-30,93.86999999999992,93.86999999999992,5.96,63,63,4
2015-05-26,347.7124866840678,167.86941646584654,2014-12-31,2014-12-31,2015-06-30,93.86999999999992,93.86999999999992,5.96,63,63,4
2015-05-27,350.0176422178634,169.46282369077403,2014-12-31,2014-12-31,2015-06-30,93.86999999999992,93.86999999999992,5.96,63,63,4
2015-05-28,349.32940526393423,169.2716454735971,2014-12-31,2014-12-31,2015-06-30,93.86999999999992,93.86999999999992,5.96,63,63,4
2015-05-29,346.4077719616447,168.2199737177842,2014-12-31,2014-12-31,2015-06-30,93.86999999999992,93.86999999999992,5.96,63,63,4
2015-06-01,345.91877719203796,168.56258117411778,2014-12-31,2014-12-31,2015-06-30,93.86999999999992,93.86999999999992,5.96,63,63,4
2015-06-02,346.482471928156,168.39525234375301,2014-12-31,2014-12-31,2015-06-30,93.86999999999992,93.86999999999992,5.96,63,63,4
2015-06-03,349.81785708501053,168.8413987042791,2014-12-31,2014-12-31,2015-06-30,93.86999999999992,93.86999999999992,5.96,63,63,4
2015-06-04,348.2932701392612,167.41522452904644,2014-12-31,2014-12-31,2015-06-30,93.86999999999992,93.86999999999992,5.96,63,63,4
2015-06-05,350.39600316388436,167.1284572032811,2014-12-31,2014-12-31,2015-06-30,93.86999999999992,93.86999999999992,5.96,63,63,4
2015-06-08,349.43561113317486,166.10063483428027,2014-12-31,2014-12-31,2015-06-30,93.86999999999992,93.86999999999992,5.96,63,63,4
2015-06-09,349.7879947128452,166.07678544746813,2014-12-31,2014-12-31,2015-06-30,93.86999999999992,93.86999999999992,5.96,63,63,4
2015-06-10,353.35590920326496,168.0685444786275,2014-12-31,2014-12-31,2015-06-30,93.86999999999992,93.86999999999992,5.96,63,63,4
2015-06-11,354.2963123170409,168.610375728412,2014-12-31,2014-12-31,2015-06-30,93.86999999999992,93.86999999999992,5.96,63,63,4
2015-06-12,355.4363121417557,167.319635420458,2014-12-31,2014-12-31,2015-06-30,93.86999999999992,93.86999999999992,5.96,63,63,4
2015-06-15,354.09426821651266,166.6026213253746,2014-12-31,2014-12-31,2015-06-30,93.86999999999992,93.86999999999992,5.96,63,63,4
2015-06-16,354.312159330927,167.51090941830483,2014-12-31,2014-12-31,2015-06-30,93.86999999999992,93.86999999999992,5.96,63,63,4
2015-06-17,354.41221648160496,167.78177715286213,2014-12-31,2014-12-31,2015-06-30,93.86999999999992,93.86999999999992,5.96,63,63,4
2015-06-18,357.9525069215026,169.52661361694626,2014-12-31,2014-12-31,2015-06-30,93.86999999999992,93.86999999999992,5.96,63,63,4
2015-06-19,357.264544764417,168.7740648933195,2014-12-31,2014-12-31,2015-06-30,93.86999999999992,93.86999999999992,5.96,63,63,4
2015-06-22,357.86122853253335,169.6386770007624,2014-12-31,2014-12-31,2015-06-30,93.86999999999992,93.86999999999992,5.96,63,63,4
2015-06-23,356.42329410617526,169.75878596085252,2014-12-31,2014-12-31,2015-06-30,93.86999999999992,93.86999999999992,5.96,63,63,4
2015-06-24,354.0658794987215,168.52589717753523,2014-12-31,2014-12-31,2015-06-30,93.86999999999992,93.86999999999992,5.96,63,63,4
2015-06-25,354.3461069819892,168.01347059341873,2014-12-31,2014-12-31,2015-06-30,93.86999999999992,93.86999999999992,5.96,63,63,4
2015-06-26,356.0325511987519,167.98147984966266,2014-12-31,2014-12-31,2015-06-30,93.86999999999992,93.86999999999992,5.96,63,63,4
2015-06-29,349.3891699626716,164.45885837103899,2014-12-31,2014-12-31,2015-06-30,93.86999999999992,93.86999999999992,5.96,63,63,4
2015-06-30,351.2249156088019,164.80309409876136,2014-12-31,2014-12-31,2015-06-30,93.86999999999992,93.86999999999992,5.96,63,63,4
2015-07-01,346.7542063069519,166.12410109841272,2015-06-30,2015-06-30,2015-12-31,94.38000000000014,92.95000000000013,5.72,66,65,4
2015-07-02,345.60393382490673,165.97200139456655,2015-06-30,2015-06-30,2015-12-31,94.38000000000014,92.95000000000013,5.72,66,65,4
2015-07-06,345.8420478423724,165.4996111304801,2015-06-30,2015-06-30,2015-12-31,94.38000000000014,92.95000000000013,5.72,66,65,4
2015-07-07,347.3740328345793,166.5403638899212,2015-06-30,2015-06-30,2015-12-31,94.38000000000014,92.95000000000013,5.72,66,65,4
2015-07-08,342.7318924193858,163.74634596744224,2015-06-30,2015-06-30,2015-12-31,94.38000000000014,92.95000000000013,5.72,66,65,4
2015-07-09,343.8540550825564,164.0424997988606,2015-06-30,2015-06-30,2015-12-31,94.38000000000014,92.95000000000013,5.72,66,65,4
2015-07-10,349.290101552245,166.1081057265347,2015-06-30,2015-06-30,2015-12-31,94.38000000000014,92.95000000000013,5.72,66,65,4
2015-07-13,353.7064177783138,167.94144352963264,2015-06-30,2015-06-30,2015-12-31,94.38000000000014,92.95000000000013,5.72,66,65,4
2015-07-14,353.03812629144284,168.66995130510742,2015-06-30,2015-06-30,2015-12-31,94.38000000000014,92.95000000000013,5.72,66,65,4
2015-07-15,349.39660504093825,168.61391961319933,2015-06-30,2015-06-30,2015-12-31,94.38000000000014,92.95000000000013,5.72,66,65,4
2015-07-16,351.5115192969579,169.96691735660676,2015-06-30,2015-06-30,2015-12-31,94.38000000000014,92.95000000000013,5.72,66,65,4
2015-07-17,350.43595242228025,170.1110672648489,2015-06-30,2015-06-30,2015-12-31,94.38000000000014,92.95000000000013,5.72,66,65,4
2015-07-20,349.82005947567467,170.199089700513,2015-06-30,2015-06-30,2015-12-31,94.38000000000014,92.95000000000013,5.72,66,65,4
2015-07-21,349.58473739574384,169.52661361694626,2015-06-30,2015-06-30,2015-12-31,94.38000000000014,92.95000000000013,5.72,66,65,4
2015-07-22,352.2441361194222,169.22241420925394,2015-06-30,2015-06-30,2015-12-31,94.38000000000014,92.95000000000013,5.72,66,65,4
2015-07-23,346.93235545522504,168.26968388547698,2015-06-30,2015-06-30,2015-12-31,94.38000000000014,92.95000000000013,5.72,66,65,4
2015-07-24,343.84181591732585,166.52436851804316,2015-06-30,2015-06-30,2015-12-31,94.38000000000014,92.95000000000013,5.72,66,65,4
2015-07-27,340.81725149833125,165.55564282238817,2015-06-30,2015-06-30,2015-12-31,94.38000000000014,92.95000000000013,5.72,66,65,4
2015-07-28,343.57223018335264,167.5891622256363,2015-06-30,2015-06-30,2015-12-31,94.38000000000014,92.95000000000013,5.72,66,65,4
2015-07-29,351.1059217726866,168.74207414956345,2015-06-30,2015-06-30,2015-12-31,94.38000000000014,92.95000000000013,5.72,66,65,4
2015-07-30,351.96215183386926,168.78211046959348,2015-06-30,2015-06-30,2015-12-31,94.38000000000014,92.95000000000013,5.72,66,65,4
2015-07-31,355.94842723634775,168.52589717753523,2015-06-30,2015-06-30,2015-12-31,94.38000000000014,92.95000000000013,5.72,66,65,4
2015-08-03,355.64410972761215,167.95743890151067,2015-06-30,2015-06-30,2015-12-31,94.38000000000014,92.95000000000013,5.72,66,65,4
2015-08-04,356.1239351975289,167.62919854566633,2015-06-30,2015-06-30,2015-12-31,94.38000000000014,92.95000000000013,5.72,66,65,4
2015-08-05,353.9954234491502,168.18166144981285,2015-06-30,2015-06-30,2015-12-31,94.38000000000014,92.95000000000013,5.72,66,65,4
2015-08-06,347.47615736136333,166.80462275825346,2015-06-30,2015-06-30,2015-12-31,94.38000000000014,92.95000000000013,5.72,66,65,4
2015-08-07,347.14312906303854,166.48433219801313,2015-06-30,2015-06-30,2015-12-31,94.38000000000014,92.95000000000013,5.72,66,65,4
2015-08-10,346.9530642075314,168.5819288694433,2015-06-30,2015-06-30,2015-12-31,94.38000000000014,92.95000000000013,5.72,66,65,4
2015-08-11,342.6210053842989,167.06074026964174,2015-06-30,2015-06-30,2015-12-31,94.38000000000014,92.95000000000013,5.72,66,65,4
2015-08-12,341.702767624382,167.26092186979193,2015-06-30,2015-06-30,2015-12-31,94.38000000000014,92.95000000000013,5.72,66,65,4
2015-08-13,341.8089340282012,167.0527904740377,2015-06-30,2015-06-30,2015-12-31,94.38000000000014,92.95000000000013,5.72,66,65,4
2015-08-14,342.15322498238373,167.66118928942237,2015-06-30,2015-06-30,2015-12-31,94.38000000000014,92.95000000000013,5.72,66,65,4
2015-08-17,344.69231777963927,168.59792424132135,2015-06-30,2015-06-30,2015-12-31,94.38000000000014,92.95000000000013,5.72,66,65,4
2015-08-18,340.6181027204486,168.10953860535682,2015-06-30,2015-06-30,2015-12-31,94.38000000000014,92.95000000000013,5.72,66,65,4
2015-08-19,338.07545252370505,166.78058181010144,2015-06-30,2015-06-30,2015-12-31,94.38000000000014,92.95000000000013,5.72,66,65,4
2015-08-20,330.99626284292236,163.2979966515078,2015-06-30,2015-06-30,2015-12-31,94.38000000000014,92.95000000000013,5.72,66,65,4
2015-08-21,324.6743500390028,158.38234110944666,2015-06-30,2015-06-30,2015-12-31,94.38000000000014,92.95000000000013,5.72,66,65,4
2015-08-24,314.7408650955198,151.71332462367778,2015-06-30,2015-06-30,2015-12-31,94.38000000000014,92.95000000000013,5.72,66,65,4
2015-08-25,314.32863037031524,149.9279729362139,2015-06-30,2015-06-30,2015-12-31,94.38000000000014,92.95000000000013,5.72,66,65,4
2015-08-26,321.2290742352948,155.68429541823588,2015-06-30,2015-06-30,2015-12-31,94.38000000000014,92.95000000000013,5.72,66,65,4
2015-08-27,326.07997658415434,159.5351572527039,2015-06-30,2015-06-30,2015-12-31,94.38000000000014,92.95000000000013,5.72,66,65,4
2015-08-28,327.52595992014216,159.54320282897788,2015-06-30,2015-06-30,2015-12-31,94.38000000000014,92.95000000000013,5.72,66,65,4
2015-08-31,323.7282699531177,158.25418657308256,2015-06-30,2015-06-30,2015-12-31,94.38000000000014,92.95000000000013,5.72,66,65,4
2015-09-01,318.2841323069379,153.53066705489766,2015-06-30,2015-06-30,2015-12-31,94.38000000000014,92.95000000000013,5.72,66,65,4
2015-09-02,323.50913671424473,156.44488971813666,2015-06-30,2015-06-30,2015-12-31,94.38000000000014,92.95000000000013,5.72,66,65,4
2015-09-03,324.5486369063243,156.5569531019528,2015-06-30,2015-06-30,2015-12-31,94.38000000000014,92.95000000000013,5.72,66,65,4
2015-09-04,322.78136151153103,154.18714776658635,2015-06-30,2015-06-30,2015-12-31,94.38000000000014,92.95000000000013,5.72,66,65,4
2015-09-08,328.9005337418551,158.06205054920636,2015-06-30,2015-06-30,2015-12-31,94.38000000000014,92.95000000000013,5.72,66,65,4
2015-09-09,326.0667103468898,155.94845850589817,2015-06-30,2015-06-30,2015-12-31,94.38000000000014,92.95000000000013,5.72,66,65,4
2015-09-10,324.71558952015346,156.79707524146306,2015-06-30,2015-06-30,2015-12-31,94.38000000000014,92.95000000000013,5.72,66,65,4
2015-09-11,329.1111847726048,157.50968342572975,2015-06-30,2015-06-30,2015-12-31,94.38000000000014,92.95000000000013,5.72,66,65,4
2015-09-14,328.49900604138554,156.92522977782716,2015-06-30,2015-06-30,2015-12-31,94.38000000000014,92.95000000000013,5.72,66,65,4
2015-09-15,329.67673990564174,158.88672211728917,2015-06-30,2015-06-30,2015-12-31,94.38000000000014,92.95000000000013,5.72,66,65,4
2015-09-16,330.88342883940925,160.26366502817868,2015-06-30,2015-06-30,2015-12-31,94.38000000000014,92.95000000000013,5.72,66,65,4
2015-09-17,331.81314519943567,159.90343392857827,2015-06-30,2015-06-30,2015-12-31,94.38000000000014,92.95000000000013,5.72,66,65,4
2015-09-18,326.5933898544582,157.29072881427362,2015-06-30,2015-06-30,2015-12-31,94.38000000000014,92.95000000000013,5.72,66,65,4
2015-09-21,327.4114495706005,158.1035235792853,2015-06-30,2015-06-30,2015-12-31,94.38000000000014,92.95000000000013,5.72,66,65,4
2015-09-22,324.33632635374653,156.05142272607114,2015-06-30,2015-06-30,2015-12-31,94.38000000000014,92.95000000000013,5.72,66,65,4
2015-09-23,322.7415481358406,155.80191408090786,2015-06-30,2015-06-30,2015-12-31,94.38000000000014,92.95000000000013,5.72,66,65,4
2015-09-24,321.1848338138947,155.23862796105942,2015-06-30,2015-06-30,2015-12-31,94.38000000000014,92.95000000000013,5.72,66,65,4
2015-09-25,320.5601699019167,155.19830429901958,2015-06-30,2015-06-30,2015-12-31,94.38000000000014,92.95000000000013,5.72,66,65,4
2015-09-28,311.6643789757178,151.30328757571462,2015-06-30,2015-06-30,2015-12-31,94.38000000000014,92.95000000000013,5.72,66,65,4
2015-09-29,310.5223386210374,151.3917889147284,2015-06-30,2015-06-30,2015-12-31,94.38000000000014,92.95000000000013,5.72,66,65,4
2015-09-30,315.24910523468856,154.21655243225433,2015-06-30,2015-06-30,2015-12-31,94.38000000000014,92.95000000000013,5.72,66,65,4
2015-10-01,312.38634621420425,154.6189270266232,2015-06-30,2015-06-30,2015-12-31,94.38000000000014,92.95000000000013,5.72,66,65,4
2015-10-02,316.02370740945133,156.92858210127466,2015-06-30,2015-06-30,2015-12-31,94.38000000000014,92.95000000000013,5.72,66,65,4
2015-10-05,320.39435987592793,159.72106753303476,2015-06-30,2015-06-30,2015-12-31,94.38000000000014,92.95000000000013,5.72,66,65,4
2015-10-06,318.1218379122622,159.17387256573429,2015-06-30,2015-06-30,2015-12-31,94.38000000000014,92.95000000000013,5.72,66,65,4
2015-10-07,320.0454088630228,160.47754326412863,2015-06-30,2015-06-30,2015-12-31,94.38000000000014,92.95000000000013,5.72,66,65,4
2015-10-08,323.23064388936126,161.9261301161245,2015-06-30,2015-06-30,2015-12-31,94.38000000000014,92.95000000000013,5.72,66,65,4
2015-10-09,322.56174362004117,162.02267703141223,2015-06-30,2015-06-30,2015-12-31,94.38000000000014,92.95000000000013,5.72,66,65,4
2015-10-12,321.6567882476189,162.17563876128776,2015-06-30,2015-06-30,2015-12-31,94.38000000000014,92.95000000000013,5.72,66,65,4
2015-10-13,318.29329200853925,161.1535632324827,2015-06-30,2015-06-30,2015-12-31,94.38000000000014,92.95000000000013,5.72,66,65,4
2015-10-14,313.0719139467576,160.38099634884085,2015-06-30,2015-06-30,2015-12-31,94.38000000000014,92.95000000000013,5.72,66,65,4
2015-10-15,316.4955729858344,162.84361315336787,2015-06-30,2015-06-30,2015-12-31,94.38000000000014,92.95000000000013,5.72,66,65,4
2015-10-16,317.3431840245913,163.58399773191374,2015-06-30,2015-06-30,2015-12-31,94.38000000000014,92.95000000000013,5.72,66,65,4
2015-10-19,319.5543872633784,163.66445349465351,2015-06-30,2015-06-30,2015-12-31,94.38000000000014,92.95000000000013,5.72,66,65,4
2015-10-20,319.85902695731545,163.45517273086017,2015-06-30,2015-06-30,2015-12-31,94.38000000000014,92.95000000000013,5.72,66,65,4
2015-10-21,313.3532619844201,162.441238558999,2015-06-30,2015-06-30,2015-12-31,94.38000000000014,92.95000000000013,5.72,66,65,4
2015-10-22,314.8172481486622,165.18545053311522,2015-06-30,2015-06-30,2015-12-31,94.38000000000014,92.95000000000013,5.72,66,65,4
2015-10-23,317.3393416080951,166.99618409811006,2015-06-30,2015-06-30,2015-12-31,94.38000000000014,92.95000000000013,5.72,66,65,4
2015-10-26,319.2710850150931,166.58576392746724,2015-06-30,2015-06-30,2015-12-31,94.38000000000014,92.95000000000013,5.72,66,65,4
2015-10-27,316.6702406925124,166.26384509583815,2015-06-30,2015-06-30,2015-12-31,94.38000000000014,92.95000000000013,5.72,66,65,4
2015-10-28,323.07993865910237,168.15503442357277,2015-06-30,2015-06-30,2015-12-31,94.38000000000014,92.95000000000013,5.72,66,65,4
2015-10-29,318.6624817833743,168.05839172761512,2015-06-30,2015-06-30,2015-12-31,94.38000000000014,92.95000000000013,5.72,66,65,4
2015-10-30,317.49642485692635,167.33419408228713,2015-06-30,2015-06-30,2015-12-31,94.38000000000014,92.95000000000013,5.72,66,65,4
2015-11-02,322.2536322523996,169.3138847490355,2015-06-30,2015-06-30,2015-12-31,94.38000000000014,92.95000000000013,5.72,66,65,4
2015-11-03,321.2713927628468,169.80476068241813,2015-06-30,2015-06-30,2015-12-31,94.38000000000014,92.95000000000013,5.72,66,65,4
2015-11-04,316.7110494950068,169.28974802021355,2015-06-30,2015-06-30,2015-12-31,94.38000000000014,92.95000000000013,5.72,66,65,4
2015-11-05,314.58765783788465,169.12069513779008,2015-06-30,2015-06-30,2015-12-31,94.38000000000014,92.95000000000013,5.72,66,65,4
2015-11-06,316.4737820245435,169.03219379877632,2015-06-30,2015-06-30,2015-12-31,94.38000000000014,92.95000000000013,5.72,66,65,4
2015-11-09,311.01417323655386,167.45487772639677,2015-06-30,2015-06-30,2015-12-31,94.38000000000014,92.95000000000013,5.72,66,65,4
2015-11-10,311.59349222445246,167.8411611682177,2015-06-30,2015-06-30,2015-12-31,94.38000000000014,92.95000000000013,5.72,66,65,4
2015-11-11,310.94814653197926,167.18123235241157,2015-06-30,2015-06-30,2015-12-31,94.38000000000014,92.95000000000013,5.72,66,65,4
2015-11-12,306.92513254627164,164.84744054893818,2015-06-30,2015-06-30,2015-12-31,94.38000000000014,92.95000000000013,5.72,66,65,4
2015-11-13,301.65082508277226,162.99647910257343,2015-06-30,2015-06-30,2015-12-31,94.38000000000014,92.95000000000013,5.72,66,65,4
2015-11-16,303.38653847236947,165.4751870596484,2015-06-30,2015-06-30,2015-12-31,94.38000000000014,92.95000000000013,5.72,66,65,4
2015-11-17,301.33850042745365,165.35440763486878,2015-06-30,2015-06-30,2015-12-31,94.38000000000014,92.95000000000013,5.72,66,65,4
2015-11-18,304.6329961633291,167.97793596487534,2015-06-30,2015-06-30,2015-12-31,94.38000000000014,92.95000000000013,5.72,66,65,4
2015-11-19,304.9162421800015,167.83311559194368,2015-06-30,2015-06-30,2015-12-31,94.38000000000014,92.95000000000013,5.72,66,65,4
2015-11-20,307.4737019922367,168.44477095010595,2015-06-30,2015-06-30,2015-12-31,94.38000000000014,92.95000000000013,5.72,66,65,4
2015-11-23,309.41314140160677,168.25158133886052,2015-06-30,2015-06-30,2015-12-31,94.38000000000014,92.95000000000013,5.72,66,65,4
2015-11-24,309.3398216953279,168.47695325520183,2015-06-30,2015-06-30,2015-12-31,94.38000000000014,92.95000000000013,5.72,66,65,4
2015-11-25,312.3547430198261,168.45281652637993,2015-06-30,2015-06-30,2015-12-31,94.38000000000014,92.95000000000013,5.72,66,65,4
2015-11-27,312.5185298342051,168.6459103569554,2015-06-30,2015-06-30,2015-12-31,94.38000000000014,92.95000000000013,5.72,66,65,4
2015-11-30,311.04779527624805,167.9457536597794,2015-06-30,2015-06-30,2015-12-31,94.38000000000014,92.95000000000013,5.72,66,65,4
2015-12-01,311.8630599542929,169.54720646098087,2015-06-30,2015-06-30,2015-12-31,94.38000000000014,92.95000000000013,5.72,66,65,4
2015-12-02,311.5175868650701,167.81702443939574,2015-06-30,2015-06-30,2015-12-31,94.38000000000014,92.95000000000013,5.72,66,65,4
2015-12-03,307.7511363241867,165.4671414833744,2015-06-30,2015-06-30,2015-12-31,94.38000000000014,92.95000000000013,5.72,66,65,4
2015-12-04,310.86353356608794,168.69418381459926,2015-06-30,2015-06-30,2015-12-31,94.38000000000014,92.95000000000013,5.72,66,65,4
2015-12-07,310.6227529247715,167.67210828579422,2015-06-30,2015-06-30,2015-12-31,94.38000000000014,92.95000000000013,5.72,66,65,4
2015-12-08,308.67915151533606,166.5454402654274,2015-06-30,2015-06-30,2015-12-31,94.38000000000014,92.95000000000013,5.72,66,65,4
2015-12-09,306.8494469040779,165.24981514330705,2015-06-30,2015-06-30,2015-12-31,94.38000000000014,92.95000000000013,5.72,66,65,4
2015-12-10,307.8195390550095,165.67632646649787,2015-06-30,2015-06-30,2015-12-31,94.38000000000014,92.95000000000013,5.72,66,65,4
2015-12-11,301.9608293130619,162.46537528782093,2015-06-30,2015-06-30,2015-12-31,94.38000000000014,92.95000000000013,5.72,66,65,4
2015-12-14,300.1501066781721,163.2862156291066,2015-06-30,2015-06-30,2015-12-31,94.38000000000014,92.95000000000013,5.72,66,65,4
2015-12-15,303.11781371747304,165.0003064981438,2015-06-30,2015-06-30,2015-12-31,94.38000000000014,92.95000000000013,5.72,66,65,4
2015-12-16,306.2955071453192,167.4146498450269,2015-06-30,2015-06-30,2015-12-31,94.38000000000014,92.95000000000013,5.72,66,65,4
2015-12-17,302.62754360530585,164.86353170148615,2015-06-30,2015-06-30,2015-12-31,94.38000000000014,92.95000000000013,5.72,66,65,4
2015-12-18,300.2787443713555,161.9261301161245,2015-06-30,2015-06-30,2015-12-31,94.38000000000014,92.95000000000013,5.72,66,65,4
2015-12-21,302.51498670495727,163.26188733894483,2015-06-30,2015-06-30,2015-12-31,94.38000000000014,92.95000000000013,5.72,66,65,4
2015-12-22,304.35836262683887,164.74332696072608,2015-06-30,2015-06-30,2015-12-31,94.38000000000014,92.95000000000013,5.72,66,65,4
2015-12-23,306.60829810536114,166.78345523019925,2015-06-30,2015-06-30,2015-12-31,94.38000000000014,92.95000000000013,5.72,66,65,4
2015-12-24,307.03364877400867,166.50818158482528,2015-06-30,2015-06-30,2015-12-31,94.38000000000014,92.95000000000013,5.72,66,65,4
2015-12-28,305.3518269218599,166.12764498320007,2015-06-30,2015-06-30,2015-12-31,94.38000000000014,92.95000000000013,5.72,66,65,4
2015-12-29,308.390655135377,167.90064096424317,2015-06-30,2015-06-30,2015-12-31,94.38000000000014,92.95000000000013,5.72,66,65,4
2015-12-30,306.1781258801004,166.71056614038383,2015-06-30,2015-06-30,2015-12-31,94.38000000000014,92.95000000000013,5.72,66,65,4
2015-12-31,304.395895182403,165.04292889626188,2015-06-30,2015-06-30,2015-12-31,94.38000000000014,92.95000000000013,5.72,66,65,4
2016-01-04,299.46014265263324,162.73566833835864,2015-12-31,2015-12-31,2016-06-30,95.7000000000001,95.7000000000001,4.35,66,66,3
2016-01-05,299.4394850711187,163.01094198373264,2015-12-31,2015-12-31,2016-06-30,95.7000000000001,95.7000000000001,4.35,66,66,3
2016-01-06,295.5116948043544,160.95462678104155,2015-12-31,2015-12-31,2016-06-30,95.7000000000001,95.7000000000001,4.35,66,66,3
2016-01-07,289.4514064600163,157.09313329221152,2015-12-31,2015-12-31,2016-06-30,95.7000000000001,95.7000000000001,4.35,66,66,3
2016-01-08,287.5591599826408,155.368793891492,2015-12-31,2015-12-31,2016-06-30,95.7000000000001,95.7000000000001,4.35,66,66,3
2016-01-11,288.26055738861385,155.52261764739688,2015-12-31,2015-12-31,2016-06-30,95.7000000000001,95.7000000000001,4.35,66,66,3
2016-01-12,290.62252863412914,156.77734442345783,2015-12-31,2015-12-31,2016-06-30,95.7000000000001,95.7000000000001,4.35,66,66,3
2016-01-13,283.3111862617667,152.86729013497413,2015-12-31,2015-12-31,2016-06-30,95.7000000000001,95.7000000000001,4.35,66,66,3
2016-01-14,285.9357989522316,155.37683946776596,2015-12-31,2015-12-31,2016-06-30,95.7000000000001,95.7000000000001,4.35,66,66,3
2016-01-15,281.17685112453887,152.0415649795221,2015-12-31,2015-12-31,2016-06-30,95.7000000000001,95.7000000000001,4.35,66,66,3
2016-01-19,279.845919158484,152.24394953508065,2015-12-31,2015-12-31,2016-06-30,95.7000000000001,95.7000000000001,4.35,66,66,3
2016-01-20,279.776997964796,150.2928972886408,2015-12-31,2015-12-31,2016-06-30,95.7000000000001,95.7000000000001,4.35,66,66,3
2016-01-21,283.2896123327721,151.13480937731072,2015-12-31,2015-12-31,2016-06-30,95.7000000000001,95.7000000000001,4.35,66,66,3
2016-01-22,288.6822666327056,154.2354212242302,2015-12-31,2015-12-31,2016-06-30,95.7000000000001,95.7000000000001,4.35,66,66,3
2016-01-25,283.4968230735143,151.90392815683512,2015-12-31,2015-12-31,2016-06-30,95.7000000000001,95.7000000000001,4.35,66,66,3
2016-01-26,289.18411725936215,153.97633451207412,2015-12-31,2015-12-31,2016-06-30,95.7000000000001,95.7000000000001,4.35,66,66,3
2016-01-27,284.41389687138525,152.30055591100827,2015-12-31,2015-12-31,2016-06-30,95.7000000000001,95.7000000000001,4.35,66,66,3
2016-01-28,284.8176380773161,153.09390720002452,2015-12-31,2015-12-31,2016-06-30,95.7000000000001,95.7000000000001,4.35,66,66,3
2016-01-29,290.5175217148869,156.82600100378144,2015-12-31,2015-12-31,2016-06-30,95.7000000000001,95.7000000000001,4.35,66,66,3
2016-02-01,290.848179166762,156.76929884718388,2015-12-31,2015-12-31,2016-06-30,95.7000000000001,95.7000000000001,4.35,66,66,3
2016-02-02,285.7879459024648,153.94396064563836,2015-12-31,2015-12-31,2016-06-30,95.7000000000001,95.7000000000001,4.35,66,66,3
2016-02-03,284.64512073802007,154.86680740039768,2015-12-31,2015-12-31,2016-06-30,95.7000000000001,95.7000000000001,4.35,66,66,3
2016-02-04,288.48418861056217,155.10970717933589,2015-12-31,2015-12-31,2016-06-30,95.7000000000001,95.7000000000001,4.35,66,66,3
2016-02-05,279.27092898197395,152.1548735120473,2015-12-31,2015-12-31,2016-06-30,95.7000000000001,95.7000000000001,4.35,66,66,3
2016-02-08,274.27742214690403,150.10669966630016,2015-12-31,2015-12-31,2016-06-30,95.7000000000001,95.7000000000001,4.35,66,66,3
2016-02-09,272.30345444353395,150.11484102324405,2015-12-31,2015-12-31,2016-06-30,95.7000000000001,95.7000000000001,4.35,66,66,3
2016-02-10,274.033133026827,149.98524977683104,2015-12-31,2015-12-31,2016-06-30,95.7000000000001,95.7000000000001,4.35,66,66,3
2016-02-11,271.84176248788566,148.03429331106116,2015-12-31,2015-12-31,2016-06-30,95.7000000000001,95.7000000000001,4.35,66,66,3
2016-02-12,278.17914995296053,151.08624857765705,2015-12-31,2015-12-31,2016-06-30,95.7000000000001,95.7000000000001,4.35,66,66,3
2016-02-16,285.3574930757175,153.6363131338286,2015-12-31,2015-12-31,2016-06-30,95.7000000000001,95.7000000000001,4.35,66,66,3
2016-02-17,291.2074115078879,156.14595824729037,2015-12-31,2015-12-31,2016-06-30,95.7000000000001,95.7000000000001,4.35,66,66,3
2016-02-18,290.5247600461615,155.506430714179,2015-12-31,2015-12-31,2016-06-30,95.7000000000001,95.7000000000001,4.35,66,66,3
2016-02-19,291.8430714463805,155.43354162436353,2015-12-31,2015-12-31,2016-06-30,95.7000000000001,95.7000000000001,4.35,66,66,3
2016-02-22,294.05398527863736,157.68410002566924,2015-12-31,2015-12-31,2016-06-30,95.7000000000001,95.7000000000001,4.35,66,66,3
2016-02-23,295.08503915195456,155.69262833651965,2015-12-31,2015-12-31,2016-06-30,95.7000000000001,95.7000000000001,4.35,66,66,3
2016-02-24,295.15865508269786,156.40494917877658,2015-12-31,2015-12-31,2016-06-30,95.7000000000001,95.7000000000001,4.35,66,66,3
2016-02-25,296.2296318785079,158.2992992686188,2015-12-31,2015-12-31,2016-06-30,95.7000000000001,95.7000000000001,4.35,66,66,3
2016-02-26,298.64115827692405,157.93504538088143,2015-12-31,2015-12-31,2016-06-30,95.7000000000001,95.7000000000001,4.35,66,66,3
2016-02-29,299.65762027451177,156.6964097573684,2015-12-31,2015-12-31,2016-06-30,95.7000000000001,95.7000000000001,4.35,66,66,3
2016-03-01,304.72448547965286,160.37984698080172,2015-12-31,2015-12-31,2016-06-30,95.7000000000001,95.7000000000001,4.35,66,66,3
2016-03-02,305.62427196933265,161.10040496067248,2015-12-31,2015-12-31,2016-06-30,95.7000000000001,95.7000000000001,4.35,66,66,3
2016-03-03,306.8962551583494,161.73179113683995,2015-12-31,2015-12-31,2016-06-30,95.7000000000001,95.7000000000001,4.35,66,66,3
2016-03-04,308.28325187468454,162.2580101374261,2015-12-31,2015-12-31,2016-06-30,95.7000000000001,95.7000000000001,4.35,66,66,3
2016-03-07,309.96076484307025,162.38760138383913,2015-12-31,2015-12-31,2016-06-30,95.7000000000001,95.7000000000001,4.35,66,66,3
2016-03-08,304.89905749453965,160.61460540279603,2015-12-31,2015-12-31,2016-06-30,95.7000000000001,95.7000000000001,4.35,66,66,3
2016-03-09,305.2685787818728,161.40805247248224,2015-12-31,2015-12-31,2016-06-30,95.7000000000001,95.7000000000001,4.35,66,66,3
2016-03-10,303.00738049661413,161.53754793822532,2015-12-31,2015-12-31,2016-06-30,95.7000000000001,95.7000000000001,4.35,66,66,3
2016-03-11,307.3921941350492,164.1443146509944,2015-12-31,2015-12-31,2016-06-30,95.7000000000001,95.7000000000001,4.35,66,66,3
2016-03-14,308.1076985786288,163.93378873849196,2015-12-31,2015-12-31,2016-06-30,95.7000000000001,95.7000000000001,4.35,66,66,3
2016-03-15,303.9172752238658,163.66665645006188,2015-12-31,2015-12-31,2016-06-30,95.7000000000001,95.7000000000001,4.35,66,66,3
2016-03-16,305.31188388391,164.613831494983,2015-12-31,2015-12-31,2016-06-30,95.7000000000001,95.7000000000001,4.35,66,66,3
2016-03-17,307.8293745493825,165.65812813921147,2015-12-31,2015-12-31,2016-06-30,95.7000000000001,95.7000000000001,4.35,66,66,3
2016-03-18,310.3536215932407,166.3087662300345,2015-12-31,2015-12-31,2016-06-30,95.7000000000001,95.7000000000001,4.35,66,66,3
2016-03-21,309.0189744399232,166.54476980073792,2015-12-31,2015-12-31,2016-06-30,95.7000000000001,95.7000000000001,4.35,66,66,3
2016-03-22,307.1168919088835,166.45531065502485,2015-12-31,2015-12-31,2016-06-30,95.7000000000001,95.7000000000001,4.35,66,66,3
2016-03-23,302.0703663273347,165.35670637094705,2015-12-31,2015-12-31,2016-06-30,95.7000000000001,95.7000000000001,4.35,66,66,3
2016-03-24,302.4469197530581,165.28352993912182,2015-12-31,2015-12-31,2016-06-30,95.7000000000001,95.7000000000001,4.35,66,66,3
2016-03-28,302.60903933953506,165.38113044177877,2015-12-31,2015-12-31,2016-06-30,95.7000000000001,95.7000000000001,4.35,66,66,3
2016-03-29,308.3814131195719,166.91093930187387,2015-12-31,2015-12-31,2016-06-30,95.7000000000001,95.7000000000001,4.35,66,66,3
2016-03-30,311.79281073759995,167.64327830414578,2015-12-31,2015-12-31,2016-06-30,95.7000000000001,95.7000000000001,4.35,66,66,3
2016-03-31,311.94059126225704,167.23640201829028,2015-12-31,2015-12-31,2016-06-30,95.7000000000001,95.7000000000001,4.35,66,66,3
2016-04-01,311.94156338003575,168.3756173064177,2015-12-31,2015-12-31,2016-06-30,95.7000000000001,95.7000000000001,4.35,66,66,3
2016-04-04,310.06094367518443,167.8304337331857,2015-12-31,2015-12-31,2016-06-30,95.7000000000001,95.7000000000001,4.35,66,66,3
2016-04-05,306.7500930666065,166.1541762287702,2015-12-31,2015-12-31,2016-06-30,95.7000000000001,95.7000000000001,4.35,66,66,3
2016-04-06,309.39358961670047,167.96883680123213,2015-12-31,2015-12-31,2016-06-30,95.7000000000001,95.7000000000001,4.35,66,66,3
2016-04-07,306.1175254125868,165.95887944278638,2015-12-31,2015-12-31,2016-06-30,95.7000000000001,95.7000000000001,4.35,66,66,3
2016-04-08,307.0748516151836,166.40646251336142,2015-12-31,2015-12-31,2016-06-30,95.7000000000001,95.7000000000001,4.35,66,66,3
2016-04-11,306.5169996018233,166.01586894139373,2015-12-31,2015-12-31,2016-06-30,95.7000000000001,95.7000000000001,4.35,66,66,3
2016-04-12,307.7260938297921,167.56196051537665,2015-12-31,2015-12-31,2016-06-30,95.7000000000001,95.7000000000001,4.35,66,66,3
2016-04-13,312.32399907048443,169.25450073367995,2015-12-31,2015-12-31,2016-06-30,95.7000000000001,95.7000000000001,4.35,66,66,3
2016-04-14,310.8934851372502,169.26264209062384,2015-12-31,2015-12-31,2016-06-30,95.7000000000001,95.7000000000001,4.35,66,66,3
2016-04-15,311.80701227158005,169.0754866615839,2015-12-31,2015-12-31,2016-06-30,95.7000000000001,95.7000000000001,4.35,66,66,3
2016-04-18,311.86129005176446,170.26345431070484,2015-12-31,2015-12-31,2016-06-30,95.7000000000001,95.7000000000001,4.35,66,66,3
2016-04-19,309.88085601555184,170.80059230766284,2015-12-31,2015-12-31,2016-06-30,95.7000000000001,95.7000000000001,4.35,66,66,3
2016-04-20,310.6075882108101,170.96332366587106,2015-12-31,2015-12-31,2016-06-30,95.7000000000001,95.7000000000001,4.35,66,66,3
2016-04-21,310.12537146176084,170.04382923455924,2015-12-31,2015-12-31,2016-06-30,95.7000000000001,95.7000000000001,4.35,66,66,3
2016-04-22,310.8127937540637,170.04382923455924,2015-12-31,2015-12-31,2016-06-30,95.7000000000001,95.7000000000001,4.35,66,66,3
2016-04-25,310.20387840513047,169.75083616524847,2015-12-31,2015-12-31,2016-06-30,95.7000000000001,95.7000000000001,4.35,66,66,3
2016-04-26,312.7947258054977,170.00312244983965,2015-12-31,2015-12-31,2016-06-30,95.7000000000001,95.7000000000001,4.35,66,66,3
2016-04-27,311.0777579143217,170.35300923708783,2015-12-31,2015-12-31,2016-06-30,95.7000000000001,95.7000000000001,4.35,66,66,3
2016-04-28,305.0152248724014,168.8069176631049,2015-12-31,2015-12-31,2016-06-30,95.7000000000001,95.7000000000001,4.35,66,66,3
2016-04-29,303.18849847303727,167.89556458873696,2015-12-31,2015-12-31,2016-06-30,95.7000000000001,95.7000000000001,4.35,66,66,3
2016-05-02,306.54176520383464,169.2300766628482,2015-12-31,2015-12-31,2016-06-30,95.7000000000001,95.7000000000001,4.35,66,66,3
2016-05-03,304.60163843405496,167.75725730136048,2015-12-31,2015-12-31,2016-06-30,95.7000000000001,95.7000000000001,4.35,66,66,3
2016-05-04,304.3754225213917,166.82148015616082,2015-12-31,2015-12-31,2016-06-30,95.7000000000001,95.7000000000001,4.35,66,66,3
2016-05-05,302.4402024102663,166.7889147283852,2015-12-31,2015-12-31,2016-06-30,95.7000000000001,95.7000000000001,4.35,66,66,3
2016-05-06,301.7313753582452,167.39922915716846,2015-12-31,2015-12-31,2016-06-30,95.7000000000001,95.7000000000001,4.35,66,66,3
2016-05-09,304.69979339365153,167.5375364445449,2015-12-31,2015-12-31,2016-06-30,95.7000000000001,95.7000000000001,4.35,66,66,3
2016-05-10,305.96086826868304,169.62067023481592,2015-12-31,2015-12-31,2016-06-30,95.7000000000001,95.7000000000001,4.35,66,66,3
2016-05-11,298.77891288233934,168.03387187611347,2015-12-31,2015-12-31,2016-06-30,95.7000000000001,95.7000000000001,4.35,66,66,3
2016-05-12,298.2310690139388,168.08272001777692,2015-12-31,2015-12-31,2016-06-30,95.7000000000001,95.7000000000001,4.35,66,66,3
2016-05-13,295.50495833154247,166.61804201323307,2015-12-31,2015-12-31,2016-06-30,95.7000000000001,95.7000000000001,4.35,66,66,3
2016-05-16,296.86822732991334,168.26173408987293,2015-12-31,2015-12-31,2016-06-30,95.7000000000001,95.7000000000001,4.35,66,66,3
2016-05-17,293.7384250368462,166.6912184450583,2015-12-31,2015-12-31,2016-06-30,95.7000000000001,95.7000000000001,4.35,66,66,3
2016-05-18,291.0397106029415,166.74006658672172,2015-12-31,2015-12-31,2016-06-30,95.7000000000001,95.7000000000001,4.35,66,66,3
2016-05-19,289.6864945272549,166.16231758571413,2015-12-31,2015-12-31,2016-06-30,95.7000000000001,95.7000000000001,4.35,66,66,3
2016-05-20,291.6757750311993,167.2120737281285,2015-12-31,2015-12-31,2016-06-30,95.7000000000001,95.7000000000001,4.35,66,66,3
2016-05-23,290.7089807302874,166.98421151436904,2015-12-31,2015-12-31,2016-06-30,95.7000000000001,95.7000000000001,4.35,66,66,3
2016-05-24,295.2697264928803,169.14866309340914,2015-12-31,2015-12-31,2016-06-30,95.7000000000001,95.7000000000001,4.35,66,66,3
2016-05-25,298.8055573904845,170.29601973848048,2015-12-31,2015-12-31,2016-06-30,95.7000000000001,95.7000000000001,4.35,66,66,3
2016-05-26,299.40367419685543,170.34486788014388,2015-12-31,2015-12-31,2016-06-30,95.7000000000001,95.7000000000001,4.35,66,66,3
2016-05-27,303.18046706402316,171.07720688241582,2015-12-31,2015-12-31,2016-06-30,95.7000000000001,95.7000000000001,4.35,66,66,3
2016-05-31,302.5420900400736,170.75174416599938,2015-12-31,2015-12-31,2016-06-30,95.7000000000001,95.7000000000001,4.35,66,66,3
2016-06-01,304.14997742287136,171.10163095324756,2015-12-31,2015-12-31,2016-06-30,95.7000000000001,95.7000000000001,4.35,66,66,3
2016-06-02,306.7292332786149,171.62239045564783,2015-12-31,2015-12-31,2016-06-30,95.7000000000001,95.7000000000001,4.35,66,66,3
2016-06-03,304.95588917004017,171.10977231019146,2015-12-31,2015-12-31,2016-06-30,95.7000000000001,95.7000000000001,4.35,66,66,3
2016-06-06,308.78707468625913,171.98041859983985,2015-12-31,2015-12-31,2016-06-30,95.7000000000001,95.7000000000001,4.35,66,66,3
2016-06-07,308.73157532514995,172.24898759831888,2015-12-31,2015-12-31,2016-06-30,95.7000000000001,95.7000000000001,4.35,66,66,3
2016-06-08,309.55245133521873,172.81045388543868,2015-12-31,2015-12-31,2016-06-30,95.7000000000001,95.7000000000001,4.35,66,66,3
2016-06-09,308.3978798470807,172.57445031473532,2015-12-31,2015-12-31,2016-06-30,95.7000000000001,95.7000000000001,4.35,66,66,3
2016-06-10,305.03549487945776,170.93889959503935,2015-12-31,2015-12-31,2016-06-30,95.7000000000001,95.7000000000001,4.35,66,66,3
2016-06-13,301.19314374432753,169.62067023481592,2015-12-31,2015-12-31,2016-06-30,95.7000000000001,95.7000000000001,4.35,66,66,3
2016-06-14,301.196493129302,169.28706616145556,2015-12-31,2015-12-31,2016-06-30,95.7000000000001,95.7000000000001,4.35,66,66,3
2016-06-15,300.97644743613137,169.0510625907522,2015-12-31,2015-12-31,2016-06-30,95.7000000000001,95.7000000000001,4.35,66,66,3
2016-06-16,301.0446478551416,169.55553937926464,2015-12-31,2015-12-31,2016-06-30,95.7000000000001,95.7000000000001,4.35,66,66,3
2016-06-17,302.1692458363644,168.924440545107,2015-12-31,2015-12-31,2016-06-30,95.7000000000001,95.7000000000001,4.35,66,66,3
2016-06-20,304.91777274836886,170.0123173941528,2015-12-31,2015-12-31,2016-06-30,95.7000000000001,95.7000000000001,4.35,66,66,3
2016-06-21,303.48566050113794,170.49495618992157,2015-12-31,2015-12-31,2016-06-30,95.7000000000001,95.7000000000001,4.35,66,66,3
2016-06-22,302.40633936978827,170.21680912444975,2015-12-31,2015-12-31,2016-06-30,95.7000000000001,95.7000000000001,4.35,66,66,3
2016-06-23,307.9458943392847,172.43346116860081,2015-12-31,2015-12-31,2016-06-30,95.7000000000001,95.7000000000001,4.35,66,66,3
2016-06-24,299.86319165589487,166.24152819974483,2015-12-31,2015-12-31,2016-06-30,95.7000000000001,95.7000000000001,4.35,66,66,3
2016-06-27,291.2114921662728,163.26418607502308,2015-12-31,2015-12-31,2016-06-30,95.7000000000001,95.7000000000001,4.35,66,66,3
2016-06-28,294.43722606626727,166.2088669912993,2015-12-31,2015-12-31,2016-06-30,95.7000000000001,95.7000000000001,4.35,66,66,3
2016-06-29,300.9745632606527,169.03899422634123,2015-12-31,2015-12-31,2016-06-30,95.7000000000001,95.7000000000001,4.35,66,66,3
2016-06-30,303.74834661748474,171.34558431955497,2015-12-31,2015-12-31,2016-06-30,95.7000000000001,95.7000000000001,4.35,66,66,3
2016-07-01,304.5283826588187,171.70552807714557,2016-06-30,2016-06-30,2016-12-30,95.7000000000001,95.7000000000001,4.35,66,66,3
2016-07-05,301.40383254311774,170.47043633841992,2016-06-30,2016-06-30,2016-12-30,95.7000000000001,95.7000000000001,4.35,66,66,3
2016-07-06,302.85964278692546,171.49279920923482,2016-06-30,2016-06-30,2016-12-30,95.7000000000001,95.7000000000001,4.35,66,66,3
2016-07-07,302.93099842466125,171.38648266561435,2016-06-30,2016-06-30,2016-12-30,95.7000000000001,95.7000000000001,4.35,66,66,3
2016-07-08,308.4457787629737,173.9385586158544,2016-06-30,2016-06-30,2016-12-30,95.7000000000001,95.7000000000001,4.35,66,66,3
2016-07-11,312.71149182978206,174.55203380674527,2016-06-30,2016-06-30,2016-12-30,95.7000000000001,95.7000000000001,4.35,66,66,3
2016-07-12,315.68662704702155,175.81978675391647,2016-06-30,2016-06-30,2016-12-30,95.7000000000001,95.7000000000001,4.35,66,66,3
2016-07-13,314.56203413504574,175.79526690241482,2016-06-30,2016-06-30,2016-12-30,95.7000000000001,95.7000000000001,4.35,66,66,3
2016-07-14,315.28788231577727,176.77682720784023,2016-06-30,2016-06-30,2016-12-30,95.7000000000001,95.7000000000001,4.35,66,66,3
2016-07-15,314.2573684082514,176.5396742690977,2016-06-30,2016-06-30,2016-12-30,95.7000000000001,95.7000000000001,4.35,66,66,3
2016-07-18,315.0649931945383,177.0140759272527,2016-06-30,2016-06-30,2016-12-30,95.7000000000001,95.7000000000001,4.35,66,66,3
2016-07-19,314.6788341276728,176.83410404845736,2016-06-30,2016-06-30,2016-12-30,95.7000000000001,95.7000000000001,4.35,66,66,3
2016-07-20,316.3117771052947,177.5702742775264,2016-06-30,2016-06-30,2016-12-30,95.7000000000001,95.7000000000001,4.35,66,66,3
2016-07-21,316.72471791388097,176.8995222460184,2016-06-30,2016-06-30,2016-12-30,95.7000000000001,95.7000000000001,4.35,66,66,3
2016-07-22,320.43568212813346,177.6929693157046,2016-06-30,2016-06-30,2016-12-30,95.7000000000001,95.7000000000001,4.35,66,66,3
2016-07-25,321.9997598444687,177.2103305199358,2016-06-30,2016-06-30,2016-12-30,95.7000000000001,95.7000000000001,4.35,66,66,3
2016-07-26,317.30306230595295,177.2921272120546,2016-06-30,2016-06-30,2016-12-30,95.7000000000001,95.7000000000001,4.35,66,66,3
2016-07-27,316.2659873535351,177.10401397631537,2016-06-30,2016-06-30,2016-12-30,95.7000000000001,95.7000000000001,4.35,66,66,3
2016-07-28,314.12672091028537,177.30850570661235,2016-06-30,2016-06-30,2016-12-30,95.7000000000001,95.7000000000001,4.35,66,66,3
2016-07-29,313.4480786859104,177.5947941290281,2016-06-30,2016-06-30,2016-12-30,95.7000000000001,95.7000000000001,4.35,66,66,3
2016-08-01,312.92741786137145,177.44757923934824,2016-06-30,2016-06-30,2016-12-30,95.7000000000001,95.7000000000001,4.35,66,66,3
2016-08-02,306.9445581178543,176.3105669066292,2016-06-30,2016-06-30,2016-12-30,95.7000000000001,95.7000000000001,4.35,66,66,3
2016-08-03,309.11420865517505,176.82596269151344,2016-06-30,2016-06-30,2016-12-30,95.7000000000001,95.7000000000001,4.35,66,66,3
2016-08-04,308.2829935148056,177.0140759272527,2016-06-30,2016-06-30,2016-12-30,95.7000000000001,95.7000000000001,4.35,66,66,3
2016-08-05,311.99563656529256,178.4618007532192,2016-06-30,2016-06-30,2016-12-30,95.7000000000001,95.7000000000001,4.35,66,66,3
2016-08-08,312.8207663241092,178.35548420959876,2016-06-30,2016-06-30,2016-12-30,95.7000000000001,95.7000000000001,4.35,66,66,3
2016-08-09,313.3981087930735,178.4618007532192,2016-06-30,2016-06-30,2016-12-30,95.7000000000001,95.7000000000001,4.35,66,66,3
2016-08-10,312.4033621815756,178.02015608417975,2016-06-30,2016-06-30,2016-12-30,95.7000000000001,95.7000000000001,4.35,66,66,3
2016-08-11,313.78500309850875,178.84626436231144,2016-06-30,2016-06-30,2016-12-30,95.7000000000001,95.7000000000001,4.35,66,66,3
2016-08-12,314.91723644837845,178.6908123350178,2016-06-30,2016-06-30,2016-12-30,95.7000000000001,95.7000000000001,4.35,66,66,3
2016-08-15,317.26074739615626,179.20620811990207,2016-06-30,2016-06-30,2016-12-30,95.7000000000001,95.7000000000001,4.35,66,66,3
2016-08-16,315.3653400592508,178.28192465509383,2016-06-30,2016-06-30,2016-12-30,95.7000000000001,95.7000000000001,4.35,66,66,3
2016-08-17,314.0674945075442,178.61725278051287,2016-06-30,2016-06-30,2016-12-30,95.7000000000001,95.7000000000001,4.35,66,66,3
2016-08-18,315.92742588883954,179.01799910349294,2016-06-30,2016-06-30,2016-12-30,95.7000000000001,95.7000000000001,4.35,66,66,3
2016-08-19,315.1263010973377,178.7563263132488,2016-06-30,2016-06-30,2016-12-30,95.7000000000001,95.7000000000001,4.35,66,66,3
2016-08-22,315.8941200798594,178.74808917563493,2016-06-30,2016-06-30,2016-12-30,95.7000000000001,95.7000000000001,4.35,66,66,3
2016-08-23,317.81869497674296,179.10803293322556,2016-06-30,2016-06-30,2016-12-30,95.7000000000001,95.7000000000001,4.35,66,66,3
2016-08-24,315.5905747697173,178.1918908253612,2016-06-30,2016-06-30,2016-12-30,95.7000000000001,95.7000000000001,4.35,66,66,3
2016-08-25,315.4015072507091,178.06919578718302,2016-06-30,2016-06-30,2016-12-30,95.7000000000001,95.7000000000001,4.35,66,66,3
2016-08-26,313.7684237897154,177.73386766176398,2016-06-30,2016-06-30,2016-12-30,95.7000000000001,95.7000000000001,4.35,66,66,3
2016-08-29,314.73637424407167,178.60911142356898,2016-06-30,2016-06-30,2016-12-30,95.7000000000001,95.7000000000001,4.35,66,66,3
2016-08-30,314.43190900562826,178.31458586353938,2016-06-30,2016-06-30,2016-12-30,95.7000000000001,95.7000000000001,4.35,66,66,3
2016-08-31,313.1763807288516,177.80742721626893,2016-06-30,2016-06-30,2016-12-30,95.7000000000001,95.7000000000001,4.35,66,66,3
2016-09-01,312.4611106706742,177.81566435388277,2016-06-30,2016-06-30,2016-12-30,95.7000000000001,95.7000000000001,4.35,66,66,3
2016-09-02,314.1536198724895,178.61725278051287,2016-06-30,2016-06-30,2016-12-30,95.7000000000001,95.7000000000001,4.35,66,66,3
2016-09-06,314.05575698905096,179.15707263622883,2016-06-30,2016-06-30,2016-12-30,95.7000000000001,95.7000000000001,4.35,66,66,3
2016-09-07,315.7326903964687,179.1406941416711,2016-06-30,2016-06-30,2016-12-30,95.7000000000001,95.7000000000001,4.35,66,66,3
2016-09-08,313.03857752362524,178.7317106810772,2016-06-30,2016-06-30,2016-12-30,95.7000000000001,95.7000000000001,4.35,66,66,3
2016-09-09,305.9210901919539,174.45385862006876,2016-06-30,2016-06-30,2016-12-30,95.7000000000001,95.7000000000001,4.35,66,66,3
2016-09-12,308.7950515905412,176.95679908663556,2016-06-30,2016-06-30,2016-12-30,95.7000000000001,95.7000000000001,4.35,66,66,3
2016-09-13,305.41415390406104,174.41296027400938,2016-06-30,2016-06-30,2016-12-30,95.7000000000001,95.7000000000001,4.35,66,66,3
2016-09-14,305.3136335046125,174.3475420764483,2016-06-30,2016-06-30,2016-12-30,95.7000000000001,95.7000000000001,4.35,66,66,3
2016-09-15,307.4156494944478,176.0897924624444,2016-06-30,2016-06-30,2016-12-30,95.7000000000001,95.7000000000001,4.35,66,66,3
2016-09-16,306.9794797528146,175.40907924126387,2016-06-30,2016-06-30,2016-12-30,95.7000000000001,95.7000000000001,4.35,66,66,3
2016-09-19,306.8305450337672,175.4420277917192,2016-06-30,2016-06-30,2016-12-30,95.7000000000001,95.7000000000001,4.35,66,66,3
2016-09-20,305.913418039641,175.45026492933303,2016-06-30,2016-06-30,2016-12-30,95.7000000000001,95.7000000000001,4.35,66,66,3
2016-09-21,307.5524066304396,177.42325094918644,2016-06-30,2016-06-30,2016-12-30,95.7000000000001,95.7000000000001,4.35,66,66,3
2016-09-22,311.5256552999942,178.5412987092597,2016-06-30,2016-06-30,2016-12-30,95.7000000000001,95.7000000000001,4.35,66,66,3
2016-09-23,312.3636011363767,177.56299494661187,2016-06-30,2016-06-30,2016-12-30,95.7000000000001,95.7000000000001,4.35,66,66,3
2016-09-26,308.6883211725554,176.12436928428855,2016-06-30,2016-06-30,2016-12-30,95.7000000000001,95.7000000000001,4.35,66,66,3
2016-09-27,307.67659037405343,177.21770563152026,2016-06-30,2016-06-30,2016-12-30,95.7000000000001,95.7000000000001,4.35,66,66,3
2016-09-28,305.48225838137176,178.09735530414196,2016-06-30,2016-06-30,2016-12-30,95.7000000000001,95.7000000000001,4.35,66,66,3
2016-09-29,301.80418154543526,176.48603709393785,2016-06-30,2016-06-30,2016-12-30,95.7000000000001,95.7000000000001,4.35,66,66,3
2016-09-30,304.9176925762492,177.81786730929113,2016-06-30,2016-06-30,2016-12-30,95.7000000000001,95.7000000000001,4.35,66,66,3
2016-10-03,303.87016333946536,177.39039817940102,2016-06-30,2016-06-30,2016-12-30,95.7000000000001,95.7000000000001,4.35,66,66,3
2016-10-04,302.6481644852472,176.48603709393785,2016-06-30,2016-06-30,2016-12-30,95.7000000000001,95.7000000000001,4.35,66,66,3
2016-10-05,303.7140598897229,177.26703267653338,2016-06-30,2016-06-30,2016-12-30,95.7000000000001,95.7000000000001,4.35,66,66,3
2016-10-06,301.8303699851232,177.39039817940102,2016-06-30,2016-06-30,2016-12-30,95.7000000000001,95.7000000000001,4.35,66,66,3
2016-10-07,299.7639950223081,176.78199936401637,2016-06-30,2016-06-30,2016-12-30,95.7000000000001,95.7000000000001,4.35,66,66,3
2016-10-10,303.20479154311437,177.70273894403726,2016-06-30,2016-06-30,2016-12-30,95.7000000000001,95.7000000000001,4.35,66,66,3
2016-10-11,298.6875192991616,175.45840628627693,2016-06-30,2016-06-30,2016-12-30,95.7000000000001,95.7000000000001,4.35,66,66,3
2016-10-12,300.34942243212316,175.6886630167846,2016-06-30,2016-06-30,2016-12-30,95.7000000000001,95.7000000000001,4.35,66,66,3
2016-10-13,298.40765218197,175.1132127518553,2016-06-30,2016-06-30,2016-12-30,95.7000000000001,95.7000000000001,4.35,66,66,3
2016-10-14,300.0828629364719,175.2036297042676,2016-06-30,2016-06-30,2016-12-30,95.7000000000001,95.7000000000001,4.35,66,66,3
2016-10-17,299.4652850655609,174.59523088888292,2016-06-30,2016-06-30,2016-12-30,95.7000000000001,95.7000000000001,4.35,66,66,3
2016-10-18,301.8346778429001,175.6886630167846,2016-06-30,2016-06-30,2016-12-30,95.7000000000001,95.7000000000001,4.35,66,66,3
2016-10-19,304.92289368262254,176.15722205407397,2016-06-30,2016-06-30,2016-12-30,95.7000000000001,95.7000000000001,4.35,66,66,3
2016-10-20,303.5114435807378,175.82840701421006,2016-06-30,2016-06-30,2016-12-30,95.7000000000001,95.7000000000001,4.35,66,66,3
2016-10-21,304.19210962713004,175.9105868290085,2016-06-30,2016-06-30,2016-12-30,95.7000000000001,95.7000000000001,4.35,66,66,3
2016-10-24,305.6692680181154,176.6587296418186,2016-06-30,2016-06-30,2016-12-30,95.7000000000001,95.7000000000001,4.35,66,66,3
2016-10-25,300.7050283722774,176.06680510166163,2016-06-30,2016-06-30,2016-12-30,95.7000000000001,95.7000000000001,4.35,66,66,3
2016-10-26,296.7411817852602,175.7132786489562,2016-06-30,2016-06-30,2016-12-30,95.7000000000001,95.7000000000001,4.35,66,66,3
2016-10-27,297.2979036085328,175.24471961166685,2016-06-30,2016-06-30,2016-12-30,95.7000000000001,95.7000000000001,4.35,66,66,3
2016-10-28,298.45125698701605,174.72683352936446,2016-06-30,2016-06-30,2016-12-30,95.7000000000001,95.7000000000001,4.35,66,66,3
2016-10-31,300.5442148141383,174.73497488630835,2016-06-30,2016-06-30,2016-12-30,95.7000000000001,95.7000000000001,4.35,66,66,3
2016-11-01,296.66234588194914,173.4690417718658,2016-06-30,2016-06-30,2016-12-30,95.7000000000001,95.7000000000001,4.35,66,66,3
2016-11-02,297.43236561320094,172.42493668897717,2016-06-30,2016-06-30,2016-12-30,95.7000000000001,95.7000000000001,4.35,66,66,3
2016-11-03,296.5606686368222,171.63570396876784,2016-06-30,2016-06-30,2016-12-30,95.7000000000001,95.7000000000001,4.35,66,66,3
2016-11-04,295.63307423101605,171.44663292632936,2016-06-30,2016-06-30,2016-12-30,95.7000000000001,95.7000000000001,4.35,66,66,3
2016-11-07,301.23723460970535,175.22824533643916,2016-06-30,2016-06-30,2016-12-30,95.7000000000001,95.7000000000001,4.35,66,66,3
2016-11-08,300.8940996306421,176.01747805664854,2016-06-30,2016-06-30,2016-12-30,95.7000000000001,95.7000000000001,4.35,66,66,3
2016-11-09,308.31197628320723,177.88357284886195,2016-06-30,2016-06-30,2016-12-30,95.7000000000001,95.7000000000001,4.35,66,66,3
2016-11-10,312.8270610482938,178.3275162539797,2016-06-30,2016-06-30,2016-12-30,95.7000000000001,95.7000000000001,4.35,66,66,3
2016-11-11,316.81201778843763,177.91652139931728,2016-06-30,2016-06-30,2016-12-30,95.7000000000001,95.7000000000001,4.35,66,66,3
2016-11-14,320.61811197518534,178.0562653967427,2016-06-30,2016-06-30,2016-12-30,95.7000000000001,95.7000000000001,4.35,66,66,3
2016-11-15,319.6334976311242,179.44556401405296,2016-06-30,2016-06-30,2016-12-30,95.7000000000001,95.7000000000001,4.35,66,66,3
2016-11-16,319.77476925027236,179.10851183657522,2016-06-30,2016-06-30,2016-12-30,95.7000000000001,95.7000000000001,4.35,66,66,3
2016-11-17,320.5917635955149,180.0292514165961,2016-06-30,2016-06-30,2016-12-30,95.7000000000001,95.7000000000001,4.35,66,66,3
2016-11-18,321.3986754708795,179.62639791887761,2016-06-30,2016-06-30,2016-12-30,95.7000000000001,95.7000000000001,4.35,66,66,3
2016-11-21,323.9822266500633,180.98284376640245,2016-06-30,2016-06-30,2016-12-30,95.7000000000001,95.7000000000001,4.35,66,66,3
2016-11-22,327.78558113401726,181.33637021910786,2016-06-30,2016-06-30,2016-12-30,95.7000000000001,95.7000000000001,4.35,66,66,3
2016-11-23,329.79242302173174,181.43502430913406,2016-06-30,2016-06-30,2016-12-30,95.7000000000001,95.7000000000001,4.35,66,66,3
2016-11-25,331.8565073267859,182.10912866408955,2016-06-30,2016-06-30,2016-12-30,95.7000000000001,95.7000000000001,4.35,66,66,3
2016-11-28,326.5229939200612,181.25419040430936,2016-06-30,2016-06-30,2016-12-30,95.7000000000001,95.7000000000001,4.35,66,66,3
2016-11-29,325.69388389560476,181.6077168570148,2016-06-30,2016-06-30,2016-12-30,95.7000000000001,95.7000000000001,4.35,66,66,3
2016-11-30,322.9879392235857,181.17201058951088,2016-06-30,2016-06-30,2016-12-30,95.7000000000001,95.7000000000001,4.35,66,66,3
2016-12-01,325.0589464781772,180.50604759149925,2016-06-30,2016-06-30,2016-12-30,95.7000000000001,95.7000000000001,4.35,66,66,3
2016-12-02,324.23598198239745,180.5964645439116,2016-06-30,2016-06-30,2016-12-30,95.7000000000001,95.7000000000001,4.35,66,66,3
2016-12-05,327.9616909108979,181.68165953419947,2016-06-30,2016-06-30,2016-12-30,95.7000000000001,95.7000000000001,4.35,66,66,3
2016-12-06,330.2456372310223,182.25710979912878,2016-06-30,2016-06-30,2016-12-30,95.7000000000001,95.7000000000001,4.35,66,66,3
2016-12-07,335.12347547664274,184.64118645431455,2016-06-30,2016-06-30,2016-12-30,95.7000000000001,95.7000000000001,4.35,66,66,3
2016-12-08,338.2694740969503,185.09336699704613,2016-06-30,2016-06-30,2016-12-30,95.7000000000001,95.7000000000001,4.35,66,66,3
2016-12-09,338.7235757383814,186.2114147571194,2016-06-30,2016-06-30,2016-12-30,95.7000000000001,95.7000000000001,4.35,66,66,3
2016-12-12,335.9687963367816,185.9976323018394,2016-06-30,2016-06-30,2016-12-30,95.7000000000001,95.7000000000001,4.35,66,66,3
2016-12-13,336.6721609956587,187.2389497841104,2016-06-30,2016-06-30,2016-12-30,95.7000000000001,95.7000000000001,4.35,66,66,3
2016-12-14,333.6522920645441,185.69343289414707,2016-06-30,2016-06-30,2016-12-30,95.7000000000001,95.7000000000001,4.35,66,66,3
2016-12-15,333.74624347724256,186.45795420151487,2016-06-30,2016-06-30,2016-12-30,95.7000000000001,95.7000000000001,4.35,66,66,3
2016-12-16,336.45674052578494,186.09322141042784,2016-06-30,2016-06-30,2016-12-30,95.7000000000001,95.7000000000001,4.35,66,66,3
2016-12-19,336.959120578704,186.49846942489455,2016-06-30,2016-06-30,2016-12-30,95.7000000000001,95.7000000000001,4.35,66,66,3
2016-12-20,337.23614716712063,187.21787803672615,2016-06-30,2016-06-30,2016-12-30,95.7000000000001,95.7000000000001,4.35,66,66,3
2016-12-21,336.46645517751665,186.69692697298603,2016-06-30,2016-06-30,2016-12-30,95.7000000000001,95.7000000000001,4.35,66,66,3
2016-12-22,332.49539828311515,186.37443345733737,2016-06-30,2016-06-30,2016-12-30,95.7000000000001,95.7000000000001,4.35,66,66,3
2016-12-23,332.8599872650522,186.64731258596314,2016-06-30,2016-06-30,2016-12-30,95.7000000000001,95.7000000000001,4.35,66,66,3
2016-12-27,333.73294110278243,187.11041212506657,2016-06-30,2016-06-30,2016-12-30,95.7000000000001,95.7000000000001,4.35,66,66,3
2016-12-28,331.2345653916439,185.5640332090739,2016-06-30,2016-06-30,2016-12-30,95.7000000000001,95.7000000000001,4.35,66,66,3
2016-12-29,331.93728364027066,185.52265595966486,2016-06-30,2016-06-30,2016-12-30,95.7000000000001,95.7000000000001,4.35,66,66,3
2016-12-30,329.217513525964,184.8446245972423,2016-06-30,2016-06-30,2016-12-30,95.7000000000001,95.7000000000001,4.35,66,66,3
2017-01-03,329.22042071842117,186.25863462739406,2016-12-31,2016-12-30,2017-06-30,95.47,95.47,4.53,63,63,3
2017-01-04,334.08760467236084,187.36672119779476,2016-12-31,2016-12-30,2017-06-30,95.47,95.47,4.53,63,63,3
2017-01-05,331.70727615303895,187.21787803672615,2016-12-31,2016-12-30,2017-06-30,95.47,95.47,4.53,63,63,3
2017-01-06,327.45441973010264,187.88767226153487,2016-12-31,2016-12-30,2017-06-30,95.47,95.47,4.53,63,63,3
2017-01-09,324.9173828187034,187.26749242374902,2016-12-31,2016-12-30,2017-06-30,95.47,95.47,4.53,63,63,3
2017-01-10,327.5156356778141,187.26749242374902,2016-12-31,2016-12-30,2017-06-30,95.47,95.47,4.53,63,63,3
2017-01-11,328.89045641407466,187.7967764057729,2016-12-31,2016-12-30,2017-06-30,95.47,95.47,4.53,63,63,3
2017-01-12,326.8545546572179,187.32543972905563,2016-12-31,2016-12-30,2017-06-30,95.47,95.47,4.53,63,63,3
2017-01-13,326.59867187362744,187.75539915636386,2016-12-31,2016-12-30,2017-06-30,95.47,95.47,4.53,63,63,3
2017-01-17,323.8872147500845,187.093842069169,2016-12-31,2016-12-30,2017-06-30,95.47,95.47,4.53,63,63,3
2017-01-18,325.1669406453888,187.50732722124954,2016-12-31,2016-12-30,2017-06-30,95.47,95.47,4.53,63,63,3
2017-01-19,320.34363884483685,186.81272580292938,2016-12-31,2016-12-30,2017-06-30,95.47,95.47,4.53,63,63,3
2017-01-20,321.8185984795555,187.4990900836357,2016-12-31,2016-12-30,2017-06-30,95.47,95.47,4.53,63,63,3
2017-01-23,321.1908771625485,187.01118335102086,2016-12-31,2016-12-30,2017-06-30,95.47,95.47,4.53,63,63,3
2017-01-24,323.9942115087128,188.21026155785344,2016-12-31,2016-12-30,2017-06-30,95.47,95.47,4.53,63,63,3
2017-01-25,326.57573009725456,189.83929919199426,2016-12-31,2016-12-30,2017-06-30,95.47,95.47,4.53,63,63,3
2017-01-26,324.77724176081546,189.6408416439028,2016-12-31,2016-12-30,2017-06-30,95.47,95.47,4.53,63,63,3
2017-01-27,323.25392038759935,189.3431553217656,2016-12-31,2016-12-30,2017-06-30,95.47,95.47,4.53,63,63,3
2017-01-30,322.04398956455645,188.16888430844443,2016-12-31,2016-12-30,2017-06-30,95.47,95.47,4.53,63,63,3
2017-01-31,320.6563417419428,188.1523142525468,2016-12-31,2016-12-30,2017-06-30,95.47,95.47,4.53,63,63,3
2017-02-01,318.6565153562841,188.2267358330811,2016-12-31,2016-12-30,2017-06-30,95.47,95.47,4.53,63,63,3
2017-02-02,318.2166195177158,188.35077180063828,2016-12-31,2016-12-30,2017-06-30,95.47,95.47,4.53,63,63,3
2017-02-03,321.4655210478061,189.64907878151664,2016-12-31,2016-12-30,2017-06-30,95.47,95.47,4.53,63,63,3
2017-02-06,320.87640279085497,189.3100152099704,2016-12-31,2016-12-30,2017-06-30,95.47,95.47,4.53,63,63,3
2017-02-07,320.4197165378678,189.31834812825414,2016-12-31,2016-12-30,2017-06-30,95.47,95.47,4.53,63,63,3
2017-02-08,322.34241393850897,189.5664200633685,2016-12-31,2016-12-30,2017-06-30,95.47,95.47,4.53,63,63,3
2017-02-09,326.71984689065965,190.69098090899686,2016-12-31,2016-12-30,2017-06-30,95.47,95.47,4.53,63,63,3
2017-02-10,329.5178748743124,191.44352963262367,2016-12-31,2016-12-30,2017-06-30,95.47,95.47,4.53,63,63,3
2017-02-13,329.4989244600249,192.48543176010392,2016-12-31,2016-12-30,2017-06-30,95.47,95.47,4.53,63,63,3
2017-02-14,329.3443723323667,193.2545505396283,2016-12-31,2016-12-30,2017-06-30,95.47,95.47,4.53,63,63,3
2017-02-15,331.61282400273296,194.26340833598329,2016-12-31,2016-12-30,2017-06-30,95.47,95.47,4.53,63,63,3
2017-02-16,331.1499903585805,194.0979951190171,2016-12-31,2016-12-30,2017-06-30,95.47,95.47,4.53,63,63,3
2017-02-17,330.21067544133126,194.40391857876813,2016-12-31,2016-12-30,2017-06-30,95.47,95.47,4.53,63,63,3
2017-02-21,332.84193827137494,195.5616195361917,2016-12-31,2016-12-30,2017-06-30,95.47,95.47,4.53,63,63,3
2017-02-22,327.7821292345325,195.38796918161168,2016-12-31,2016-12-30,2017-06-30,95.47,95.47,4.53,63,63,3
2017-02-23,324.9448399947071,195.5203380674526,2016-12-31,2016-12-30,2017-06-30,95.47,95.47,4.53,63,63,3
2017-02-24,324.37923323279216,195.76841000256695,2016-12-31,2016-12-30,2017-06-30,95.47,95.47,4.53,63,63,3
2017-02-27,325.6285562698449,196.074333462318,2016-12-31,2016-12-30,2017-06-30,95.47,95.47,4.53,63,63,3
2017-02-28,321.7598823387664,195.54514526096403,2016-12-31,2016-12-30,2017-06-30,95.47,95.47,4.53,63,63,3
2017-03-01,324.12801533597843,198.28226946550555,2016-12-31,2016-12-30,2017-06-30,95.47,95.47,4.53,63,63,3
2017-03-02,321.81512017775975,197.0335768716501,2016-12-31,2016-12-30,2017-06-30,95.47,95.47,4.53,63,63,3
2017-03-03,320.47047868168096,197.15761283920727,2016-12-31,2016-12-30,2017-06-30,95.47,95.47,4.53,63,63,3
2017-03-06,318.7736462134143,196.57047733254666,2016-12-31,2016-12-30,2017-06-30,95.47,95.47,4.53,63,63,3
2017-03-07,316.27003089943474,195.98343760655598,2016-12-31,2016-12-30,2017-06-30,95.47,95.47,4.53,63,63,3
2017-03-08,316.809473476061,195.61956684149834,2016-12-31,2016-12-30,2017-06-30,95.47,95.47,4.53,63,63,3
2017-03-09,315.02849171142304,195.8676387766127,2016-12-31,2016-12-30,2017-06-30,95.47,95.47,4.53,63,63,3
2017-03-10,317.20853954736094,196.554003057319,2016-12-31,2016-12-30,2017-06-30,95.47,95.47,4.53,63,63,3
2017-03-13,317.1106900379454,196.65323183136474,2016-12-31,2016-12-30,2017-06-30,95.47,95.47,4.53,63,63,3
2017-03-14,316.28817226580065,195.90068310773793,2016-12-31,2016-12-30,2017-06-30,95.47,95.47,4.53,63,63,3
2017-03-15,320.48900699533806,197.59590518479925,2016-12-31,2016-12-30,2017-06-30,95.47,95.47,4.53,63,63,3
2017-03-16,322.2924050288696,197.20722722623012,2016-12-31,2016-12-30,2017-06-30,95.47,95.47,4.53,63,63,3
2017-03-17,323.8007150944674,196.86098010443925,2016-12-31,2016-12-30,2017-06-30,95.47,95.47,4.53,63,63,3
2017-03-20,320.82639828269475,196.64509047442084,2016-12-31,2016-12-30,2017-06-30,95.47,95.47,4.53,63,63,3
2017-03-21,317.2184908618301,194.12031201511036,2016-12-31,2016-12-30,2017-06-30,95.47,95.47,4.53,63,63,3
2017-03-22,318.1390647346175,194.5770900299985,2016-12-31,2016-12-30,2017-06-30,95.47,95.47,4.53,63,63,3
2017-03-23,319.57839997472746,194.36943753759394,2016-12-31,2016-12-30,2017-06-30,95.47,95.47,4.53,63,63,3
2017-03-24,319.5779765144004,194.2282568301196,2016-12-31,2016-12-30,2017-06-30,95.47,95.47,4.53,63,63,3
2017-03-27,319.7375298464261,194.02893725599876,2016-12-31,2016-12-30,2017-06-30,95.47,95.47,4.53,63,63,3
2017-03-28,323.3315937739158,195.4408401114121,2016-12-31,2016-12-30,2017-06-30,95.47,95.47,4.53,63,63,3
2017-03-29,324.68576018461613,195.62349384896538,2016-12-31,2016-12-30,2017-06-30,95.47,95.47,4.53,63,63,3
2017-03-30,326.64690497726883,196.24645132617917,2016-12-31,2016-12-30,2017-06-30,95.47,95.47,4.53,63,63,3
2017-03-31,327.208668197459,195.789673311291,2016-12-31,2016-12-30,2017-06-30,95.47,95.47,4.53,63,63,3
2017-04-03,324.91642482249034,195.44907724902592,2016-12-31,2016-12-30,2017-06-30,95.47,95.47,4.53,63,63,3
2017-04-04,321.7483933002031,195.57368790060266,2016-12-31,2016-12-30,2017-06-30,95.47,95.47,4.53,63,63,3
2017-04-05,321.9151428846041,194.99229923413776,2016-12-31,2016-12-30,2017-06-30,95.47,95.47,4.53,63,63,3
2017-04-06,325.42635282129436,195.54045200813755,2016-12-31,2016-12-30,2017-06-30,95.47,95.47,4.53,63,63,3
2017-04-07,324.45790237879646,195.3411324340167,2016-12-31,2016-12-30,2017-06-30,95.47,95.47,4.53,63,63,3
2017-04-10,325.4941703487812,195.4574101673097,2016-12-31,2016-12-30,2017-06-30,95.47,95.47,4.53,63,63,3
2017-04-11,327.11789031109106,195.22485470072374,2016-12-31,2016-12-30,2017-06-30,95.47,95.47,4.53,63,63,3
2017-04-12,325.4365239495342,194.36943753759394,2016-12-31,2016-12-30,2017-06-30,95.47,95.47,4.53,63,63,3
2017-04-13,322.9487552985564,193.1070483079387,2016-12-31,2016-12-30,2017-06-30,95.47,95.47,4.53,63,63,3
2017-04-17,324.428155080346,194.81788263419833,2016-12-31,2016-12-30,2017-06-30,95.47,95.47,4.53,63,63,3
2017-04-18,325.18089016035145,194.23658974840336,2016-12-31,2016-12-30,2017-06-30,95.47,95.47,4.53,63,63,3
2017-04-19,325.9692163059459,193.87942363024064,2016-12-31,2016-12-30,2017-06-30,95.47,95.47,4.53,63,63,3
2017-04-20,329.8519267290308,195.4574101673097,2016-12-31,2016-12-30,2017-06-30,95.47,95.47,4.53,63,63,3
2017-04-21,329.95892215020194,194.8345484707658,2016-12-31,2016-12-30,2017-06-30,95.47,95.47,4.53,63,63,3
2017-04-24,333.57983964040335,196.97725783773225,2016-12-31,2016-12-30,2017-06-30,95.47,95.47,4.53,63,63,3
2017-04-25,335.20453708331524,198.12346511476443,2016-12-31,2016-12-30,2017-06-30,95.47,95.47,4.53,63,63,3
2017-04-26,338.1321963299231,197.99885446318768,2016-12-31,2016-12-30,2017-06-30,95.47,95.47,4.53,63,63,3
2017-04-27,338.4015744061709,198.16493814484338,2016-12-31,2016-12-30,2017-06-30,95.47,95.47,4.53,63,63,3
2017-04-28,334.772581758059,197.7330631041366,2016-12-31,2016-12-30,2017-06-30,95.47,95.47,4.53,63,63,3
2017-05-01,336.41277269393305,198.2314099297736,2016-12-31,2016-12-30,2017-06-30,95.47,95.47,4.53,63,63,3
2017-05-02,338.8627190064303,198.3061188523177,2016-12-31,2016-12-30,2017-06-30,95.47,95.47,4.53,63,63,3
2017-05-03,336.2255539783767,198.0653262481179,2016-12-31,2016-12-30,2017-06-30,95.47,95.47,4.53,63,63,3
2017-05-04,336.18633168273544,198.2978817147039,2016-12-31,2016-12-30,2017-06-30,95.47,95.47,4.53,63,63,3
2017-05-05,338.10292019596864,199.0785899552896,2016-12-31,2016-12-30,2017-06-30,95.47,95.47,4.53,63,63,3
2017-05-08,335.6705496856115,199.0453540628245,2016-12-31,2016-12-30,2017-06-30,95.47,95.47,4.53,63,63,3
2017-05-09,337.09286244259323,198.86260454460123,2016-12-31,2016-12-30,2017-06-30,95.47,95.47,4.53,63,63,3
2017-05-10,337.65063707764415,199.21977066276392,2016-12-31,2016-12-30,2017-06-30,95.47,95.47,4.53,63,63,3
2017-05-11,335.3372902452731,198.8127985962385,2016-12-31,2016-12-30,2017-06-30,95.47,95.47,4.53,63,63,3
2017-05-12,332.93202696706294,198.48053545225716,2016-12-31,2016-12-30,2017-06-30,95.47,95.47,4.53,63,63,3
2017-05-15,334.3142947056159,199.5768410002567,2016-12-31,2016-12-30,2017-06-30,95.47,95.47,4.53,63,63,3
2017-05-16,332.09623476636887,199.39418726270338,2016-12-31,2016-12-30,2017-06-30,95.47,95.47,4.53,63,63,3
2017-05-17,328.7144406536157,195.85604931555133,2016-12-31,2016-12-30,2017-06-30,95.47,95.47,4.53,63,63,3
2017-05-18,329.050230792485,196.64509047442084,2016-12-31,2016-12-30,2017-06-30,95.47,95.47,4.53,63,63,3
2017-05-19,330.9783423990773,197.9241455406436,2016-12-31,2016-12-30,2017-06-30,95.47,95.47,4.53,63,63,3
2017-05-22,332.2516740172622,198.92907632953148,2016-12-31,2016-12-30,2017-06-30,95.47,95.47,4.53,63,63,3
2017-05-23,330.887375927869,199.36918850785213,2016-12-31,2016-12-30,2017-06-30,95.47,95.47,4.53,63,63,3
2017-05-24,332.9586955996346,199.83429944102403,2016-12-31,2016-12-30,2017-06-30,95.47,95.47,4.53,63,63,3
2017-05-25,333.5311482466041,200.7894242815492,2016-12-31,2016-12-30,2017-06-30,95.47,95.47,4.53,63,63,3
2017-05-26,333.2512263872579,200.74795125147023,2016-12-31,2016-12-30,2017-06-30,95.47,95.47,4.53,63,63,3
2017-05-30,332.06484643605125,200.57353465153076,2016-12-31,2016-12-30,2017-06-30,95.47,95.47,4.53,63,63,3
2017-05-31,333.7586739303668,200.5236329224981,2016-12-31,2016-12-30,2017-06-30,95.47,95.47,4.53,63,63,3
2017-06-01,338.4240728389719,202.1182852961347,2016-12-31,2016-12-30,2017-06-30,95.47,95.47,4.53,63,63,3
2017-06-02,339.53252340502144,202.79104872171118,2016-12-31,2016-12-30,2017-06-30,95.47,95.47,4.53,63,63,3
2017-06-05,336.97308879825266,202.6415350959531,2016-12-31,2016-12-30,2017-06-30,95.47,95.47,4.53,63,63,3
2017-06-06,334.64719936370307,201.99367464455796,2016-12-31,2016-12-30,2017-06-30,95.47,95.47,4.53,63,63,3
2017-06-07,335.0553568214936,202.36741081861825,2016-12-31,2016-12-30,2017-06-30,95.47,95.47,4.53,63,63,3
2017-06-08,335.37462915032194,202.46711849601363,2016-12-31,2016-12-30,2017-06-30,95.47,95.47,4.53,63,63,3
2017-06-09,334.843572202719,202.15985410688359,2016-12-31,2016-12-30,2017-06-30,95.47,95.47,4.53,63,63,3
2017-06-12,334.30093060020096,202.1182852961347,2016-12-31,2016-12-30,2017-06-30,95.47,95.47,4.53,63,63,3
2017-06-13,335.9053446309258,203.10664602912502,2016-12-31,2016-12-30,2017-06-30,95.47,95.47,4.53,63,63,3
2017-06-14,335.19206209234704,202.84918758835767,2016-12-31,2016-12-30,2017-06-30,95.47,95.47,4.53,63,63,3
2017-06-15,333.9851820552061,202.45878557772988,2016-12-31,2016-12-30,2017-06-30,95.47,95.47,4.53,63,63,3
2017-06-16,333.7902641023369,202.50313202790667,2016-12-31,2016-12-30,2017-06-30,95.47,95.47,4.53,63,63,3
2017-06-19,336.09277720648936,204.18896759931496,2016-12-31,2016-12-30,2017-06-30,95.47,95.47,4.53,63,63,3
2017-06-20,331.6397898344449,202.81192890775554,2016-12-31,2016-12-30,2017-06-30,95.47,95.47,4.53,63,63,3
2017-06-21,331.3852914945259,202.76183561738307,2016-12-31,2016-12-30,2017-06-30,95.47,95.47,4.53,63,63,3
2017-06-22,333.6633982022449,202.67007773559175,2016-12-31,2016-12-30,2017-06-30,95.47,95.47,4.53,63,63,3
2017-06-23,335.3880439193573,202.91211548850058,2016-12-31,2016-12-30,2017-06-30,95.47,95.47,4.53,63,63,3
2017-06-26,338.0076184532826,203.04563374238063,2016-12-31,2016-12-30,2017-06-30,95.47,95.47,4.53,63,63,3
2017-06-27,336.03656249612465,201.4097956806749,2016-12-31,2016-12-30,2017-06-30,95.47,95.47,4.53,63,63,3
2017-06-28,336.67770517300136,203.2125794500657,2016-12-31,2016-12-30,2017-06-30,95.47,95.47,4.53,63,63,3
2017-06-29,335.11284698945855,201.42655729791238,2016-12-31,2016-12-30,2017-06-30,95.47,95.47,4.53,63,63,3
2017-06-30,334.111145617825,201.8021133047013,2016-12-31,2016-12-30,2017-06-30,95.47,95.47,4.53,63,63,3
2017-07-03,336.25643470783496,202.14424185768527,2017-06-30,2017-06-30,2017-12-29,95.75999999999998,95.75999999999998,4.5600000000000005,63,63,3
2017-07-05,332.3945010262218,202.61165152693547,2017-06-30,2017-06-30,2017-12-29,95.75999999999998,95.75999999999998,4.5600000000000005,63,63,3
2017-07-06,329.35502002605017,200.75887024784208,2017-06-30,2017-06-30,2017-12-29,95.75999999999998,95.75999999999998,4.5600000000000005,63,63,3
2017-07-07,332.46270939642756,202.06081689417766,2017-06-30,2017-06-30,2017-12-29,95.75999999999998,95.75999999999998,4.5600000000000005,63,63,3
2017-07-10,330.75787350995074,202.27776011156533,2017-06-30,2017-06-30,2017-12-29,95.75999999999998,95.75999999999998,4.5600000000000005,63,63,3
2017-07-11,331.38491533327823,202.12757602111773,2017-06-30,2017-06-30,2017-12-29,95.75999999999998,95.75999999999998,4.5600000000000005,63,63,3
2017-07-12,333.33183856657365,203.64656166551094,2017-06-30,2017-06-30,2017-12-29,95.75999999999998,95.75999999999998,4.5600000000000005,63,63,3
2017-07-13,335.0482286086258,203.98869021849487,2017-06-30,2017-06-30,2017-12-29,95.75999999999998,95.75999999999998,4.5600000000000005,63,63,3
2017-07-14,334.59612084538077,204.94007961289284,2017-06-30,2017-06-30,2017-12-29,95.75999999999998,95.75999999999998,4.5600000000000005,63,63,3
2017-07-17,336.3562355690367,204.91508085804156,2017-06-30,2017-06-30,2017-12-29,95.75999999999998,95.75999999999998,4.5600000000000005,63,63,3
2017-07-18,335.93224529322845,205.02360035707034,2017-06-30,2017-06-30,2017-12-29,95.75999999999998,95.75999999999998,4.5600000000000005,63,63,3
2017-07-19,338.82689200074276,206.13360254086962,2017-06-30,2017-06-30,2017-12-29,95.75999999999998,95.75999999999998,4.5600000000000005,63,63,3
2017-07-20,339.66143067197504,206.22536042266097,2017-06-30,2017-06-30,2017-12-29,95.75999999999998,95.75999999999998,4.5600000000000005,63,63,3
2017-07-21,337.36421150379863,206.04174887840836,2017-06-30,2017-06-30,2017-12-29,95.75999999999998,95.75999999999998,4.5600000000000005,63,63,3
2017-07-24,334.9073941979538,205.99165558803585,2017-06-30,2017-06-30,2017-12-29,95.75999999999998,95.75999999999998,4.5600000000000005,63,63,3
2017-07-25,338.43034991300954,206.4923969304211,2017-06-30,2017-06-30,2017-12-29,95.75999999999998,95.75999999999998,4.5600000000000005,63,63,3
2017-07-26,338.133325479199,206.5008256293748,2017-06-30,2017-06-30,2017-12-29,95.75999999999998,95.75999999999998,4.5600000000000005,63,63,3
2017-07-27,338.2320514605737,206.30888116683846,2017-06-30,2017-06-30,2017-12-29,95.75999999999998,95.75999999999998,4.5600000000000005,63,63,3
2017-07-28,333.98021057755324,206.06684341392958,2017-06-30,2017-06-30,2017-12-29,95.75999999999998,95.75999999999998,4.5600000000000005,63,63,3
2017-07-31,331.4207856444732,205.94999099661706,2017-06-30,2017-06-30,2017-12-29,95.75999999999998,95.75999999999998,4.5600000000000005,63,63,3
2017-08-01,333.43002681198567,206.40897196691355,2017-06-30,2017-06-30,2017-12-29,95.75999999999998,95.75999999999998,4.5600000000000005,63,63,3
2017-08-02,331.78727409679544,206.50915854765856,2017-06-30,2017-06-30,2017-12-29,95.75999999999998,95.75999999999998,4.5600000000000005,63,63,3
2017-08-03,331.40122416029106,206.10850800534843,2017-06-30,2017-06-30,2017-12-29,95.75999999999998,95.75999999999998,4.5600000000000005,63,63,3
2017-08-04,334.2893804954252,206.48406401213734,2017-06-30,2017-06-30,2017-12-29,95.75999999999998,95.75999999999998,4.5600000000000005,63,63,3
2017-08-07,335.5529957670874,206.86804871787996,2017-06-30,2017-06-30,2017-12-29,95.75999999999998,95.75999999999998,4.5600000000000005,63,63,3
2017-08-08,331.76820179188167,206.35887867654102,2017-06-30,2017-06-30,2017-12-29,95.75999999999998,95.75999999999998,4.5600000000000005,63,63,3
2017-08-09,332.6038346051633,206.35054575825725,2017-06-30,2017-06-30,2017-12-29,95.75999999999998,95.75999999999998,4.5600000000000005,63,63,3
2017-08-10,331.0815628131382,203.4378555857371,2017-06-30,2017-06-30,2017-12-29,95.75999999999998,95.75999999999998,4.5600000000000005,63,63,3
2017-08-11,332.841281660077,203.7383195473023,2017-06-30,2017-06-30,2017-12-29,95.75999999999998,95.75999999999998,4.5600000000000005,63,63,3
2017-08-14,336.31273137171803,205.7580465340807,2017-06-30,2017-06-30,2017-12-29,95.75999999999998,95.75999999999998,4.5600000000000005,63,63,3
2017-08-15,334.2605625835328,205.73295199855949,2017-06-30,2017-06-30,2017-12-29,95.75999999999998,95.75999999999998,4.5600000000000005,63,63,3
2017-08-16,334.4867343093907,206.09184216878086,2017-06-30,2017-06-30,2017-12-29,95.75999999999998,95.75999999999998,4.5600000000000005,63,63,3
2017-08-17,330.444385089397,202.87868803469559,2017-06-30,2017-06-30,2017-12-29,95.75999999999998,95.75999999999998,4.5600000000000005,63,63,3
2017-08-18,328.4688309357187,202.56155823656297,2017-06-30,2017-06-30,2017-12-29,95.75999999999998,95.75999999999998,4.5600000000000005,63,63,3
2017-08-21,327.66525022133345,202.72017102596425,2017-06-30,2017-06-30,2017-12-29,95.75999999999998,95.75999999999998,4.5600000000000005,63,63,3
2017-08-22,332.32649077363266,204.83998881281775,2017-06-30,2017-06-30,2017-12-29,95.75999999999998,95.75999999999998,4.5600000000000005,63,63,3
2017-08-23,330.1741356388845,204.1055426358074,2017-06-30,2017-06-30,2017-12-29,95.75999999999998,95.75999999999998,4.5600000000000005,63,63,3
2017-08-24,329.6226339078301,203.62980004827347,2017-06-30,2017-06-30,2017-12-29,95.75999999999998,95.75999999999998,4.5600000000000005,63,63,3
2017-08-25,331.5315368389093,204.1055426358074,2017-06-30,2017-06-30,2017-12-29,95.75999999999998,95.75999999999998,4.5600000000000005,63,63,3
2017-08-28,332.41526682103506,204.11387555409118,2017-06-30,2017-06-30,2017-12-29,95.75999999999998,95.75999999999998,4.5600000000000005,63,63,3
2017-08-29,330.6881621615115,204.3475803887163,2017-06-30,2017-06-30,2017-12-29,95.75999999999998,95.75999999999998,4.5600000000000005,63,63,3
2017-08-30,331.3875723406274,205.31563561968179,2017-06-30,2017-06-30,2017-12-29,95.75999999999998,95.75999999999998,4.5600000000000005,63,63,3
2017-08-31,334.63906884860273,206.55082313907735,2017-06-30,2017-06-30,2017-12-29,95.75999999999998,95.75999999999998,4.5600000000000005,63,63,3
2017-09-01,335.87561802353554,206.84295418235874,2017-06-30,2017-06-30,2017-12-29,95.75999999999998,95.75999999999998,4.5600000000000005,63,63,3
2017-09-05,332.89898773413114,205.35739599177055,2017-06-30,2017-06-30,2017-12-29,95.75999999999998,95.75999999999998,4.5600000000000005,63,63,3
2017-09-06,333.6949405802015,206.0584147149759,2017-06-30,2017-06-30,2017-12-29,95.75999999999998,95.75999999999998,4.5600000000000005,63,63,3
2017-09-07,333.7805688899563,206.03341596012461,2017-06-30,2017-06-30,2017-12-29,95.75999999999998,95.75999999999998,4.5600000000000005,63,63,3
2017-09-08,335.8328794447061,205.79137820721573,2017-06-30,2017-06-30,2017-12-29,95.75999999999998,95.75999999999998,4.5600000000000005,63,63,3
2017-09-11,339.3450908271519,207.98638381996298,2017-06-30,2017-06-30,2017-12-29,95.75999999999998,95.75999999999998,4.5600000000000005,63,63,3
2017-09-12,342.22695250647627,208.6874025431684,2017-06-30,2017-06-30,2017-12-29,95.75999999999998,95.75999999999998,4.5600000000000005,63,63,3
2017-09-13,344.41208592287285,208.78758912391336,2017-06-30,2017-06-30,2017-12-29,95.75999999999998,95.75999999999998,4.5600000000000005,63,63,3
2017-09-14,340.85766797290347,208.7207342163034,2017-06-30,2017-06-30,2017-12-29,95.75999999999998,95.75999999999998,4.5600000000000005,63,63,3
2017-09-15,343.2600867898015,209.0013715791934,2017-06-30,2017-06-30,2017-12-29,95.75999999999998,95.75999999999998,4.5600000000000005,63,63,3
2017-09-18,342.6224033883935,209.44588966833072,2017-06-30,2017-06-30,2017-12-29,95.75999999999998,95.75999999999998,4.5600000000000005,63,63,3
2017-09-19,341.8431752650144,209.6555535548038,2017-06-30,2017-06-30,2017-12-29,95.75999999999998,95.75999999999998,4.5600000000000005,63,63,3
2017-09-20,345.0965571727932,209.73112450337723,2017-06-30,2017-06-30,2017-12-29,95.75999999999998,95.75999999999998,4.5600000000000005,63,63,3
2017-09-21,344.33721697944964,209.1691793129078,2017-06-30,2017-06-30,2017-12-29,95.75999999999998,95.75999999999998,4.5600000000000005,63,63,3
2017-09-22,346.47897841856354,209.2110354656665,2017-06-30,2017-06-30,2017-12-29,95.75999999999998,95.75999999999998,4.5600000000000005,63,63,3
2017-09-25,346.4659821795352,208.7832789937666,2017-06-30,2017-06-30,2017-12-29,95.75999999999998,95.75999999999998,4.5600000000000005,63,63,3
2017-09-26,348.7448831496847,208.90913479405242,2017-06-30,2017-06-30,2017-12-29,95.75999999999998,95.75999999999998,4.5600000000000005,63,63,3
2017-09-27,350.91302105842954,209.72269580442355,2017-06-30,2017-06-30,2017-12-29,95.75999999999998,95.75999999999998,4.5600000000000005,63,63,3
2017-09-28,352.6300868559039,209.97431162432525,2017-06-30,2017-06-30,2017-12-29,95.75999999999998,95.75999999999998,4.5600000000000005,63,63,3
2017-09-29,351.57980506208224,210.71239746679288,2017-06-30,2017-06-30,2017-12-29,95.75999999999998,95.75999999999998,4.5600000000000005,63,63,3
2017-10-02,352.6639694908613,211.62662396125862,2017-06-30,2017-06-30,2017-12-29,95.75999999999998,95.75999999999998,4.5600000000000005,63,63,3
2017-10-03,351.62662172309103,212.0794749686797,2017-06-30,2017-06-30,2017-12-29,95.75999999999998,95.75999999999998,4.5600000000000005,63,63,3
2017-10-04,351.2043996481472,212.3310907885814,2017-06-30,2017-06-30,2017-12-29,95.75999999999998,95.75999999999998,4.5600000000000005,63,63,3
2017-10-05,353.13946348484734,213.58916988808988,2017-06-30,2017-06-30,2017-12-29,95.75999999999998,95.75999999999998,4.5600000000000005,63,63,3
2017-10-06,356.2900612803598,213.34598276714186,2017-06-30,2017-06-30,2017-12-29,95.75999999999998,95.75999999999998,4.5600000000000005,63,63,3
2017-10-09,354.06136579603304,212.9937014631455,2017-06-30,2017-06-30,2017-12-29,95.75999999999998,95.75999999999998,4.5600000000000005,63,63,3
2017-10-10,356.5556585818478,213.55564665361496,2017-06-30,2017-06-30,2017-12-29,95.75999999999998,95.75999999999998,4.5600000000000005,63,63,3
2017-10-11,354.43957263632336,213.89116634037387,2017-06-30,2017-06-30,2017-12-29,95.75999999999998,95.75999999999998,4.5600000000000005,63,63,3
2017-10-12,353.04692814913005,213.5724082708524,2017-06-30,2017-06-30,2017-12-29,95.75999999999998,95.75999999999998,4.5600000000000005,63,63,3
2017-10-13,351.7371723412751,213.8324527897078,2017-06-30,2017-06-30,2017-12-29,95.75999999999998,95.75999999999998,4.5600000000000005,63,63,3
2017-10-16,352.49438833964746,214.11759184408444,2017-06-30,2017-06-30,2017-12-29,95.75999999999998,95.75999999999998,4.5600000000000005,63,63,3
2017-10-17,354.37972478399206,214.26854217989145,2017-06-30,2017-06-30,2017-12-29,95.75999999999998,95.75999999999998,4.5600000000000005,63,63,3
2017-10-18,354.7450492642739,214.47820606636455,2017-06-30,2017-06-30,2017-12-29,95.75999999999998,95.75999999999998,4.5600000000000005,63,63,3
2017-10-19,354.7218639262642,214.53691961703058,2017-06-30,2017-06-30,2017-12-29,95.75999999999998,95.75999999999998,4.5600000000000005,63,63,3
2017-10-20,353.5124975903425,215.644048380732,2017-06-30,2017-06-30,2017-12-29,95.75999999999998,95.75999999999998,4.5600000000000005,63,63,3
2017-10-23,351.9266319578505,214.80539283483964,2017-06-30,2017-06-30,2017-12-29,95.75999999999998,95.75999999999998,4.5600000000000005,63,63,3
2017-10-24,352.7261737608339,215.18276867435722,2017-06-30,2017-06-30,2017-12-29,95.75999999999998,95.75999999999998,4.5600000000000005,63,63,3
2017-10-25,350.503632408179,214.11759184408444,2017-06-30,2017-06-30,2017-12-29,95.75999999999998,95.75999999999998,4.5600000000000005,63,63,3
2017-10-26,352.3199776173742,214.39439798017725,2017-06-30,2017-06-30,2017-12-29,95.75999999999998,95.75999999999998,4.5600000000000005,63,63,3
2017-10-27,354.3978580657271,216.1472800205354,2017-06-30,2017-06-30,2017-12-29,95.75999999999998,95.75999999999998,4.5600000000000005,63,63,3
2017-10-30,352.0614919342437,215.34214770911794,2017-06-30,2017-06-30,2017-12-29,95.75999999999998,95.75999999999998,4.5600000000000005,63,63,3
2017-10-31,353.3129366071284,215.67766739587685,2017-06-30,2017-06-30,2017-12-29,95.75999999999998,95.75999999999998,4.5600000000000005,63,63,3
2017-11-01,351.53780253202456,215.96280645025345,2017-06-30,2017-06-30,2017-12-29,95.75999999999998,95.75999999999998,4.5600000000000005,63,63,3
2017-11-02,352.02591785087395,216.04671031711064,2017-06-30,2017-06-30,2017-12-29,95.75999999999998,95.75999999999998,4.5600000000000005,63,63,3
2017-11-03,353.1529663275015,216.7679387616709,2017-06-30,2017-06-30,2017-12-29,95.75999999999998,95.75999999999998,4.5600000000000005,63,63,3
2017-11-06,353.82563194562056,217.1034584484298,2017-06-30,2017-06-30,2017-12-29,95.75999999999998,95.75999999999998,4.5600000000000005,63,63,3
2017-11-07,344.45686096348436,216.95250811262275,2017-06-30,2017-06-30,2017-12-29,95.75999999999998,95.75999999999998,4.5600000000000005,63,63,3
2017-11-08,343.840197955148,217.32155103385657,2017-06-30,2017-06-30,2017-12-29,95.75999999999998,95.75999999999998,4.5600000000000005,63,63,3
2017-11-09,343.6962853883919,216.53308455900662,2017-06-30,2017-06-30,2017-12-29,95.75999999999998,95.75999999999998,4.5600000000000005,63,63,3
2017-11-10,345.8831731078014,216.46603809005686,2017-06-30,2017-06-30,2017-12-29,95.75999999999998,95.75999999999998,4.5600000000000005,63,63,3
2017-11-13,345.8011868764378,216.66727327757624,2017-06-30,2017-06-30,2017-12-29,95.75999999999998,95.75999999999998,4.5600000000000005,63,63,3
2017-11-14,349.0237752679739,216.16404163777284,2017-06-30,2017-06-30,2017-12-29,95.75999999999998,95.75999999999998,4.5600000000000005,63,63,3
2017-11-15,348.2935000409547,215.0821031902626,2017-06-30,2017-06-30,2017-12-29,95.75999999999998,95.75999999999998,4.5600000000000005,63,63,3
2017-11-16,352.727969389746,216.91055617919415,2017-06-30,2017-06-30,2017-12-29,95.75999999999998,95.75999999999998,4.5600000000000005,63,63,3
2017-11-17,354.3945999888414,216.27313582082118,2017-06-30,2017-06-30,2017-12-29,95.75999999999998,95.75999999999998,4.5600000000000005,63,63,3
2017-11-20,357.81408596056843,216.64217874205502,2017-06-30,2017-06-30,2017-12-29,95.75999999999998,95.75999999999998,4.5600000000000005,63,63,3
2017-11-21,358.2606577209573,218.05963687632422,2017-06-30,2017-06-30,2017-12-29,95.75999999999998,95.75999999999998,4.5600000000000005,63,63,3
2017-11-22,356.9067691306382,217.86673460708857,2017-06-30,2017-06-30,2017-12-29,95.75999999999998,95.75999999999998,4.5600000000000005,63,63,3
2017-11-24,356.86321947801275,218.36996624689192,2017-06-30,2017-06-30,2017-12-29,95.75999999999998,95.75999999999998,4.5600000000000005,63,63,3
2017-11-27,355.41393195569896,218.26087206384358,2017-06-30,2017-06-30,2017-12-29,95.75999999999998,95.75999999999998,4.5600000000000005,63,63,3
2017-11-28,360.900312222296,220.47512959124643,2017-06-30,2017-06-30,2017-12-29,95.75999999999998,95.75999999999998,4.5600000000000005,63,63,3
2017-11-29,366.70446453230636,220.34094087267687,2017-06-30,2017-06-30,2017-12-29,95.75999999999998,95.75999999999998,4.5600000000000005,63,63,3
2017-11-30,367.7647463199661,222.26996356503315,2017-06-30,2017-06-30,2017-12-29,95.75999999999998,95.75999999999998,4.5600000000000005,63,63,3
2017-12-01,367.26656890525044,221.8086838586584,2017-06-30,2017-06-30,2017-12-29,95.75999999999998,95.75999999999998,4.5600000000000005,63,63,3
2017-12-04,370.74457359642537,221.54030642151926,2017-06-30,2017-06-30,2017-12-29,95.75999999999998,95.75999999999998,4.5600000000000005,63,63,3
2017-12-05,370.4133041243191,220.74350702838558,2017-06-30,2017-06-30,2017-12-29,95.75999999999998,95.75999999999998,4.5600000000000005,63,63,3
2017-12-06,368.3715216147047,220.78545896181421,2017-06-30,2017-06-30,2017-12-29,95.75999999999998,95.75999999999998,4.5600000000000005,63,63,3
2017-12-07,369.47077354579847,221.4815928708532,2017-06-30,2017-06-30,2017-12-29,95.75999999999998,95.75999999999998,4.5600000000000005,63,63,3
2017-12-08,371.95284112087074,222.68938711864928,2017-06-30,2017-06-30,2017-12-29,95.75999999999998,95.75999999999998,4.5600000000000005,63,63,3
2017-12-11,374.3176340021631,223.36033071149717,2017-06-30,2017-06-30,2017-12-29,95.75999999999998,95.75999999999998,4.5600000000000005,63,63,3
2017-12-12,370.71455950477963,223.7545639489221,2017-06-30,2017-06-30,2017-12-29,95.75999999999998,95.75999999999998,4.5600000000000005,63,63,3
2017-12-13,373.5369533740764,223.72937363273095,2017-06-30,2017-06-30,2017-12-29,95.75999999999998,95.75999999999998,4.5600000000000005,63,63,3
2017-12-14,370.203518264501,222.81514713826516,2017-06-30,2017-06-30,2017-12-29,95.75999999999998,95.75999999999998,4.5600000000000005,63,63,3
2017-12-15,373.776511363735,224.67089761812628,2017-06-30,2017-06-30,2017-12-29,95.75999999999998,95.75999999999998,4.5600000000000005,63,63,3
2017-12-18,376.4559048924248,226.09563508331004,2017-06-30,2017-06-30,2017-12-29,95.75999999999998,95.75999999999998,4.5600000000000005,63,63,3
2017-12-19,377.75020395265204,225.2272875297399,2017-06-30,2017-06-30,2017-12-29,95.75999999999998,95.75999999999998,4.5600000000000005,63,63,3
2017-12-20,376.96325533147115,225.10928574438825,2017-06-30,2017-06-30,2017-12-29,95.75999999999998,95.75999999999998,4.5600000000000005,63,63,3
2017-12-21,378.53522692832627,225.5729599675112,2017-06-30,2017-06-30,2017-12-29,95.75999999999998,95.75999999999998,4.5600000000000005,63,63,3
2017-12-22,377.25264676305596,225.51395907483536,2017-06-30,2017-06-30,2017-12-29,95.75999999999998,95.75999999999998,4.5600000000000005,63,63,3
2017-12-26,377.1931438240093,225.2441449276473,2017-06-30,2017-06-30,2017-12-29,95.75999999999998,95.75999999999998,4.5600000000000005,63,63,3
2017-12-27,376.9117636403682,225.35371801404528,2017-06-30,2017-06-30,2017-12-29,95.75999999999998,95.75999999999998,4.5600000000000005,63,63,3
2017-12-28,377.98222064760705,225.8173922371683,2017-06-30,2017-06-30,2017-12-29,95.75999999999998,95.75999999999998,4.5600000000000005,63,63,3
2017-12-29,373.12218857233023,224.96599786217547,2017-06-30,2017-06-30,2017-12-29,95.75999999999998,95.75999999999998,4.5600000000000005,63,63,3
